startup
======================================================================

[pt4] --- start = from_0PA (overlap 0.9998623) ---
Body is not plunging, Fisher should be stable.
waveform shape: (3, 788953)
Computing SNR for parameters: (np.float64(1000023.7578), np.float64(9988.3422), np.float64(0.899003), np.float64(29.274076), np.float64(0.100697), 1.0, 272.11852, np.float64(1.047049), np.float64(0.785082), 0.62831853, 0.52359878, np.float64(0.253958), 0.2, np.float64(0.109638), 0.95, False, False, False, True, 0.0, 0.0, np.float64(0.0), np.float64(0.0))
Waveform Generated. SNR: 19.608424193136337
The optimal source SNR is <= 20. The Fisher approximation may not be valid!
calculating stable deltas...
plunging! t_interp:  7889529.999999997 t_traj:  7884321.138246919
plunging! t_interp:  7889529.999999997 t_traj:  7885875.300234396
plunging! t_interp:  7889529.999999997 t_traj:  7887429.615397021
plunging! t_interp:  7889529.999999997 t_traj:  7888984.083734792
plunging! t_interp:  7889529.999999997 t_traj:  7888355.319073039
plunging! t_interp:  7889529.999999997 t_traj:  7888901.1372904815
plunging! t_interp:  7889529.999999997 t_traj:  7889446.974392077
plunging! t_interp:  7889529.999999997 t_traj:  7889007.723076811
plunging! t_interp:  7889529.999999997 t_traj:  7888242.461639251
plunging! t_interp:  7889529.999999997 t_traj:  7887477.353239057
plunging! t_interp:  7889529.999999997 t_traj:  7889463.526823038
plunging! t_interp:  7889529.999999997 t_traj:  7878129.870854996
plunging! t_interp:  7889529.999999997 t_traj:  7881230.707714557
plunging! t_interp:  7889529.999999997 t_traj:  7884332.458945202
plunging! t_interp:  7889529.999999997 t_traj:  7887435.124731226
plunging! t_interp:  7889529.999999997 t_traj:  7886180.058577296
plunging! t_interp:  7889529.999999997 t_traj:  7887269.55107702
plunging! t_interp:  7889529.999999997 t_traj:  7888359.15635202
plunging! t_interp:  7889529.999999997 t_traj:  7889448.874393513
plunging! t_interp:  7889529.999999997 t_traj:  7889008.095269152
plunging! t_interp:  7889529.999999997 t_traj:  7889390.726904822
Time taken to compute stable deltas is 66.9047622680664 seconds
calculating Fisher matrix...
Finished derivatives
Calculated Fisher is *atleast* positive-definite.
Time taken to compute FM is 5.534967660903931 seconds
    CV from_0PA#1 it   0 lam=3.3e-03 ov=0.9998623 chi2=1.058e-01 rel=1.9e-02
Body is not plunging, Fisher should be stable.
waveform shape: (3, 788953)
Computing SNR for parameters: (np.float64(1000023.7571722876), np.float64(9988.342204079278), np.float64(0.899003000568518), np.float64(29.274075992044466), np.float64(0.10069696357603578), 1.0, 272.11852, np.float64(1.047048962640528), np.float64(0.7851386805136125), 0.62831853, 0.52359878, np.float64(0.25454026891871895), 0.2, np.float64(0.10994599621238904), 0.95, False, False, False, True, 0.0, 0.0, np.float64(4.379097305341945e-08), np.float64(-0.00010976829388837282))
Waveform Generated. SNR: 19.60898160129376
The optimal source SNR is <= 20. The Fisher approximation may not be valid!
calculating Fisher matrix...
Finished derivatives
Calculated Fisher is *atleast* positive-definite.
Time taken to compute FM is 6.130946636199951 seconds
    CV from_0PA#1 it   1 lam=1.1e-03 ov=0.9998650 chi2=1.038e-01 rel=1.0e-04
Body is not plunging, Fisher should be stable.
waveform shape: (3, 788953)
Computing SNR for parameters: (np.float64(1000023.7561615772), np.float64(9988.342214312588), np.float64(0.8990030012135505), np.float64(29.27407597871846), np.float64(0.10069692835935326), 1.0, 272.11852, np.float64(1.0470481235218965), np.float64(0.785147349123619), 0.62831853, 0.52359878, np.float64(0.2547608712505329), 0.2, np.float64(0.11003819211626269), 0.95, False, False, False, True, 0.0, 0.0, np.float64(1.5295786355279662e-07), np.float64(-0.0007383150551527203))
Waveform Generated. SNR: 19.609061445926514
The optimal source SNR is <= 20. The Fisher approximation may not be valid!
calculating Fisher matrix...
Finished derivatives
Calculated Fisher is *atleast* positive-definite.
Time taken to compute FM is 6.1451027393341064 seconds
    CV from_0PA#1 it   2 lam=3.7e-04 ov=0.9998650 chi2=1.038e-01 rel=2.2e-04
Body is not plunging, Fisher should be stable.
waveform shape: (3, 788953)
Computing SNR for parameters: (np.float64(1000023.7526612012), np.float64(9988.342229358512), np.float64(0.8990030393495625), np.float64(29.27407593561013), np.float64(0.10069678634549092), 1.0, 272.11852, np.float64(1.0470489961447815), np.float64(0.7851514602978149), 0.62831853, 0.52359878, np.float64(0.255096380598485), 0.2, np.float64(0.11008932176376261), 0.95, False, False, False, True, 0.0, 0.0, np.float64(3.2832531790352786e-07), np.float64(-0.002242000480230507))
Waveform Generated. SNR: 19.609124389699705
The optimal source SNR is <= 20. The Fisher approximation may not be valid!
calculating Fisher matrix...
Finished derivatives
Calculated Fisher is *atleast* positive-definite.
Time taken to compute FM is 6.184448003768921 seconds
    CV from_0PA#1 it   3 lam=1.2e-04 ov=0.9998650 chi2=1.038e-01 rel=4.3e-04
Body is not plunging, Fisher should be stable.
waveform shape: (3, 788953)
Computing SNR for parameters: (np.float64(1000023.7414412253), np.float64(9988.342203335593), np.float64(0.8990032873951905), np.float64(29.27407580848415), np.float64(0.10069625986040803), 1.0, 272.11852, np.float64(1.047050327430688), np.float64(0.7851547165478652), 0.62831853, 0.52359878, np.float64(0.2551511228665738), 0.2, np.float64(0.10977533063688669), 0.95, False, False, False, True, 0.0, 0.0, np.float64(1.5930455549270581e-07), np.float64(-0.0052339902415727375))
Waveform Generated. SNR: 19.60918881354782
The optimal source SNR is <= 20. The Fisher approximation may not be valid!
calculating Fisher matrix...
Finished derivatives
Calculated Fisher is *atleast* positive-definite.
Time taken to compute FM is 6.1561279296875 seconds
    CV from_0PA#1 it   4 lam=4.1e-05 ov=0.9998651 chi2=1.037e-01 rel=1.1e-03
Body is not plunging, Fisher should be stable.
waveform shape: (3, 788953)
Computing SNR for parameters: (np.float64(1000023.707392273), np.float64(9988.342025830576), np.float64(0.8990041787455398), np.float64(29.27407543696221), np.float64(0.10069463607003389), 1.0, 272.11852, np.float64(1.0470506403868018), np.float64(0.7851560597727816), 0.62831853, 0.52359878, np.float64(0.25403833683412086), 0.2, np.float64(0.10826842597868945), 0.95, False, False, False, True, 0.0, 0.0, np.float64(-1.324553345176696e-06), np.float64(-0.011798026915349513))
Waveform Generated. SNR: 19.609210179012592
The optimal source SNR is <= 20. The Fisher approximation may not be valid!
calculating stable deltas...
plunging! t_interp:  7889529.999999999 t_traj:  7884321.159022867
plunging! t_interp:  7889529.999999999 t_traj:  7885875.320840883
plunging! t_interp:  7889529.999999999 t_traj:  7887429.6358753145
plunging! t_interp:  7889529.999999999 t_traj:  7888984.104089315
plunging! t_interp:  7889529.999999999 t_traj:  7888355.339469988
plunging! t_interp:  7889529.999999999 t_traj:  7888901.15765463
plunging! t_interp:  7889529.999999999 t_traj:  7889446.994710999
plunging! t_interp:  7889529.999999999 t_traj:  7889007.743554942
plunging! t_interp:  7889529.999999999 t_traj:  7888242.482257403
plunging! t_interp:  7889529.999999999 t_traj:  7887477.373981131
plunging! t_interp:  7889529.999999999 t_traj:  7889463.547223506
plunging! t_interp:  7889529.999999999 t_traj:  7878129.891768674
plunging! t_interp:  7889529.999999999 t_traj:  7881230.7284465805
plunging! t_interp:  7889529.999999999 t_traj:  7884332.479500525
plunging! t_interp:  7889529.999999999 t_traj:  7887435.145117849
plunging! t_interp:  7889529.999999999 t_traj:  7886180.079027612
plunging! t_interp:  7889529.999999999 t_traj:  7887269.571478823
plunging! t_interp:  7889529.999999999 t_traj:  7888359.176692948
plunging! t_interp:  7889529.999999999 t_traj:  7889448.894682223
plunging! t_interp:  7889529.999999999 t_traj:  7889008.115567946
plunging! t_interp:  7889529.999999999 t_traj:  7889390.7471909
Time taken to compute stable deltas is 65.72280478477478 seconds
calculating Fisher matrix...
plunging! t_interp:  7889529.999999999 t_traj:  7889463.547223506
plunging! t_interp:  7889529.999999999 t_traj:  7889008.115567946
plunging! t_interp:  7889529.999999999 t_traj:  7889390.7471909
Finished derivatives
Calculated Fisher is *atleast* positive-definite.
Time taken to compute FM is 5.594024658203125 seconds
    CV from_0PA#1 it   5 lam=1.4e-05 ov=0.9998652 chi2=1.036e-01 rel=2.5e-03
Body is not plunging, Fisher should be stable.
waveform shape: (3, 788953)
Computing SNR for parameters: (np.float64(1000023.6126329275), np.float64(9988.34131264709), np.float64(0.8990066922385853), np.float64(29.274074432189508), np.float64(0.10069042070082987), 1.0, 272.11852, np.float64(1.0470502888024689), np.float64(0.7851560673166548), 0.62831853, 0.52359878, np.float64(0.25067249150064075), 0.2, np.float64(0.10409921277839651), 0.95, False, False, False, True, 0.0, 0.0, np.float64(-3.2373486525523724e-06), np.float64(-0.028143490387948993))
Waveform Generated. SNR: 19.609209769418836
The optimal source SNR is <= 20. The Fisher approximation may not be valid!
calculating Fisher matrix...
plunging! t_interp:  7889529.999999999 t_traj:  7889463.676180674
plunging! t_interp:  7889529.999999999 t_traj:  7889008.244483856
plunging! t_interp:  7889529.999999999 t_traj:  7889390.876064465
Finished derivatives
Calculated Fisher is *atleast* positive-definite.
Time taken to compute FM is 6.226697683334351 seconds
    CV from_0PA#1 it   6 lam=4.6e-06 ov=0.9998655 chi2=1.033e-01 rel=4.4e-03
Body is not plunging, Fisher should be stable.
waveform shape: (3, 788953)
Computing SNR for parameters: (np.float64(1000023.3721194849), np.float64(9988.338710469414), np.float64(0.8990118643531331), np.float64(29.274071978673362), np.float64(0.10068197137092873), 1.0, 272.11852, np.float64(1.0470499180614428), np.float64(0.7851552488800082), 0.62831853, 0.52359878, np.float64(0.2437535208155116), 0.2, np.float64(0.09559868638309542), 0.95, False, False, False, True, 0.0, 0.0, np.float64(-7.852894492784525e-06), np.float64(-0.06263950136189157))
Waveform Generated. SNR: 19.60918450004967
The optimal source SNR is <= 20. The Fisher approximation may not be valid!
calculating Fisher matrix...
plunging! t_interp:  7889529.999999998 t_traj:  7889463.948724081
plunging! t_interp:  7889529.999999998 t_traj:  7889008.51700222
plunging! t_interp:  7889529.999999998 t_traj:  7889391.148538966
Finished derivatives
Calculated Fisher is *atleast* positive-definite.
Time taken to compute FM is 6.175185918807983 seconds
    CV from_0PA#1 it   7 lam=3.6e-06 ov=0.9998661 chi2=1.029e-01 rel=4.0e-03
Body is not plunging, Fisher should be stable.
waveform shape: (3, 788953)
Computing SNR for parameters: (np.float64(1000022.7494061926), np.float64(9988.33165861439), np.float64(0.8990159096550971), np.float64(29.274065616288976), np.float64(0.10067211419127861), 1.0, 272.11852, np.float64(1.047049839595801), np.float64(0.7851543934062849), 0.62831853, 0.52359878, np.float64(0.2343750779310847), 0.2, np.float64(0.08564091069052444), 0.95, False, False, False, True, 0.0, 0.0, np.float64(-9.90154009113487e-05), np.float64(-0.1139738305802518))
Waveform Generated. SNR: 19.6091714520924
The optimal source SNR is <= 20. The Fisher approximation may not be valid!
calculating Fisher matrix...
plunging! t_interp:  7889529.999999998 t_traj:  7889464.22828508
plunging! t_interp:  7889529.999999998 t_traj:  7889008.795579622
plunging! t_interp:  7889529.999999998 t_traj:  7889391.427134411
Finished derivatives
Calculated Fisher is *atleast* positive-definite.
Time taken to compute FM is 6.2093424797058105 seconds
    CV from_0PA#1 it   8 lam=2.8e-05 ov=0.9998667 chi2=1.025e-01 rel=1.0e-03
Body is not plunging, Fisher should be stable.
waveform shape: (3, 788953)
Computing SNR for parameters: (np.float64(1000022.6869785778), np.float64(9988.329496215201), np.float64(0.8990171919170351), np.float64(29.27406518524011), np.float64(0.10067084093920846), 1.0, 272.11852, np.float64(1.0470509387989013), np.float64(0.7851529150372012), 0.62831853, 0.52359878, np.float64(0.2334362637784084), 0.2, np.float64(0.084145629536168), 0.95, False, False, False, True, 0.0, 0.0, np.float64(-8.06736298482245e-05), np.float64(-0.12023887550515332))
Waveform Generated. SNR: 19.609153142990017
The optimal source SNR is <= 20. The Fisher approximation may not be valid!
calculating Fisher matrix...
plunging! t_interp:  7889529.999999997 t_traj:  7889464.2689093305
plunging! t_interp:  7889529.999999997 t_traj:  7889008.836560242
plunging! t_interp:  7889529.999999997 t_traj:  7889391.468098771
Finished derivatives
Calculated Fisher is *atleast* positive-definite.
Time taken to compute FM is 6.272470951080322 seconds
    CV from_0PA#1 it   9 lam=1.7e-05 ov=0.9998668 chi2=1.024e-01 rel=7.2e-04
Body is not plunging, Fisher should be stable.
waveform shape: (3, 788953)
Computing SNR for parameters: (np.float64(1000022.5865177453), np.float64(9988.328402019115), np.float64(0.8990172514992718), np.float64(29.274064150109073), np.float64(0.10066970996127485), 1.0, 272.11852, np.float64(1.0470503937903473), np.float64(0.7851534219611956), 0.62831853, 0.52359878, np.float64(0.2320426797356835), 0.2, np.float64(0.08298939152747303), 0.95, False, False, False, True, 0.0, 0.0, np.float64(-0.00010278476292823633), np.float64(-0.12644958067668025))
Waveform Generated. SNR: 19.609153011314067
The optimal source SNR is <= 20. The Fisher approximation may not be valid!
calculating stable deltas...
plunging! t_interp:  7889529.999999998 t_traj:  7884321.915542091
plunging! t_interp:  7889529.999999998 t_traj:  7885876.075606714
plunging! t_interp:  7889529.999999998 t_traj:  7887430.388855886
plunging! t_interp:  7889529.999999998 t_traj:  7888984.855277527
plunging! t_interp:  7889529.999999998 t_traj:  7888356.091391613
plunging! t_interp:  7889529.999999998 t_traj:  7888901.9089899985
plunging! t_interp:  7889529.999999998 t_traj:  7889447.745357999
plunging! t_interp:  7889529.999999998 t_traj:  7889008.496694815
plunging! t_interp:  7889529.999999998 t_traj:  7888243.237241342
plunging! t_interp:  7889529.999999998 t_traj:  7887478.130840078
plunging! t_interp:  7889529.999999998 t_traj:  7889464.299246326
plunging! t_interp:  7889529.999999998 t_traj:  7878130.648052785
plunging! t_interp:  7889529.999999998 t_traj:  7881231.483000392
plunging! t_interp:  7889529.999999998 t_traj:  7884333.232346403
plunging! t_interp:  7889529.999999998 t_traj:  7887435.896238456
plunging! t_interp:  7889529.999999998 t_traj:  7886180.830851917
plunging! t_interp:  7889529.999999998 t_traj:  7887270.322688468
plunging! t_interp:  7889529.999999998 t_traj:  7888359.927297103
plunging! t_interp:  7889529.999999998 t_traj:  7889449.6446886035
plunging! t_interp:  7889529.999999998 t_traj:  7889008.865818937
plunging! t_interp:  7889529.999999998 t_traj:  7889391.497221089
Time taken to compute stable deltas is 65.79185557365417 seconds
calculating Fisher matrix...
plunging! t_interp:  7889529.999999998 t_traj:  7889464.299246326
plunging! t_interp:  7889529.999999998 t_traj:  7889008.865818937
plunging! t_interp:  7889529.999999998 t_traj:  7889391.497221089
Finished derivatives
Calculated Fisher is *atleast* positive-definite.
Time taken to compute FM is 5.580098390579224 seconds
    CV from_0PA#1 it  10 lam=5.7e-06 ov=0.9998669 chi2=1.023e-01 rel=6.5e-04
Body is not plunging, Fisher should be stable.
waveform shape: (3, 788953)
Computing SNR for parameters: (np.float64(1000022.4440788518), np.float64(9988.32620386989), np.float64(0.8990174144886961), np.float64(29.27406277306619), np.float64(0.10066859315622652), 1.0, 272.11852, np.float64(1.0470504128270628), np.float64(0.7851531153768607), 0.62831853, 0.52359878, np.float64(0.2307296373677158), 0.2, np.float64(0.08177293603378541), 0.95, False, False, False, True, 0.0, 0.0, np.float64(-0.0001232463872531269), np.float64(-0.13449891901989572))
Waveform Generated. SNR: 19.609149092083673
The optimal source SNR is <= 20. The Fisher approximation may not be valid!
calculating Fisher matrix...
plunging! t_interp:  7889529.999999998 t_traj:  7889464.328501217
plunging! t_interp:  7889529.999999998 t_traj:  7889008.894920222
plunging! t_interp:  7889529.999999998 t_traj:  7889391.526330072
Finished derivatives
Calculated Fisher is *atleast* positive-definite.
Time taken to compute FM is 6.227869272232056 seconds
    CV from_0PA#1 it  11 lam=1.9e-06 ov=0.9998670 chi2=1.022e-01 rel=1.6e-03
Body is not plunging, Fisher should be stable.
waveform shape: (3, 788953)
Computing SNR for parameters: (np.float64(1000022.0485495051), np.float64(9988.319445773937), np.float64(0.8990163318458816), np.float64(29.27405904666541), np.float64(0.10066748123454984), 1.0, 272.11852, np.float64(1.0470504122840696), np.float64(0.7851529909159544), 0.62831853, 0.52359878, np.float64(0.22849254488232745), 0.2, np.float64(0.08041625071779081), 0.95, False, False, False, True, 0.0, 0.0, np.float64(-0.0001857744984205927), np.float64(-0.15039372461244777))
Waveform Generated. SNR: 19.609146290010237
The optimal source SNR is <= 20. The Fisher approximation may not be valid!
calculating Fisher matrix...
plunging! t_interp:  7889529.999999998 t_traj:  7889464.3275908595
plunging! t_interp:  7889529.999999998 t_traj:  7889008.893556892
plunging! t_interp:  7889529.999999998 t_traj:  7889391.525053696
Finished derivatives
Calculated Fisher is *atleast* positive-definite.
Time taken to compute FM is 6.207329511642456 seconds
    CV from_0PA#1 it  12 lam=6.3e-07 ov=0.9998672 chi2=1.021e-01 rel=4.3e-03
Body is not plunging, Fisher should be stable.
waveform shape: (3, 788953)
Computing SNR for parameters: (np.float64(1000020.9511501772), np.float64(9988.299685318692), np.float64(0.8990098207464303), np.float64(29.274048997692127), np.float64(0.10066880799829246), 1.0, 272.11852, np.float64(1.0470503240861324), np.float64(0.7851532210457925), 0.62831853, 0.52359878, np.float64(0.22540687058887085), 0.2, np.float64(0.08106571024759736), 0.95, False, False, False, True, 0.0, 0.0, np.float64(-0.0003769743790989563), np.float64(-0.17997823384399608))
Waveform Generated. SNR: 19.609139725060263
The optimal source SNR is <= 20. The Fisher approximation may not be valid!
calculating Fisher matrix...
plunging! t_interp:  7889529.999999997 t_traj:  7889464.157014677
plunging! t_interp:  7889529.999999997 t_traj:  7889008.721637247
plunging! t_interp:  7889529.999999997 t_traj:  7889391.353387249
Finished derivatives
Calculated Fisher is *atleast* positive-definite.
Time taken to compute FM is 6.202762842178345 seconds
    CV from_0PA#1 it  13 lam=2.1e-07 ov=0.9998678 chi2=1.016e-01 rel=1.0e-02
Body is not plunging, Fisher should be stable.
waveform shape: (3, 788953)
Computing SNR for parameters: (np.float64(1000018.042776942), np.float64(9988.246046019627), np.float64(0.8989901679140454), np.float64(29.274023975202613), np.float64(0.10067580032843838), 1.0, 272.11852, np.float64(1.047050238344417), np.float64(0.7851544328240373), 0.62831853, 0.52359878, np.float64(0.21988033591105938), 0.2, np.float64(0.08620029311389076), 0.95, False, False, False, True, 0.0, 0.0, np.float64(-0.0008717637283440468), np.float64(-0.2454871944523117))
Waveform Generated. SNR: 19.609103587809546
The optimal source SNR is <= 20. The Fisher approximation may not be valid!
calculating Fisher matrix...
plunging! t_interp:  7889529.999999999 t_traj:  7889463.596569554
plunging! t_interp:  7889529.999999999 t_traj:  7889008.15797609
plunging! t_interp:  7889529.999999999 t_traj:  7889390.790421343
Finished derivatives
Calculated Fisher is *atleast* positive-definite.
Time taken to compute FM is 6.199986696243286 seconds
    CV from_0PA#1 it  14 lam=7.0e-08 ov=0.9998691 chi2=1.006e-01 rel=1.8e-02
Body is not plunging, Fisher should be stable.
waveform shape: (3, 788953)
Computing SNR for parameters: (np.float64(1000011.3366708806), np.float64(9988.130071051637), np.float64(0.898946273502532), np.float64(29.27397558270877), np.float64(0.10069207222732181), 1.0, 272.11852, np.float64(1.0470506246926616), np.float64(0.7851573440957329), 0.62831853, 0.52359878, np.float64(0.20844652669003516), 0.2, np.float64(0.09816222430927624), 0.95, False, False, False, True, 0.0, 0.0, np.float64(-0.001957656210969029), np.float64(-0.3858401929305989))
Waveform Generated. SNR: 19.609066874408832
The optimal source SNR is <= 20. The Fisher approximation may not be valid!
calculating stable deltas...
plunging! t_interp:  7889529.999999998 t_traj:  7884320.009705841
plunging! t_interp:  7889529.999999998 t_traj:  7885874.152895073
plunging! t_interp:  7889529.999999998 t_traj:  7887428.449257821
plunging! t_interp:  7889529.999999998 t_traj:  7888982.898791867
plunging! t_interp:  7889529.999999998 t_traj:  7888354.141736494
plunging! t_interp:  7889529.999999998 t_traj:  7888899.953415067
plunging! t_interp:  7889529.999999998 t_traj:  7889445.783850414
plunging! t_interp:  7889529.999999998 t_traj:  7889006.556700799
plunging! t_interp:  7889529.999999998 t_traj:  7888241.313937914
plunging! t_interp:  7889529.999999998 t_traj:  7887476.224215817
plunging! t_interp:  7889529.999999998 t_traj:  7889462.349324716
plunging! t_interp:  7889529.999999998 t_traj:  7878128.631004946
plunging! t_interp:  7889529.999999998 t_traj:  7881229.476879801
plunging! t_interp:  7889529.999999998 t_traj:  7884331.237126096
plunging! t_interp:  7889529.999999998 t_traj:  7887433.911946921
plunging! t_interp:  7889529.999999998 t_traj:  7886178.842132378
plunging! t_interp:  7889529.999999998 t_traj:  7887268.337810418
plunging! t_interp:  7889529.999999998 t_traj:  7888357.946260813
plunging! t_interp:  7889529.999999998 t_traj:  7889447.667486851
plunging! t_interp:  7889529.999999998 t_traj:  7889006.887059651
plunging! t_interp:  7889529.999999998 t_traj:  7889389.51981733
Time taken to compute stable deltas is 65.45471048355103 seconds
calculating Fisher matrix...
plunging! t_interp:  7889529.999999998 t_traj:  7889006.887059651
plunging! t_interp:  7889529.999999998 t_traj:  7889389.51981733
Finished derivatives
Calculated Fisher is *atleast* positive-definite.
Time taken to compute FM is 5.604803800582886 seconds
    CV from_0PA#1 it  15 lam=4.6e-08 ov=0.9998715 chi2=9.874e-02 rel=1.5e-02
Body is not plunging, Fisher should be stable.
waveform shape: (3, 788953)
Computing SNR for parameters: (np.float64(999999.7994176308), np.float64(9987.966532495635), np.float64(0.8988833174031962), np.float64(29.273943424065912), np.float64(0.10071590495043745), 1.0, 272.11852, np.float64(1.0470505182882632), np.float64(0.7851597265513709), 0.62831853, 0.52359878, np.float64(0.19255948148233676), 0.2, np.float64(0.11417780160482968), 0.95, False, False, False, True, 0.0, 0.0, np.float64(-0.003416399479113056), np.float64(-0.585341946576059))
Waveform Generated. SNR: 19.60894682653127
The optimal source SNR is <= 20. The Fisher approximation may not be valid!
calculating Fisher matrix...
plunging! t_interp:  7889529.999999998 t_traj:  7889005.066810803
plunging! t_interp:  7889529.999999998 t_traj:  7889387.701141404
Finished derivatives
Calculated Fisher is *atleast* positive-definite.
Time taken to compute FM is 6.20365309715271 seconds
    CV from_0PA#1 it  16 lam=1.5e-08 ov=0.9998735 chi2=9.721e-02 rel=8.7e-03
Body is not plunging, Fisher should be stable.
waveform shape: (3, 788953)
Computing SNR for parameters: (np.float64(999989.5076643714), np.float64(9987.875381235039), np.float64(0.8988452468076688), np.float64(29.273988865031814), np.float64(0.10073094471100227), 1.0, 272.11852, np.float64(1.0470503283922705), np.float64(0.7851578155212365), 0.62831853, 0.52359878, np.float64(0.18375745808332988), 0.2, np.float64(0.12176071739809004), 0.95, False, False, False, True, 0.0, 0.0, np.float64(-0.004150723377413005), np.float64(-0.703208895298316))
Waveform Generated. SNR: 19.60879711995634
The optimal source SNR is <= 20. The Fisher approximation may not be valid!
calculating Fisher matrix...
plunging! t_interp:  7889529.999999999 t_traj:  7889003.945382669
plunging! t_interp:  7889529.999999999 t_traj:  7889386.579886763
Finished derivatives
Calculated Fisher is *atleast* positive-definite.
Time taken to compute FM is 6.202279329299927 seconds
    CV from_0PA#1 it  17 lam=5.1e-09 ov=0.9998746 chi2=9.637e-02 rel=8.2e-03
Body is not plunging, Fisher should be stable.
waveform shape: (3, 788953)
Computing SNR for parameters: (np.float64(999969.8898137099), np.float64(9987.826834373736), np.float64(0.8988148694066777), np.float64(29.274248899490058), np.float64(0.10074435454616726), 1.0, 272.11852, np.float64(1.0470518249933125), np.float64(0.7851595649827429), 0.62831853, 0.52359878, np.float64(0.1789922543096181), 0.2, np.float64(0.12023221514463518), 0.95, False, False, False, True, 0.0, 0.0, np.float64(-0.004199520027375112), np.float64(-0.7910174396217537))
Waveform Generated. SNR: 19.608638401217892
The optimal source SNR is <= 20. The Fisher approximation may not be valid!
calculating Fisher matrix...
plunging! t_interp:  7889529.999999998 t_traj:  7889003.093331498
plunging! t_interp:  7889529.999999998 t_traj:  7889385.725065431
Finished derivatives
Calculated Fisher is *atleast* positive-definite.
Time taken to compute FM is 6.158992767333984 seconds
    CV from_0PA#1 it  18 lam=1.7e-09 ov=0.9998756 chi2=9.557e-02 rel=1.8e-02
Body is not plunging, Fisher should be stable.
waveform shape: (3, 788953)
Computing SNR for parameters: (np.float64(999923.2944473361), np.float64(9987.796900322477), np.float64(0.8987732818503139), np.float64(29.27499227199469), np.float64(0.1007651543293214), 1.0, 272.11852, np.float64(1.0470578940030142), np.float64(0.7851674784863949), 0.62831853, 0.52359878, np.float64(0.17638756367961866), 0.2, np.float64(0.10498878412035495), 0.95, False, False, False, True, 0.0, 0.0, np.float64(-0.0032824243961600925), np.float64(-0.9003691612615362))
Waveform Generated. SNR: 19.608281774338344
The optimal source SNR is <= 20. The Fisher approximation may not be valid!
calculating Fisher matrix...
plunging! t_interp:  7889529.999999998 t_traj:  7889001.9775594985
plunging! t_interp:  7889529.999999998 t_traj:  7889384.600505745
Finished derivatives
Calculated Fisher is *atleast* positive-definite.
Time taken to compute FM is 6.204984664916992 seconds
    CV from_0PA#1 it  19 lam=1.1e-09 ov=0.9998779 chi2=9.387e-02 rel=2.6e-02
Body is not plunging, Fisher should be stable.
waveform shape: (3, 788953)
Computing SNR for parameters: (np.float64(999826.4723205883), np.float64(9987.722658391638), np.float64(0.8986916419705481), np.float64(29.276556754273148), np.float64(0.10080665100116336), 1.0, 272.11852, np.float64(1.0470733250542774), np.float64(0.785188557190173), 0.62831853, 0.52359878, np.float64(0.17225504330758193), 0.2, np.float64(0.07147325327982305), 0.95, False, False, False, True, 0.0, 0.0, np.float64(-0.000962509095669565), np.float64(-1.1119446462814602))
Waveform Generated. SNR: 19.607624179447726
The optimal source SNR is <= 20. The Fisher approximation may not be valid!
calculating stable deltas...
plunging! t_interp:  7889529.999999998 t_traj:  7884312.811450668
plunging! t_interp:  7889529.999999998 t_traj:  7885866.949833695
plunging! t_interp:  7889529.999999998 t_traj:  7887421.241398963
plunging! t_interp:  7889529.999999998 t_traj:  7888975.686128682
plunging! t_interp:  7889529.999999998 t_traj:  7888346.931013314
plunging! t_interp:  7889529.999999998 t_traj:  7888892.740945428
plunging! t_interp:  7889529.999999998 t_traj:  7889438.569756783
plunging! t_interp:  7889529.999999998 t_traj:  7888999.347395485
plunging! t_interp:  7889529.999999998 t_traj:  7888234.108718733
plunging! t_interp:  7889529.999999998 t_traj:  7887469.023075968
plunging! t_interp:  7889529.999999998 t_traj:  7889455.137620172
plunging! t_interp:  7889529.999999998 t_traj:  7878121.240811486
plunging! t_interp:  7889529.999999998 t_traj:  7881222.1298216125
plunging! t_interp:  7889529.999999998 t_traj:  7884323.9332409175
plunging! t_interp:  7889529.999999998 t_traj:  7887426.651251661
plunging! t_interp:  7889529.999999998 t_traj:  7886171.56397229
plunging! t_interp:  7889529.999999998 t_traj:  7887261.07480896
plunging! t_interp:  7889529.999999998 t_traj:  7888350.698433376
plunging! t_interp:  7889529.999999998 t_traj:  7889440.434832366
plunging! t_interp:  7889529.999999998 t_traj:  7888999.648271156
plunging! t_interp:  7889529.999999998 t_traj:  7889382.28635435
Time taken to compute stable deltas is 65.62467932701111 seconds
calculating Fisher matrix...
plunging! t_interp:  7889529.999999998 t_traj:  7889455.137620172
Finished derivatives
Calculated Fisher is *atleast* positive-definite.
Time taken to compute FM is 5.536533832550049 seconds
    CV from_0PA#1 it  20 lam=7.6e-10 ov=0.9998810 chi2=9.143e-02 rel=2.0e-02
Body is not plunging, Fisher should be stable.
waveform shape: (3, 788953)
Computing SNR for parameters: (np.float64(999737.0489680859), np.float64(9987.593611158014), np.float64(0.8986170538304874), np.float64(29.278005382935973), np.float64(0.10084479925212742), 1.0, 272.11852, np.float64(1.047087978567262), np.float64(0.7852116142344477), 0.62831853, 0.52359878, np.float64(0.16856940443954438), 0.2, np.float64(0.04023812661590645), 0.95, False, False, False, True, 0.0, 0.0, np.float64(0.0018327949708995765), np.float64(-1.3039920894009058))
Waveform Generated. SNR: 19.606942498792613
The optimal source SNR is <= 20. The Fisher approximation may not be valid!
calculating Fisher matrix...
plunging! t_interp:  7889529.999999998 t_traj:  7889453.100731019
Finished derivatives
Calculated Fisher is *atleast* positive-definite.
Time taken to compute FM is 6.18951153755188 seconds
    CV from_0PA#1 it  21 lam=3.8e-10 ov=0.9998834 chi2=8.959e-02 rel=1.1e-02
Body is not plunging, Fisher should be stable.
waveform shape: (3, 788953)
Computing SNR for parameters: (np.float64(999669.9378440054), np.float64(9987.397018645242), np.float64(0.8985611679443477), np.float64(29.279094595467914), np.float64(0.10087346741867334), 1.0, 272.11852, np.float64(1.0471016843401986), np.float64(0.7852328837485162), 0.62831853, 0.52359878, np.float64(0.16581412250688288), 0.2, np.float64(0.016682088820902077), 0.95, False, False, False, True, 0.0, 0.0, np.float64(0.004947174964134084), np.float64(-1.4466077144048741))
Waveform Generated. SNR: 19.606316392476405
The optimal source SNR is <= 20. The Fisher approximation may not be valid!
calculating Fisher matrix...
plunging! t_interp:  7889529.999999998 t_traj:  7889451.5788129065
Finished derivatives
Calculated Fisher is *atleast* positive-definite.
Time taken to compute FM is 6.181199073791504 seconds
    CV from_0PA#1 it  22 lam=1.3e-10 ov=0.9998847 chi2=8.859e-02 rel=4.1e-03
Body is not plunging, Fisher should be stable.
waveform shape: (3, 788953)
Computing SNR for parameters: (np.float64(999623.7212029758), np.float64(9987.059943243268), np.float64(0.8985225828355424), np.float64(29.279848001125128), np.float64(0.10089328608753255), 1.0, 272.11852, np.float64(1.047117143904336), np.float64(0.785256880571945), 0.62831853, 0.52359878, np.float64(0.16388447548938986), 0.2, np.float64(0.00033343602370244224), 0.95, False, False, False, True, 0.0, 0.0, np.float64(0.009137372308903803), np.float64(-1.543145829511677))
Waveform Generated. SNR: 19.605642970842762
The optimal source SNR is <= 20. The Fisher approximation may not be valid!
calculating Fisher matrix...
plunging! t_interp:  7889529.999999998 t_traj:  7889450.499038672
Finished derivatives
Calculated Fisher is *atleast* positive-definite.
Time taken to compute FM is 6.202984571456909 seconds
    CV from_0PA#1 it  23 lam=3.6e-10 ov=0.9998851 chi2=8.823e-02 rel=3.5e-04
Body is not plunging, Fisher should be stable.
waveform shape: (3, 788953)
Computing SNR for parameters: (np.float64(999613.3437022205), np.float64(9986.921161056713), np.float64(0.8985143945436431), np.float64(29.280020011669638), np.float64(0.10089753533325836), 1.0, 272.11852, np.float64(1.0471167988173264), np.float64(0.7852575278288862), 0.62831853, 0.52359878, np.float64(0.16350891474196494), 0.2, np.float64(-0.0035715097695534345), 0.95, False, False, False, True, 0.0, 0.0, np.float64(0.010745967777319027), np.float64(-1.5630800176369608))
Waveform Generated. SNR: 19.605270051676936
The optimal source SNR is <= 20. The Fisher approximation may not be valid!
calculating Fisher matrix...
plunging! t_interp:  7889529.999999998 t_traj:  7889450.259342928
Finished derivatives
Calculated Fisher is *atleast* positive-definite.
Time taken to compute FM is 6.198723793029785 seconds
    CV from_0PA#1 it  24 lam=7.1e-10 ov=0.9998852 chi2=8.820e-02 rel=1.3e-04
Body is not plunging, Fisher should be stable.
waveform shape: (3, 788953)
Computing SNR for parameters: (np.float64(999606.0942971868), np.float64(9986.713833204647), np.float64(0.8985082939515676), np.float64(29.28014103067145), np.float64(0.10090065796525713), 1.0, 272.11852, np.float64(1.0471233904577104), np.float64(0.7852676056170459), 0.62831853, 0.52359878, np.float64(0.16320149081562396), 0.2, np.float64(-0.006234354005729839), 0.95, False, False, False, True, 0.0, 0.0, np.float64(0.012974534723706799), np.float64(-1.576844663041877))
Waveform Generated. SNR: 19.60493285413975
The optimal source SNR is <= 20. The Fisher approximation may not be valid!
calculating stable deltas...
plunging! t_interp:  7889529.999999999 t_traj:  7884307.587914717
plunging! t_interp:  7889529.999999999 t_traj:  7885861.823005024
plunging! t_interp:  7889529.999999999 t_traj:  7887416.211288718
plunging! t_interp:  7889529.999999999 t_traj:  7888970.752760713
plunging! t_interp:  7889529.999999999 t_traj:  7888341.958519058
plunging! t_interp:  7889529.999999999 t_traj:  7888887.802416568
plunging! t_interp:  7889529.999999999 t_traj:  7889433.665198284
plunging! t_interp:  7889529.999999999 t_traj:  7888994.316316985
plunging! t_interp:  7889529.999999999 t_traj:  7888228.980432994
plunging! t_interp:  7889529.999999999 t_traj:  7887463.797596518
plunging! t_interp:  7889529.999999999 t_traj:  7889450.164403051
plunging! t_interp:  7889529.999999999 t_traj:  7878116.269292701
plunging! t_interp:  7889529.999999999 t_traj:  7881217.192012819
plunging! t_interp:  7889529.999999999 t_traj:  7884319.029152486
plunging! t_interp:  7889529.999999999 t_traj:  7887421.780895616
plunging! t_interp:  7889529.999999999 t_traj:  7886166.679966667
plunging! t_interp:  7889529.999999999 t_traj:  7887256.202659071
plunging! t_interp:  7889529.999999999 t_traj:  7888345.838123375
plunging! t_interp:  7889529.999999999 t_traj:  7889435.586376836
plunging! t_interp:  7889529.999999999 t_traj:  7888994.795020244
plunging! t_interp:  7889529.999999999 t_traj:  7889377.437261911
Time taken to compute stable deltas is 65.524831533432 seconds
calculating Fisher matrix...
plunging! t_interp:  7889529.999999999 t_traj:  7889450.164403051
Finished derivatives
Calculated Fisher is *atleast* positive-definite.
Time taken to compute FM is 5.504586696624756 seconds
    CV from_0PA#1 it  25 lam=7.1e-10 ov=0.9998852 chi2=8.819e-02 rel=5.7e-05
Body is not plunging, Fisher should be stable.
waveform shape: (3, 788953)
Computing SNR for parameters: (np.float64(999602.4863797894), np.float64(9986.529303055751), np.float64(0.8985051613337748), np.float64(29.280202400337654), np.float64(0.10090227717853775), 1.0, 272.11852, np.float64(1.0471271053613267), np.float64(0.7852733920912459), 0.62831853, 0.52359878, np.float64(0.1630428265067436), 0.2, np.float64(-0.0075661310324715335), 0.95, False, False, False, True, 0.0, 0.0, np.float64(0.014906251866377628), np.float64(-1.5831607170283128))
Waveform Generated. SNR: 19.604672058822423
The optimal source SNR is <= 20. The Fisher approximation may not be valid!
calculating Fisher matrix...
plunging! t_interp:  7889529.999999997 t_traj:  7889450.04285806
Finished derivatives
Calculated Fisher is *atleast* positive-definite.
Time taken to compute FM is 6.3935816287994385 seconds
    CV from_0PA#1 it  26 lam=7.1e-10 ov=0.9998852 chi2=8.818e-02 rel=5.1e-05
Body is not plunging, Fisher should be stable.
waveform shape: (3, 788953)
Computing SNR for parameters: (np.float64(999600.7977840226), np.float64(9986.354567656097), np.float64(0.8985036539981252), np.float64(29.280232702243598), np.float64(0.1009030550750208), 1.0, 272.11852, np.float64(1.0471303647659795), np.float64(0.7852786955723203), 0.62831853, 0.52359878, np.float64(0.1629703840545934), 0.2, np.float64(-0.008234054205820992), 0.95, False, False, False, True, 0.0, 0.0, np.float64(0.016708849576741517), np.float64(-1.5853454682968284))
Waveform Generated. SNR: 19.60439812736199
The optimal source SNR is <= 20. The Fisher approximation may not be valid!
calculating Fisher matrix...
plunging! t_interp:  7889529.999999998 t_traj:  7889449.965870924
Finished derivatives
Calculated Fisher is *atleast* positive-definite.
Time taken to compute FM is 6.167559385299683 seconds
    CV from_0PA#1 it  27 lam=7.1e-10 ov=0.9998852 chi2=8.818e-02 rel=4.1e-05
Body is not plunging, Fisher should be stable.
waveform shape: (3, 788953)
Computing SNR for parameters: (np.float64(999600.0191574605), np.float64(9986.189280120067), np.float64(0.898502886186229), np.float64(29.280248031888195), np.float64(0.10090345070468927), 1.0, 272.11852, np.float64(1.0471337438977222), np.float64(0.7852838547899063), 0.62831853, 0.52359878, np.float64(0.16293037761049312), 0.2, np.float64(-0.008569552849101183), 0.95, False, False, False, True, 0.0, 0.0, np.float64(0.018399144864824923), np.float64(-1.5857194227526155))
Waveform Generated. SNR: 19.604129911851288
The optimal source SNR is <= 20. The Fisher approximation may not be valid!
calculating Fisher matrix...
plunging! t_interp:  7889529.999999998 t_traj:  7889449.91091887
Finished derivatives
Calculated Fisher is *atleast* positive-definite.
Time taken to compute FM is 6.202220439910889 seconds
    CV from_0PA#1 it  28 lam=7.2e-10 ov=0.9998852 chi2=8.818e-02 rel=3.0e-05
Body is not plunging, Fisher should be stable.
waveform shape: (3, 788953)
Computing SNR for parameters: (np.float64(999599.6965965397), np.float64(9986.032526089153), np.float64(0.8985024959379108), np.float64(29.280255808132555), np.float64(0.10090365045509896), 1.0, 272.11852, np.float64(1.0471367022760254), np.float64(0.7852885003022182), 0.62831853, 0.52359878, np.float64(0.16290707566886106), 0.2, np.float64(-0.008740711783181655), 0.95, False, False, False, True, 0.0, 0.0, np.float64(0.019994866517433818), np.float64(-1.5852134099908792))
Waveform Generated. SNR: 19.60389907527885
The optimal source SNR is <= 20. The Fisher approximation may not be valid!
calculating Fisher matrix...
plunging! t_interp:  7889529.999999999 t_traj:  7889449.867623347
Finished derivatives
Calculated Fisher is *atleast* positive-definite.
Time taken to compute FM is 6.178448438644409 seconds
    CV from_0PA#1 it  29 lam=7.2e-10 ov=0.9998852 chi2=8.817e-02 rel=3.4e-05
Body is not plunging, Fisher should be stable.
waveform shape: (3, 788953)
Computing SNR for parameters: (np.float64(999599.621246051), np.float64(9985.88593761843), np.float64(0.8985023258845), np.float64(29.28025946519345), np.float64(0.10090374194135719), 1.0, 272.11852, np.float64(1.0471392373418305), np.float64(0.7852925973664039), 0.62831853, 0.52359878, np.float64(0.1629019972032996), 0.2, np.float64(-0.008821020733765039), 0.95, False, False, False, True, 0.0, 0.0, np.float64(0.021484086301622702), np.float64(-1.584201600359451))
Waveform Generated. SNR: 19.603663981394924
The optimal source SNR is <= 20. The Fisher approximation may not be valid!
calculating stable deltas...
plunging! t_interp:  7889529.999999998 t_traj:  7884307.173696097
plunging! t_interp:  7889529.999999998 t_traj:  7885861.474714328
plunging! t_interp:  7889529.999999998 t_traj:  7887415.9289541505
plunging! t_interp:  7889529.999999998 t_traj:  7888970.536424031
plunging! t_interp:  7889529.999999998 t_traj:  7888341.715488158
plunging! t_interp:  7889529.999999998 t_traj:  7888887.582555806
plunging! t_interp:  7889529.999999998 t_traj:  7889433.468510823
plunging! t_interp:  7889529.999999998 t_traj:  7888994.033967585
plunging! t_interp:  7889529.999999998 t_traj:  7888228.6320943115
plunging! t_interp:  7889529.999999998 t_traj:  7887463.383288046
plunging! t_interp:  7889529.999999998 t_traj:  7889449.921356262
plunging! t_interp:  7889529.999999998 t_traj:  7878116.114538489
plunging! t_interp:  7889529.999999998 t_traj:  7881217.038357429
plunging! t_interp:  7889529.999999998 t_traj:  7884318.876638187
plunging! t_interp:  7889529.999999998 t_traj:  7887421.629449143
plunging! t_interp:  7889529.999999998 t_traj:  7886166.528110857
plunging! t_interp:  7889529.999999998 t_traj:  7887256.051151866
plunging! t_interp:  7889529.999999998 t_traj:  7888345.687009291
plunging! t_interp:  7889529.999999998 t_traj:  7889435.435651965
plunging! t_interp:  7889529.999999998 t_traj:  7888994.64414252
plunging! t_interp:  7889529.999999998 t_traj:  7889377.286512952
Time taken to compute stable deltas is 65.65460658073425 seconds
calculating Fisher matrix...
plunging! t_interp:  7889529.999999998 t_traj:  7889449.921356262
plunging! t_interp:  7889529.999999998 t_traj:  7888994.64414252
plunging! t_interp:  7889529.999999998 t_traj:  7889377.286512952
Finished derivatives
Calculated Fisher is *atleast* positive-definite.
Time taken to compute FM is 5.577874422073364 seconds
    CV from_0PA#1 it  30 lam=7.4e-10 ov=0.9998852 chi2=8.817e-02 rel=2.3e-05
Body is not plunging, Fisher should be stable.
waveform shape: (3, 788953)
Computing SNR for parameters: (np.float64(999599.6579525014), np.float64(9985.745543131809), np.float64(0.8985022531805313), np.float64(29.28026119166859), np.float64(0.1009037801148988), 1.0, 272.11852, np.float64(1.0471421506577743), np.float64(0.7852968618510693), 0.62831853, 0.52359878, np.float64(0.16289757952685807), 0.2, np.float64(-0.008861126679835749), 0.95, False, False, False, True, 0.0, 0.0, np.float64(0.022908453267296118), np.float64(-1.5830225928977153))
Waveform Generated. SNR: 19.603489160884017
The optimal source SNR is <= 20. The Fisher approximation may not be valid!
calculating Fisher matrix...
plunging! t_interp:  7889529.999999998 t_traj:  7889449.890434684
plunging! t_interp:  7889529.999999998 t_traj:  7888994.644011038
plunging! t_interp:  7889529.999999998 t_traj:  7889377.286367576
Finished derivatives
Calculated Fisher is *atleast* positive-definite.
Time taken to compute FM is 6.213695287704468 seconds
    CV from_0PA#1 it  31 lam=7.4e-10 ov=0.9998852 chi2=8.817e-02 rel=2.6e-05
Body is not plunging, Fisher should be stable.
waveform shape: (3, 788953)
Computing SNR for parameters: (np.float64(999599.7412745311), np.float64(9985.613568777653), np.float64(0.8985022223322754), np.float64(29.280262026995654), np.float64(0.1009037978259725), 1.0, 272.11852, np.float64(1.0471446625096705), np.float64(0.7853006916566386), 0.62831853, 0.52359878, np.float64(0.16289743962596687), 0.2, np.float64(-0.008879638673193099), 0.95, False, False, False, True, 0.0, 0.0, np.float64(0.02424665891407715), np.float64(-1.5817998151092618))
Waveform Generated. SNR: 19.603303556961748
The optimal source SNR is <= 20. The Fisher approximation may not be valid!
calculating Fisher matrix...
plunging! t_interp:  7889529.999999998 t_traj:  7889449.861923332
plunging! t_interp:  7889529.999999998 t_traj:  7888994.644414445
plunging! t_interp:  7889529.999999998 t_traj:  7889377.286761567
Finished derivatives
Calculated Fisher is *atleast* positive-definite.
Time taken to compute FM is 6.190610408782959 seconds
    CV from_0PA#1 it  32 lam=7.4e-10 ov=0.9998852 chi2=8.817e-02 rel=2.2e-05
Body is not plunging, Fisher should be stable.
waveform shape: (3, 788953)
Computing SNR for parameters: (np.float64(999599.8527631591), np.float64(9985.49022161767), np.float64(0.8985022159830466), np.float64(29.28026223483048), np.float64(0.10090380365999742), 1.0, 272.11852, np.float64(1.0471468249287887), np.float64(0.7853042248394327), 0.62831853, 0.52359878, np.float64(0.16289744973962925), 0.2, np.float64(-0.008882523423011462), 0.95, False, False, False, True, 0.0, 0.0, np.float64(0.025496478795767417), np.float64(-1.580605268943552))
Waveform Generated. SNR: 19.603121713024976
The optimal source SNR is <= 20. The Fisher approximation may not be valid!
calculating Fisher matrix...
plunging! t_interp:  7889529.999999998 t_traj:  7889449.835884852
plunging! t_interp:  7889529.999999998 t_traj:  7888994.6453562705
plunging! t_interp:  7889529.999999998 t_traj:  7889377.287702938
Finished derivatives
Calculated Fisher is *atleast* positive-definite.
Time taken to compute FM is 6.223731994628906 seconds
    CV from_0PA#1 it  33 lam=7.4e-10 ov=0.9998852 chi2=8.816e-02 rel=1.5e-05
Body is not plunging, Fisher should be stable.
waveform shape: (3, 788953)
Computing SNR for parameters: (np.float64(999599.9738689903), np.float64(9985.377539359759), np.float64(0.898502224224513), np.float64(29.280262098887345), np.float64(0.10090380008446677), 1.0, 272.11852, np.float64(1.0471487502712162), np.float64(0.7853073286269667), 0.62831853, 0.52359878, np.float64(0.16289612936711426), 0.2, np.float64(-0.008879688990783962), 0.95, False, False, False, True, 0.0, 0.0, np.float64(0.026637767863413864), np.float64(-1.5794879613483044))
Waveform Generated. SNR: 19.602935069350657
The optimal source SNR is <= 20. The Fisher approximation may not be valid!
calculating Fisher matrix...
plunging! t_interp:  7889529.999999998 t_traj:  7889449.812445797
plunging! t_interp:  7889529.999999998 t_traj:  7888994.646548682
plunging! t_interp:  7889529.999999998 t_traj:  7889377.288890438
Finished derivatives
Calculated Fisher is *atleast* positive-definite.
Time taken to compute FM is 6.24942946434021 seconds
    CV from_0PA#1 it  34 lam=7.4e-10 ov=0.9998852 chi2=8.816e-02 rel=1.8e-05
Body is not plunging, Fisher should be stable.
waveform shape: (3, 788953)
Computing SNR for parameters: (np.float64(999600.0960391648), np.float64(9985.260575898123), np.float64(0.898502252509088), np.float64(29.2802621351347), np.float64(0.10090378973031089), 1.0, 272.11852, np.float64(1.0471510389471343), np.float64(0.7853109729812058), 0.62831853, 0.52359878, np.float64(0.1629035847531661), 0.2, np.float64(-0.008884631935145985), 0.95, False, False, False, True, 0.0, 0.0, np.float64(0.027824252694142324), np.float64(-1.5782361179538615))
Waveform Generated. SNR: 19.60275425763427
The optimal source SNR is <= 20. The Fisher approximation may not be valid!
calculating stable deltas...
plunging! t_interp:  7889529.999999998 t_traj:  7884306.98054637
plunging! t_interp:  7889529.999999998 t_traj:  7885861.331018683
plunging! t_interp:  7889529.999999998 t_traj:  7887415.83469665
plunging! t_interp:  7889529.999999998 t_traj:  7888970.491589288
plunging! t_interp:  7889529.999999998 t_traj:  7888341.6506581735
plunging! t_interp:  7889529.999999998 t_traj:  7888887.535085021
plunging! t_interp:  7889529.999999998 t_traj:  7889433.438432105
plunging! t_interp:  7889529.999999998 t_traj:  7888993.939691157
plunging! t_interp:  7889529.999999998 t_traj:  7888228.488402341
plunging! t_interp:  7889529.999999998 t_traj:  7887463.190177812
plunging! t_interp:  7889529.999999998 t_traj:  7889449.856523856
plunging! t_interp:  7889529.999999998 t_traj:  7878116.119079554
plunging! t_interp:  7889529.999999998 t_traj:  7881217.042915818
plunging! t_interp:  7889529.999999998 t_traj:  7884318.881176218
plunging! t_interp:  7889529.999999998 t_traj:  7887421.634047618
plunging! t_interp:  7889529.999999998 t_traj:  7886166.53266149
plunging! t_interp:  7889529.999999998 t_traj:  7887256.055746754
plunging! t_interp:  7889529.999999998 t_traj:  7888345.691592733
plunging! t_interp:  7889529.999999998 t_traj:  7889435.44025842
plunging! t_interp:  7889529.999999998 t_traj:  7888994.648739795
plunging! t_interp:  7889529.999999998 t_traj:  7889377.291121645
Time taken to compute stable deltas is 65.51761102676392 seconds
calculating Fisher matrix...
plunging! t_interp:  7889529.999999998 t_traj:  7889449.856523856
Finished derivatives
Calculated Fisher is *atleast* positive-definite.
Time taken to compute FM is 5.562389612197876 seconds
    CV from_0PA#1 it  35 lam=7.4e-10 ov=0.9998852 chi2=8.816e-02 rel=1.5e-05
Body is not plunging, Fisher should be stable.
waveform shape: (3, 788953)
Computing SNR for parameters: (np.float64(999600.2066820962), np.float64(9985.155454122396), np.float64(0.8985022521632549), np.float64(29.28026201945277), np.float64(0.10090379030096448), 1.0, 272.11852, np.float64(1.0471531256668862), np.float64(0.785313958573725), 0.62831853, 0.52359878, np.float64(0.16290110614130707), 0.2, np.float64(-0.008879099875904158), 0.95, False, False, False, True, 0.0, 0.0, np.float64(0.028888707276197377), np.float64(-1.5772183939413424))
Waveform Generated. SNR: 19.60259563644161
The optimal source SNR is <= 20. The Fisher approximation may not be valid!
calculating Fisher matrix...
plunging! t_interp:  7889529.999999998 t_traj:  7889449.834553799
Finished derivatives
Calculated Fisher is *atleast* positive-definite.
Time taken to compute FM is 6.152259111404419 seconds
    CV from_0PA#1 it  36 lam=7.5e-10 ov=0.9998852 chi2=8.816e-02 rel=1.1e-05
Body is not plunging, Fisher should be stable.
waveform shape: (3, 788953)
Computing SNR for parameters: (np.float64(999600.3073399856), np.float64(9985.055697854588), np.float64(0.8985022595224976), np.float64(29.280262033849535), np.float64(0.10090378764337975), 1.0, 272.11852, np.float64(1.0471549674830127), np.float64(0.7853168326953078), 0.62831853, 0.52359878, np.float64(0.16290185652622552), 0.2, np.float64(-0.008880169514708113), 0.95, False, False, False, True, 0.0, 0.0, np.float64(0.029899730779941576), np.float64(-1.5762215851942134))
Waveform Generated. SNR: 19.602452930673092
The optimal source SNR is <= 20. The Fisher approximation may not be valid!
calculating Fisher matrix...
plunging! t_interp:  7889529.999999998 t_traj:  7889449.813952101
Finished derivatives
Calculated Fisher is *atleast* positive-definite.
Time taken to compute FM is 6.195478439331055 seconds
    CV from_0PA#1 it  37 lam=7.4e-10 ov=0.9998852 chi2=8.816e-02 rel=1.5e-05
Body is not plunging, Fisher should be stable.
waveform shape: (3, 788953)
Computing SNR for parameters: (np.float64(999600.4131216701), np.float64(9984.962234164726), np.float64(0.8985022746810033), np.float64(29.280261857184772), np.float64(0.10090378156083428), 1.0, 272.11852, np.float64(1.0471565382788655), np.float64(0.7853193787573958), 0.62831853, 0.52359878, np.float64(0.16290333951579744), 0.2, np.float64(-0.008876542322490726), 0.95, False, False, False, True, 0.0, 0.0, np.float64(0.030846756629153538), np.float64(-1.5752628205254497))
Waveform Generated. SNR: 19.602322391199454
The optimal source SNR is <= 20. The Fisher approximation may not be valid!
calculating Fisher matrix...
plunging! t_interp:  7889529.999999998 t_traj:  7889449.7948434455
Finished derivatives
Calculated Fisher is *atleast* positive-definite.
Time taken to compute FM is 6.144953727722168 seconds
    CV from_0PA#1 it  38 lam=7.4e-10 ov=0.9998852 chi2=8.816e-02 rel=9.4e-06
Body is not plunging, Fisher should be stable.
waveform shape: (3, 788953)
Computing SNR for parameters: (np.float64(999600.5283463052), np.float64(9984.872385070044), np.float64(0.8985023037491645), np.float64(29.28026147912526), np.float64(0.10090376795152788), 1.0, 272.11852, np.float64(1.047158484897963), np.float64(0.7853221347111645), 0.62831853, 0.52359878, np.float64(0.16290487396284462), 0.2, np.float64(-0.008869514411851765), 0.95, False, False, False, True, 0.0, 0.0, np.float64(0.031757128360206055), np.float64(-1.5743068839871355))
Waveform Generated. SNR: 19.602210978642166
The optimal source SNR is <= 20. The Fisher approximation may not be valid!
calculating Fisher matrix...
plunging! t_interp:  7889529.999999998 t_traj:  7889449.777118306
Finished derivatives
Calculated Fisher is *atleast* positive-definite.
Time taken to compute FM is 6.168290376663208 seconds
    CV from_0PA#1 it  39 lam=1.2e-09 ov=0.9998852 chi2=8.816e-02 rel=1.6e-06
Body is not plunging, Fisher should be stable.
waveform shape: (3, 788953)
Computing SNR for parameters: (np.float64(999600.6184573978), np.float64(9984.787230205699), np.float64(0.8985023109841954), np.float64(29.2802614157425), np.float64(0.10090376550710292), 1.0, 272.11852, np.float64(1.047160022838068), np.float64(0.7853245989331534), 0.62831853, 0.52359878, np.float64(0.16290566142727889), 0.2, np.float64(-0.00886745114768206), 0.95, False, False, False, True, 0.0, 0.0, np.float64(0.03262006792961968), np.float64(-1.5734498044043286))
Waveform Generated. SNR: 19.602096855619084
The optimal source SNR is <= 20. The Fisher approximation may not be valid!
calculating stable deltas...
plunging! t_interp:  7889529.999999999 t_traj:  7884306.837570608
plunging! t_interp:  7889529.999999999 t_traj:  7885861.225410744
plunging! t_interp:  7889529.999999999 t_traj:  7887415.766506528
plunging! t_interp:  7889529.999999999 t_traj:  7888970.460770548
plunging! t_interp:  7889529.999999999 t_traj:  7888341.604712925
plunging! t_interp:  7889529.999999999 t_traj:  7888887.502271846
plunging! t_interp:  7889529.999999999 t_traj:  7889433.418713601
plunging! t_interp:  7889529.999999999 t_traj:  7888993.871478165
plunging! t_interp:  7889529.999999999 t_traj:  7888228.38279688
plunging! t_interp:  7889529.999999999 t_traj:  7887463.04720401
plunging! t_interp:  7889529.999999999 t_traj:  7889449.810583933
plunging! t_interp:  7889529.999999999 t_traj:  7878116.125687777
plunging! t_interp:  7889529.999999999 t_traj:  7881217.04951918
plunging! t_interp:  7889529.999999999 t_traj:  7884318.887773813
plunging! t_interp:  7889529.999999999 t_traj:  7887421.640635856
plunging! t_interp:  7889529.999999999 t_traj:  7886166.53925073
plunging! t_interp:  7889529.999999999 t_traj:  7887256.062335863
plunging! t_interp:  7889529.999999999 t_traj:  7888345.698189674
plunging! t_interp:  7889529.999999999 t_traj:  7889435.446838969
plunging! t_interp:  7889529.999999999 t_traj:  7888994.655321059
plunging! t_interp:  7889529.999999999 t_traj:  7889377.297702737
plunging! t_interp:  7889529.999999999 t_traj:  7889518.965117261
Time taken to compute stable deltas is 65.47509002685547 seconds
calculating Fisher matrix...
Finished derivatives
Calculated Fisher is *atleast* positive-definite.
Time taken to compute FM is 5.4943084716796875 seconds
    CV from_0PA#1 it  40 lam=3.9e-10 ov=0.9998852 chi2=8.816e-02 rel=1.4e-05
Body is not plunging, Fisher should be stable.
waveform shape: (3, 788953)
Computing SNR for parameters: (np.float64(999600.6682410644), np.float64(9984.733452428472), np.float64(0.8985023132961819), np.float64(29.280261502615378), np.float64(0.10090376440680086), 1.0, 272.11852, np.float64(1.0471602036127607), np.float64(0.785325168958687), 0.62831853, 0.52359878, np.float64(0.16290616611365108), 0.2, np.float64(-0.00887172842988369), 0.95, False, False, False, True, 0.0, 0.0, np.float64(0.033165364738359786), np.float64(-1.5729178540588418))
Waveform Generated. SNR: 19.601991561465983
The optimal source SNR is <= 20. The Fisher approximation may not be valid!
calculating Fisher matrix...
Finished derivatives
Calculated Fisher is *atleast* positive-definite.
Time taken to compute FM is 6.145653009414673 seconds
    CV from_0PA#1 it  41 lam=6.4e-10 ov=0.9998852 chi2=8.815e-02 rel=1.6e-06
Body is not plunging, Fisher should be stable.
waveform shape: (3, 788953)
Computing SNR for parameters: (np.float64(999600.8746579078), np.float64(9984.595802925487), np.float64(0.8985023799848877), np.float64(29.280260436719296), np.float64(0.1009037334890658), 1.0, 272.11852, np.float64(1.0471648319049391), np.float64(0.7853321209811323), 0.62831853, 0.52359878, np.float64(0.16290977985619173), 0.2, np.float64(-0.008846868724661014), 0.95, False, False, False, True, 0.0, 0.0, np.float64(0.034559601289601), np.float64(-1.5713903003521625))
Waveform Generated. SNR: 19.60181296367021
The optimal source SNR is <= 20. The Fisher approximation may not be valid!
calculating Fisher matrix...
Finished derivatives
Calculated Fisher is *atleast* positive-definite.
Time taken to compute FM is 6.196389436721802 seconds
    CV from_0PA#1 it  42 lam=5.3e-10 ov=0.9998852 chi2=8.815e-02 rel=2.0e-05
Body is not plunging, Fisher should be stable.
waveform shape: (3, 788953)
Computing SNR for parameters: (np.float64(999601.0183377923), np.float64(9984.514792957216), np.float64(0.898502434712969), np.float64(29.28025943457915), np.float64(0.10090370637737807), 1.0, 272.11852, np.float64(1.0471653767684543), np.float64(0.7853328978994253), 0.62831853, 0.52359878, np.float64(0.16291331784279156), 0.2, np.float64(-0.008826856630341157), 0.95, False, False, False, True, 0.0, 0.0, np.float64(0.0353796359874136), np.float64(-1.5704516904736965))
Waveform Generated. SNR: 19.60167023300336
The optimal source SNR is <= 20. The Fisher approximation may not be valid!
calculating Fisher matrix...
Finished derivatives
Calculated Fisher is *atleast* positive-definite.
Time taken to compute FM is 6.180553674697876 seconds
    CV from_0PA#1 it  43 lam=5.5e-10 ov=0.9998852 chi2=8.815e-02 rel=5.4e-06
Body is not plunging, Fisher should be stable.
waveform shape: (3, 788953)
Computing SNR for parameters: (np.float64(999601.1227161124), np.float64(9984.424626717197), np.float64(0.8985024517276436), np.float64(29.28025922928529), np.float64(0.10090369906773534), 1.0, 272.11852, np.float64(1.0471672600289346), np.float64(0.7853359096898933), 0.62831853, 0.52359878, np.float64(0.1629144583025842), 0.2, np.float64(-0.008821636970364125), 0.95, False, False, False, True, 0.0, 0.0, np.float64(0.03629343997819002), np.float64(-1.56952085646484))
Waveform Generated. SNR: 19.601543265419103
The optimal source SNR is <= 20. The Fisher approximation may not be valid!
calculating Fisher matrix...
Finished derivatives
Calculated Fisher is *atleast* positive-definite.
Time taken to compute FM is 6.200335502624512 seconds
    CV from_0PA#1 it  44 lam=5.4e-10 ov=0.9998852 chi2=8.815e-02 rel=8.7e-06
Body is not plunging, Fisher should be stable.
waveform shape: (3, 788953)
Computing SNR for parameters: (np.float64(999601.0939426399), np.float64(9984.342447180617), np.float64(0.8985023668617496), np.float64(29.280261060540557), np.float64(0.10090374496582612), 1.0, 272.11852, np.float64(1.047168645758166), np.float64(0.7853381338861288), 0.62831853, 0.52359878, np.float64(0.16291256227074255), 0.2, np.float64(-0.008862160294064565), 0.95, False, False, False, True, 0.0, 0.0, np.float64(0.03712859575909406), np.float64(-1.5689246090233135))
Waveform Generated. SNR: 19.60141399991245
The optimal source SNR is <= 20. The Fisher approximation may not be valid!
calculating stable deltas...
plunging! t_interp:  7889529.999999997 t_traj:  7884306.704169063
plunging! t_interp:  7889529.999999997 t_traj:  7885861.127151996
plunging! t_interp:  7889529.999999997 t_traj:  7887415.703362909
plunging! t_interp:  7889529.999999997 t_traj:  7888970.432796165
plunging! t_interp:  7889529.999999997 t_traj:  7888341.562520178
plunging! t_interp:  7889529.999999997 t_traj:  7888887.472419489
plunging! t_interp:  7889529.999999997 t_traj:  7889433.401211612
plunging! t_interp:  7889529.999999997 t_traj:  7888993.808367535
plunging! t_interp:  7889529.999999997 t_traj:  7888228.284536548
plunging! t_interp:  7889529.999999997 t_traj:  7887462.913803743
plunging! t_interp:  7889529.999999997 t_traj:  7889449.768395015
plunging! t_interp:  7889529.999999997 t_traj:  7878116.13290069
plunging! t_interp:  7889529.999999997 t_traj:  7881217.056727267
plunging! t_interp:  7889529.999999997 t_traj:  7884318.894969251
plunging! t_interp:  7889529.999999997 t_traj:  7887421.6478265235
plunging! t_interp:  7889529.999999997 t_traj:  7886166.546447299
plunging! t_interp:  7889529.999999997 t_traj:  7887256.069522285
plunging! t_interp:  7889529.999999997 t_traj:  7888345.7053817175
plunging! t_interp:  7889529.999999997 t_traj:  7889435.454023788
plunging! t_interp:  7889529.999999997 t_traj:  7888994.662510446
plunging! t_interp:  7889529.999999997 t_traj:  7889377.304891269
plunging! t_interp:  7889529.999999997 t_traj:  7889380.003536809
Time taken to compute stable deltas is 65.83588671684265 seconds
calculating Fisher matrix...
plunging! t_interp:  7889529.999999997 t_traj:  7889449.768395015
plunging! t_interp:  7889529.999999997 t_traj:  7888994.662510446
plunging! t_interp:  7889529.999999997 t_traj:  7889377.304891269
Finished derivatives
Calculated Fisher is *atleast* positive-definite.
Time taken to compute FM is 5.56459641456604 seconds
    CV from_0PA#1 it  45 lam=8.8e-10 ov=0.9998852 chi2=8.815e-02 rel=8.7e-07
Body is not plunging, Fisher should be stable.
waveform shape: (3, 788953)
Computing SNR for parameters: (np.float64(999601.2140982718), np.float64(9984.265391687755), np.float64(0.898502407432668), np.float64(29.280260379447974), np.float64(0.10090372388396608), 1.0, 272.11852, np.float64(1.0471697218091152), np.float64(0.7853404340815417), 0.62831853, 0.52359878, np.float64(0.162912792913406), 0.2, np.float64(-0.008848710206286869), 0.95, False, False, False, True, 0.0, 0.0, np.float64(0.03790900886214117), np.float64(-1.568071324438655))
Waveform Generated. SNR: 19.601300321386386
The optimal source SNR is <= 20. The Fisher approximation may not be valid!
calculating Fisher matrix...
plunging! t_interp:  7889529.999999998 t_traj:  7889449.753465657
plunging! t_interp:  7889529.999999998 t_traj:  7888994.664405199
plunging! t_interp:  7889529.999999998 t_traj:  7889377.306789739
Finished derivatives
Calculated Fisher is *atleast* positive-definite.
Time taken to compute FM is 6.319730997085571 seconds
    CV from_0PA#1 it  46 lam=2.9e-10 ov=0.9998852 chi2=8.815e-02 rel=9.4e-06
Body is not plunging, Fisher should be stable.
waveform shape: (3, 788953)
Computing SNR for parameters: (np.float64(999601.2754007706), np.float64(9984.218521185776), np.float64(0.8985024200120619), np.float64(29.280260150033513), np.float64(0.1009037170660798), 1.0, 272.11852, np.float64(1.0471693939678444), np.float64(0.7853413759265503), 0.62831853, 0.52359878, np.float64(0.1629125483592808), 0.2, np.float64(-0.008844063657010855), 0.95, False, False, False, True, 0.0, 0.0, np.float64(0.038383831423522675), np.float64(-1.5675794623993733))
Waveform Generated. SNR: 19.601210937124797
The optimal source SNR is <= 20. The Fisher approximation may not be valid!
calculating Fisher matrix...
plunging! t_interp:  7889529.999999999 t_traj:  7889449.743189705
plunging! t_interp:  7889529.999999999 t_traj:  7888994.664359534
plunging! t_interp:  7889529.999999999 t_traj:  7889377.306754491
Finished derivatives
Calculated Fisher is *atleast* positive-definite.
Time taken to compute FM is 6.267904043197632 seconds
    CV from_0PA#1 it  47 lam=9.9e-10 ov=0.9998852 chi2=8.815e-02 rel=4.9e-07
Body is not plunging, Fisher should be stable.
waveform shape: (3, 788953)
Computing SNR for parameters: (np.float64(999601.3517699245), np.float64(9984.153975702668), np.float64(0.8985024338734422), np.float64(29.280259978765912), np.float64(0.10090371155679927), 1.0, 272.11852, np.float64(1.0471709163487024), np.float64(0.7853441890619474), 0.62831853, 0.52359878, np.float64(0.16291351654797065), 0.2, np.float64(-0.008839112518791988), 0.95, False, False, False, True, 0.0, 0.0, np.float64(0.039038054848386704), np.float64(-1.566906668846104))
Waveform Generated. SNR: 19.60114347296999
The optimal source SNR is <= 20. The Fisher approximation may not be valid!
calculating Fisher matrix...
plunging! t_interp:  7889529.999999999 t_traj:  7889449.730916012
plunging! t_interp:  7889529.999999999 t_traj:  7888994.6661952045
plunging! t_interp:  7889529.999999999 t_traj:  7889377.308585008
Finished derivatives
Calculated Fisher is *atleast* positive-definite.
Time taken to compute FM is 6.297469854354858 seconds
    CV from_0PA#1 it  48 lam=1.0e-09 ov=0.9998852 chi2=8.815e-02 rel=2.0e-06
Body is not plunging, Fisher should be stable.
waveform shape: (3, 788953)
Computing SNR for parameters: (np.float64(999601.3944412838), np.float64(9984.116543254595), np.float64(0.8985024397195807), np.float64(29.280259900560722), np.float64(0.1009037085623987), 1.0, 272.11852, np.float64(1.047170918943785), np.float64(0.7853443270254558), 0.62831853, 0.52359878, np.float64(0.16291382724274883), 0.2, np.float64(-0.008837858690708406), 0.95, False, False, False, True, 0.0, 0.0, np.float64(0.03941743712383218), np.float64(-1.5665233586001859))
Waveform Generated. SNR: 19.601079209124894
The optimal source SNR is <= 20. The Fisher approximation may not be valid!
calculating Fisher matrix...
plunging! t_interp:  7889529.999999998 t_traj:  7889449.722502131
plunging! t_interp:  7889529.999999998 t_traj:  7888994.665970367
plunging! t_interp:  7889529.999999998 t_traj:  7889377.308358035
Finished derivatives
Calculated Fisher is *atleast* positive-definite.
Time taken to compute FM is 6.256638050079346 seconds
    CV from_0PA#1 it  49 lam=1.1e-09 ov=0.9998852 chi2=8.815e-02 rel=1.2e-06
Body is not plunging, Fisher should be stable.
waveform shape: (3, 788953)
Computing SNR for parameters: (np.float64(999601.4371711486), np.float64(9984.080790403425), np.float64(0.8985024474355402), np.float64(29.280259798606703), np.float64(0.10090370539167628), 1.0, 272.11852, np.float64(1.0471712429725468), np.float64(0.7853453103077536), 0.62831853, 0.52359878, np.float64(0.16291480281017925), 0.2, np.float64(-0.008835363153277799), 0.95, False, False, False, True, 0.0, 0.0, np.float64(0.03977982759044954), np.float64(-1.5661488096510696))
Waveform Generated. SNR: 19.601024814623123
The optimal source SNR is <= 20. The Fisher approximation may not be valid!
calculating stable deltas...
plunging! t_interp:  7889529.999999998 t_traj:  7884306.625547701
plunging! t_interp:  7889529.999999998 t_traj:  7885861.069199845
plunging! t_interp:  7889529.999999998 t_traj:  7887415.666066129
plunging! t_interp:  7889529.999999998 t_traj:  7888970.416173974
plunging! t_interp:  7889529.999999998 t_traj:  7888341.537536701
plunging! t_interp:  7889529.999999998 t_traj:  7888887.454692042
plunging! t_interp:  7889529.999999998 t_traj:  7889433.390741995
plunging! t_interp:  7889529.999999998 t_traj:  7888993.771074337
plunging! t_interp:  7889529.999999998 t_traj:  7888228.2265822245
plunging! t_interp:  7889529.999999998 t_traj:  7887462.8351946855
plunging! t_interp:  7889529.999999998 t_traj:  7889449.74340592
plunging! t_interp:  7889529.999999998 t_traj:  7878116.137001554
plunging! t_interp:  7889529.999999998 t_traj:  7881217.060802872
plunging! t_interp:  7889529.999999998 t_traj:  7884318.899044632
plunging! t_interp:  7889529.999999998 t_traj:  7887421.651883455
plunging! t_interp:  7889529.999999998 t_traj:  7886166.550542452
plunging! t_interp:  7889529.999999998 t_traj:  7887256.07358851
plunging! t_interp:  7889529.999999998 t_traj:  7888345.709435332
plunging! t_interp:  7889529.999999998 t_traj:  7889435.458075172
plunging! t_interp:  7889529.999999998 t_traj:  7888994.666569698
plunging! t_interp:  7889529.999999998 t_traj:  7889377.308943769
plunging! t_interp:  7889529.999999998 t_traj:  7889298.301074645
Time taken to compute stable deltas is 65.7656180858612 seconds
calculating Fisher matrix...
Finished derivatives
Calculated Fisher is *atleast* positive-definite.
Time taken to compute FM is 5.505064249038696 seconds
    CV from_0PA#1 it  50 lam=8.1e-10 ov=0.9998852 chi2=8.815e-02 rel=3.0e-06
Body is not plunging, Fisher should be stable.
waveform shape: (3, 788953)
Computing SNR for parameters: (np.float64(999601.4605339697), np.float64(9984.04839330234), np.float64(0.898502435419336), np.float64(29.280259917197334), np.float64(0.10090371046153626), 1.0, 272.11852, np.float64(1.0471736740525373), np.float64(0.7853457366636059), 0.62831853, 0.52359878, np.float64(0.16291246283949457), 0.2, np.float64(-0.008836935698450938), 0.95, False, False, False, True, 0.0, 0.0, np.float64(0.040107931193384676), np.float64(-1.5658789702546383))
Waveform Generated. SNR: 19.600996699672717
The optimal source SNR is <= 20. The Fisher approximation may not be valid!
calculating Fisher matrix...
Finished derivatives
Calculated Fisher is *atleast* positive-definite.
Time taken to compute FM is 6.229337215423584 seconds
    CV from_0PA#1 it  51 lam=8.2e-10 ov=0.9998852 chi2=8.815e-02 rel=1.9e-06
Body is not plunging, Fisher should be stable.
waveform shape: (3, 788953)
Computing SNR for parameters: (np.float64(999601.5564924671), np.float64(9984.007807078142), np.float64(0.8985025194738924), np.float64(29.28025921236336), np.float64(0.10090368001878201), 1.0, 272.11852, np.float64(1.0471744731660881), np.float64(0.7853471369158542), 0.62831853, 0.52359878, np.float64(0.16293385892553564), 0.2, np.float64(-0.008825194928463157), 0.95, False, False, False, True, 0.0, 0.0, np.float64(0.04052113979939751), np.float64(-1.5651858439954327))
Waveform Generated. SNR: 19.600943111556372
The optimal source SNR is <= 20. The Fisher approximation may not be valid!
calculating Fisher matrix...
Finished derivatives
Calculated Fisher is *atleast* positive-definite.
Time taken to compute FM is 6.257078409194946 seconds
    CV from_0PA#1 it  52 lam=7.5e-10 ov=0.9998852 chi2=8.815e-02 rel=3.0e-06
Body is not plunging, Fisher should be stable.
waveform shape: (3, 788953)
Computing SNR for parameters: (np.float64(999601.5833084028), np.float64(9983.968608547792), np.float64(0.8985024856403688), np.float64(29.280259293609426), np.float64(0.1009036893533325), 1.0, 272.11852, np.float64(1.0471752129927911), np.float64(0.7853483062434699), 0.62831853, 0.52359878, np.float64(0.16292021770618134), 0.2, np.float64(-0.00882467317776096), 0.95, False, False, False, True, 0.0, 0.0, np.float64(0.040916899059324635), np.float64(-1.56494272316646))
Waveform Generated. SNR: 19.60088694884893
The optimal source SNR is <= 20. The Fisher approximation may not be valid!
calculating Fisher matrix...
Finished derivatives
Calculated Fisher is *atleast* positive-definite.
Time taken to compute FM is 6.224952697753906 seconds
    CV from_0PA#1 it  53 lam=7.4e-10 ov=0.9998852 chi2=8.815e-02 rel=2.5e-06
Body is not plunging, Fisher should be stable.
waveform shape: (3, 788953)
Computing SNR for parameters: (np.float64(999601.6396413867), np.float64(9983.929193114378), np.float64(0.8985025082892273), np.float64(29.280259062248597), np.float64(0.10090368076795059), 1.0, 272.11852, np.float64(1.0471760266672365), np.float64(0.7853495425930915), 0.62831853, 0.52359878, np.float64(0.16292472043421088), 0.2, np.float64(-0.008820073789407993), 0.95, False, False, False, True, 0.0, 0.0, np.float64(0.04131672888695433), np.float64(-1.5644822076976046))
Waveform Generated. SNR: 19.600830276319623
The optimal source SNR is <= 20. The Fisher approximation may not be valid!
calculating Fisher matrix...
Finished derivatives
Calculated Fisher is *atleast* positive-definite.
Time taken to compute FM is 6.60242223739624 seconds
    CV from_0PA#1 it  54 lam=9.5e-10 ov=0.9998852 chi2=8.815e-02 rel=6.0e-07
Body is not plunging, Fisher should be stable.
waveform shape: (3, 788953)
Computing SNR for parameters: (np.float64(999601.6855995166), np.float64(9983.891545586803), np.float64(0.8985025185775795), np.float64(29.28025893579597), np.float64(0.10090367354184086), 1.0, 272.11852, np.float64(1.0471767580106515), np.float64(0.7853506604901933), 0.62831853, 0.52359878, np.float64(0.1629225569028205), 0.2, np.float64(-0.0088204505707811), 0.95, False, False, False, True, 0.0, 0.0, np.float64(0.041698298710445475), np.float64(-1.5640994446419565))
Waveform Generated. SNR: 19.60077358916767
The optimal source SNR is <= 20. The Fisher approximation may not be valid!
calculating stable deltas...
plunging! t_interp:  7889529.999999998 t_traj:  7884306.570375026
plunging! t_interp:  7889529.999999998 t_traj:  7885861.028974325
plunging! t_interp:  7889529.999999998 t_traj:  7887415.640798877
plunging! t_interp:  7889529.999999998 t_traj:  7888970.405883648
plunging! t_interp:  7889529.999999998 t_traj:  7888341.521189803
plunging! t_interp:  7889529.999999998 t_traj:  7888887.443576631
plunging! t_interp:  7889529.999999998 t_traj:  7889433.384881108
plunging! t_interp:  7889529.999999998 t_traj:  7888993.745796647
plunging! t_interp:  7889529.999999998 t_traj:  7888228.18636146
plunging! t_interp:  7889529.999999998 t_traj:  7887462.7800164325
plunging! t_interp:  7889529.999999998 t_traj:  7889449.727041716
plunging! t_interp:  7889529.999999998 t_traj:  7878116.141691012
plunging! t_interp:  7889529.999999998 t_traj:  7881217.065520511
plunging! t_interp:  7889529.999999998 t_traj:  7884318.90373925
plunging! t_interp:  7889529.999999998 t_traj:  7887421.6565357875
plunging! t_interp:  7889529.999999998 t_traj:  7886166.555163191
plunging! t_interp:  7889529.999999998 t_traj:  7887256.078241333
plunging! t_interp:  7889529.999999998 t_traj:  7888345.714084402
plunging! t_interp:  7889529.999999998 t_traj:  7889435.462721432
plunging! t_interp:  7889529.999999998 t_traj:  7888994.671211478
plunging! t_interp:  7889529.999999998 t_traj:  7889377.313591063
plunging! t_interp:  7889529.999999998 t_traj:  7889239.188000627
Time taken to compute stable deltas is 65.83542394638062 seconds
calculating Fisher matrix...
Finished derivatives
Calculated Fisher is *atleast* positive-definite.
Time taken to compute FM is 5.542539358139038 seconds
    CV from_0PA#1 it  55 lam=6.3e-10 ov=0.9998852 chi2=8.815e-02 rel=2.1e-06
Body is not plunging, Fisher should be stable.
waveform shape: (3, 788953)
Computing SNR for parameters: (np.float64(999601.690068818), np.float64(9983.876421545876), np.float64(0.8985024984839358), np.float64(29.28025906020365), np.float64(0.10090368284045549), 1.0, 272.11852, np.float64(1.0471766808959602), np.float64(0.7853504768744317), 0.62831853, 0.52359878, np.float64(0.16291960887220605), 0.2, np.float64(-0.008819112793388994), 0.95, False, False, False, True, 0.0, 0.0, np.float64(0.04185106084532766), np.float64(-1.5640095724668388))
Waveform Generated. SNR: 19.600742701603867
The optimal source SNR is <= 20. The Fisher approximation may not be valid!
calculating Fisher matrix...
Finished derivatives
Calculated Fisher is *atleast* positive-definite.
Time taken to compute FM is 6.107943534851074 seconds
    CV from_0PA#1 it  56 lam=7.4e-10 ov=0.9998852 chi2=8.815e-02 rel=7.8e-07
Body is not plunging, Fisher should be stable.
waveform shape: (3, 788953)
Computing SNR for parameters: (np.float64(999601.7323905043), np.float64(9983.835588079055), np.float64(0.8985025062276701), np.float64(29.28025906269643), np.float64(0.10090367919139599), 1.0, 272.11852, np.float64(1.047177961782443), np.float64(0.7853524989523267), 0.62831853, 0.52359878, np.float64(0.16291970390205926), 0.2, np.float64(-0.008821179684984085), 0.95, False, False, False, True, 0.0, 0.0, np.float64(0.04226530722666538), np.float64(-1.5635912748389211))
Waveform Generated. SNR: 19.60069464468031
The optimal source SNR is <= 20. The Fisher approximation may not be valid!
calculating Fisher matrix...
Finished derivatives
Calculated Fisher is *atleast* positive-definite.
Time taken to compute FM is 6.169155120849609 seconds
    CV from_0PA#1 it  57 lam=4.2e-10 ov=0.9998852 chi2=8.815e-02 rel=2.4e-06
Body is not plunging, Fisher should be stable.
waveform shape: (3, 788953)
Computing SNR for parameters: (np.float64(999601.7604287252), np.float64(9983.80263527444), np.float64(0.8985025032418889), np.float64(29.280259149209805), np.float64(0.1009036819955828), 1.0, 272.11852, np.float64(1.047178339202881), np.float64(0.7853532263228324), 0.62831853, 0.52359878, np.float64(0.1629206985305298), 0.2, np.float64(-0.008822588662005259), 0.95, False, False, False, True, 0.0, 0.0, np.float64(0.04259950000826766), np.float64(-1.5632709629994106))
Waveform Generated. SNR: 19.60063002048874
The optimal source SNR is <= 20. The Fisher approximation may not be valid!
calculating Fisher matrix...
Finished derivatives
Calculated Fisher is *atleast* positive-definite.
Time taken to compute FM is 6.1891539096832275 seconds
    CV from_0PA#1 it  58 lam=2.5e-10 ov=0.9998852 chi2=8.815e-02 rel=3.4e-06
Body is not plunging, Fisher should be stable.
waveform shape: (3, 788953)
Computing SNR for parameters: (np.float64(999601.8285469109), np.float64(9983.750439263473), np.float64(0.8985025187674385), np.float64(29.280258903751562), np.float64(0.1009036752454153), 1.0, 272.11852, np.float64(1.0471799077676125), np.float64(0.7853555172745633), 0.62831853, 0.52359878, np.float64(0.16292165666188366), 0.2, np.float64(-0.008816112008317336), 0.95, False, False, False, True, 0.0, 0.0, np.float64(0.04312847148268644), np.float64(-1.5627166750623247))
Waveform Generated. SNR: 19.60055572194244
The optimal source SNR is <= 20. The Fisher approximation may not be valid!
calculating Fisher matrix...
Finished derivatives
Calculated Fisher is *atleast* positive-definite.
Time taken to compute FM is 6.256529808044434 seconds
    CV from_0PA#1 it  59 lam=2.8e-10 ov=0.9998852 chi2=8.815e-02 rel=1.2e-06
Body is not plunging, Fisher should be stable.
waveform shape: (3, 788953)
Computing SNR for parameters: (np.float64(999601.9153219883), np.float64(9983.678237214894), np.float64(0.8985025368826458), np.float64(29.280258691486022), np.float64(0.10090366660230175), 1.0, 272.11852, np.float64(1.0471817077679417), np.float64(0.7853583380002935), 0.62831853, 0.52359878, np.float64(0.16292201528533395), 0.2, np.float64(-0.008813237203625018), 0.95, False, False, False, True, 0.0, 0.0, np.float64(0.04386044346196026), np.float64(-1.561965788370861))
Waveform Generated. SNR: 19.600462241689677
The optimal source SNR is <= 20. The Fisher approximation may not be valid!
calculating stable deltas...
plunging! t_interp:  7889529.999999998 t_traj:  7884306.507354208
plunging! t_interp:  7889529.999999998 t_traj:  7885860.982786179
plunging! t_interp:  7889529.999999998 t_traj:  7887415.611456342
plunging! t_interp:  7889529.999999998 t_traj:  7888970.393375877
plunging! t_interp:  7889529.999999998 t_traj:  7888341.501867915
plunging! t_interp:  7889529.999999998 t_traj:  7888887.430198222
plunging! t_interp:  7889529.999999998 t_traj:  7889433.377408409
plunging! t_interp:  7889529.999999998 t_traj:  7888993.716445452
plunging! t_interp:  7889529.999999998 t_traj:  7888228.140179743
plunging! t_interp:  7889529.999999998 t_traj:  7887462.716994391
plunging! t_interp:  7889529.999999998 t_traj:  7889449.707734289
plunging! t_interp:  7889529.999999998 t_traj:  7878116.146065572
plunging! t_interp:  7889529.999999998 t_traj:  7881217.069861414
plunging! t_interp:  7889529.999999998 t_traj:  7884318.908082143
plunging! t_interp:  7889529.999999998 t_traj:  7887421.6609084355
plunging! t_interp:  7889529.999999998 t_traj:  7886166.559538403
plunging! t_interp:  7889529.999999998 t_traj:  7887256.08260947
plunging! t_interp:  7889529.999999998 t_traj:  7888345.718462204
plunging! t_interp:  7889529.999999998 t_traj:  7889435.467089337
plunging! t_interp:  7889529.999999998 t_traj:  7888994.6755831055
plunging! t_interp:  7889529.999999998 t_traj:  7889377.317953641
plunging! t_interp:  7889529.999999998 t_traj:  7889510.717751437
plunging! t_interp:  7889529.999999998 t_traj:  7889172.5721850805
Time taken to compute stable deltas is 65.86518239974976 seconds
calculating Fisher matrix...
plunging! t_interp:  7889529.999999998 t_traj:  7889449.707734289
plunging! t_interp:  7889529.999999998 t_traj:  7888994.6755831055
plunging! t_interp:  7889529.999999998 t_traj:  7889377.317953641
Finished derivatives
Calculated Fisher is *atleast* positive-definite.
Time taken to compute FM is 5.606778144836426 seconds
    CV from_0PA#1 it  60 lam=2.9e-10 ov=0.9998852 chi2=8.815e-02 rel=1.6e-06
Body is not plunging, Fisher should be stable.
waveform shape: (3, 788953)
Computing SNR for parameters: (np.float64(999601.9886822035), np.float64(9983.620416783648), np.float64(0.8985025557526417), np.float64(29.28025846689612), np.float64(0.10090365825328358), 1.0, 272.11852, np.float64(1.0471824727490662), np.float64(0.7853595689201568), 0.62831853, 0.52359878, np.float64(0.16292431749219852), 0.2, np.float64(-0.008809885457475273), 0.95, False, False, False, True, 0.0, 0.0, np.float64(0.044446691741217514), np.float64(-1.5613451325785956))
Waveform Generated. SNR: 19.60036283436811
The optimal source SNR is <= 20. The Fisher approximation may not be valid!
calculating Fisher matrix...
plunging! t_interp:  7889529.999999998 t_traj:  7889449.695819495
plunging! t_interp:  7889529.999999998 t_traj:  7888994.67629844
plunging! t_interp:  7889529.999999998 t_traj:  7889377.31867877
Finished derivatives
Calculated Fisher is *atleast* positive-definite.
Time taken to compute FM is 6.2353291511535645 seconds
    CV from_0PA#1 it  61 lam=9.6e-11 ov=0.9998852 chi2=8.815e-02 rel=3.5e-06
Body is not plunging, Fisher should be stable.
waveform shape: (3, 788953)
Computing SNR for parameters: (np.float64(999602.0494171516), np.float64(9983.570439817075), np.float64(0.8985025699863189), np.float64(29.280258316231418), np.float64(0.10090365257191773), 1.0, 272.11852, np.float64(1.0471834517822705), np.float64(0.7853609533773732), 0.62831853, 0.52359878, np.float64(0.1629262538983864), 0.2, np.float64(-0.008806492426963046), 0.95, False, False, False, True, 0.0, 0.0, np.float64(0.04495347149403155), np.float64(-1.5608135807550876))
Waveform Generated. SNR: 19.600289886307152
The optimal source SNR is <= 20. The Fisher approximation may not be valid!
calculating Fisher matrix...
plunging! t_interp:  7889529.999999997 t_traj:  7889449.6857670015
plunging! t_interp:  7889529.999999997 t_traj:  7888994.677175622
plunging! t_interp:  7889529.999999997 t_traj:  7889377.319549346
Finished derivatives
Calculated Fisher is *atleast* positive-definite.
Time taken to compute FM is 6.218487024307251 seconds
    CV from_0PA#1 it  62 lam=7.7e-10 ov=0.9998852 chi2=8.815e-02 rel=6.1e-07
Body is not plunging, Fisher should be stable.
waveform shape: (3, 788953)
Computing SNR for parameters: (np.float64(999602.0791923655), np.float64(9983.550876140287), np.float64(0.8985025861549666), np.float64(29.280258176087187), np.float64(0.10090364427423443), 1.0, 272.11852, np.float64(1.047183174877589), np.float64(0.7853605858162467), 0.62831853, 0.52359878, np.float64(0.16292744195842945), 0.2, np.float64(-0.008807195062434544), 0.95, False, False, False, True, 0.0, 0.0, np.float64(0.045152015770728325), np.float64(-1.560585272589018))
Waveform Generated. SNR: 19.60024725611746
The optimal source SNR is <= 20. The Fisher approximation may not be valid!
calculating Fisher matrix...
plunging! t_interp:  7889529.999999998 t_traj:  7889449.681476045
plunging! t_interp:  7889529.999999998 t_traj:  7888994.6771584265
plunging! t_interp:  7889529.999999998 t_traj:  7889377.319546157
Finished derivatives
Calculated Fisher is *atleast* positive-definite.
Time taken to compute FM is 6.165188550949097 seconds
    CV from_0PA#1 it  63 lam=7.4e-10 ov=0.9998852 chi2=8.815e-02 rel=5.7e-07
Body is not plunging, Fisher should be stable.
waveform shape: (3, 788953)
Computing SNR for parameters: (np.float64(999602.0880434813), np.float64(9983.5324191843), np.float64(0.8985025672361356), np.float64(29.280258294633533), np.float64(0.10090365366108076), 1.0, 272.11852, np.float64(1.047183473218643), np.float64(0.7853610957578196), 0.62831853, 0.52359878, np.float64(0.1629255664422695), 0.2, np.float64(-0.008804764828494864), 0.95, False, False, False, True, 0.0, 0.0, np.float64(0.04533870370206968), np.float64(-1.560447248704208))
Waveform Generated. SNR: 19.60021819441045
The optimal source SNR is <= 20. The Fisher approximation may not be valid!
calculating Fisher matrix...
plunging! t_interp:  7889529.999999998 t_traj:  7889449.67707047
plunging! t_interp:  7889529.999999998 t_traj:  7888994.676784603
plunging! t_interp:  7889529.999999998 t_traj:  7889377.319164303
Finished derivatives
Calculated Fisher is *atleast* positive-definite.
Time taken to compute FM is 6.220712661743164 seconds
    CV from_0PA#1 it  64 lam=5.6e-09 ov=0.9998852 chi2=8.815e-02 rel=8.2e-08
Body is not plunging, Fisher should be stable.
waveform shape: (3, 788953)
Computing SNR for parameters: (np.float64(999602.0892631244), np.float64(9983.529911967458), np.float64(0.8985025659182044), np.float64(29.28025831372423), np.float64(0.10090365400912428), 1.0, 272.11852, np.float64(1.0471832310525802), np.float64(0.7853606982716594), 0.62831853, 0.52359878, np.float64(0.16292536576862654), 0.2, np.float64(-0.008805396856610775), 0.95, False, False, False, True, 0.0, 0.0, np.float64(0.04536411785892251), np.float64(-1.560426864419883))
Waveform Generated. SNR: 19.600207235681445
The optimal source SNR is <= 20. The Fisher approximation may not be valid!
calculating stable deltas...
plunging! t_interp:  7889529.999999997 t_traj:  7884306.461453229
plunging! t_interp:  7889529.999999997 t_traj:  7885860.9486019695
plunging! t_interp:  7889529.999999997 t_traj:  7887415.588990212
plunging! t_interp:  7889529.999999997 t_traj:  7888970.382621613
plunging! t_interp:  7889529.999999997 t_traj:  7888341.486376593
plunging! t_interp:  7889529.999999997 t_traj:  7888887.418844728
plunging! t_interp:  7889529.999999997 t_traj:  7889433.370149122
plunging! t_interp:  7889529.999999997 t_traj:  7888993.69402073
plunging! t_interp:  7889529.999999997 t_traj:  7888228.105995642
plunging! t_interp:  7889529.999999997 t_traj:  7887462.67111813
plunging! t_interp:  7889529.999999997 t_traj:  7889449.692250115
plunging! t_interp:  7889529.999999997 t_traj:  7878116.147052812
plunging! t_interp:  7889529.999999997 t_traj:  7881217.070884658
plunging! t_interp:  7889529.999999997 t_traj:  7884318.909059845
plunging! t_interp:  7889529.999999997 t_traj:  7887421.661879685
plunging! t_interp:  7889529.999999997 t_traj:  7886166.560515956
plunging! t_interp:  7889529.999999997 t_traj:  7887256.083587465
plunging! t_interp:  7889529.999999997 t_traj:  7888345.719432293
plunging! t_interp:  7889529.999999997 t_traj:  7889435.4680686835
plunging! t_interp:  7889529.999999997 t_traj:  7888994.67655743
plunging! t_interp:  7889529.999999997 t_traj:  7889377.31893114
plunging! t_interp:  7889529.999999997 t_traj:  7889475.970185413
plunging! t_interp:  7889529.999999997 t_traj:  7889126.245805712
Time taken to compute stable deltas is 65.56016612052917 seconds
calculating Fisher matrix...
plunging! t_interp:  7889529.999999997 t_traj:  7889449.692250115
plunging! t_interp:  7889529.999999997 t_traj:  7888994.67655743
plunging! t_interp:  7889529.999999997 t_traj:  7889377.31893114
Finished derivatives
Calculated Fisher is *atleast* positive-definite.
Time taken to compute FM is 5.592473983764648 seconds
    CV from_0PA#1 it  65 lam=6.8e+07 ov=0.9998852 chi2=8.815e-02 rel=1.3e-14
    NM  nfev=1666 ov 0.9998852 -> 0.9998852 (accepted=False)
Body is not plunging, Fisher should be stable.
waveform shape: (3, 788953)
Computing SNR for parameters: (np.float64(999602.0892631244), np.float64(9983.529911967458), np.float64(0.8985025659182044), np.float64(29.28025831372423), np.float64(0.10090365400912428), 1.0, 272.11852, np.float64(1.04718323105258), np.float64(0.7853606982716594), 0.62831853, 0.52359878, np.float64(0.16292536576862637), 0.2, np.float64(-0.00880539685661094), 0.95, False, False, False, True, 0.0, 0.0, np.float64(0.04536411785892251), np.float64(-1.5604268644198833))
Waveform Generated. SNR: 19.600207235681435
The optimal source SNR is <= 20. The Fisher approximation may not be valid!
calculating stable deltas...
plunging! t_interp:  7889529.999999997 t_traj:  7884306.461453229
plunging! t_interp:  7889529.999999997 t_traj:  7885860.9486019695
plunging! t_interp:  7889529.999999997 t_traj:  7887415.588990212
plunging! t_interp:  7889529.999999997 t_traj:  7888970.382621613
plunging! t_interp:  7889529.999999997 t_traj:  7888341.486376593
plunging! t_interp:  7889529.999999997 t_traj:  7888887.418844728
plunging! t_interp:  7889529.999999997 t_traj:  7889433.370149122
plunging! t_interp:  7889529.999999997 t_traj:  7888993.69402073
plunging! t_interp:  7889529.999999997 t_traj:  7888228.105995642
plunging! t_interp:  7889529.999999997 t_traj:  7887462.67111813
plunging! t_interp:  7889529.999999997 t_traj:  7889449.692250115
plunging! t_interp:  7889529.999999997 t_traj:  7878116.147052812
plunging! t_interp:  7889529.999999997 t_traj:  7881217.070884658
plunging! t_interp:  7889529.999999997 t_traj:  7884318.909059845
plunging! t_interp:  7889529.999999997 t_traj:  7887421.661879685
plunging! t_interp:  7889529.999999997 t_traj:  7886166.560515956
plunging! t_interp:  7889529.999999997 t_traj:  7887256.083587465
plunging! t_interp:  7889529.999999997 t_traj:  7888345.719432293
plunging! t_interp:  7889529.999999997 t_traj:  7889435.4680686835
plunging! t_interp:  7889529.999999997 t_traj:  7888994.67655743
plunging! t_interp:  7889529.999999997 t_traj:  7889377.31893114
plunging! t_interp:  7889529.999999997 t_traj:  7889475.970185413
plunging! t_interp:  7889529.999999997 t_traj:  7889126.245805712
Time taken to compute stable deltas is 65.933589220047 seconds
calculating Fisher matrix...
plunging! t_interp:  7889529.999999997 t_traj:  7888994.67655743
plunging! t_interp:  7889529.999999997 t_traj:  7889377.31893114
Finished derivatives
Calculated Fisher is *atleast* positive-definite.
Time taken to compute FM is 5.5764689445495605 seconds
    CV from_0PA#2 it   0 lam=9.5e+137 ov=0.9998852 chi2=8.815e-02 rel=0.0e+00

[pt4] --- start = from_NMdev (overlap 0.9998595) ---
Body is not plunging, Fisher should be stable.
waveform shape: (3, 788953)
Computing SNR for parameters: (np.float64(999752.6006), np.float64(9988.2954), np.float64(0.89872), np.float64(29.278201), np.float64(0.100793), 1.0, 272.11852, np.float64(1.046883), np.float64(0.786152), 0.62831853, 0.52359878, np.float64(0.187706), 0.2, np.float64(0.021135), 0.95, False, False, False, True, 0.0, 0.0, np.float64(0.001018), np.float64(-0.90527))
Waveform Generated. SNR: 19.61566454150619
The optimal source SNR is <= 20. The Fisher approximation may not be valid!
calculating stable deltas...
plunging! t_interp:  7889529.999999998 t_traj:  7884313.387981888
plunging! t_interp:  7889529.999999998 t_traj:  7885867.540580582
plunging! t_interp:  7889529.999999998 t_traj:  7887421.846358533
plunging! t_interp:  7889529.999999998 t_traj:  7888976.30530726
plunging! t_interp:  7889529.999999998 t_traj:  7888347.544440816
plunging! t_interp:  7889529.999999998 t_traj:  7888893.359365551
plunging! t_interp:  7889529.999999998 t_traj:  7889439.193173557
plunging! t_interp:  7889529.999999998 t_traj:  7888999.952481136
plunging! t_interp:  7889529.999999998 t_traj:  7888234.699649826
plunging! t_interp:  7889529.999999998 t_traj:  7887469.599851755
plunging! t_interp:  7889529.999999998 t_traj:  7889455.751102865
plunging! t_interp:  7889529.999999998 t_traj:  7878121.883786929
plunging! t_interp:  7889529.999999998 t_traj:  7881222.770404848
plunging! t_interp:  7889529.999999998 t_traj:  7884324.571438897
plunging! t_interp:  7889529.999999998 t_traj:  7887427.287091802
plunging! t_interp:  7889529.999999998 t_traj:  7886172.20074013
plunging! t_interp:  7889529.999999998 t_traj:  7887261.710741717
plunging! t_interp:  7889529.999999998 t_traj:  7888351.333518768
plunging! t_interp:  7889529.999999998 t_traj:  7889441.069085171
plunging! t_interp:  7889529.999999998 t_traj:  7889000.282862534
plunging! t_interp:  7889529.999999998 t_traj:  7889382.920648209
Time taken to compute stable deltas is 66.10153651237488 seconds
calculating Fisher matrix...
plunging! t_interp:  7889529.999999998 t_traj:  7889455.751102865
Finished derivatives
Calculated Fisher is *atleast* positive-definite.
Time taken to compute FM is 5.5650553703308105 seconds
    CV from_NMdev#1 it   0 lam=3.3e-03 ov=0.9998595 chi2=1.081e-01 rel=1.5e-01
Body is not plunging, Fisher should be stable.
waveform shape: (3, 788953)
Computing SNR for parameters: (np.float64(999752.6008085336), np.float64(9988.295384216888), np.float64(0.898720041533303), np.float64(29.278201004424602), np.float64(0.10079303403060907), 1.0, 272.11852, np.float64(1.0469837044043613), np.float64(0.7855417918684544), 0.62831853, 0.52359878, np.float64(0.18815876967973566), 0.2, np.float64(0.004370288017657448), 0.95, False, False, False, True, 0.0, 0.0, np.float64(0.0010178467923107678), np.float64(-0.9053858201944432))
Waveform Generated. SNR: 19.610377981060765
The optimal source SNR is <= 20. The Fisher approximation may not be valid!
calculating Fisher matrix...
plunging! t_interp:  7889529.999999999 t_traj:  7889455.851179899
Finished derivatives
Calculated Fisher is *atleast* positive-definite.
Time taken to compute FM is 6.199866533279419 seconds
    CV from_NMdev#1 it   1 lam=1.1e-03 ov=0.9998800 chi2=9.227e-02 rel=8.0e-04
Body is not plunging, Fisher should be stable.
waveform shape: (3, 788953)
Computing SNR for parameters: (np.float64(999752.5979522956), np.float64(9988.295428882408), np.float64(0.8987200829452657), np.float64(29.278200963399872), np.float64(0.10079309855073017), 1.0, 272.11852, np.float64(1.0470465555098962), np.float64(0.7852681132552233), 0.62831853, 0.52359878, np.float64(0.18877818612955186), 0.2, np.float64(0.0034745152195670382), 0.95, False, False, False, True, 0.0, 0.0, np.float64(0.0010182972803727496), np.float64(-0.9055354129971104))
Waveform Generated. SNR: 19.60813870086826
The optimal source SNR is <= 20. The Fisher approximation may not be valid!
calculating Fisher matrix...
plunging! t_interp:  7889529.999999997 t_traj:  7889455.781214634
Finished derivatives
Calculated Fisher is *atleast* positive-definite.
Time taken to compute FM is 6.247799396514893 seconds
    CV from_NMdev#1 it   2 lam=3.7e-04 ov=0.9998800 chi2=9.220e-02 rel=3.1e-04
Body is not plunging, Fisher should be stable.
waveform shape: (3, 788953)
Computing SNR for parameters: (np.float64(999752.5911673058), np.float64(9988.295516964496), np.float64(0.8987202555936171), np.float64(29.278200868035608), np.float64(0.10079333941900522), 1.0, 272.11852, np.float64(1.0470572601627448), np.float64(0.7852156720801706), 0.62831853, 0.52359878, np.float64(0.1894174385595459), 0.2, np.float64(0.003707811934908451), 0.95, False, False, False, True, 0.0, 0.0, np.float64(0.001019192945059862), np.float64(-0.9060360514110872))
Waveform Generated. SNR: 19.607712160282464
The optimal source SNR is <= 20. The Fisher approximation may not be valid!
calculating Fisher matrix...
plunging! t_interp:  7889529.999999997 t_traj:  7889455.773331677
Finished derivatives
Calculated Fisher is *atleast* positive-definite.
Time taken to compute FM is 6.232971668243408 seconds
    CV from_NMdev#1 it   3 lam=1.2e-04 ov=0.9998800 chi2=9.217e-02 rel=7.1e-04
Body is not plunging, Fisher should be stable.
waveform shape: (3, 788953)
Computing SNR for parameters: (np.float64(999752.5715107962), np.float64(9988.295716224928), np.float64(0.8987208366139444), np.float64(29.278200599879142), np.float64(0.10079396679582567), 1.0, 272.11852, np.float64(1.047059841644155), np.float64(0.7852131279712856), 0.62831853, 0.52359878, np.float64(0.19047433957369156), 0.2, np.float64(0.004226756342312836), 0.95, False, False, False, True, 0.0, 0.0, np.float64(0.0010212446280536106), np.float64(-0.9067086300786171))
Waveform Generated. SNR: 19.607705433843574
The optimal source SNR is <= 20. The Fisher approximation may not be valid!
calculating Fisher matrix...
plunging! t_interp:  7889529.999999999 t_traj:  7889455.802368627
Finished derivatives
Calculated Fisher is *atleast* positive-definite.
Time taken to compute FM is 6.170949459075928 seconds
    CV from_NMdev#1 it   4 lam=4.1e-05 ov=0.9998801 chi2=9.210e-02 rel=1.6e-03
Body is not plunging, Fisher should be stable.
waveform shape: (3, 788953)
Computing SNR for parameters: (np.float64(999752.5182599108), np.float64(9988.296151416687), np.float64(0.8987224587618343), np.float64(29.278199887013294), np.float64(0.10079546623929732), 1.0, 272.11852, np.float64(1.0470632064874366), np.float64(0.7852118881082186), 0.62831853, 0.52359878, np.float64(0.19242439895867347), 0.2, np.float64(0.00516938411359393), 0.95, False, False, False, True, 0.0, 0.0, np.float64(0.0010257831662240586), np.float64(-0.9075258824976014))
Waveform Generated. SNR: 19.60772073173797
The optimal source SNR is <= 20. The Fisher approximation may not be valid!
calculating stable deltas...
plunging! t_interp:  7889529.999999999 t_traj:  7884313.529851666
plunging! t_interp:  7889529.999999999 t_traj:  7885867.682514583
plunging! t_interp:  7889529.999999999 t_traj:  7887421.988354639
plunging! t_interp:  7889529.999999999 t_traj:  7888976.447364681
plunging! t_interp:  7889529.999999999 t_traj:  7888347.686473985
plunging! t_interp:  7889529.999999999 t_traj:  7888893.501411084
plunging! t_interp:  7889529.999999999 t_traj:  7889439.335242157
plunging! t_interp:  7889529.999999999 t_traj:  7889000.094500045
plunging! t_interp:  7889529.999999999 t_traj:  7888234.841622478
plunging! t_interp:  7889529.999999999 t_traj:  7887469.741780983
plunging! t_interp:  7889529.999999999 t_traj:  7889455.89314692
plunging! t_interp:  7889529.999999999 t_traj:  7878122.027086213
plunging! t_interp:  7889529.999999999 t_traj:  7881222.913404924
plunging! t_interp:  7889529.999999999 t_traj:  7884324.714147578
plunging! t_interp:  7889529.999999999 t_traj:  7887427.429467429
plunging! t_interp:  7889529.999999999 t_traj:  7886172.343268564
plunging! t_interp:  7889529.999999999 t_traj:  7887261.853166893
plunging! t_interp:  7889529.999999999 t_traj:  7888351.475845393
plunging! t_interp:  7889529.999999999 t_traj:  7889441.211299091
plunging! t_interp:  7889529.999999999 t_traj:  7889000.425116057
plunging! t_interp:  7889529.999999999 t_traj:  7889383.062856051
Time taken to compute stable deltas is 65.44765400886536 seconds
calculating Fisher matrix...
plunging! t_interp:  7889529.999999999 t_traj:  7889455.89314692
Finished derivatives
Calculated Fisher is *atleast* positive-definite.
Time taken to compute FM is 5.531392574310303 seconds
    CV from_NMdev#1 it   5 lam=1.4e-05 ov=0.9998803 chi2=9.195e-02 rel=2.7e-03
Body is not plunging, Fisher should be stable.
waveform shape: (3, 788953)
Computing SNR for parameters: (np.float64(999752.3976877028), np.float64(9988.296829206063), np.float64(0.8987258656598265), np.float64(29.27819830287455), np.float64(0.10079826283604651), 1.0, 272.11852, np.float64(1.0470690003153835), np.float64(0.7852076543771003), 0.62831853, 0.52359878, np.float64(0.19586599747092726), 0.2, np.float64(0.006716817146845893), 0.95, False, False, False, True, 0.0, 0.0, np.float64(0.0010330840409184458), np.float64(-0.9097579332039916))
Waveform Generated. SNR: 19.607717172478555
The optimal source SNR is <= 20. The Fisher approximation may not be valid!
calculating Fisher matrix...
plunging! t_interp:  7889529.999999998 t_traj:  7889456.087528542
Finished derivatives
Calculated Fisher is *atleast* positive-definite.
Time taken to compute FM is 6.165794134140015 seconds
    CV from_NMdev#1 it   6 lam=4.6e-06 ov=0.9998807 chi2=9.171e-02 rel=2.2e-03
Body is not plunging, Fisher should be stable.
waveform shape: (3, 788953)
Computing SNR for parameters: (np.float64(999752.1855723141), np.float64(9988.296648548476), np.float64(0.8987302417841098), np.float64(29.27819563915107), np.float64(0.10080100752426079), 1.0, 272.11852, np.float64(1.0470760724228054), np.float64(0.7852023419277704), 0.62831853, 0.52359878, np.float64(0.19931527595699827), 0.2, np.float64(0.007878946867935716), 0.95, False, False, False, True, 0.0, 0.0, np.float64(0.0010327462017271866), np.float64(-0.9167082525581812))
Waveform Generated. SNR: 19.607711678438548
The optimal source SNR is <= 20. The Fisher approximation may not be valid!
calculating Fisher matrix...
plunging! t_interp:  7889529.999999998 t_traj:  7889456.343982244
Finished derivatives
Calculated Fisher is *atleast* positive-definite.
Time taken to compute FM is 6.165229797363281 seconds
    CV from_NMdev#1 it   7 lam=1.5e-06 ov=0.9998809 chi2=9.151e-02 rel=1.3e-03
Body is not plunging, Fisher should be stable.
waveform shape: (3, 788953)
Computing SNR for parameters: (np.float64(999751.8276755833), np.float64(9988.292250371016), np.float64(0.8987321423092512), np.float64(29.27819150006141), np.float64(0.10080173705172148), 1.0, 272.11852, np.float64(1.0470799649017108), np.float64(0.785199384508855), 0.62831853, 0.52359878, np.float64(0.19975403863027627), 0.2, np.float64(0.0075573592726220435), 0.95, False, False, False, True, 0.0, 0.0, np.float64(0.0009929706473622874), np.float64(-0.9310259175147699))
Waveform Generated. SNR: 19.60769156734718
The optimal source SNR is <= 20. The Fisher approximation may not be valid!
calculating Fisher matrix...
plunging! t_interp:  7889529.999999998 t_traj:  7889456.493530689
Finished derivatives
Calculated Fisher is *atleast* positive-definite.
Time taken to compute FM is 6.2054688930511475 seconds
    CV from_NMdev#1 it   8 lam=5.1e-07 ov=0.9998811 chi2=9.138e-02 rel=2.3e-03
Body is not plunging, Fisher should be stable.
waveform shape: (3, 788953)
Computing SNR for parameters: (np.float64(999751.016021028), np.float64(9988.27687201526), np.float64(0.8987279732183325), np.float64(29.278182635811604), np.float64(0.10080291521205183), 1.0, 272.11852, np.float64(1.0470810395639554), np.float64(0.7851992182669175), 0.62831853, 0.52359878, np.float64(0.1977102237752692), 0.2, np.float64(0.008022787066406939), 0.95, False, False, False, True, 0.0, 0.0, np.float64(0.0008507913121756818), np.float64(-0.9546476781610946))
Waveform Generated. SNR: 19.607691838248588
The optimal source SNR is <= 20. The Fisher approximation may not be valid!
calculating Fisher matrix...
plunging! t_interp:  7889529.999999999 t_traj:  7889456.408081528
Finished derivatives
Calculated Fisher is *atleast* positive-definite.
Time taken to compute FM is 6.1381847858428955 seconds
    CV from_NMdev#1 it   9 lam=1.7e-07 ov=0.9998813 chi2=9.117e-02 rel=5.3e-03
Body is not plunging, Fisher should be stable.
waveform shape: (3, 788953)
Computing SNR for parameters: (np.float64(999748.9577517376), np.float64(9988.236075500203), np.float64(0.8987133202581566), np.float64(29.278161067901642), np.float64(0.10080823463244266), 1.0, 272.11852, np.float64(1.0470810809769464), np.float64(0.7852001474193369), 0.62831853, 0.52359878, np.float64(0.19355585784766324), 0.2, np.float64(0.011969177878503798), 0.95, False, False, False, True, 0.0, 0.0, np.float64(0.00047360969279817733), np.float64(-1.0035151559178648))
Waveform Generated. SNR: 19.607683412662595
The optimal source SNR is <= 20. The Fisher approximation may not be valid!
calculating stable deltas...
plunging! t_interp:  7889529.999999999 t_traj:  7884313.646864499
plunging! t_interp:  7889529.999999999 t_traj:  7885867.794424441
plunging! t_interp:  7889529.999999999 t_traj:  7887422.09520605
plunging! t_interp:  7889529.999999999 t_traj:  7888976.549060332
plunging! t_interp:  7889529.999999999 t_traj:  7888347.790238796
plunging! t_interp:  7889529.999999999 t_traj:  7888893.603386002
plunging! t_interp:  7889529.999999999 t_traj:  7889439.43542069
plunging! t_interp:  7889529.999999999 t_traj:  7889000.201329742
plunging! t_interp:  7889529.999999999 t_traj:  7888234.953568607
plunging! t_interp:  7889529.999999999 t_traj:  7887469.858836708
plunging! t_interp:  7889529.999999999 t_traj:  7889455.996933756
plunging! t_interp:  7889529.999999999 t_traj:  7878122.116700164
plunging! t_interp:  7889529.999999999 t_traj:  7881223.004773415
plunging! t_interp:  7889529.999999999 t_traj:  7884324.807254717
plunging! t_interp:  7889529.999999999 t_traj:  7887427.524360031
plunging! t_interp:  7889529.999999999 t_traj:  7886172.437412657
plunging! t_interp:  7889529.999999999 t_traj:  7887261.947923982
plunging! t_interp:  7889529.999999999 t_traj:  7888351.571214662
plunging! t_interp:  7889529.999999999 t_traj:  7889441.307277835
plunging! t_interp:  7889529.999999999 t_traj:  7889000.520894831
plunging! t_interp:  7889529.999999999 t_traj:  7889383.158819306
Time taken to compute stable deltas is 65.27790451049805 seconds
calculating Fisher matrix...
plunging! t_interp:  7889529.999999999 t_traj:  7889455.996933756
plunging! t_interp:  7889529.999999999 t_traj:  7889000.520894831
plunging! t_interp:  7889529.999999999 t_traj:  7889383.158819306
Finished derivatives
Calculated Fisher is *atleast* positive-definite.
Time taken to compute FM is 5.581394672393799 seconds
    CV from_NMdev#1 it  10 lam=5.6e-08 ov=0.9998820 chi2=9.069e-02 rel=8.4e-03
Body is not plunging, Fisher should be stable.
waveform shape: (3, 788953)
Computing SNR for parameters: (np.float64(999744.5734764792), np.float64(9988.152402930995), np.float64(0.8986826529087313), np.float64(29.27812026602845), np.float64(0.10081980076433283), 1.0, 272.11852, np.float64(1.047080880180062), np.float64(0.7852018368152321), 0.62831853, 0.52359878, np.float64(0.18550097999042883), 0.2, np.float64(0.020607347957461004), 0.95, False, False, False, True, 0.0, 0.0, np.float64(-0.0002919225598724022), np.float64(-1.1011321760178336))
Waveform Generated. SNR: 19.607639551851264
The optimal source SNR is <= 20. The Fisher approximation may not be valid!
calculating Fisher matrix...
plunging! t_interp:  7889529.999999999 t_traj:  7889455.11220197
plunging! t_interp:  7889529.999999999 t_traj:  7888999.631127413
plunging! t_interp:  7889529.999999999 t_traj:  7889382.270205627
Finished derivatives
Calculated Fisher is *atleast* positive-definite.
Time taken to compute FM is 6.200438499450684 seconds
    CV from_NMdev#1 it  11 lam=2.0e-08 ov=0.9998830 chi2=8.992e-02 rel=6.2e-03
Body is not plunging, Fisher should be stable.
waveform shape: (3, 788953)
Computing SNR for parameters: (np.float64(999738.0737446744), np.float64(9988.047173410576), np.float64(0.8986435292534588), np.float64(29.27808605834581), np.float64(0.10083477971057622), 1.0, 272.11852, np.float64(1.0470806465106974), np.float64(0.7852028795697868), 0.62831853, 0.52359878, np.float64(0.17549744803580533), 0.2, np.float64(0.031084019685611454), 0.95, False, False, False, True, 0.0, 0.0, np.float64(-0.0012208225762544759), np.float64(-1.2246073376344722))
Waveform Generated. SNR: 19.60756544462584
The optimal source SNR is <= 20. The Fisher approximation may not be valid!
calculating Fisher matrix...
plunging! t_interp:  7889529.999999998 t_traj:  7889453.980795754
plunging! t_interp:  7889529.999999998 t_traj:  7888998.494569432
plunging! t_interp:  7889529.999999998 t_traj:  7889381.13483654
Finished derivatives
Calculated Fisher is *atleast* positive-definite.
Time taken to compute FM is 6.187587261199951 seconds
    CV from_NMdev#1 it  12 lam=6.6e-09 ov=0.9998837 chi2=8.937e-02 rel=2.3e-03
Body is not plunging, Fisher should be stable.
waveform shape: (3, 788953)
Computing SNR for parameters: (np.float64(999730.5060896918), np.float64(9987.978211004825), np.float64(0.8986181198703319), np.float64(29.278129687179227), np.float64(0.10084505059069263), 1.0, 272.11852, np.float64(1.047080607880575), np.float64(0.785202200657751), 0.62831853, 0.52359878, np.float64(0.16978199015062306), 0.2, np.float64(0.03570832451995555), 0.95, False, False, False, True, 0.0, 0.0, np.float64(-0.001587351410323919), np.float64(-1.3023483429161367))
Waveform Generated. SNR: 19.607456824900574
The optimal source SNR is <= 20. The Fisher approximation may not be valid!
calculating Fisher matrix...
plunging! t_interp:  7889529.999999998 t_traj:  7889453.24239396
plunging! t_interp:  7889529.999999998 t_traj:  7888997.758739386
plunging! t_interp:  7889529.999999998 t_traj:  7889380.398929382
Finished derivatives
Calculated Fisher is *atleast* positive-definite.
Time taken to compute FM is 6.204086065292358 seconds
    CV from_NMdev#1 it  13 lam=2.2e-09 ov=0.9998840 chi2=8.916e-02 rel=2.1e-03
Body is not plunging, Fisher should be stable.
waveform shape: (3, 788953)
Computing SNR for parameters: (np.float64(999716.7459827221), np.float64(9987.939031906071), np.float64(0.8986020238044325), np.float64(29.278333812089084), np.float64(0.10085267475600332), 1.0, 272.11852, np.float64(1.0470822098209618), np.float64(0.7852037768559957), 0.62831853, 0.52359878, np.float64(0.16798565161572293), 0.2, np.float64(0.032663423796544196), 0.95, False, False, False, True, 0.0, 0.0, np.float64(-0.0012466326309133093), np.float64(-1.346308441836866))
Waveform Generated. SNR: 19.607317472830207
The optimal source SNR is <= 20. The Fisher approximation may not be valid!
calculating Fisher matrix...
plunging! t_interp:  7889529.999999998 t_traj:  7889452.783509842
plunging! t_interp:  7889529.999999998 t_traj:  7888997.315946979
plunging! t_interp:  7889529.999999998 t_traj:  7889379.9538074
Finished derivatives
Calculated Fisher is *atleast* positive-definite.
Time taken to compute FM is 6.2201988697052 seconds
    CV from_NMdev#1 it  14 lam=7.3e-10 ov=0.9998842 chi2=8.897e-02 rel=3.7e-03
Body is not plunging, Fisher should be stable.
waveform shape: (3, 788953)
Computing SNR for parameters: (np.float64(999687.2460242023), np.float64(9987.862071430172), np.float64(0.8985766631521444), np.float64(29.278809424356854), np.float64(0.1008655931101209), 1.0, 272.11852, np.float64(1.0470881988419813), np.float64(0.7852123024024642), 0.62831853, 0.52359878, np.float64(0.16662965347126604), 0.2, np.float64(0.022607285314072578), 0.95, False, False, False, True, 0.0, 0.0, np.float64(-1.9069925892851135e-05), np.float64(-1.4112915553249377))
Waveform Generated. SNR: 19.60701822088473
The optimal source SNR is <= 20. The Fisher approximation may not be valid!
calculating stable deltas...
plunging! t_interp:  7889529.999999999 t_traj:  7884309.787189732
plunging! t_interp:  7889529.999999999 t_traj:  7885863.925355591
plunging! t_interp:  7889529.999999999 t_traj:  7887418.216740729
plunging! t_interp:  7889529.999999999 t_traj:  7888972.6612967905
plunging! t_interp:  7889529.999999999 t_traj:  7888343.906251874
plunging! t_interp:  7889529.999999999 t_traj:  7888889.716152171
plunging! t_interp:  7889529.999999999 t_traj:  7889435.544869369
plunging! t_interp:  7889529.999999999 t_traj:  7888996.322134572
plunging! t_interp:  7889529.999999999 t_traj:  7888231.0833261525
plunging! t_interp:  7889529.999999999 t_traj:  7887465.997562617
plunging! t_interp:  7889529.999999999 t_traj:  7889452.112393043
plunging! t_interp:  7889529.999999999 t_traj:  7878118.131148323
plunging! t_interp:  7889529.999999999 t_traj:  7881219.041307543
plunging! t_interp:  7889529.999999999 t_traj:  7884320.8658946715
plunging! t_interp:  7889529.999999999 t_traj:  7887423.605062803
plunging! t_interp:  7889529.999999999 t_traj:  7886168.509220032
plunging! t_interp:  7889529.999999999 t_traj:  7887258.027496091
plunging! t_interp:  7889529.999999999 t_traj:  7888347.658547703
plunging! t_interp:  7889529.999999999 t_traj:  7889437.402392164
plunging! t_interp:  7889529.999999999 t_traj:  7888996.612817371
plunging! t_interp:  7889529.999999999 t_traj:  7889379.253506835
Time taken to compute stable deltas is 65.56284952163696 seconds
calculating Fisher matrix...
Finished derivatives
Calculated Fisher is *atleast* positive-definite.
Time taken to compute FM is 5.524073839187622 seconds
    CV from_NMdev#1 it  15 lam=3.3e-10 ov=0.9998846 chi2=8.865e-02 rel=3.6e-03
Body is not plunging, Fisher should be stable.
waveform shape: (3, 788953)
Computing SNR for parameters: (np.float64(999643.3394938911), np.float64(9987.536625463763), np.float64(0.8985396314190026), np.float64(29.279524760512412), np.float64(0.10088448257352409), 1.0, 272.11852, np.float64(1.0471052478274352), np.float64(0.7852382200270233), 0.62831853, 0.52359878, np.float64(0.16481302593247302), 0.2, np.float64(0.00720334941173798), 0.95, False, False, False, True, 0.0, 0.0, np.float64(0.00400520354672392), np.float64(-1.503747121845738))
Waveform Generated. SNR: 19.606425392591472
The optimal source SNR is <= 20. The Fisher approximation may not be valid!
calculating Fisher matrix...
Finished derivatives
Calculated Fisher is *atleast* positive-definite.
Time taken to compute FM is 6.146650314331055 seconds
    CV from_NMdev#1 it  16 lam=1.7e-09 ov=0.9998850 chi2=8.833e-02 rel=6.2e-04
Body is not plunging, Fisher should be stable.
waveform shape: (3, 788953)
Computing SNR for parameters: (np.float64(999633.5848842328), np.float64(9987.464842898058), np.float64(0.8985318403827235), np.float64(29.279684254194073), np.float64(0.10088858667370962), 1.0, 272.11852, np.float64(1.047102388686824), np.float64(0.7852349750533294), 0.62831853, 0.52359878, np.float64(0.16438007009708444), 0.2, np.float64(0.003619697829253351), 0.95, False, False, False, True, 0.0, 0.0, np.float64(0.004905101166348012), np.float64(-1.5235720504138888))
Waveform Generated. SNR: 19.606132378047672
The optimal source SNR is <= 20. The Fisher approximation may not be valid!
calculating Fisher matrix...
Finished derivatives
Calculated Fisher is *atleast* positive-definite.
Time taken to compute FM is 6.190226316452026 seconds
    CV from_NMdev#1 it  17 lam=9.0e-10 ov=0.9998851 chi2=8.828e-02 rel=5.0e-04
Body is not plunging, Fisher should be stable.
waveform shape: (3, 788953)
Computing SNR for parameters: (np.float64(999622.9424448834), np.float64(9987.341716931187), np.float64(0.898522908865362), np.float64(29.279858199936374), np.float64(0.10089318056128212), 1.0, 272.11852, np.float64(1.0471073139338918), np.float64(0.7852424490919966), 0.62831853, 0.52359878, np.float64(0.1639412474836614), 0.2, np.float64(-0.00013330927431725193), 0.95, False, False, False, True, 0.0, 0.0, np.float64(0.006327927775410291), np.float64(-1.5457441169994446))
Waveform Generated. SNR: 19.605913592954693
The optimal source SNR is <= 20. The Fisher approximation may not be valid!
calculating Fisher matrix...
Finished derivatives
Calculated Fisher is *atleast* positive-definite.
Time taken to compute FM is 6.1545329093933105 seconds
    CV from_NMdev#1 it  18 lam=3.0e-10 ov=0.9998851 chi2=8.823e-02 rel=2.6e-04
Body is not plunging, Fisher should be stable.
waveform shape: (3, 788953)
Computing SNR for parameters: (np.float64(999611.9860407185), np.float64(9987.371886293893), np.float64(0.8985132503249147), np.float64(29.280033081140335), np.float64(0.10089804320211042), 1.0, 272.11852, np.float64(1.0471045601408038), np.float64(0.7852386461457808), 0.62831853, 0.52359878, np.float64(0.16335416745630055), 0.2, np.float64(-0.0037563149473870522), 0.95, False, False, False, True, 0.0, 0.0, np.float64(0.006174512930716631), np.float64(-1.5706854622375415))
Waveform Generated. SNR: 19.605809082736624
The optimal source SNR is <= 20. The Fisher approximation may not be valid!
calculating Fisher matrix...
Finished derivatives
Calculated Fisher is *atleast* positive-definite.
Time taken to compute FM is 6.150789022445679 seconds
    CV from_NMdev#1 it  19 lam=3.0e-09 ov=0.9998852 chi2=8.821e-02 rel=4.4e-05
Body is not plunging, Fisher should be stable.
waveform shape: (3, 788953)
Computing SNR for parameters: (np.float64(999608.924731655), np.float64(9987.221633809593), np.float64(0.8985115473390263), np.float64(29.28008939604976), np.float64(0.10089901180815461), 1.0, 272.11852, np.float64(1.0471118030197135), np.float64(0.7852497497081212), 0.62831853, 0.52359878, np.float64(0.16346166706495138), 0.2, np.float64(-0.005278527279509532), 0.95, False, False, False, True, 0.0, 0.0, np.float64(0.007812790101746885), np.float64(-1.57280134194776))
Waveform Generated. SNR: 19.60568648797393
The optimal source SNR is <= 20. The Fisher approximation may not be valid!
calculating stable deltas...
plunging! t_interp:  7889529.999999998 t_traj:  7884307.82365101
plunging! t_interp:  7889529.999999998 t_traj:  7885862.018682388
plunging! t_interp:  7889529.999999998 t_traj:  7887416.36689295
plunging! t_interp:  7889529.999999998 t_traj:  7888970.868282204
plunging! t_interp:  7889529.999999998 t_traj:  7888342.090248346
plunging! t_interp:  7889529.999999998 t_traj:  7888887.920116019
plunging! t_interp:  7889529.999999998 t_traj:  7889433.768786772
plunging! t_interp:  7889529.999999998 t_traj:  7888994.471934205
plunging! t_interp:  7889529.999999998 t_traj:  7888229.176127604
plunging! t_interp:  7889529.999999998 t_traj:  7887464.033371546
plunging! t_interp:  7889529.999999998 t_traj:  7889450.296149383
plunging! t_interp:  7889529.999999998 t_traj:  7878116.347070979
plunging! t_interp:  7889529.999999998 t_traj:  7881217.269206061
plunging! t_interp:  7889529.999999998 t_traj:  7884319.105745168
plunging! t_interp:  7889529.999999998 t_traj:  7887421.856919597
plunging! t_interp:  7889529.999999998 t_traj:  7886166.756221803
plunging! t_interp:  7889529.999999998 t_traj:  7887256.278704813
plunging! t_interp:  7889529.999999998 t_traj:  7888345.913968502
plunging! t_interp:  7889529.999999998 t_traj:  7889435.662020682
plunging! t_interp:  7889529.999999998 t_traj:  7888994.870747314
plunging! t_interp:  7889529.999999998 t_traj:  7889377.512914547
Time taken to compute stable deltas is 65.55773973464966 seconds
calculating Fisher matrix...
plunging! t_interp:  7889529.999999998 t_traj:  7889450.296149383
Finished derivatives
Calculated Fisher is *atleast* positive-definite.
Time taken to compute FM is 5.539332866668701 seconds
    CV from_NMdev#1 it  20 lam=2.0e-09 ov=0.9998852 chi2=8.820e-02 rel=8.7e-05
Body is not plunging, Fisher should be stable.
waveform shape: (3, 788953)
Computing SNR for parameters: (np.float64(999606.7844598555), np.float64(9987.166565306656), np.float64(0.8985092920220871), np.float64(29.280122624611987), np.float64(0.10090014876457123), 1.0, 272.11852, np.float64(1.0471112533880216), np.float64(0.7852489500549278), 0.62831853, 0.52359878, np.float64(0.1632508267536579), 0.2, np.float64(-0.005860941668714036), 0.95, False, False, False, True, 0.0, 0.0, np.float64(0.008373947867598092), np.float64(-1.5787639012549182))
Waveform Generated. SNR: 19.605544218708417
The optimal source SNR is <= 20. The Fisher approximation may not be valid!
calculating Fisher matrix...
plunging! t_interp:  7889529.999999998 t_traj:  7889450.224997646
Finished derivatives
Calculated Fisher is *atleast* positive-definite.
Time taken to compute FM is 6.185347318649292 seconds
    CV from_NMdev#1 it  21 lam=1.9e-09 ov=0.9998852 chi2=8.820e-02 rel=4.2e-05
Body is not plunging, Fisher should be stable.
waveform shape: (3, 788953)
Computing SNR for parameters: (np.float64(999604.5149592044), np.float64(9987.08701678177), np.float64(0.8985073151452122), np.float64(29.28016053718373), np.float64(0.10090116190363399), 1.0, 272.11852, np.float64(1.0471136088439488), np.float64(0.7852525891378924), 0.62831853, 0.52359878, np.float64(0.1631484585745041), 0.2, np.float64(-0.006668515757492465), 0.95, False, False, False, True, 0.0, 0.0, np.float64(0.00921684562931429), np.float64(-1.58309244054262))
Waveform Generated. SNR: 19.605435716227717
The optimal source SNR is <= 20. The Fisher approximation may not be valid!
calculating Fisher matrix...
plunging! t_interp:  7889529.999999998 t_traj:  7889450.155870041
Finished derivatives
Calculated Fisher is *atleast* positive-definite.
Time taken to compute FM is 6.2567079067230225 seconds
    CV from_NMdev#1 it  22 lam=1.9e-09 ov=0.9998852 chi2=8.819e-02 rel=3.1e-05
Body is not plunging, Fisher should be stable.
waveform shape: (3, 788953)
Computing SNR for parameters: (np.float64(999602.8166154787), np.float64(9987.009162498409), np.float64(0.8985058292086024), np.float64(29.28018922170023), np.float64(0.10090192447237603), 1.0, 272.11852, np.float64(1.047115289392275), np.float64(0.7852552652354109), 0.62831853, 0.52359878, np.float64(0.16307010836958796), 0.2, np.float64(-0.00728694316326926), 0.95, False, False, False, True, 0.0, 0.0, np.float64(0.010033742240760377), np.float64(-1.5861816981059875))
Waveform Generated. SNR: 19.605311239483562
The optimal source SNR is <= 20. The Fisher approximation may not be valid!
calculating Fisher matrix...
plunging! t_interp:  7889529.999999999 t_traj:  7889450.099889766
Finished derivatives
Calculated Fisher is *atleast* positive-definite.
Time taken to compute FM is 6.195081949234009 seconds
    CV from_NMdev#1 it  23 lam=1.8e-09 ov=0.9998852 chi2=8.819e-02 rel=2.9e-05
Body is not plunging, Fisher should be stable.
waveform shape: (3, 788953)
Computing SNR for parameters: (np.float64(999601.5959495098), np.float64(9986.93093151209), np.float64(0.8985047569531364), np.float64(29.28021026804937), np.float64(0.10090247600716185), 1.0, 272.11852, np.float64(1.0471170172085478), np.float64(0.7852579486977482), 0.62831853, 0.52359878, np.float64(0.16301689317688722), 0.2, np.float64(-0.00774441681565584), 0.95, False, False, False, True, 0.0, 0.0, np.float64(0.010847763875513807), np.float64(-1.5881823728365716))
Waveform Generated. SNR: 19.605185366826653
The optimal source SNR is <= 20. The Fisher approximation may not be valid!
calculating Fisher matrix...
plunging! t_interp:  7889529.999999998 t_traj:  7889450.054718869
Finished derivatives
Calculated Fisher is *atleast* positive-definite.
Time taken to compute FM is 6.197632312774658 seconds
    CV from_NMdev#1 it  24 lam=1.8e-09 ov=0.9998852 chi2=8.819e-02 rel=2.2e-05
Body is not plunging, Fisher should be stable.
waveform shape: (3, 788953)
Computing SNR for parameters: (np.float64(999600.7206036081), np.float64(9986.85115778745), np.float64(0.8985039743740927), np.float64(29.2802257699109), np.float64(0.10090287737832435), 1.0, 272.11852, np.float64(1.0471186392745715), np.float64(0.7852605617437267), 0.62831853, 0.52359878, np.float64(0.1629787101935809), 0.2, np.float64(-0.008083666553653718), 0.95, False, False, False, True, 0.0, 0.0, np.float64(0.011671961146329745), np.float64(-1.589421851367002))
Waveform Generated. SNR: 19.60504594134029
The optimal source SNR is <= 20. The Fisher approximation may not be valid!
calculating stable deltas...
plunging! t_interp:  7889529.999999998 t_traj:  7884307.507663797
plunging! t_interp:  7889529.999999998 t_traj:  7885861.732315261
plunging! t_interp:  7889529.999999998 t_traj:  7887416.110149126
plunging! t_interp:  7889529.999999998 t_traj:  7888970.641174799
plunging! t_interp:  7889529.999999998 t_traj:  7888341.851189449
plunging! t_interp:  7889529.999999998 t_traj:  7888887.691388964
plunging! t_interp:  7889529.999999998 t_traj:  7889433.550502436
plunging! t_interp:  7889529.999999998 t_traj:  7888994.215157732
plunging! t_interp:  7889529.999999998 t_traj:  7888228.889704379
plunging! t_interp:  7889529.999999998 t_traj:  7887463.71730195
plunging! t_interp:  7889529.999999998 t_traj:  7889450.057029025
plunging! t_interp:  7889529.999999998 t_traj:  7878116.144087239
plunging! t_interp:  7889529.999999998 t_traj:  7881217.067596451
plunging! t_interp:  7889529.999999998 t_traj:  7884318.905534044
plunging! t_interp:  7889529.999999998 t_traj:  7887421.658072949
plunging! t_interp:  7889529.999999998 t_traj:  7886166.556818941
plunging! t_interp:  7889529.999999998 t_traj:  7887256.079785263
plunging! t_interp:  7889529.999999998 t_traj:  7888345.715520621
plunging! t_interp:  7889529.999999998 t_traj:  7889435.464064112
plunging! t_interp:  7889529.999999998 t_traj:  7888994.672626057
plunging! t_interp:  7889529.999999998 t_traj:  7889377.314933917
Time taken to compute stable deltas is 65.70135879516602 seconds
calculating Fisher matrix...
plunging! t_interp:  7889529.999999998 t_traj:  7889450.057029025
plunging! t_interp:  7889529.999999998 t_traj:  7888994.672626057
plunging! t_interp:  7889529.999999998 t_traj:  7889377.314933917
Finished derivatives
Calculated Fisher is *atleast* positive-definite.
Time taken to compute FM is 5.589706897735596 seconds
    CV from_NMdev#1 it  25 lam=1.8e-09 ov=0.9998852 chi2=8.819e-02 rel=1.9e-05
Body is not plunging, Fisher should be stable.
waveform shape: (3, 788953)
Computing SNR for parameters: (np.float64(999600.1200898774), np.float64(9986.77303642224), np.float64(0.8985034250979596), np.float64(29.28023679968606), np.float64(0.10090316066365146), 1.0, 272.11852, np.float64(1.0471203242712077), np.float64(0.7852631053799776), 0.62831853, 0.52359878, np.float64(0.16295100632069634), 0.2, np.float64(-0.008327729016879552), 0.95, False, False, False, True, 0.0, 0.0, np.float64(0.012474910984097209), np.float64(-1.5900837928386131))
Waveform Generated. SNR: 19.60492575029347
The optimal source SNR is <= 20. The Fisher approximation may not be valid!
calculating Fisher matrix...
plunging! t_interp:  7889529.999999998 t_traj:  7889450.026231838
plunging! t_interp:  7889529.999999998 t_traj:  7888994.659487267
plunging! t_interp:  7889529.999999998 t_traj:  7889377.301697941
Finished derivatives
Calculated Fisher is *atleast* positive-definite.
Time taken to compute FM is 6.237890720367432 seconds
    CV from_NMdev#1 it  26 lam=1.8e-09 ov=0.9998852 chi2=8.818e-02 rel=1.9e-05
Body is not plunging, Fisher should be stable.
waveform shape: (3, 788953)
Computing SNR for parameters: (np.float64(999599.7288203291), np.float64(9986.696852364974), np.float64(0.8985030828160179), np.float64(29.280244521753815), np.float64(0.10090332883907531), 1.0, 272.11852, np.float64(1.0471218787800785), np.float64(0.7852654904675679), 0.62831853, 0.52359878, np.float64(0.16292684972840787), 0.2, np.float64(-0.008521954384949003), 0.95, False, False, False, True, 0.0, 0.0, np.float64(0.013256406551312244), np.float64(-1.5902693333574087))
Waveform Generated. SNR: 19.60481012690293
The optimal source SNR is <= 20. The Fisher approximation may not be valid!
calculating Fisher matrix...
plunging! t_interp:  7889529.999999998 t_traj:  7889450.001490024
plunging! t_interp:  7889529.999999998 t_traj:  7888994.651849432
plunging! t_interp:  7889529.999999998 t_traj:  7889377.293962565
Finished derivatives
Calculated Fisher is *atleast* positive-definite.
Time taken to compute FM is 6.199927568435669 seconds
    CV from_NMdev#1 it  27 lam=1.9e-09 ov=0.9998852 chi2=8.818e-02 rel=1.3e-05
Body is not plunging, Fisher should be stable.
waveform shape: (3, 788953)
Computing SNR for parameters: (np.float64(999599.4598237665), np.float64(9986.621860987636), np.float64(0.8985027786431807), np.float64(29.28025002499173), np.float64(0.100903488059441), 1.0, 272.11852, np.float64(1.0471233724204496), np.float64(0.7852678091574601), 0.62831853, 0.52359878, np.float64(0.1629126887833858), 0.2, np.float64(-0.008629336616011715), 0.95, False, False, False, True, 0.0, 0.0, np.float64(0.014020425524483387), np.float64(-1.5903046466842223))
Waveform Generated. SNR: 19.60470381543104
The optimal source SNR is <= 20. The Fisher approximation may not be valid!
calculating Fisher matrix...
plunging! t_interp:  7889529.999999998 t_traj:  7889449.977733827
plunging! t_interp:  7889529.999999998 t_traj:  7888994.644772044
plunging! t_interp:  7889529.999999998 t_traj:  7889377.286822144
Finished derivatives
Calculated Fisher is *atleast* positive-definite.
Time taken to compute FM is 6.2101733684539795 seconds
    CV from_NMdev#1 it  28 lam=1.8e-09 ov=0.9998852 chi2=8.818e-02 rel=2.1e-05
Body is not plunging, Fisher should be stable.
waveform shape: (3, 788953)
Computing SNR for parameters: (np.float64(999599.381394807), np.float64(9986.549071074283), np.float64(0.8985027419547572), np.float64(29.28025277596331), np.float64(0.10090348565811363), 1.0, 272.11852, np.float64(1.047124520930815), np.float64(0.7852698573982069), 0.62831853, 0.52359878, np.float64(0.16289222362642822), 0.2, np.float64(-0.008748066806838938), 0.95, False, False, False, True, 0.0, 0.0, np.float64(0.01476454242767359), np.float64(-1.5897948290181367))
Waveform Generated. SNR: 19.604590418446836
The optimal source SNR is <= 20. The Fisher approximation may not be valid!
calculating Fisher matrix...
plunging! t_interp:  7889529.999999997 t_traj:  7889449.961999179
plunging! t_interp:  7889529.999999997 t_traj:  7888994.645189617
plunging! t_interp:  7889529.999999997 t_traj:  7889377.287164474
Finished derivatives
Calculated Fisher is *atleast* positive-definite.
Time taken to compute FM is 6.206529378890991 seconds
    CV from_NMdev#1 it  29 lam=1.8e-09 ov=0.9998852 chi2=8.818e-02 rel=1.5e-05
Body is not plunging, Fisher should be stable.
waveform shape: (3, 788953)
Computing SNR for parameters: (np.float64(999599.2109284593), np.float64(9986.477077320757), np.float64(0.8985024226230681), np.float64(29.280256306207846), np.float64(0.1009036838417022), 1.0, 272.11852, np.float64(1.0471260599112082), np.float64(0.7852721464019031), 0.62831853, 0.52359878, np.float64(0.16290441598413893), 0.2, np.float64(-0.008740036506746854), 0.95, False, False, False, True, 0.0, 0.0, np.float64(0.015491544264664278), np.float64(-1.5897512198564516))
Waveform Generated. SNR: 19.604505904579558
The optimal source SNR is <= 20. The Fisher approximation may not be valid!
calculating stable deltas...
plunging! t_interp:  7889529.999999998 t_traj:  7884307.35185059
plunging! t_interp:  7889529.999999998 t_traj:  7885861.606179193
plunging! t_interp:  7889529.999999998 t_traj:  7887416.013712738
plunging! t_interp:  7889529.999999998 t_traj:  7888970.574432503
plunging! t_interp:  7889529.999999998 t_traj:  7888341.772401135
plunging! t_interp:  7889529.999999998 t_traj:  7888887.623056337
plunging! t_interp:  7889529.999999998 t_traj:  7889433.4926014235
plunging! t_interp:  7889529.999999998 t_traj:  7888994.118707922
plunging! t_interp:  7889529.999999998 t_traj:  7888228.763560893
plunging! t_interp:  7889529.999999998 t_traj:  7887463.561471137
plunging! t_interp:  7889529.999999998 t_traj:  7889449.978264226
plunging! t_interp:  7889529.999999998 t_traj:  7878116.105886865
plunging! t_interp:  7889529.999999998 t_traj:  7881217.029692929
plunging! t_interp:  7889529.999999998 t_traj:  7884318.86791599
plunging! t_interp:  7889529.999999998 t_traj:  7887421.620736824
plunging! t_interp:  7889529.999999998 t_traj:  7886166.519370543
plunging! t_interp:  7889529.999999998 t_traj:  7887256.0424432475
plunging! t_interp:  7889529.999999998 t_traj:  7888345.67827781
plunging! t_interp:  7889529.999999998 t_traj:  7889435.42692386
plunging! t_interp:  7889529.999999998 t_traj:  7888994.635412338
plunging! t_interp:  7889529.999999998 t_traj:  7889377.27779006
Time taken to compute stable deltas is 65.36036205291748 seconds
calculating Fisher matrix...
Finished derivatives
Calculated Fisher is *atleast* positive-definite.
Time taken to compute FM is 5.4880547523498535 seconds
    CV from_NMdev#1 it  30 lam=1.8e-09 ov=0.9998852 chi2=8.818e-02 rel=1.3e-05
Body is not plunging, Fisher should be stable.
waveform shape: (3, 788953)
Computing SNR for parameters: (np.float64(999599.1381912718), np.float64(9986.405754419144), np.float64(0.8985023227267929), np.float64(29.28025871319036), np.float64(0.10090373310092064), 1.0, 272.11852, np.float64(1.0471275893115959), np.float64(0.785274355674954), 0.62831853, 0.52359878, np.float64(0.1628978316027155), 0.2, np.float64(-0.008801721138469651), 0.95, False, False, False, True, 0.0, 0.0, np.float64(0.01621724852393039), np.float64(-1.5893214384416905))
Waveform Generated. SNR: 19.604407672923635
The optimal source SNR is <= 20. The Fisher approximation may not be valid!
calculating Fisher matrix...
Finished derivatives
Calculated Fisher is *atleast* positive-definite.
Time taken to compute FM is 6.147645711898804 seconds
    CV from_NMdev#1 it  31 lam=1.8e-09 ov=0.9998852 chi2=8.818e-02 rel=1.4e-05
Body is not plunging, Fisher should be stable.
waveform shape: (3, 788953)
Computing SNR for parameters: (np.float64(999599.1036843293), np.float64(9986.33628286631), np.float64(0.8985022393619938), np.float64(29.280260409080146), np.float64(0.10090377633826031), 1.0, 272.11852, np.float64(1.0471289977005653), np.float64(0.7852764391047665), 0.62831853, 0.52359878, np.float64(0.16289323703523126), 0.2, np.float64(-0.008838549029291367), 0.95, False, False, False, True, 0.0, 0.0, np.float64(0.016922621735523613), np.float64(-1.5888567252599015))
Waveform Generated. SNR: 19.60431059065248
The optimal source SNR is <= 20. The Fisher approximation may not be valid!
calculating Fisher matrix...
Finished derivatives
Calculated Fisher is *atleast* positive-definite.
Time taken to compute FM is 6.144134998321533 seconds
    CV from_NMdev#1 it  32 lam=1.9e-09 ov=0.9998852 chi2=8.818e-02 rel=9.4e-06
Body is not plunging, Fisher should be stable.
waveform shape: (3, 788953)
Computing SNR for parameters: (np.float64(999599.0891715734), np.float64(9986.268141202985), np.float64(0.8985021748281555), np.float64(29.28026176559891), np.float64(0.10090381086537396), 1.0, 272.11852, np.float64(1.047130329314628), np.float64(0.7852784715499591), 0.62831853, 0.52359878, np.float64(0.16289073399668091), 0.2, np.float64(-0.008867892657136915), 0.95, False, False, False, True, 0.0, 0.0, np.float64(0.017614276884538003), np.float64(-1.5883525877890017))
Waveform Generated. SNR: 19.60421781032013
The optimal source SNR is <= 20. The Fisher approximation may not be valid!
calculating Fisher matrix...
Finished derivatives
Calculated Fisher is *atleast* positive-definite.
Time taken to compute FM is 6.154937028884888 seconds
    CV from_NMdev#1 it  33 lam=1.9e-09 ov=0.9998852 chi2=8.818e-02 rel=1.6e-05
Body is not plunging, Fisher should be stable.
waveform shape: (3, 788953)
Computing SNR for parameters: (np.float64(999599.1060100029), np.float64(9986.203609151962), np.float64(0.8985021374310989), np.float64(29.28026254931645), np.float64(0.10090383014358975), 1.0, 272.11852, np.float64(1.047131330551091), np.float64(0.7852802300385172), 0.62831853, 0.52359878, np.float64(0.16288857832807146), 0.2, np.float64(-0.008885515891610175), 0.95, False, False, False, True, 0.0, 0.0, np.float64(0.018268708010792847), np.float64(-1.5878166185462121))
Waveform Generated. SNR: 19.604111338162117
The optimal source SNR is <= 20. The Fisher approximation may not be valid!
calculating Fisher matrix...
Finished derivatives
Calculated Fisher is *atleast* positive-definite.
Time taken to compute FM is 6.105130910873413 seconds
    CV from_NMdev#1 it  34 lam=1.8e-09 ov=0.9998852 chi2=8.817e-02 rel=1.6e-05
Body is not plunging, Fisher should be stable.
waveform shape: (3, 788953)
Computing SNR for parameters: (np.float64(999599.1418697928), np.float64(9986.13933552543), np.float64(0.8985021201634373), np.float64(29.280263036251377), np.float64(0.10090384061871639), 1.0, 272.11852, np.float64(1.0471328324016675), np.float64(0.7852824641061444), 0.62831853, 0.52359878, np.float64(0.16288842850614996), 0.2, np.float64(-0.008896222071908242), 0.95, False, False, False, True, 0.0, 0.0, np.float64(0.01892044749621405), np.float64(-1.587228656186364))
Waveform Generated. SNR: 19.604007885851214
The optimal source SNR is <= 20. The Fisher approximation may not be valid!
calculating stable deltas...
plunging! t_interp:  7889529.999999998 t_traj:  7884307.241140376
plunging! t_interp:  7889529.999999998 t_traj:  7885861.522174213
plunging! t_interp:  7889529.999999998 t_traj:  7887415.956438546
plunging! t_interp:  7889529.999999998 t_traj:  7888970.543890978
plunging! t_interp:  7889529.999999998 t_traj:  7888341.731043479
plunging! t_interp:  7889529.999999998 t_traj:  7888887.591087953
plunging! t_interp:  7889529.999999998 t_traj:  7889433.470019453
plunging! t_interp:  7889529.999999998 t_traj:  7888994.061432365
plunging! t_interp:  7889529.999999998 t_traj:  7888228.679563821
plunging! t_interp:  7889529.999999998 t_traj:  7887463.450762535
plunging! t_interp:  7889529.999999998 t_traj:  7889449.936908685
plunging! t_interp:  7889529.999999998 t_traj:  7878116.101852094
plunging! t_interp:  7889529.999999998 t_traj:  7881217.025701729
plunging! t_interp:  7889529.999999998 t_traj:  7884318.863979826
plunging! t_interp:  7889529.999999998 t_traj:  7887421.616865328
plunging! t_interp:  7889529.999999998 t_traj:  7886166.51547404
plunging! t_interp:  7889529.999999998 t_traj:  7887256.038564161
plunging! t_interp:  7889529.999999998 t_traj:  7888345.674429725
plunging! t_interp:  7889529.999999998 t_traj:  7889435.423088597
plunging! t_interp:  7889529.999999998 t_traj:  7888994.631567937
plunging! t_interp:  7889529.999999998 t_traj:  7889377.273955323
Time taken to compute stable deltas is 65.54548978805542 seconds
calculating Fisher matrix...
plunging! t_interp:  7889529.999999998 t_traj:  7889449.936908685
plunging! t_interp:  7889529.999999998 t_traj:  7888994.631567937
plunging! t_interp:  7889529.999999998 t_traj:  7889377.273955323
Finished derivatives
Calculated Fisher is *atleast* positive-definite.
Time taken to compute FM is 5.5998101234436035 seconds
    CV from_NMdev#1 it  35 lam=1.8e-09 ov=0.9998852 chi2=8.817e-02 rel=1.3e-05
Body is not plunging, Fisher should be stable.
waveform shape: (3, 788953)
Computing SNR for parameters: (np.float64(999599.190040154), np.float64(9986.074330017063), np.float64(0.8985021115194555), np.float64(29.280263332730026), np.float64(0.10090384656941076), 1.0, 272.11852, np.float64(1.0471340558628788), np.float64(0.7852844588261007), 0.62831853, 0.52359878, np.float64(0.16288886523335722), 0.2, np.float64(-0.008903508351436643), 0.95, False, False, False, True, 0.0, 0.0, np.float64(0.019579374995908207), np.float64(-1.5866102374113906))
Waveform Generated. SNR: 19.603907785256133
The optimal source SNR is <= 20. The Fisher approximation may not be valid!
calculating Fisher matrix...
plunging! t_interp:  7889529.999999998 t_traj:  7889449.9233261645
plunging! t_interp:  7889529.999999998 t_traj:  7888994.632217013
plunging! t_interp:  7889529.999999998 t_traj:  7889377.274591295
Finished derivatives
Calculated Fisher is *atleast* positive-definite.
Time taken to compute FM is 6.22187614440918 seconds
    CV from_NMdev#1 it  36 lam=1.8e-09 ov=0.9998852 chi2=8.817e-02 rel=1.2e-05
Body is not plunging, Fisher should be stable.
waveform shape: (3, 788953)
Computing SNR for parameters: (np.float64(999599.2454471373), np.float64(9986.010563119356), np.float64(0.8985021079187157), np.float64(29.280263481849108), np.float64(0.10090384910757674), 1.0, 272.11852, np.float64(1.0471352811956605), np.float64(0.7852863803890628), 0.62831853, 0.52359878, np.float64(0.16288856843979213), 0.2, np.float64(-0.008907126882833693), 0.95, False, False, False, True, 0.0, 0.0, np.float64(0.02022548680686525), np.float64(-1.585995893081651))
Waveform Generated. SNR: 19.603814112967545
The optimal source SNR is <= 20. The Fisher approximation may not be valid!
calculating Fisher matrix...
plunging! t_interp:  7889529.999999998 t_traj:  7889449.910081215
plunging! t_interp:  7889529.999999998 t_traj:  7888994.632924443
plunging! t_interp:  7889529.999999998 t_traj:  7889377.275306037
Finished derivatives
Calculated Fisher is *atleast* positive-definite.
Time taken to compute FM is 6.275709629058838 seconds
    CV from_NMdev#1 it  37 lam=1.8e-09 ov=0.9998852 chi2=8.817e-02 rel=1.1e-05
Body is not plunging, Fisher should be stable.
waveform shape: (3, 788953)
Computing SNR for parameters: (np.float64(999599.3034783285), np.float64(9985.948336709744), np.float64(0.8985021071476696), np.float64(29.280263560945997), np.float64(0.10090385005763836), 1.0, 272.11852, np.float64(1.0471364501047344), np.float64(0.7852882227754169), 0.62831853, 0.52359878, np.float64(0.16288819003385563), 0.2, np.float64(-0.008909175954803865), 0.95, False, False, False, True, 0.0, 0.0, np.float64(0.020855905181042602), np.float64(-1.585389568575551))
Waveform Generated. SNR: 19.603720336377076
The optimal source SNR is <= 20. The Fisher approximation may not be valid!
calculating Fisher matrix...
plunging! t_interp:  7889529.999999998 t_traj:  7889449.8972232565
plunging! t_interp:  7889529.999999998 t_traj:  7888994.633674479
plunging! t_interp:  7889529.999999998 t_traj:  7889377.276050336
Finished derivatives
Calculated Fisher is *atleast* positive-definite.
Time taken to compute FM is 6.300529718399048 seconds
    CV from_NMdev#1 it  38 lam=1.8e-09 ov=0.9998852 chi2=8.817e-02 rel=8.0e-06
Body is not plunging, Fisher should be stable.
waveform shape: (3, 788953)
Computing SNR for parameters: (np.float64(999599.359889384), np.float64(9985.887569902028), np.float64(0.898502106367476), np.float64(29.280263645761345), np.float64(0.10090385196772175), 1.0, 272.11852, np.float64(1.0471376756302055), np.float64(0.7852900622743937), 0.62831853, 0.52359878, np.float64(0.1628889573659161), 0.2, np.float64(-0.00891027010265121), 0.95, False, False, False, True, 0.0, 0.0, np.float64(0.021471601599042756), np.float64(-1.584792106904562))
Waveform Generated. SNR: 19.603627874444125
The optimal source SNR is <= 20. The Fisher approximation may not be valid!
calculating Fisher matrix...
plunging! t_interp:  7889529.999999998 t_traj:  7889449.884675539
plunging! t_interp:  7889529.999999998 t_traj:  7888994.634424291
plunging! t_interp:  7889529.999999998 t_traj:  7889377.276801984
Finished derivatives
Calculated Fisher is *atleast* positive-definite.
Time taken to compute FM is 6.296012878417969 seconds
    CV from_NMdev#1 it  39 lam=1.8e-09 ov=0.9998852 chi2=8.817e-02 rel=1.3e-05
Body is not plunging, Fisher should be stable.
waveform shape: (3, 788953)
Computing SNR for parameters: (np.float64(999599.4184166951), np.float64(9985.829083173865), np.float64(0.8985021098544502), np.float64(29.28026366040566), np.float64(0.10090385087122256), 1.0, 272.11852, np.float64(1.047138891674236), np.float64(0.7852918433910935), 0.62831853, 0.52359878, np.float64(0.162889167704218), 0.2, np.float64(-0.008910604047418136), 0.95, False, False, False, True, 0.0, 0.0, np.float64(0.022064163924040914), np.float64(-1.5842097464248974))
Waveform Generated. SNR: 19.603543944431223
The optimal source SNR is <= 20. The Fisher approximation may not be valid!
calculating stable deltas...
plunging! t_interp:  7889529.999999998 t_traj:  7884307.146732982
plunging! t_interp:  7889529.999999998 t_traj:  7885861.452287527
plunging! t_interp:  7889529.999999998 t_traj:  7887415.911054072
plunging! t_interp:  7889529.999999998 t_traj:  7888970.523020655
plunging! t_interp:  7889529.999999998 t_traj:  7888341.700262758
plunging! t_interp:  7889529.999999998 t_traj:  7888887.568916708
plunging! t_interp:  7889529.999999998 t_traj:  7889433.456449979
plunging! t_interp:  7889529.999999998 t_traj:  7888994.016050454
plunging! t_interp:  7889529.999999998 t_traj:  7888228.609671061
plunging! t_interp:  7889529.999999998 t_traj:  7887463.3563563265
plunging! t_interp:  7889529.999999998 t_traj:  7889449.906157863
plunging! t_interp:  7889529.999999998 t_traj:  7878116.105488397
plunging! t_interp:  7889529.999999998 t_traj:  7881217.029332608
plunging! t_interp:  7889529.999999998 t_traj:  7884318.867635495
plunging! t_interp:  7889529.999999998 t_traj:  7887421.620516662
plunging! t_interp:  7889529.999999998 t_traj:  7886166.519124386
plunging! t_interp:  7889529.999999998 t_traj:  7887256.0422185445
plunging! t_interp:  7889529.999999998 t_traj:  7888345.678082694
plunging! t_interp:  7889529.999999998 t_traj:  7889435.426743629
plunging! t_interp:  7889529.999999998 t_traj:  7888994.635225247
plunging! t_interp:  7889529.999999998 t_traj:  7889377.277610274
Time taken to compute stable deltas is 65.62327313423157 seconds
calculating Fisher matrix...
plunging! t_interp:  7889529.999999998 t_traj:  7889449.906157863
Finished derivatives
Calculated Fisher is *atleast* positive-definite.
Time taken to compute FM is 5.597931385040283 seconds
    CV from_NMdev#1 it  40 lam=1.9e-09 ov=0.9998852 chi2=8.817e-02 rel=5.8e-06
Body is not plunging, Fisher should be stable.
waveform shape: (3, 788953)
Computing SNR for parameters: (np.float64(999599.4934004729), np.float64(9985.770475460798), np.float64(0.8985021429211465), np.float64(29.280263484951075), np.float64(0.10090384029122068), 1.0, 272.11852, np.float64(1.0471412199196122), np.float64(0.78529329907804), 0.62831853, 0.52359878, np.float64(0.16289884856854264), 0.2, np.float64(-0.008909560236799443), 0.95, False, False, False, True, 0.0, 0.0, np.float64(0.022658789626082653), np.float64(-1.5835226383868564))
Waveform Generated. SNR: 19.60347222453625
The optimal source SNR is <= 20. The Fisher approximation may not be valid!
calculating Fisher matrix...
plunging! t_interp:  7889529.999999998 t_traj:  7889449.895071131
Finished derivatives
Calculated Fisher is *atleast* positive-definite.
Time taken to compute FM is 6.174133062362671 seconds
    CV from_NMdev#1 it  41 lam=1.9e-09 ov=0.9998852 chi2=8.817e-02 rel=1.0e-05
Body is not plunging, Fisher should be stable.
waveform shape: (3, 788953)
Computing SNR for parameters: (np.float64(999599.6669876756), np.float64(9985.716691703972), np.float64(0.898502351380693), np.float64(29.280261896358994), np.float64(0.10090369860804484), 1.0, 272.11852, np.float64(1.0471404389094703), np.float64(0.7852950629993474), 0.62831853, 0.52359878, np.float64(0.16287628510122357), 0.2, np.float64(-0.008956131901301373), 0.95, False, False, False, True, 0.0, 0.0, np.float64(0.02320688303525058), np.float64(-1.5826364135694764))
Waveform Generated. SNR: 19.60337725343586
The optimal source SNR is <= 20. The Fisher approximation may not be valid!
calculating Fisher matrix...
plunging! t_interp:  7889529.999999998 t_traj:  7889449.889853563
Finished derivatives
Calculated Fisher is *atleast* positive-definite.
Time taken to compute FM is 6.20616888999939 seconds
    CV from_NMdev#1 it  42 lam=1.9e-09 ov=0.9998852 chi2=8.817e-02 rel=8.7e-06
Body is not plunging, Fisher should be stable.
waveform shape: (3, 788953)
Computing SNR for parameters: (np.float64(999599.6703491556), np.float64(9985.66392829952), np.float64(0.898502185916055), np.float64(29.28026228209305), np.float64(0.10090381700733135), 1.0, 272.11852, np.float64(1.0471400113862688), np.float64(0.7852971234613898), 0.62831853, 0.52359878, np.float64(0.16289491026741784), 0.2, np.float64(-0.008877124317525971), 0.95, False, False, False, True, 0.0, 0.0, np.float64(0.02373580914457446), np.float64(-1.5823779772052928))
Waveform Generated. SNR: 19.603312822971198
The optimal source SNR is <= 20. The Fisher approximation may not be valid!
calculating Fisher matrix...
plunging! t_interp:  7889529.999999998 t_traj:  7889449.873828007
Finished derivatives
Calculated Fisher is *atleast* positive-definite.
Time taken to compute FM is 6.1921844482421875 seconds
    CV from_NMdev#1 it  43 lam=2.6e-09 ov=0.9998852 chi2=8.817e-02 rel=2.3e-06
Body is not plunging, Fisher should be stable.
waveform shape: (3, 788953)
Computing SNR for parameters: (np.float64(999599.7703602604), np.float64(9985.611861571815), np.float64(0.8985022967629588), np.float64(29.28026174841964), np.float64(0.1009037413154647), 1.0, 272.11852, np.float64(1.0471394656619166), np.float64(0.7852989789627662), 0.62831853, 0.52359878, np.float64(0.1628833585240051), 0.2, np.float64(-0.008913909676318554), 0.95, False, False, False, True, 0.0, 0.0, np.float64(0.02426604866687223), np.float64(-1.5816738110230821))
Waveform Generated. SNR: 19.603235016364888
The optimal source SNR is <= 20. The Fisher approximation may not be valid!
calculating Fisher matrix...
plunging! t_interp:  7889529.999999998 t_traj:  7889449.866224166
Finished derivatives
Calculated Fisher is *atleast* positive-definite.
Time taken to compute FM is 6.193180322647095 seconds
    CV from_NMdev#1 it  44 lam=8.8e-10 ov=0.9998852 chi2=8.816e-02 rel=1.1e-05
Body is not plunging, Fisher should be stable.
waveform shape: (3, 788953)
Computing SNR for parameters: (np.float64(999599.7881476692), np.float64(9985.575176355278), np.float64(0.898502232740672), np.float64(29.280261901272358), np.float64(0.10090378762663336), 1.0, 272.11852, np.float64(1.0471395951589515), np.float64(0.7852995592076134), 0.62831853, 0.52359878, np.float64(0.16289202897270078), 0.2, np.float64(-0.008881728335299712), 0.95, False, False, False, True, 0.0, 0.0, np.float64(0.024635590220121493), np.float64(-1.581403765221651))
Waveform Generated. SNR: 19.603164667708075
The optimal source SNR is <= 20. The Fisher approximation may not be valid!
calculating stable deltas...
plunging! t_interp:  7889529.999999998 t_traj:  7884307.072078263
plunging! t_interp:  7889529.999999998 t_traj:  7885861.3977275025
plunging! t_interp:  7889529.999999998 t_traj:  7887415.87651497
plunging! t_interp:  7889529.999999998 t_traj:  7888970.508542593
plunging! t_interp:  7889529.999999998 t_traj:  7888341.67766134
plunging! t_interp:  7889529.999999998 t_traj:  7888887.553363211
plunging! t_interp:  7889529.999999998 t_traj:  7889433.447936394
plunging! t_interp:  7889529.999999998 t_traj:  7888993.981510519
plunging! t_interp:  7889529.999999998 t_traj:  7888228.555071804
plunging! t_interp:  7889529.999999998 t_traj:  7887463.281743161
plunging! t_interp:  7889529.999999998 t_traj:  7889449.883530304
plunging! t_interp:  7889529.999999998 t_traj:  7878116.111155809
plunging! t_interp:  7889529.999999998 t_traj:  7881217.034992113
plunging! t_interp:  7889529.999999998 t_traj:  7884318.873246768
plunging! t_interp:  7889529.999999998 t_traj:  7887421.626119749
plunging! t_interp:  7889529.999999998 t_traj:  7886166.52477497
plunging! t_interp:  7889529.999999998 t_traj:  7887256.047820241
plunging! t_interp:  7889529.999999998 t_traj:  7888345.683681748
plunging! t_interp:  7889529.999999998 t_traj:  7889435.432328067
plunging! t_interp:  7889529.999999998 t_traj:  7888994.64081479
plunging! t_interp:  7889529.999999998 t_traj:  7889377.283193603
Time taken to compute stable deltas is 65.34503769874573 seconds
calculating Fisher matrix...
Finished derivatives
Calculated Fisher is *atleast* positive-definite.
Time taken to compute FM is 5.491266965866089 seconds
    CV from_NMdev#1 it  45 lam=8.9e-10 ov=0.9998852 chi2=8.816e-02 rel=1.3e-05
Body is not plunging, Fisher should be stable.
waveform shape: (3, 788953)
Computing SNR for parameters: (np.float64(999599.8641685959), np.float64(9985.472017511895), np.float64(0.8985022110732263), np.float64(29.280262348639926), np.float64(0.10090380494103458), 1.0, 272.11852, np.float64(1.047146782007009), np.float64(0.7853041520971251), 0.62831853, 0.52359878, np.float64(0.1628960039161194), 0.2, np.float64(-0.008884917741113033), 0.95, False, False, False, True, 0.0, 0.0, np.float64(0.025681046030152834), np.float64(-1.5804408121383573))
Waveform Generated. SNR: 19.603083980387908
The optimal source SNR is <= 20. The Fisher approximation may not be valid!
calculating Fisher matrix...
Finished derivatives
Calculated Fisher is *atleast* positive-definite.
Time taken to compute FM is 6.111922025680542 seconds
    CV from_NMdev#1 it  46 lam=8.9e-10 ov=0.9998852 chi2=8.816e-02 rel=1.6e-05
Body is not plunging, Fisher should be stable.
waveform shape: (3, 788953)
Computing SNR for parameters: (np.float64(999599.971265443), np.float64(9985.373360104195), np.float64(0.898502225474002), np.float64(29.280262245926266), np.float64(0.10090380006643698), 1.0, 272.11852, np.float64(1.0471486250838598), np.float64(0.7853070275705553), 0.62831853, 0.52359878, np.float64(0.16289851531984662), 0.2, np.float64(-0.008883891410686929), 0.95, False, False, False, True, 0.0, 0.0, np.float64(0.026680755696990938), np.float64(-1.5794306081098508))
Waveform Generated. SNR: 19.602917461842058
The optimal source SNR is <= 20. The Fisher approximation may not be valid!
calculating Fisher matrix...
Finished derivatives
Calculated Fisher is *atleast* positive-definite.
Time taken to compute FM is 6.14313530921936 seconds
    CV from_NMdev#1 it  47 lam=9.0e-10 ov=0.9998852 chi2=8.816e-02 rel=1.1e-05
Body is not plunging, Fisher should be stable.
waveform shape: (3, 788953)
Computing SNR for parameters: (np.float64(999600.0734062722), np.float64(9985.279242999597), np.float64(0.8985022335961905), np.float64(29.28026212607622), np.float64(0.10090379757647266), 1.0, 272.11852, np.float64(1.0471504042646411), np.float64(0.7853097768314004), 0.62831853, 0.52359878, np.float64(0.16289936774686845), 0.2, np.float64(-0.008879714076926778), 0.95, False, False, False, True, 0.0, 0.0, np.float64(0.0276341582135476), np.float64(-1.5784829860985619))
Waveform Generated. SNR: 19.60277310444688
The optimal source SNR is <= 20. The Fisher approximation may not be valid!
calculating Fisher matrix...
Finished derivatives
Calculated Fisher is *atleast* positive-definite.
Time taken to compute FM is 6.166203737258911 seconds
    CV from_NMdev#1 it  48 lam=8.9e-10 ov=0.9998852 chi2=8.816e-02 rel=1.5e-05
Body is not plunging, Fisher should be stable.
waveform shape: (3, 788953)
Computing SNR for parameters: (np.float64(999600.1665932011), np.float64(9985.190561349269), np.float64(0.8985022445595315), np.float64(29.280262084168253), np.float64(0.10090379292786432), 1.0, 272.11852, np.float64(1.0471521329896736), np.float64(0.7853123822027421), 0.62831853, 0.52359878, np.float64(0.1629000762978956), 0.2, np.float64(-0.00887997852733365), 0.95, False, False, False, True, 0.0, 0.0, np.float64(0.028532909806170473), np.float64(-1.5775849203900065))
Waveform Generated. SNR: 19.60264413399837
The optimal source SNR is <= 20. The Fisher approximation may not be valid!
calculating Fisher matrix...
Finished derivatives
Calculated Fisher is *atleast* positive-definite.
Time taken to compute FM is 6.144963026046753 seconds
    CV from_NMdev#1 it  49 lam=8.9e-10 ov=0.9998852 chi2=8.816e-02 rel=1.1e-05
Body is not plunging, Fisher should be stable.
waveform shape: (3, 788953)
Computing SNR for parameters: (np.float64(999600.2663811416), np.float64(9985.105132362081), np.float64(0.8985022673734302), np.float64(29.28026189378479), np.float64(0.10090378102365131), 1.0, 272.11852, np.float64(1.0471536597864386), np.float64(0.7853148342984243), 0.62831853, 0.52359878, np.float64(0.1629002957710405), 0.2, np.float64(-0.008880440836482213), 0.95, False, False, False, True, 0.0, 0.0, np.float64(0.029398746582309152), np.float64(-1.576694546102205))
Waveform Generated. SNR: 19.602514694639115
The optimal source SNR is <= 20. The Fisher approximation may not be valid!
calculating stable deltas...
plunging! t_interp:  7889529.999999998 t_traj:  7884306.932684671
plunging! t_interp:  7889529.999999998 t_traj:  7885861.2954221545
plunging! t_interp:  7889529.999999998 t_traj:  7887415.811379512
plunging! t_interp:  7889529.999999998 t_traj:  7888970.480552628
plunging! t_interp:  7889529.999999998 t_traj:  7888341.63465601
plunging! t_interp:  7889529.999999998 t_traj:  7888887.523391579
plunging! t_interp:  7889529.999999998 t_traj:  7889433.431021035
plunging! t_interp:  7889529.999999998 t_traj:  7888993.916383191
plunging! t_interp:  7889529.999999998 t_traj:  7888228.45281327
plunging! t_interp:  7889529.999999998 t_traj:  7887463.142318434
plunging! t_interp:  7889529.999999998 t_traj:  7889449.840527806
plunging! t_interp:  7889529.999999998 t_traj:  7878116.120332764
plunging! t_interp:  7889529.999999998 t_traj:  7881217.044163832
plunging! t_interp:  7889529.999999998 t_traj:  7884318.882424577
plunging! t_interp:  7889529.999999998 t_traj:  7887421.635288502
plunging! t_interp:  7889529.999999998 t_traj:  7886166.533903811
plunging! t_interp:  7889529.999999998 t_traj:  7887256.056991092
plunging! t_interp:  7889529.999999998 t_traj:  7888345.692850419
plunging! t_interp:  7889529.999999998 t_traj:  7889435.441500012
plunging! t_interp:  7889529.999999998 t_traj:  7888994.649985759
plunging! t_interp:  7889529.999999998 t_traj:  7889377.292365723
Time taken to compute stable deltas is 65.67376136779785 seconds
calculating Fisher matrix...
plunging! t_interp:  7889529.999999998 t_traj:  7888994.649985759
plunging! t_interp:  7889529.999999998 t_traj:  7889377.292365723
Finished derivatives
Calculated Fisher is *atleast* positive-definite.
Time taken to compute FM is 5.542456388473511 seconds
    CV from_NMdev#1 it  50 lam=8.9e-10 ov=0.9998852 chi2=8.816e-02 rel=1.0e-05
Body is not plunging, Fisher should be stable.
waveform shape: (3, 788953)
Computing SNR for parameters: (np.float64(999600.3739348889), np.float64(9985.02316747923), np.float64(0.898502301626066), np.float64(29.280261527486903), np.float64(0.10090376250082123), 1.0, 272.11852, np.float64(1.0471551738197016), np.float64(0.7853172246540058), 0.62831853, 0.52359878, np.float64(0.1629003813855647), 0.2, np.float64(-0.008878474081076839), 0.95, False, False, False, True, 0.0, 0.0, np.float64(0.030229422745261556), np.float64(-1.5758134850619518))
Waveform Generated. SNR: 19.602391242512216
The optimal source SNR is <= 20. The Fisher approximation may not be valid!
calculating Fisher matrix...
plunging! t_interp:  7889529.999999999 t_traj:  7888994.651870109
plunging! t_interp:  7889529.999999999 t_traj:  7889377.294256292
Finished derivatives
Calculated Fisher is *atleast* positive-definite.
Time taken to compute FM is 6.1884870529174805 seconds
    CV from_NMdev#1 it  51 lam=9.2e-10 ov=0.9998852 chi2=8.816e-02 rel=6.5e-06
Body is not plunging, Fisher should be stable.
waveform shape: (3, 788953)
Computing SNR for parameters: (np.float64(999600.4545958719), np.float64(9984.944293255861), np.float64(0.8985022964339144), np.float64(29.28026148192773), np.float64(0.10090376929100969), 1.0, 272.11852, np.float64(1.0471567517571305), np.float64(0.7853195556472989), 0.62831853, 0.52359878, np.float64(0.16290304724207924), 0.2, np.float64(-0.008869829125990936), 0.95, False, False, False, True, 0.0, 0.0, np.float64(0.031028224051975434), np.float64(-1.5750369555706827))
Waveform Generated. SNR: 19.602293396340375
The optimal source SNR is <= 20. The Fisher approximation may not be valid!
calculating Fisher matrix...
plunging! t_interp:  7889529.999999997 t_traj:  7888994.652581985
plunging! t_interp:  7889529.999999997 t_traj:  7889377.294966922
Finished derivatives
Calculated Fisher is *atleast* positive-definite.
Time taken to compute FM is 6.164469480514526 seconds
    CV from_NMdev#1 it  52 lam=1.4e-09 ov=0.9998852 chi2=8.816e-02 rel=1.5e-06
Body is not plunging, Fisher should be stable.
waveform shape: (3, 788953)
Computing SNR for parameters: (np.float64(999600.5232326118), np.float64(9984.871712791646), np.float64(0.8985022900857444), np.float64(29.280261542499794), np.float64(0.10090377623634154), 1.0, 272.11852, np.float64(1.0471581930131648), np.float64(0.7853216397989232), 0.62831853, 0.52359878, np.float64(0.16290546757385665), 0.2, np.float64(-0.008865360094721704), 0.95, False, False, False, True, 0.0, 0.0, np.float64(0.031763580940283864), np.float64(-1.5743261289280694))
Waveform Generated. SNR: 19.602207769784062
The optimal source SNR is <= 20. The Fisher approximation may not be valid!
calculating Fisher matrix...
plunging! t_interp:  7889529.999999998 t_traj:  7888994.653147314
plunging! t_interp:  7889529.999999998 t_traj:  7889377.295532941
Finished derivatives
Calculated Fisher is *atleast* positive-definite.
Time taken to compute FM is 6.163734197616577 seconds
    CV from_NMdev#1 it  53 lam=4.8e-10 ov=0.9998852 chi2=8.816e-02 rel=1.3e-05
Body is not plunging, Fisher should be stable.
waveform shape: (3, 788953)
Computing SNR for parameters: (np.float64(999600.5710517298), np.float64(9984.825384678841), np.float64(0.8985022946730734), np.float64(29.28026153295722), np.float64(0.1009037742104638), 1.0, 272.11852, np.float64(1.0471583082206715), np.float64(0.7853221069096981), 0.62831853, 0.52359878, np.float64(0.1629063758170756), 0.2, np.float64(-0.008866338712836278), 0.95, False, False, False, True, 0.0, 0.0, np.float64(0.03223316889267912), np.float64(-1.5738592719407745))
Waveform Generated. SNR: 19.60211701294357
The optimal source SNR is <= 20. The Fisher approximation may not be valid!
calculating Fisher matrix...
plunging! t_interp:  7889529.999999998 t_traj:  7888994.6529157795
plunging! t_interp:  7889529.999999998 t_traj:  7889377.295295574
Finished derivatives
Calculated Fisher is *atleast* positive-definite.
Time taken to compute FM is 6.157456159591675 seconds
    CV from_NMdev#1 it  54 lam=1.1e-09 ov=0.9998852 chi2=8.816e-02 rel=3.2e-06
Body is not plunging, Fisher should be stable.
waveform shape: (3, 788953)
Computing SNR for parameters: (np.float64(999600.6456178802), np.float64(9984.760115724526), np.float64(0.8985023116687451), np.float64(29.280261419509483), np.float64(0.10090376543430395), 1.0, 272.11852, np.float64(1.0471601753647055), np.float64(0.785324832954984), 0.62831853, 0.52359878, np.float64(0.16290603871334614), 0.2, np.float64(-0.008866713024686109), 0.95, False, False, False, True, 0.0, 0.0, np.float64(0.03289486371292244), np.float64(-1.5731794332513704))
Waveform Generated. SNR: 19.60203675268684
The optimal source SNR is <= 20. The Fisher approximation may not be valid!
calculating stable deltas...
plunging! t_interp:  7889529.999999998 t_traj:  7884306.828637697
plunging! t_interp:  7889529.999999998 t_traj:  7885861.21862252
plunging! t_interp:  7889529.999999998 t_traj:  7887415.761840077
plunging! t_interp:  7889529.999999998 t_traj:  7888970.4582689265
plunging! t_interp:  7889529.999999998 t_traj:  7888341.601339568
plunging! t_interp:  7889529.999999998 t_traj:  7888887.499691233
plunging! t_interp:  7889529.999999998 t_traj:  7889433.416840258
plunging! t_interp:  7889529.999999998 t_traj:  7888993.866834827
plunging! t_interp:  7889529.999999998 t_traj:  7888228.37601097
plunging! t_interp:  7889529.999999998 t_traj:  7887463.038309917
plunging! t_interp:  7889529.999999998 t_traj:  7889449.807208253
plunging! t_interp:  7889529.999999998 t_traj:  7878116.125330474
plunging! t_interp:  7889529.999999998 t_traj:  7881217.049159095
plunging! t_interp:  7889529.999999998 t_traj:  7884318.88741464
plunging! t_interp:  7889529.999999998 t_traj:  7887421.640271963
plunging! t_interp:  7889529.999999998 t_traj:  7886166.5388950175
plunging! t_interp:  7889529.999999998 t_traj:  7887256.061973123
plunging! t_interp:  7889529.999999998 t_traj:  7888345.697833485
plunging! t_interp:  7889529.999999998 t_traj:  7889435.446480005
plunging! t_interp:  7889529.999999998 t_traj:  7888994.654965606
plunging! t_interp:  7889529.999999998 t_traj:  7889377.297349153
plunging! t_interp:  7889529.999999998 t_traj:  7889510.493738782
Time taken to compute stable deltas is 65.45694303512573 seconds
calculating Fisher matrix...
Finished derivatives
Calculated Fisher is *atleast* positive-definite.
Time taken to compute FM is 5.519222259521484 seconds
    CV from_NMdev#1 it  55 lam=1.1e-09 ov=0.9998852 chi2=8.816e-02 rel=6.2e-06
Body is not plunging, Fisher should be stable.
waveform shape: (3, 788953)
Computing SNR for parameters: (np.float64(999600.7244757789), np.float64(9984.704483935606), np.float64(0.8985023394223984), np.float64(29.28026108415018), np.float64(0.10090375312703664), 1.0, 272.11852, np.float64(1.0471611290156748), np.float64(0.7853263106371546), 0.62831853, 0.52359878, np.float64(0.16290954789372972), 0.2, np.float64(-0.008860573866946227), 0.95, False, False, False, True, 0.0, 0.0, np.float64(0.03345874699409175), np.float64(-1.5725517288002429))
Waveform Generated. SNR: 19.601952841425586
The optimal source SNR is <= 20. The Fisher approximation may not be valid!
calculating Fisher matrix...
Finished derivatives
Calculated Fisher is *atleast* positive-definite.
Time taken to compute FM is 6.157567977905273 seconds
    CV from_NMdev#1 it  56 lam=9.0e-10 ov=0.9998852 chi2=8.815e-02 rel=8.3e-06
Body is not plunging, Fisher should be stable.
waveform shape: (3, 788953)
Computing SNR for parameters: (np.float64(999600.7666440724), np.float64(9984.650529254553), np.float64(0.8985023248783498), np.float64(29.28026125225385), np.float64(0.10090375932106413), 1.0, 272.11852, np.float64(1.0471621584711486), np.float64(0.7853279227508669), 0.62831853, 0.52359878, np.float64(0.16290610873931632), 0.2, np.float64(-0.008862956360850247), 0.95, False, False, False, True, 0.0, 0.0, np.float64(0.034005306685248614), np.float64(-1.5720713820884122))
Waveform Generated. SNR: 19.601875838859463
The optimal source SNR is <= 20. The Fisher approximation may not be valid!
calculating Fisher matrix...
Finished derivatives
Calculated Fisher is *atleast* positive-definite.
Time taken to compute FM is 6.157452583312988 seconds
    CV from_NMdev#1 it  57 lam=8.9e-10 ov=0.9998852 chi2=8.815e-02 rel=7.1e-06
Body is not plunging, Fisher should be stable.
waveform shape: (3, 788953)
Computing SNR for parameters: (np.float64(999600.9229892269), np.float64(9984.588073977367), np.float64(0.8985024557173342), np.float64(29.280259989431038), np.float64(0.10090370776286962), 1.0, 272.11852, np.float64(1.0471634797236609), np.float64(0.7853300442376859), 0.62831853, 0.52359878, np.float64(0.16293361870253076), 0.2, np.float64(-0.008842415283008144), 0.95, False, False, False, True, 0.0, 0.0, np.float64(0.03464033391544875), np.float64(-1.5710285153752146))
Waveform Generated. SNR: 19.601773558991432
The optimal source SNR is <= 20. The Fisher approximation may not be valid!
calculating Fisher matrix...
Finished derivatives
Calculated Fisher is *atleast* positive-definite.
Time taken to compute FM is 6.143930912017822 seconds
    CV from_NMdev#1 it  58 lam=9.1e-10 ov=0.9998852 chi2=8.815e-02 rel=3.8e-06
Body is not plunging, Fisher should be stable.
waveform shape: (3, 788953)
Computing SNR for parameters: (np.float64(999600.9588845222), np.float64(9984.52771741317), np.float64(0.8985024020007032), np.float64(29.280260220208902), np.float64(0.10090372540626452), 1.0, 272.11852, np.float64(1.0471645885211671), np.float64(0.7853318087696427), 0.62831853, 0.52359878, np.float64(0.16291558819330926), 0.2, np.float64(-0.008843093460176936), 0.95, False, False, False, True, 0.0, 0.0, np.float64(0.035249924274267666), np.float64(-1.5706436501702452))
Waveform Generated. SNR: 19.601676080331004
The optimal source SNR is <= 20. The Fisher approximation may not be valid!
calculating Fisher matrix...
Finished derivatives
Calculated Fisher is *atleast* positive-definite.
Time taken to compute FM is 6.098342418670654 seconds
    CV from_NMdev#1 it  59 lam=8.7e-10 ov=0.9998852 chi2=8.815e-02 rel=6.6e-06
Body is not plunging, Fisher should be stable.
waveform shape: (3, 788953)
Computing SNR for parameters: (np.float64(999601.0240569703), np.float64(9984.471285705138), np.float64(0.8985024150557877), np.float64(29.28026010649734), np.float64(0.10090371974246962), 1.0, 272.11852, np.float64(1.0471657131683987), np.float64(0.7853334779122914), 0.62831853, 0.52359878, np.float64(0.16291708272318814), 0.2, np.float64(-0.008841340124582306), 0.95, False, False, False, True, 0.0, 0.0, np.float64(0.035822017578517634), np.float64(-1.5700514072165475))
Waveform Generated. SNR: 19.60159358916296
The optimal source SNR is <= 20. The Fisher approximation may not be valid!
calculating stable deltas...
plunging! t_interp:  7889529.999999998 t_traj:  7884306.7436582595
plunging! t_interp:  7889529.999999998 t_traj:  7885861.15648731
plunging! t_interp:  7889529.999999998 t_traj:  7887415.722491319
plunging! t_interp:  7889529.999999998 t_traj:  7888970.441750311
plunging! t_interp:  7889529.999999998 t_traj:  7888341.575585569
plunging! t_interp:  7889529.999999998 t_traj:  7888887.481911463
plunging! t_interp:  7889529.999999998 t_traj:  7889433.407125747
plunging! t_interp:  7889529.999999998 t_traj:  7888993.827490617
plunging! t_interp:  7889529.999999998 t_traj:  7888228.313851768
plunging! t_interp:  7889529.999999998 t_traj:  7887462.953296562
plunging! t_interp:  7889529.999999998 t_traj:  7889449.781453666
plunging! t_interp:  7889529.999999998 t_traj:  7878116.131706315
plunging! t_interp:  7889529.999999998 t_traj:  7881217.05550068
plunging! t_interp:  7889529.999999998 t_traj:  7884318.89375979
plunging! t_interp:  7889529.999999998 t_traj:  7887421.646599784
plunging! t_interp:  7889529.999999998 t_traj:  7886166.545229358
plunging! t_interp:  7889529.999999998 t_traj:  7887256.068297516
plunging! t_interp:  7889529.999999998 t_traj:  7888345.704157217
plunging! t_interp:  7889529.999999998 t_traj:  7889435.452793745
plunging! t_interp:  7889529.999999998 t_traj:  7888994.661287328
plunging! t_interp:  7889529.999999998 t_traj:  7889377.303659091
plunging! t_interp:  7889529.999999998 t_traj:  7889420.272709638
Time taken to compute stable deltas is 65.61150050163269 seconds
calculating Fisher matrix...
plunging! t_interp:  7889529.999999998 t_traj:  7888994.661287328
plunging! t_interp:  7889529.999999998 t_traj:  7889377.303659091
Finished derivatives
Calculated Fisher is *atleast* positive-definite.
Time taken to compute FM is 5.579529285430908 seconds
    CV from_NMdev#1 it  60 lam=8.7e-10 ov=0.9998852 chi2=8.815e-02 rel=4.8e-06
Body is not plunging, Fisher should be stable.
waveform shape: (3, 788953)
Computing SNR for parameters: (np.float64(999601.0811687678), np.float64(9984.414994062903), np.float64(0.8985024158411254), np.float64(29.280260082478836), np.float64(0.10090371812402021), 1.0, 272.11852, np.float64(1.0471667966112366), np.float64(0.7853351692117231), 0.62831853, 0.52359878, np.float64(0.16291417858965504), 0.2, np.float64(-0.00884220002736467), 0.95, False, False, False, True, 0.0, 0.0, np.float64(0.03639229788111361), np.float64(-1.5695173225179562))
Waveform Generated. SNR: 19.601509975644024
The optimal source SNR is <= 20. The Fisher approximation may not be valid!
calculating Fisher matrix...
plunging! t_interp:  7889529.999999997 t_traj:  7888994.662069645
plunging! t_interp:  7889529.999999997 t_traj:  7889377.304450309
Finished derivatives
Calculated Fisher is *atleast* positive-definite.
Time taken to compute FM is 6.200139045715332 seconds
    CV from_NMdev#1 it  61 lam=8.7e-10 ov=0.9998852 chi2=8.815e-02 rel=4.3e-06
Body is not plunging, Fisher should be stable.
waveform shape: (3, 788953)
Computing SNR for parameters: (np.float64(999601.1217834877), np.float64(9984.361348967997), np.float64(0.8985023939769927), np.float64(29.280260254586818), np.float64(0.10090372914465356), 1.0, 272.11852, np.float64(1.0471677946897973), np.float64(0.7853367221796497), 0.62831853, 0.52359878, np.float64(0.16291151813632776), 0.2, np.float64(-0.008840842742150665), 0.95, False, False, False, True, 0.0, 0.0, np.float64(0.036935540683090885), np.float64(-1.5690452366126741))
Waveform Generated. SNR: 19.601429591297155
The optimal source SNR is <= 20. The Fisher approximation may not be valid!
calculating Fisher matrix...
plunging! t_interp:  7889529.999999997 t_traj:  7888994.662053443
plunging! t_interp:  7889529.999999997 t_traj:  7889377.304421866
Finished derivatives
Calculated Fisher is *atleast* positive-definite.
Time taken to compute FM is 6.201403617858887 seconds
    CV from_NMdev#1 it  62 lam=1.0e-09 ov=0.9998852 chi2=8.815e-02 rel=1.8e-06
Body is not plunging, Fisher should be stable.
waveform shape: (3, 788953)
Computing SNR for parameters: (np.float64(999601.165286534), np.float64(9984.310130101774), np.float64(0.8985023919120121), np.float64(29.280260401158667), np.float64(0.10090373239894), 1.0, 272.11852, np.float64(1.047168759083876), np.float64(0.785338212236853), 0.62831853, 0.52359878, np.float64(0.16291337069134057), 0.2, np.float64(-0.008843448543150157), 0.95, False, False, False, True, 0.0, 0.0, np.float64(0.03745503353821066), np.float64(-1.5685405003265303))
Waveform Generated. SNR: 19.601355695927214
The optimal source SNR is <= 20. The Fisher approximation may not be valid!
calculating Fisher matrix...
plunging! t_interp:  7889529.999999998 t_traj:  7888994.662593147
plunging! t_interp:  7889529.999999998 t_traj:  7889377.304970293
Finished derivatives
Calculated Fisher is *atleast* positive-definite.
Time taken to compute FM is 6.194355249404907 seconds
    CV from_NMdev#1 it  63 lam=2.7e-09 ov=0.9998852 chi2=8.815e-02 rel=2.7e-06
Body is not plunging, Fisher should be stable.
waveform shape: (3, 788953)
Computing SNR for parameters: (np.float64(999601.1709964339), np.float64(9984.304314422066), np.float64(0.8985023916471602), np.float64(29.28026039790699), np.float64(0.10090373014815131), 1.0, 272.11852, np.float64(1.0471678969731644), np.float64(0.7853369446396237), 0.62831853, 0.52359878, np.float64(0.16291150756527287), 0.2, np.float64(-0.008845924709685708), 0.95, False, False, False, True, 0.0, 0.0, np.float64(0.0375139106290621), np.float64(-1.5684922678863107))
Waveform Generated. SNR: 19.601321666322985
The optimal source SNR is <= 20. The Fisher approximation may not be valid!
calculating Fisher matrix...
plunging! t_interp:  7889529.999999998 t_traj:  7888994.661641298
plunging! t_interp:  7889529.999999998 t_traj:  7889377.304014288
Finished derivatives
Calculated Fisher is *atleast* positive-definite.
Time taken to compute FM is 6.199315786361694 seconds
    CV from_NMdev#1 it  64 lam=2.7e-09 ov=0.9998852 chi2=8.815e-02 rel=1.1e-06
Body is not plunging, Fisher should be stable.
waveform shape: (3, 788953)
Computing SNR for parameters: (np.float64(999601.1838320699), np.float64(9984.287318922303), np.float64(0.8985023876308345), np.float64(29.280260464594804), np.float64(0.10090373271849828), 1.0, 272.11852, np.float64(1.0471685345903117), np.float64(0.7853378652092255), 0.62831853, 0.52359878, np.float64(0.1629112845518876), 0.2, np.float64(-0.008845974527831693), 0.95, False, False, False, True, 0.0, 0.0, np.float64(0.03768619813914206), np.float64(-1.5683344644434603))
Waveform Generated. SNR: 19.601302235701638
The optimal source SNR is <= 20. The Fisher approximation may not be valid!
calculating stable deltas...
plunging! t_interp:  7889529.999999998 t_traj:  7884306.686217112
plunging! t_interp:  7889529.999999998 t_traj:  7885861.1135419505
plunging! t_interp:  7889529.999999998 t_traj:  7887415.694100186
plunging! t_interp:  7889529.999999998 t_traj:  7888970.427887445
plunging! t_interp:  7889529.999999998 t_traj:  7888341.555847854
plunging! t_interp:  7889529.999999998 t_traj:  7888887.46727663
plunging! t_interp:  7889529.999999998 t_traj:  7889433.3975928025
plunging! t_interp:  7889529.999999998 t_traj:  7888993.799100992
plunging! t_interp:  7889529.999999998 t_traj:  7888228.27092949
plunging! t_interp:  7889529.999999998 t_traj:  7887462.89585941
plunging! t_interp:  7889529.999999998 t_traj:  7889449.761715719
plunging! t_interp:  7889529.999999998 t_traj:  7878116.132355814
plunging! t_interp:  7889529.999999998 t_traj:  7881217.056172553
plunging! t_interp:  7889529.999999998 t_traj:  7884318.894451598
plunging! t_interp:  7889529.999999998 t_traj:  7887421.6472637765
plunging! t_interp:  7889529.999999998 t_traj:  7886166.545883925
plunging! t_interp:  7889529.999999998 t_traj:  7887256.0689675715
plunging! t_interp:  7889529.999999998 t_traj:  7888345.704855984
plunging! t_interp:  7889529.999999998 t_traj:  7889435.453460832
plunging! t_interp:  7889529.999999998 t_traj:  7888994.661949308
plunging! t_interp:  7889529.999999998 t_traj:  7889377.3043291895
plunging! t_interp:  7889529.999999998 t_traj:  7889362.817788786
Time taken to compute stable deltas is 65.10717463493347 seconds
calculating Fisher matrix...
Finished derivatives
Calculated Fisher is *atleast* positive-definite.
Time taken to compute FM is 5.47657036781311 seconds
    CV from_NMdev#1 it  65 lam=2.7e-09 ov=0.9998852 chi2=8.815e-02 rel=1.2e-06
Body is not plunging, Fisher should be stable.
waveform shape: (3, 788953)
Computing SNR for parameters: (np.float64(999601.2053461869), np.float64(9984.270706855685), np.float64(0.8985023988093275), np.float64(29.280260412253014), np.float64(0.1009037281298122), 1.0, 272.11852, np.float64(1.0471688894196476), np.float64(0.7853384198565605), 0.62831853, 0.52359878, np.float64(0.16291301021348092), 0.2, np.float64(-0.008846798421098223), 0.95, False, False, False, True, 0.0, 0.0, np.float64(0.03785487506151463), np.float64(-1.5681421916136002))
Waveform Generated. SNR: 19.601277518072806
The optimal source SNR is <= 20. The Fisher approximation may not be valid!
calculating Fisher matrix...
Finished derivatives
Calculated Fisher is *atleast* positive-definite.
Time taken to compute FM is 6.115689039230347 seconds
    CV from_NMdev#1 it  66 lam=2.7e-09 ov=0.9998852 chi2=8.815e-02 rel=1.3e-06
Body is not plunging, Fisher should be stable.
waveform shape: (3, 788953)
Computing SNR for parameters: (np.float64(999601.2275163411), np.float64(9984.254467515702), np.float64(0.8985024070420334), np.float64(29.28026032865279), np.float64(0.10090372390819292), 1.0, 272.11852, np.float64(1.047169197334619), np.float64(0.7853389976860702), 0.62831853, 0.52359878, np.float64(0.1629132361713433), 0.2, np.float64(-0.008846276209990244), 0.95, False, False, False, True, 0.0, 0.0, np.float64(0.038019535126169623), np.float64(-1.567963483826959))
Waveform Generated. SNR: 19.601253891038905
The optimal source SNR is <= 20. The Fisher approximation may not be valid!
calculating Fisher matrix...
Finished derivatives
Calculated Fisher is *atleast* positive-definite.
Time taken to compute FM is 6.125520944595337 seconds
    CV from_NMdev#1 it  67 lam=5.3e-09 ov=0.9998852 chi2=8.815e-02 rel=6.5e-07
Body is not plunging, Fisher should be stable.
waveform shape: (3, 788953)
Computing SNR for parameters: (np.float64(999601.2392445692), np.float64(9984.246004418472), np.float64(0.8985024113949582), np.float64(29.280260282290335), np.float64(0.10090372153690864), 1.0, 272.11852, np.float64(1.0471691943221435), np.float64(0.7853390721062463), 0.62831853, 0.52359878, np.float64(0.16291342130148223), 0.2, np.float64(-0.00884603292331397), 0.95, False, False, False, True, 0.0, 0.0, np.float64(0.03810534503455199), np.float64(-1.5678696962169838))
Waveform Generated. SNR: 19.601238228285382
The optimal source SNR is <= 20. The Fisher approximation may not be valid!
calculating Fisher matrix...
Finished derivatives
Calculated Fisher is *atleast* positive-definite.
Time taken to compute FM is 6.105776071548462 seconds
    CV from_NMdev#1 it  68 lam=5.2e-09 ov=0.9998852 chi2=8.815e-02 rel=7.4e-07
Body is not plunging, Fisher should be stable.
waveform shape: (3, 788953)
Computing SNR for parameters: (np.float64(999601.2492228217), np.float64(9984.23772197889), np.float64(0.8985024124127886), np.float64(29.280260252608596), np.float64(0.10090372025308654), 1.0, 272.11852, np.float64(1.0471693496415222), np.float64(0.7853393206645466), 0.62831853, 0.52359878, np.float64(0.1629125095786503), 0.2, np.float64(-0.008845837000439366), 0.95, False, False, False, True, 0.0, 0.0, np.float64(0.03818921888327146), np.float64(-1.5677889653201258))
Waveform Generated. SNR: 19.601226516305616
The optimal source SNR is <= 20. The Fisher approximation may not be valid!
calculating Fisher matrix...
Finished derivatives
Calculated Fisher is *atleast* positive-definite.
Time taken to compute FM is 6.13949179649353 seconds
    CV from_NMdev#1 it  69 lam=1.1e-08 ov=0.9998852 chi2=8.815e-02 rel=2.2e-07
Body is not plunging, Fisher should be stable.
waveform shape: (3, 788953)
Computing SNR for parameters: (np.float64(999601.2541095426), np.float64(9984.233459099887), np.float64(0.898502413468038), np.float64(29.280260243664667), np.float64(0.1009037193589125), 1.0, 272.11852, np.float64(1.0471693295311473), np.float64(0.785339324637694), 0.62831853, 0.52359878, np.float64(0.16291217775737943), 0.2, np.float64(-0.008846281759229267), 0.95, False, False, False, True, 0.0, 0.0, np.float64(0.03823242897102727), np.float64(-1.5677464280206252))
Waveform Generated. SNR: 19.60121888802719
The optimal source SNR is <= 20. The Fisher approximation may not be valid!
calculating stable deltas...
plunging! t_interp:  7889529.999999998 t_traj:  7884306.670491811
plunging! t_interp:  7889529.999999998 t_traj:  7885861.102078111
plunging! t_interp:  7889529.999999998 t_traj:  7887415.686894275
plunging! t_interp:  7889529.999999998 t_traj:  7888970.424933017
plunging! t_interp:  7889529.999999998 t_traj:  7888341.551180903
plunging! t_interp:  7889529.999999998 t_traj:  7888887.46409301
plunging! t_interp:  7889529.999999998 t_traj:  7889433.395905983
plunging! t_interp:  7889529.999999998 t_traj:  7888993.7918980485
plunging! t_interp:  7889529.999999998 t_traj:  7888228.259466464
plunging! t_interp:  7889529.999999998 t_traj:  7887462.880124777
plunging! t_interp:  7889529.999999998 t_traj:  7889449.757041918
plunging! t_interp:  7889529.999999998 t_traj:  7878116.133677608
plunging! t_interp:  7889529.999999998 t_traj:  7881217.05749326
plunging! t_interp:  7889529.999999998 t_traj:  7884318.895732496
plunging! t_interp:  7889529.999999998 t_traj:  7887421.648615145
plunging! t_interp:  7889529.999999998 t_traj:  7886166.547198726
plunging! t_interp:  7889529.999999998 t_traj:  7887256.070277166
plunging! t_interp:  7889529.999999998 t_traj:  7888345.706135353
plunging! t_interp:  7889529.999999998 t_traj:  7889435.4547699345
plunging! t_interp:  7889529.999999998 t_traj:  7888994.663299745
plunging! t_interp:  7889529.999999998 t_traj:  7889377.305634302
plunging! t_interp:  7889529.999999998 t_traj:  7889345.984782387
Time taken to compute stable deltas is 66.16840720176697 seconds
calculating Fisher matrix...
plunging! t_interp:  7889529.999999998 t_traj:  7889449.757041918
plunging! t_interp:  7889529.999999998 t_traj:  7888994.663299745
plunging! t_interp:  7889529.999999998 t_traj:  7889377.305634302
Finished derivatives
Calculated Fisher is *atleast* positive-definite.
Time taken to compute FM is 5.552527189254761 seconds
    CV from_NMdev#1 it  70 lam=9.8e-09 ov=0.9998852 chi2=8.815e-02 rel=3.9e-07
Body is not plunging, Fisher should be stable.
waveform shape: (3, 788953)
Computing SNR for parameters: (np.float64(999601.2594065866), np.float64(9984.229312977308), np.float64(0.8985024160433547), np.float64(29.280260232118582), np.float64(0.10090371866982176), 1.0, 272.11852, np.float64(1.0471693881585404), np.float64(0.785339435547193), 0.62831853, 0.52359878, np.float64(0.1629130323523897), 0.2, np.float64(-0.008846176840041303), 0.95, False, False, False, True, 0.0, 0.0, np.float64(0.03827453381148629), np.float64(-1.567696956113693))
Waveform Generated. SNR: 19.601211703749755
The optimal source SNR is <= 20. The Fisher approximation may not be valid!
calculating Fisher matrix...
plunging! t_interp:  7889529.999999998 t_traj:  7889449.756245361
plunging! t_interp:  7889529.999999998 t_traj:  7888994.663375713
plunging! t_interp:  7889529.999999998 t_traj:  7889377.305757746
Finished derivatives
Calculated Fisher is *atleast* positive-definite.
Time taken to compute FM is 6.1739466190338135 seconds
    CV from_NMdev#1 it  71 lam=9.3e+131 ov=0.9998852 chi2=8.815e-02 rel=0.0e+00
    NM  nfev=1773 ov 0.9998852 -> 0.9998852 (accepted=False)
Body is not plunging, Fisher should be stable.
waveform shape: (3, 788953)
Computing SNR for parameters: (np.float64(999601.2594065866), np.float64(9984.229312977308), np.float64(0.8985024160433547), np.float64(29.280260232118582), np.float64(0.10090371866982176), 1.0, 272.11852, np.float64(1.0471693881585404), np.float64(0.785339435547193), 0.62831853, 0.52359878, np.float64(0.1629130323523897), 0.2, np.float64(-0.008846176840041303), 0.95, False, False, False, True, 0.0, 0.0, np.float64(0.03827453381148629), np.float64(-1.567696956113693))
Waveform Generated. SNR: 19.601211703749755
The optimal source SNR is <= 20. The Fisher approximation may not be valid!
calculating stable deltas...
plunging! t_interp:  7889529.999999998 t_traj:  7884306.669286396
plunging! t_interp:  7889529.999999998 t_traj:  7885861.101213812
plunging! t_interp:  7889529.999999998 t_traj:  7887415.686359626
plunging! t_interp:  7889529.999999998 t_traj:  7888970.424724031
plunging! t_interp:  7889529.999999998 t_traj:  7888341.550831252
plunging! t_interp:  7889529.999999998 t_traj:  7888887.463868565
plunging! t_interp:  7889529.999999998 t_traj:  7889433.395803579
plunging! t_interp:  7889529.999999998 t_traj:  7888993.79135542
plunging! t_interp:  7889529.999999998 t_traj:  7888228.258602908
plunging! t_interp:  7889529.999999998 t_traj:  7887462.878937685
plunging! t_interp:  7889529.999999998 t_traj:  7889449.756704642
plunging! t_interp:  7889529.999999998 t_traj:  7878116.133798465
plunging! t_interp:  7889529.999999998 t_traj:  7881217.057618908
plunging! t_interp:  7889529.999999998 t_traj:  7884318.895852465
plunging! t_interp:  7889529.999999998 t_traj:  7887421.648696891
plunging! t_interp:  7889529.999999998 t_traj:  7886166.547315111
plunging! t_interp:  7889529.999999998 t_traj:  7887256.070393028
plunging! t_interp:  7889529.999999998 t_traj:  7888345.706282885
plunging! t_interp:  7889529.999999998 t_traj:  7889435.4548900025
plunging! t_interp:  7889529.999999998 t_traj:  7888994.663379616
plunging! t_interp:  7889529.999999998 t_traj:  7889377.305756764
plunging! t_interp:  7889529.999999998 t_traj:  7889344.687288487
Time taken to compute stable deltas is 64.485271692276 seconds
calculating Fisher matrix...
plunging! t_interp:  7889529.999999998 t_traj:  7889449.756704642
plunging! t_interp:  7889529.999999998 t_traj:  7888994.663379616
plunging! t_interp:  7889529.999999998 t_traj:  7889377.305756764
Finished derivatives
Calculated Fisher is *atleast* positive-definite.
Time taken to compute FM is 5.564926624298096 seconds
    CV from_NMdev#2 it   0 lam=9.5e+137 ov=0.9998852 chi2=8.815e-02 rel=0.0e+00
======================================================================

[pt20] --- start = from_0PA (overlap 0.9978572) ---
Body is not plunging, Fisher should be stable.
waveform shape: (3, 788953)
Computing SNR for parameters: (np.float64(1012624.1991), np.float64(9966.7874), np.float64(-0.835534), np.float64(30.153167), np.float64(0.499398), 1.0, 94.592671, np.float64(1.044398), np.float64(0.786418), 0.62831853, 0.52359878, np.float64(0.173735), 0.2, np.float64(0.238378), 0.95, False, False, False, True, 0.0, 0.0, np.float64(0.0), np.float64(0.0))
Waveform Generated. SNR: 19.88064482628092
The optimal source SNR is <= 20. The Fisher approximation may not be valid!
calculating stable deltas...
plunging! t_interp:  7889529.999999997 t_traj:  7881990.405466842
plunging! t_interp:  7889529.999999997 t_traj:  7885455.636599312
plunging! t_interp:  7889529.999999997 t_traj:  7888921.978046975
Time taken to compute stable deltas is 57.06043243408203 seconds
calculating Fisher matrix...
Finished derivatives
Calculated Fisher is *atleast* positive-definite.
Time taken to compute FM is 4.882265567779541 seconds
    CV from_0PA#1 it   0 lam=3.3e-03 ov=0.9978572 chi2=1.701e+00 rel=1.3e-02
Body is not plunging, Fisher should be stable.
waveform shape: (3, 788953)
Computing SNR for parameters: (np.float64(1012624.2055876735), np.float64(9966.787383680889), np.float64(-0.835534337842477), np.float64(30.153167042165254), np.float64(0.49939799430000714), 1.0, 94.592671, np.float64(1.0431569327512906), np.float64(0.783524106981594), 0.62831853, 0.52359878, np.float64(0.17506732703990358), 0.2, np.float64(0.2379942328307622), 0.95, False, False, False, True, 0.0, 0.0, np.float64(-5.4346697322187765e-06), np.float64(0.0004361983448453554))
Waveform Generated. SNR: 19.840389810582728
The optimal source SNR is <= 20. The Fisher approximation may not be valid!
calculating Fisher matrix...
Finished derivatives
Calculated Fisher is *atleast* positive-definite.
Time taken to compute FM is 5.499404191970825 seconds
    CV from_0PA#1 it   1 lam=1.1e-03 ov=0.9978683 chi2=1.680e+00 rel=2.7e-03
Body is not plunging, Fisher should be stable.
waveform shape: (3, 788953)
Computing SNR for parameters: (np.float64(1012624.3070878764), np.float64(9966.787094899917), np.float64(-0.83553650158143), np.float64(30.15316798762112), np.float64(0.49939826075373844), 1.0, 94.592671, np.float64(1.0432825483282788), np.float64(0.7826713317956474), 0.62831853, 0.52359878, np.float64(0.17580236379243794), 0.2, np.float64(0.23873090432964336), 0.95, False, False, False, True, 0.0, 0.0, np.float64(-1.6862825315050407e-05), np.float64(0.001051277368636511))
Waveform Generated. SNR: 19.83460162832499
The optimal source SNR is <= 20. The Fisher approximation may not be valid!
calculating Fisher matrix...
Finished derivatives
Calculated Fisher is *atleast* positive-definite.
Time taken to compute FM is 5.408971071243286 seconds
    CV from_0PA#1 it   2 lam=3.7e-04 ov=0.9978720 chi2=1.675e+00 rel=4.4e-03
Body is not plunging, Fisher should be stable.
waveform shape: (3, 788953)
Computing SNR for parameters: (np.float64(1012624.6206025506), np.float64(9966.78614424768), np.float64(-0.8355433649347884), np.float64(30.15317096140407), np.float64(0.499398692082009), 1.0, 94.592671, np.float64(1.0433182016882412), np.float64(0.7825376492679871), 0.62831853, 0.52359878, np.float64(0.17563508531494024), 0.2, np.float64(0.24104609542417418), 0.95, False, False, False, True, 0.0, 0.0, np.float64(-4.357152195559984e-05), np.float64(0.0022034331878880587))
Waveform Generated. SNR: 19.83387891043837
The optimal source SNR is <= 20. The Fisher approximation may not be valid!
calculating Fisher matrix...
Finished derivatives
Calculated Fisher is *atleast* positive-definite.
Time taken to compute FM is 5.437087774276733 seconds
    CV from_0PA#1 it   3 lam=1.2e-04 ov=0.9978812 chi2=1.668e+00 rel=6.6e-03
Body is not plunging, Fisher should be stable.
waveform shape: (3, 788953)
Computing SNR for parameters: (np.float64(1012625.4366358548), np.float64(9966.785437925526), np.float64(-0.8355585920505445), np.float64(30.1531790161346), np.float64(0.49939885244215143), 1.0, 94.592671, np.float64(1.0432644309776007), np.float64(0.7825213223014242), 0.62831853, 0.52359878, np.float64(0.1729406542611812), 0.2, np.float64(0.24455616393976012), 0.95, False, False, False, True, 0.0, 0.0, np.float64(-8.285260146910134e-05), np.float64(0.004137098658219699))
Waveform Generated. SNR: 19.833140585317423
The optimal source SNR is <= 20. The Fisher approximation may not be valid!
calculating Fisher matrix...
Finished derivatives
Calculated Fisher is *atleast* positive-definite.
Time taken to compute FM is 5.413317441940308 seconds
    CV from_0PA#1 it   4 lam=4.1e-05 ov=0.9978951 chi2=1.657e+00 rel=8.0e-03
Body is not plunging, Fisher should be stable.
waveform shape: (3, 788953)
Computing SNR for parameters: (np.float64(1012627.3271483858), np.float64(9966.797092175306), np.float64(-0.8355776149942902), np.float64(30.153198715534785), np.float64(0.4993981720384115), 1.0, 94.592671, np.float64(1.043196787811616), np.float64(0.7825039636880595), 0.62831853, 0.52359878, np.float64(0.169084280395632), 0.2, np.float64(0.24825096974829822), 0.95, False, False, False, True, 0.0, 0.0, np.float64(7.761776018254494e-06), np.float64(0.006969042236589973))
Waveform Generated. SNR: 19.83230934096733
The optimal source SNR is <= 20. The Fisher approximation may not be valid!
calculating stable deltas...
plunging! t_interp:  7889529.999999998 t_traj:  7881985.36724977
plunging! t_interp:  7889529.999999998 t_traj:  7885450.605725766
plunging! t_interp:  7889529.999999998 t_traj:  7888916.954475166
Time taken to compute stable deltas is 56.73557138442993 seconds
calculating Fisher matrix...
Finished derivatives
Calculated Fisher is *atleast* positive-definite.
Time taken to compute FM is 4.828225612640381 seconds
    CV from_0PA#1 it   5 lam=1.4e-05 ov=0.9979118 chi2=1.643e+00 rel=1.3e-02
Body is not plunging, Fisher should be stable.
waveform shape: (3, 788953)
Computing SNR for parameters: (np.float64(1012631.7476223519), np.float64(9966.854000146619), np.float64(-0.8355849002270356), np.float64(30.153246446534567), np.float64(0.49939562047100394), 1.0, 94.592671, np.float64(1.0431903727414664), np.float64(0.7824552599403053), 0.62831853, 0.52359878, np.float64(0.17005947666616822), 0.2, np.float64(0.25018541764440766), 0.95, False, False, False, True, 0.0, 0.0, np.float64(0.0006408048888493884), np.float64(0.011214114801692047))
Waveform Generated. SNR: 19.83184543853277
The optimal source SNR is <= 20. The Fisher approximation may not be valid!
calculating Fisher matrix...
Finished derivatives
Calculated Fisher is *atleast* positive-definite.
Time taken to compute FM is 5.471986293792725 seconds
    CV from_0PA#1 it   6 lam=4.6e-06 ov=0.9979382 chi2=1.623e+00 rel=2.6e-02
Body is not plunging, Fisher should be stable.
waveform shape: (3, 788953)
Computing SNR for parameters: (np.float64(1012642.1622433814), np.float64(9967.002859906503), np.float64(-0.8355748794449145), np.float64(30.153355430771292), np.float64(0.4993891164722723), 1.0, 94.592671, np.float64(1.043207282255157), np.float64(0.7824751830942519), 0.62831853, 0.52359878, np.float64(0.17961257925002283), 0.2, np.float64(0.2502384188567625), 0.95, False, False, False, True, 0.0, 0.0, np.float64(0.00245346671114058), np.float64(0.019467941937907116))
Waveform Generated. SNR: 19.832062211076945
The optimal source SNR is <= 20. The Fisher approximation may not be valid!
calculating Fisher matrix...
Finished derivatives
Calculated Fisher is *atleast* positive-definite.
Time taken to compute FM is 5.450042486190796 seconds
    CV from_0PA#1 it   7 lam=1.5e-06 ov=0.9979913 chi2=1.581e+00 rel=3.1e-02
Body is not plunging, Fisher should be stable.
waveform shape: (3, 788953)
Computing SNR for parameters: (np.float64(1012660.9104370571), np.float64(9967.303437635124), np.float64(-0.8355515884091285), np.float64(30.153516213057706), np.float64(0.4993780503179277), 1.0, 94.592671, np.float64(1.043207431147412), np.float64(0.7825496707816763), 0.62831853, 0.52359878, np.float64(0.19663153445017076), 0.2, np.float64(0.249779503377518), 0.95, False, False, False, True, 0.0, 0.0, np.float64(0.00501478293246093), np.float64(0.03272340460021292))
Waveform Generated. SNR: 19.83250760162092
The optimal source SNR is <= 20. The Fisher approximation may not be valid!
calculating Fisher matrix...
Finished derivatives
Calculated Fisher is *atleast* positive-definite.
Time taken to compute FM is 5.598616123199463 seconds
    CV from_0PA#1 it   8 lam=1.2e-05 ov=0.9980533 chi2=1.533e+00 rel=4.6e-03
Body is not plunging, Fisher should be stable.
waveform shape: (3, 788953)
Computing SNR for parameters: (np.float64(1012667.1075777675), np.float64(9967.366459393992), np.float64(-0.8355413336316809), np.float64(30.153566202811298), np.float64(0.4993744768078845), 1.0, 94.592671, np.float64(1.0432105098171272), np.float64(0.782611020785862), 0.62831853, 0.52359878, np.float64(0.20234630613360988), 0.2, np.float64(0.24950133319562304), 0.95, False, False, False, True, 0.0, 0.0, np.float64(0.006251862933049044), np.float64(0.03717233636680389))
Waveform Generated. SNR: 19.833042169543937
The optimal source SNR is <= 20. The Fisher approximation may not be valid!
calculating Fisher matrix...
Finished derivatives
Calculated Fisher is *atleast* positive-definite.
Time taken to compute FM is 5.461259365081787 seconds
    CV from_0PA#1 it   9 lam=4.1e-06 ov=0.9980625 chi2=1.526e+00 rel=7.5e-03
Body is not plunging, Fisher should be stable.
waveform shape: (3, 788953)
Computing SNR for parameters: (np.float64(1012671.9620125365), np.float64(9967.429650182397), np.float64(-0.8355360358996157), np.float64(30.15359776357629), np.float64(0.49937182465594726), 1.0, 94.592671, np.float64(1.043211541016387), np.float64(0.7826270172757847), 0.62831853, 0.52359878, np.float64(0.20628612371518648), 0.2, np.float64(0.24946793684937602), 0.95, False, False, False, True, 0.0, 0.0, np.float64(0.006900977649125792), np.float64(0.04051507802916802))
Waveform Generated. SNR: 19.832977752395596
The optimal source SNR is <= 20. The Fisher approximation may not be valid!
calculating stable deltas...
plunging! t_interp:  7889529.999999998 t_traj:  7881970.307520768
plunging! t_interp:  7889529.999999998 t_traj:  7885435.512874387
plunging! t_interp:  7889529.999999998 t_traj:  7888901.827901949
Time taken to compute stable deltas is 56.97448658943176 seconds
calculating Fisher matrix...
Finished derivatives
Calculated Fisher is *atleast* positive-definite.
Time taken to compute FM is 4.8371741771698 seconds
    CV from_0PA#1 it  10 lam=1.4e-06 ov=0.9980772 chi2=1.514e+00 rel=5.6e-03
Body is not plunging, Fisher should be stable.
waveform shape: (3, 788953)
Computing SNR for parameters: (np.float64(1012681.5666703479), np.float64(9967.528189147914), np.float64(-0.8355210457723335), np.float64(30.153627297568736), np.float64(0.49936724325220294), 1.0, 94.592671, np.float64(1.0435071818648964), np.float64(0.782581815003904), 0.62831853, 0.52359878, np.float64(0.21331196705913907), 0.2, np.float64(0.2492784761222057), 0.95, False, False, False, True, 0.0, 0.0, np.float64(0.008129276598908124), np.float64(0.04606727544552851))
Waveform Generated. SNR: 19.836061561122474
The optimal source SNR is <= 20. The Fisher approximation may not be valid!
calculating Fisher matrix...
Finished derivatives
Calculated Fisher is *atleast* positive-definite.
Time taken to compute FM is 5.351113319396973 seconds
    CV from_0PA#1 it  11 lam=4.5e-07 ov=0.9980890 chi2=1.506e+00 rel=4.0e-03
Body is not plunging, Fisher should be stable.
waveform shape: (3, 788953)
Computing SNR for parameters: (np.float64(1012697.0114867868), np.float64(9967.5959111607), np.float64(-0.8354910341397218), np.float64(30.15353935357932), np.float64(0.4993625531260009), 1.0, 94.592671, np.float64(1.0435812554749864), np.float64(0.7825889124183144), 0.62831853, 0.52359878, np.float64(0.21917435318545586), 0.2, np.float64(0.24920392172238426), 0.95, False, False, False, True, 0.0, 0.0, np.float64(0.00934481654589307), np.float64(0.05132240596430002))
Waveform Generated. SNR: 19.83690808354041
The optimal source SNR is <= 20. The Fisher approximation may not be valid!
calculating Fisher matrix...
Finished derivatives
Calculated Fisher is *atleast* positive-definite.
Time taken to compute FM is 5.433103084564209 seconds
    CV from_0PA#1 it  12 lam=1.5e-07 ov=0.9980970 chi2=1.500e+00 rel=6.5e-03
Body is not plunging, Fisher should be stable.
waveform shape: (3, 788953)
Computing SNR for parameters: (np.float64(1012728.6873706302), np.float64(9967.554426127912), np.float64(-0.8354173498676766), np.float64(30.153086048314655), np.float64(0.4993583879050672), 1.0, 94.592671, np.float64(1.0435696169230275), np.float64(0.7826102333995764), 0.62831853, 0.52359878, np.float64(0.22069344965944282), 0.2, np.float64(0.2495554081189181), 0.95, False, False, False, True, 0.0, 0.0, np.float64(0.010277935324535761), np.float64(0.05473366582004487))
Waveform Generated. SNR: 19.836813930974728
The optimal source SNR is <= 20. The Fisher approximation may not be valid!
calculating Fisher matrix...
Finished derivatives
Calculated Fisher is *atleast* positive-definite.
Time taken to compute FM is 5.4865381717681885 seconds
    CV from_0PA#1 it  13 lam=5.0e-08 ov=0.9981094 chi2=1.490e+00 rel=1.9e-02
Body is not plunging, Fisher should be stable.
waveform shape: (3, 788953)
Computing SNR for parameters: (np.float64(1012816.5421084415), np.float64(9967.333558817028), np.float64(-0.8352060714581603), np.float64(30.15167375597836), np.float64(0.4993499420072972), 1.0, 94.592671, np.float64(1.043603596168572), np.float64(0.7826126061741933), 0.62831853, 0.52359878, np.float64(0.21906475313348464), 0.2, np.float64(0.25080014355057095), 0.95, False, False, False, True, 0.0, 0.0, np.float64(0.012012827625360885), np.float64(0.06004981461439274))
Waveform Generated. SNR: 19.837017708317468
The optimal source SNR is <= 20. The Fisher approximation may not be valid!
calculating Fisher matrix...
Finished derivatives
Calculated Fisher is *atleast* positive-definite.
Time taken to compute FM is 5.5061259269714355 seconds
    CV from_0PA#1 it  14 lam=2.7e-08 ov=0.9981447 chi2=1.462e+00 rel=4.7e-02
Body is not plunging, Fisher should be stable.
waveform shape: (3, 788953)
Computing SNR for parameters: (np.float64(1013067.5845025975), np.float64(9966.648533353979), np.float64(-0.8346011935322868), np.float64(30.14761466060814), np.float64(0.4993262956291111), 1.0, 94.592671, np.float64(1.043603861596769), np.float64(0.7825931733021266), 0.62831853, 0.52359878, np.float64(0.21348097852842435), 0.2, np.float64(0.25437331945929254), 0.95, False, False, False, True, 0.0, 0.0, np.float64(0.017227932964066252), np.float64(0.07492835626430368))
Waveform Generated. SNR: 19.836200469327956
The optimal source SNR is <= 20. The Fisher approximation may not be valid!
calculating stable deltas...
plunging! t_interp:  7889529.999999999 t_traj:  7881974.804643062
plunging! t_interp:  7889529.999999999 t_traj:  7885439.889737021
plunging! t_interp:  7889529.999999999 t_traj:  7888906.085054244
Time taken to compute stable deltas is 57.25830292701721 seconds
calculating Fisher matrix...
Finished derivatives
Calculated Fisher is *atleast* positive-definite.
Time taken to compute FM is 4.8526105880737305 seconds
    CV from_0PA#1 it  15 lam=2.6e-08 ov=0.9982321 chi2=1.394e+00 rel=5.8e-02
Body is not plunging, Fisher should be stable.
waveform shape: (3, 788953)
Computing SNR for parameters: (np.float64(1013499.8212229441), np.float64(9965.420350802764), np.float64(-0.8335611175751089), np.float64(30.140632068659265), np.float64(0.4992855795926311), 1.0, 94.592671, np.float64(1.043622618672487), np.float64(0.7826694872324111), 0.62831853, 0.52359878, np.float64(0.2037546246705748), 0.2, np.float64(0.2606267173211892), 0.95, False, False, False, True, 0.0, 0.0, np.float64(0.026727471851007996), np.float64(0.10121663433543188))
Waveform Generated. SNR: 19.835827872640092
The optimal source SNR is <= 20. The Fisher approximation may not be valid!
calculating Fisher matrix...
Finished derivatives
Calculated Fisher is *atleast* positive-definite.
Time taken to compute FM is 5.428253173828125 seconds
    CV from_0PA#1 it  16 lam=2.3e-08 ov=0.9983344 chi2=1.313e+00 rel=9.1e-02
Body is not plunging, Fisher should be stable.
waveform shape: (3, 788953)
Computing SNR for parameters: (np.float64(1013898.9640829577), np.float64(9964.193456231216), np.float64(-0.8326018758030902), np.float64(30.13419033743579), np.float64(0.4992480106189579), 1.0, 94.592671, np.float64(1.0436292470692687), np.float64(0.7826938853341339), 0.62831853, 0.52359878, np.float64(0.19481400073811633), 0.2, np.float64(0.2663586456206922), 0.95, False, False, False, True, 0.0, 0.0, np.float64(0.03646628232372713), np.float64(0.12644486389373927))
Waveform Generated. SNR: 19.83459369046716
The optimal source SNR is <= 20. The Fisher approximation may not be valid!
calculating Fisher matrix...
Finished derivatives
Calculated Fisher is *atleast* positive-definite.
Time taken to compute FM is 5.463194370269775 seconds
    CV from_0PA#1 it  17 lam=2.1e-08 ov=0.9984864 chi2=1.194e+00 rel=7.9e-02
Body is not plunging, Fisher should be stable.
waveform shape: (3, 788953)
Computing SNR for parameters: (np.float64(1014321.8022839156), np.float64(9962.819512413225), np.float64(-0.8315861184541161), np.float64(30.127370146176247), np.float64(0.4992082557892309), 1.0, 94.592671, np.float64(1.0436845755918562), np.float64(0.7827527304090961), 0.62831853, 0.52359878, np.float64(0.18532081233643333), 0.2, np.float64(0.2724378724804645), 0.95, False, False, False, True, 0.0, 0.0, np.float64(0.04755965838917717), np.float64(0.1539377248317898))
Waveform Generated. SNR: 19.834062995543487
The optimal source SNR is <= 20. The Fisher approximation may not be valid!
calculating Fisher matrix...
Finished derivatives
Calculated Fisher is *atleast* positive-definite.
Time taken to compute FM is 5.487181663513184 seconds
    CV from_0PA#1 it  18 lam=1.8e-08 ov=0.9986067 chi2=1.100e+00 rel=9.0e-02
Body is not plunging, Fisher should be stable.
waveform shape: (3, 788953)
Computing SNR for parameters: (np.float64(1014720.0992318467), np.float64(9961.403930354889), np.float64(-0.8306306311779386), np.float64(30.120953045526253), np.float64(0.4991708107736193), 1.0, 94.592671, np.float64(1.0437273383784376), np.float64(0.7827618310399812), 0.62831853, 0.52359878, np.float64(0.17643482942212077), 0.2, np.float64(0.27816111309602465), 0.95, False, False, False, True, 0.0, 0.0, np.float64(0.05928812746009908), np.float64(0.18117066835469103))
Waveform Generated. SNR: 19.832780071862903
The optimal source SNR is <= 20. The Fisher approximation may not be valid!
calculating Fisher matrix...
Finished derivatives
Calculated Fisher is *atleast* positive-definite.
Time taken to compute FM is 5.44408392906189 seconds
    CV from_0PA#1 it  19 lam=1.7e-08 ov=0.9987334 chi2=1.000e+00 rel=7.5e-02
Body is not plunging, Fisher should be stable.
waveform shape: (3, 788953)
Computing SNR for parameters: (np.float64(1015139.4567697052), np.float64(9959.78601029379), np.float64(-0.8296249457695801), np.float64(30.114199963169824), np.float64(0.49913144124936354), 1.0, 94.592671, np.float64(1.043778737294968), np.float64(0.7828284798393338), 0.62831853, 0.52359878, np.float64(0.16701389637453973), 0.2, np.float64(0.28413734670693114), 0.95, False, False, False, True, 0.0, 0.0, np.float64(0.0729567949622323), np.float64(0.21107403898647792))
Waveform Generated. SNR: 19.831842970968825
The optimal source SNR is <= 20. The Fisher approximation may not be valid!
calculating stable deltas...
plunging! t_interp:  7889529.999999997 t_traj:  7882028.705722136
plunging! t_interp:  7889529.999999997 t_traj:  7885493.211736931
plunging! t_interp:  7889529.999999997 t_traj:  7888958.827827407
Time taken to compute stable deltas is 57.17995476722717 seconds
calculating Fisher matrix...
Finished derivatives
Calculated Fisher is *atleast* positive-definite.
Time taken to compute FM is 4.8972790241241455 seconds
    CV from_0PA#1 it  20 lam=1.3e-08 ov=0.9988286 chi2=9.254e-01 rel=8.7e-02
Body is not plunging, Fisher should be stable.
waveform shape: (3, 788953)
Computing SNR for parameters: (np.float64(1015522.8908677666), np.float64(9958.147278906223), np.float64(-0.8287071367720902), np.float64(30.108034850150734), np.float64(0.49909543899535236), 1.0, 94.592671, np.float64(1.04385525724007), np.float64(0.7828271334688466), 0.62831853, 0.52359878, np.float64(0.15851395583320843), 0.2, np.float64(0.2896514507635364), 0.95, False, False, False, True, 0.0, 0.0, np.float64(0.08714990896018356), np.float64(0.24025444555068565))
Waveform Generated. SNR: 19.83041513262787
The optimal source SNR is <= 20. The Fisher approximation may not be valid!
calculating Fisher matrix...
Finished derivatives
Calculated Fisher is *atleast* positive-definite.
Time taken to compute FM is 5.431199550628662 seconds
    CV from_0PA#1 it  21 lam=5.2e-09 ov=0.9989307 chi2=8.451e-01 rel=8.6e-02
Body is not plunging, Fisher should be stable.
waveform shape: (3, 788953)
Computing SNR for parameters: (np.float64(1015937.2108668528), np.float64(9956.096539210437), np.float64(-0.8277167812596968), np.float64(30.101383418775804), np.float64(0.4990565239013127), 1.0, 94.592671, np.float64(1.0439239920665575), np.float64(0.782881337212469), 0.62831853, 0.52359878, np.float64(0.1493150840131116), 0.2, np.float64(0.2956486717808799), 0.95, False, False, False, True, 0.0, 0.0, np.float64(0.10543293400882509), np.float64(0.2748317190627921))
Waveform Generated. SNR: 19.828534830084077
The optimal source SNR is <= 20. The Fisher approximation may not be valid!
calculating Fisher matrix...
Finished derivatives
Calculated Fisher is *atleast* positive-definite.
Time taken to compute FM is 5.462696313858032 seconds
    CV from_0PA#1 it  22 lam=3.5e-09 ov=0.9990231 chi2=7.724e-01 rel=5.9e-02
Body is not plunging, Fisher should be stable.
waveform shape: (3, 788953)
Computing SNR for parameters: (np.float64(1016256.2816703488), np.float64(9953.492746687367), np.float64(-0.8269572048645888), np.float64(30.096268938370297), np.float64(0.49902690092445934), 1.0, 94.592671, np.float64(1.0440245980476484), np.float64(0.7829655990436188), 0.62831853, 0.52359878, np.float64(0.14158682720880927), 0.2, np.float64(0.3003263822332607), 0.95, False, False, False, True, 0.0, 0.0, np.float64(0.13002727177921491), np.float64(0.3116777863134698))
Waveform Generated. SNR: 19.826061184425292
The optimal source SNR is <= 20. The Fisher approximation may not be valid!
calculating Fisher matrix...
Finished derivatives
Calculated Fisher is *atleast* positive-definite.
Time taken to compute FM is 5.576121091842651 seconds
    CV from_0PA#1 it  23 lam=3.2e-09 ov=0.9990803 chi2=7.271e-01 rel=7.7e-02
Body is not plunging, Fisher should be stable.
waveform shape: (3, 788953)
Computing SNR for parameters: (np.float64(1017073.6549186913), np.float64(9947.18265472791), np.float64(-0.8250087584150182), np.float64(30.08319512225903), np.float64(0.4989503481122485), 1.0, 94.592671, np.float64(1.044216844964866), np.float64(0.7831370271604117), 0.62831853, 0.52359878, np.float64(0.12400876476477837), 0.2, np.float64(0.311797600581599), 0.95, False, False, False, True, 0.0, 0.0, np.float64(0.1898130638275004), np.float64(0.403464928718217))
Waveform Generated. SNR: 19.81901685218067
The optimal source SNR is <= 20. The Fisher approximation may not be valid!
calculating Fisher matrix...
Finished derivatives
Calculated Fisher is *atleast* positive-definite.
Time taken to compute FM is 5.447341442108154 seconds
    CV from_0PA#1 it  24 lam=6.4e-09 ov=0.9991500 chi2=6.711e-01 rel=3.4e-02
Body is not plunging, Fisher should be stable.
waveform shape: (3, 788953)
Computing SNR for parameters: (np.float64(1017402.3500990317), np.float64(9943.81882753169), np.float64(-0.824229898293738), np.float64(30.077960752739898), np.float64(0.49891977808523164), 1.0, 94.592671, np.float64(1.0442126001374767), np.float64(0.7831828538650708), 0.62831853, 0.52359878, np.float64(0.11670428715530919), 0.2, np.float64(0.3164603405347908), 0.95, False, False, False, True, 0.0, 0.0, np.float64(0.22263170536680016), np.float64(0.44922294117980555))
Waveform Generated. SNR: 19.813737979517505
The optimal source SNR is <= 20. The Fisher approximation may not be valid!
calculating stable deltas...
plunging! t_interp:  7889530.0 t_traj:  7882090.5626311675
plunging! t_interp:  7889530.0 t_traj:  7885554.440735019
plunging! t_interp:  7889530.0 t_traj:  7889019.428410579
plunging! t_interp:  7889530.0 t_traj:  7889518.753542384
Time taken to compute stable deltas is 56.53280329704285 seconds
calculating Fisher matrix...
Finished derivatives
Calculated Fisher is *atleast* positive-definite.
Time taken to compute FM is 4.812707185745239 seconds
    CV from_0PA#1 it  25 lam=1.2e-08 ov=0.9991781 chi2=6.482e-01 rel=9.2e-04
Body is not plunging, Fisher should be stable.
waveform shape: (3, 788953)
Computing SNR for parameters: (np.float64(1017639.7273862393), np.float64(9940.605974317115), np.float64(-0.8236690059907039), np.float64(30.07419156630537), np.float64(0.49889773401985155), 1.0, 94.592671, np.float64(1.0442814398846816), np.float64(0.7832545438005518), 0.62831853, 0.52359878, np.float64(0.11141149351919045), 0.2, np.float64(0.31984951381017784), 0.95, False, False, False, True, 0.0, 0.0, np.float64(0.25451117808174706), np.float64(0.49044657684085735))
Waveform Generated. SNR: 19.80939907594098
The optimal source SNR is <= 20. The Fisher approximation may not be valid!
calculating Fisher matrix...
Finished derivatives
Calculated Fisher is *atleast* positive-definite.
Time taken to compute FM is 5.474806785583496 seconds
    CV from_0PA#1 it  26 lam=6.5e-09 ov=0.9991779 chi2=6.476e-01 rel=4.1e-02
Body is not plunging, Fisher should be stable.
waveform shape: (3, 788953)
Computing SNR for parameters: (np.float64(1017736.4198519874), np.float64(9938.900691782457), np.float64(-0.8234418807396662), np.float64(30.072663822031895), np.float64(0.4988887936226372), 1.0, 94.592671, np.float64(1.0442751326594302), np.float64(0.7832567761564939), 0.62831853, 0.52359878, np.float64(0.10925598902872392), 0.2, np.float64(0.3212472617053103), 0.95, False, False, False, True, 0.0, 0.0, np.float64(0.27168053594975194), np.float64(0.5114853929352036))
Waveform Generated. SNR: 19.806411593758284
The optimal source SNR is <= 20. The Fisher approximation may not be valid!
calculating Fisher matrix...
Finished derivatives
Calculated Fisher is *atleast* positive-definite.
Time taken to compute FM is 5.444939136505127 seconds
    CV from_0PA#1 it  27 lam=1.3e-08 ov=0.9992110 chi2=6.212e-01 rel=6.0e-03
Body is not plunging, Fisher should be stable.
waveform shape: (3, 788953)
Computing SNR for parameters: (np.float64(1017815.7569207181), np.float64(9937.374673979733), np.float64(-0.8232556934512925), np.float64(30.071411776531694), np.float64(0.49888146581865), 1.0, 94.592671, np.float64(1.0443039121830011), np.float64(0.783304709584159), 0.62831853, 0.52359878, np.float64(0.10748262040281474), 0.2, np.float64(0.32237375627281356), 0.95, False, False, False, True, 0.0, 0.0, np.float64(0.28709189106666866), np.float64(0.530028901226173))
Waveform Generated. SNR: 19.80438803574612
The optimal source SNR is <= 20. The Fisher approximation may not be valid!
calculating Fisher matrix...
Finished derivatives
Calculated Fisher is *atleast* positive-definite.
Time taken to compute FM is 5.445430517196655 seconds
    CV from_0PA#1 it  28 lam=1.3e-08 ov=0.9992154 chi2=6.175e-01 rel=2.7e-03
Body is not plunging, Fisher should be stable.
waveform shape: (3, 788953)
Computing SNR for parameters: (np.float64(1017880.4466823454), np.float64(9935.87281683822), np.float64(-0.8231045109227734), np.float64(30.070395267588683), np.float64(0.49887551690296544), 1.0, 94.592671, np.float64(1.0443120183126504), np.float64(0.783349095317914), 0.62831853, 0.52359878, np.float64(0.106022098060698), 0.2, np.float64(0.3233024284188265), 0.95, False, False, False, True, 0.0, 0.0, np.float64(0.30236532788173553), np.float64(0.5478736069095074))
Waveform Generated. SNR: 19.802059918240033
The optimal source SNR is <= 20. The Fisher approximation may not be valid!
calculating Fisher matrix...
Finished derivatives
Calculated Fisher is *atleast* positive-definite.
Time taken to compute FM is 5.410744667053223 seconds
    CV from_0PA#1 it  29 lam=1.3e-08 ov=0.9992171 chi2=6.158e-01 rel=3.1e-03
Body is not plunging, Fisher should be stable.
waveform shape: (3, 788953)
Computing SNR for parameters: (np.float64(1017940.2802563467), np.float64(9934.418806214275), np.float64(-0.8229646030610817), np.float64(30.069455849897015), np.float64(0.4988700249110699), 1.0, 94.592671, np.float64(1.044345678902237), np.float64(0.7833831894682292), 0.62831853, 0.52359878, np.float64(0.1047350140085837), 0.2, np.float64(0.32412975359946544), 0.95, False, False, False, True, 0.0, 0.0, np.float64(0.31718353864838583), np.float64(0.5650470476096587))
Waveform Generated. SNR: 19.800050990026254
The optimal source SNR is <= 20. The Fisher approximation may not be valid!
calculating stable deltas...
plunging! t_interp:  7889529.999999997 t_traj:  7882103.564568513
plunging! t_interp:  7889529.999999997 t_traj:  7885567.294644098
plunging! t_interp:  7889529.999999997 t_traj:  7889032.134177226
plunging! t_interp:  7889529.999999997 t_traj:  7889106.667482686
plunging! t_interp:  7889529.999999997 t_traj:  7886823.205361971
Time taken to compute stable deltas is 56.95588231086731 seconds
calculating Fisher matrix...
Finished derivatives
Calculated Fisher is *atleast* positive-definite.
Time taken to compute FM is 4.780741214752197 seconds
    CV from_0PA#1 it  30 lam=1.4e-08 ov=0.9992192 chi2=6.139e-01 rel=1.1e-03
Body is not plunging, Fisher should be stable.
waveform shape: (3, 788953)
Computing SNR for parameters: (np.float64(1017972.9460063238), np.float64(9932.996018593414), np.float64(-0.8228900723459746), np.float64(30.068952556725026), np.float64(0.49886710909769), 1.0, 94.592671, np.float64(1.0444058980928828), np.float64(0.7834152144924543), 0.62831853, 0.52359878, np.float64(0.10393549034067276), 0.2, np.float64(0.32463532579881615), 0.95, False, False, False, True, 0.0, 0.0, np.float64(0.33186023241555623), np.float64(0.5810351323209021))
Waveform Generated. SNR: 19.798331635607695
The optimal source SNR is <= 20. The Fisher approximation may not be valid!
calculating Fisher matrix...
Finished derivatives
Calculated Fisher is *atleast* positive-definite.
Time taken to compute FM is 5.519020318984985 seconds
    CV from_0PA#1 it  31 lam=1.4e-08 ov=0.9992197 chi2=6.132e-01 rel=4.2e-03
Body is not plunging, Fisher should be stable.
waveform shape: (3, 788953)
Computing SNR for parameters: (np.float64(1018035.4828651772), np.float64(9931.741530766318), np.float64(-0.8227425978684578), np.float64(30.067967861172143), np.float64(0.4988613041688089), 1.0, 94.592671, np.float64(1.044462392938536), np.float64(0.7834309181494401), 0.62831853, 0.52359878, np.float64(0.10280957494914388), 0.2, np.float64(0.3254103259126171), 0.95, False, False, False, True, 0.0, 0.0, np.float64(0.3446180628770882), np.float64(0.5962212157430986))
Waveform Generated. SNR: 19.797173497432425
The optimal source SNR is <= 20. The Fisher approximation may not be valid!
calculating Fisher matrix...
Finished derivatives
Calculated Fisher is *atleast* positive-definite.
Time taken to compute FM is 5.481828212738037 seconds
    CV from_0PA#1 it  32 lam=2.7e-08 ov=0.9992228 chi2=6.106e-01 rel=1.0e-03
Body is not plunging, Fisher should be stable.
waveform shape: (3, 788953)
Computing SNR for parameters: (np.float64(1018054.8487337248), np.float64(9931.077297622292), np.float64(-0.8226983362561116), np.float64(30.06766722780232), np.float64(0.49885954582180914), 1.0, 94.592671, np.float64(1.0444808422536203), np.float64(0.7834764586804978), 0.62831853, 0.52359878, np.float64(0.10226262449039854), 0.2, np.float64(0.32572005732506865), 0.95, False, False, False, True, 0.0, 0.0, np.float64(0.3514475249393036), np.float64(0.6038668359920271))
Waveform Generated. SNR: 19.796240087578827
The optimal source SNR is <= 20. The Fisher approximation may not be valid!
calculating Fisher matrix...
Finished derivatives
Calculated Fisher is *atleast* positive-definite.
Time taken to compute FM is 5.4356982707977295 seconds
    CV from_0PA#1 it  33 lam=2.6e-08 ov=0.9992234 chi2=6.100e-01 rel=5.3e-04
Body is not plunging, Fisher should be stable.
waveform shape: (3, 788953)
Computing SNR for parameters: (np.float64(1018069.5549058736), np.float64(9930.416338827228), np.float64(-0.8226649182523748), np.float64(30.067441164102238), np.float64(0.4988582322967068), 1.0, 94.592671, np.float64(1.044445716960733), np.float64(0.7834595589096571), 0.62831853, 0.52359878, np.float64(0.10190292742283846), 0.2, np.float64(0.32596527757739563), 0.95, False, False, False, True, 0.0, 0.0, np.float64(0.35827912959358615), np.float64(0.6113003324106645))
Waveform Generated. SNR: 19.794402192283812
The optimal source SNR is <= 20. The Fisher approximation may not be valid!
calculating Fisher matrix...
Finished derivatives
Calculated Fisher is *atleast* positive-definite.
Time taken to compute FM is 5.469569206237793 seconds
    CV from_0PA#1 it  34 lam=2.6e-08 ov=0.9992235 chi2=6.097e-01 rel=4.5e-04
Body is not plunging, Fisher should be stable.
waveform shape: (3, 788953)
Computing SNR for parameters: (np.float64(1018081.2996453748), np.float64(9929.764742181786), np.float64(-0.8226383865812339), np.float64(30.067262519807528), np.float64(0.4988571938272401), 1.0, 94.592671, np.float64(1.0444619318899657), np.float64(0.7834772546919163), 0.62831853, 0.52359878, np.float64(0.10163105717056661), 0.2, np.float64(0.32613446840979743), 0.95, False, False, False, True, 0.0, 0.0, np.float64(0.36503755987854813), np.float64(0.6185256564844981))
Waveform Generated. SNR: 19.79349444148228
The optimal source SNR is <= 20. The Fisher approximation may not be valid!
calculating stable deltas...
plunging! t_interp:  7889529.999999999 t_traj:  7882106.914233405
plunging! t_interp:  7889529.999999999 t_traj:  7885570.606107218
plunging! t_interp:  7889529.999999999 t_traj:  7889035.407449825
plunging! t_interp:  7889529.999999999 t_traj:  7888084.415670942
plunging! t_interp:  7889529.999999999 t_traj:  7885460.003737575
Time taken to compute stable deltas is 57.3411808013916 seconds
calculating Fisher matrix...
Finished derivatives
Calculated Fisher is *atleast* positive-definite.
Time taken to compute FM is 4.828338623046875 seconds
    CV from_0PA#1 it  35 lam=2.6e-08 ov=0.9992237 chi2=6.094e-01 rel=4.5e-04
Body is not plunging, Fisher should be stable.
waveform shape: (3, 788953)
Computing SNR for parameters: (np.float64(1018093.9303951586), np.float64(9929.121192426262), np.float64(-0.8226096550763062), np.float64(30.06706991805713), np.float64(0.4988560618182665), 1.0, 94.592671, np.float64(1.0444780167352805), np.float64(0.7834928842338705), 0.62831853, 0.52359878, np.float64(0.10137902578690423), 0.2, np.float64(0.32630207740203565), 0.95, False, False, False, True, 0.0, 0.0, np.float64(0.371713933424661), np.float64(0.6257081599392181))
Waveform Generated. SNR: 19.7925874645345
The optimal source SNR is <= 20. The Fisher approximation may not be valid!
calculating Fisher matrix...
Finished derivatives
Calculated Fisher is *atleast* positive-definite.
Time taken to compute FM is 5.447477579116821 seconds
    CV from_0PA#1 it  36 lam=2.6e-08 ov=0.9992239 chi2=6.091e-01 rel=4.1e-04
Body is not plunging, Fisher should be stable.
waveform shape: (3, 788953)
Computing SNR for parameters: (np.float64(1018105.6220577061), np.float64(9928.485754041021), np.float64(-0.8225831886458517), np.float64(30.066892167544022), np.float64(0.49885502040476914), 1.0, 94.592671, np.float64(1.0444954013981778), np.float64(0.7835100233814924), 0.62831853, 0.52359878, np.float64(0.10112957989673539), 0.2, np.float64(0.32646330438679394), 0.95, False, False, False, True, 0.0, 0.0, np.float64(0.37831108687003784), np.float64(0.6327743488994112))
Waveform Generated. SNR: 19.79171775667014
The optimal source SNR is <= 20. The Fisher approximation may not be valid!
calculating Fisher matrix...
Finished derivatives
Calculated Fisher is *atleast* positive-definite.
Time taken to compute FM is 5.448148488998413 seconds
    CV from_0PA#1 it  37 lam=2.6e-08 ov=0.9992240 chi2=6.089e-01 rel=3.9e-04
Body is not plunging, Fisher should be stable.
waveform shape: (3, 788953)
Computing SNR for parameters: (np.float64(1018116.7533729015), np.float64(9927.855193847648), np.float64(-0.8225580358795481), np.float64(30.06672335346448), np.float64(0.4988540316238817), 1.0, 94.592671, np.float64(1.0445225484182998), np.float64(0.7835243558716771), 0.62831853, 0.52359878, np.float64(0.10090422070223551), 0.2, np.float64(0.3266146619896865), 0.95, False, False, False, True, 0.0, 0.0, np.float64(0.38486302895075963), np.float64(0.6397722944993846))
Waveform Generated. SNR: 19.79095641036719
The optimal source SNR is <= 20. The Fisher approximation may not be valid!
calculating Fisher matrix...
Finished derivatives
Calculated Fisher is *atleast* positive-definite.
Time taken to compute FM is 5.434709787368774 seconds
    CV from_0PA#1 it  38 lam=2.6e-08 ov=0.9992242 chi2=6.086e-01 rel=3.4e-04
Body is not plunging, Fisher should be stable.
waveform shape: (3, 788953)
Computing SNR for parameters: (np.float64(1018125.9108250475), np.float64(9927.235585216276), np.float64(-0.8225376351705735), np.float64(30.06658605905914), np.float64(0.4988532285320707), 1.0, 94.592671, np.float64(1.0445276948459121), np.float64(0.783543293679721), 0.62831853, 0.52359878, np.float64(0.10069048891322117), 0.2, np.float64(0.326746122081818), 0.95, False, False, False, True, 0.0, 0.0, np.float64(0.39131357357987134), np.float64(0.646593433700103))
Waveform Generated. SNR: 19.78997715658926
The optimal source SNR is <= 20. The Fisher approximation may not be valid!
calculating Fisher matrix...
Finished derivatives
Calculated Fisher is *atleast* positive-definite.
Time taken to compute FM is 5.4288482666015625 seconds
    CV from_0PA#1 it  39 lam=2.6e-08 ov=0.9992243 chi2=6.084e-01 rel=3.3e-04
Body is not plunging, Fisher should be stable.
waveform shape: (3, 788953)
Computing SNR for parameters: (np.float64(1018134.2944525464), np.float64(9926.62296785572), np.float64(-0.8225190233945806), np.float64(30.06646110357815), np.float64(0.49885249763961736), 1.0, 94.592671, np.float64(1.0445566663819128), np.float64(0.7835540767624772), 0.62831853, 0.52359878, np.float64(0.1005271364142508), 0.2, np.float64(0.3268582424145901), 0.95, False, False, False, True, 0.0, 0.0, np.float64(0.3976986817877845), np.float64(0.6533158946928237))
Waveform Generated. SNR: 19.789234665218697
The optimal source SNR is <= 20. The Fisher approximation may not be valid!
calculating stable deltas...
plunging! t_interp:  7889529.999999999 t_traj:  7882108.25758751
plunging! t_interp:  7889529.999999999 t_traj:  7885571.9355171565
plunging! t_interp:  7889529.999999999 t_traj:  7889036.722878701
plunging! t_interp:  7889529.999999999 t_traj:  7887386.83105352
plunging! t_interp:  7889529.999999999 t_traj:  7884530.121171497
Time taken to compute stable deltas is 57.258841037750244 seconds
calculating Fisher matrix...
Finished derivatives
Calculated Fisher is *atleast* positive-definite.
Time taken to compute FM is 4.833655834197998 seconds
    CV from_0PA#1 it  40 lam=2.6e-08 ov=0.9992245 chi2=6.082e-01 rel=3.2e-04
Body is not plunging, Fisher should be stable.
waveform shape: (3, 788953)
Computing SNR for parameters: (np.float64(1018142.6071146866), np.float64(9926.017573662719), np.float64(-0.8225005448430115), np.float64(30.066337236305408), np.float64(0.49885177126718105), 1.0, 94.592671, np.float64(1.0445838568412247), np.float64(0.7835656913244895), 0.62831853, 0.52359878, np.float64(0.1003707824901964), 0.2, np.float64(0.3269670429382392), 0.95, False, False, False, True, 0.0, 0.0, np.float64(0.4040111864956196), np.float64(0.6599625760965557))
Waveform Generated. SNR: 19.788493850301855
The optimal source SNR is <= 20. The Fisher approximation may not be valid!
calculating Fisher matrix...
Finished derivatives
Calculated Fisher is *atleast* positive-definite.
Time taken to compute FM is 5.442755937576294 seconds
    CV from_0PA#1 it  41 lam=2.6e-08 ov=0.9992246 chi2=6.080e-01 rel=3.0e-04
Body is not plunging, Fisher should be stable.
waveform shape: (3, 788953)
Computing SNR for parameters: (np.float64(1018150.1392830053), np.float64(9925.42553641543), np.float64(-0.8224839648041972), np.float64(30.066225429467945), np.float64(0.4988511200189791), 1.0, 94.592671, np.float64(1.04451652767639), np.float64(0.783598803726126), 0.62831853, 0.52359878, np.float64(0.10014044056566337), 0.2, np.float64(0.3270757590655526), 0.95, False, False, False, True, 0.0, 0.0, np.float64(0.4101852004106242), np.float64(0.6664373394966396))
Waveform Generated. SNR: 19.786798116593673
The optimal source SNR is <= 20. The Fisher approximation may not be valid!
calculating Fisher matrix...
Finished derivatives
Calculated Fisher is *atleast* positive-definite.
Time taken to compute FM is 5.471092700958252 seconds
    CV from_0PA#1 it  42 lam=2.6e-08 ov=0.9992246 chi2=6.079e-01 rel=2.9e-04
Body is not plunging, Fisher should be stable.
waveform shape: (3, 788953)
Computing SNR for parameters: (np.float64(1018158.079021715), np.float64(9924.840157691231), np.float64(-0.8224663188620154), np.float64(30.06610760094708), np.float64(0.4988504218742509), 1.0, 94.592671, np.float64(1.0446138953105943), np.float64(0.7835997908770752), 0.62831853, 0.52359878, np.float64(0.10005250334584122), 0.2, np.float64(0.32717503163666567), 0.95, False, False, False, True, 0.0, 0.0, np.float64(0.4162978803519467), np.float64(0.6728762093340785))
Waveform Generated. SNR: 19.78686420023368
The optimal source SNR is <= 20. The Fisher approximation may not be valid!
calculating Fisher matrix...
Finished derivatives
Calculated Fisher is *atleast* positive-definite.
Time taken to compute FM is 5.448226690292358 seconds
    CV from_0PA#1 it  43 lam=2.6e-08 ov=0.9992248 chi2=6.077e-01 rel=2.8e-04
Body is not plunging, Fisher should be stable.
waveform shape: (3, 788953)
Computing SNR for parameters: (np.float64(1018166.3198837996), np.float64(9924.26629014962), np.float64(-0.8224480660537371), np.float64(30.065984443624114), np.float64(0.4988496962704936), 1.0, 94.592671, np.float64(1.044546009043918), np.float64(0.7836361886833357), 0.62831853, 0.52359878, np.float64(0.09980055468755483), 0.2, np.float64(0.3273023655966038), 0.95, False, False, False, True, 0.0, 0.0, np.float64(0.42228201858520154), np.float64(0.6791993699039772))
Waveform Generated. SNR: 19.7852215565993
The optimal source SNR is <= 20. The Fisher approximation may not be valid!
calculating Fisher matrix...
Finished derivatives
Calculated Fisher is *atleast* positive-definite.
Time taken to compute FM is 5.451871871948242 seconds
    CV from_0PA#1 it  44 lam=2.6e-08 ov=0.9992248 chi2=6.075e-01 rel=2.5e-04
Body is not plunging, Fisher should be stable.
waveform shape: (3, 788953)
Computing SNR for parameters: (np.float64(1018171.3754492616), np.float64(9923.697788364037), np.float64(-0.8224372681092561), np.float64(30.065912326084977), np.float64(0.4988492762163972), 1.0, 94.592671, np.float64(1.0446447247102586), np.float64(0.7836299410641823), 0.62831853, 0.52359878, np.float64(0.0997678517602099), 0.2, np.float64(0.3273604750915476), 0.95, False, False, False, True, 0.0, 0.0, np.float64(0.42823483989130723), np.float64(0.6853566907652664))
Waveform Generated. SNR: 19.785275650886206
The optimal source SNR is <= 20. The Fisher approximation may not be valid!
calculating stable deltas...
plunging! t_interp:  7889529.999999998 t_traj:  7882109.181371321
plunging! t_interp:  7889529.999999998 t_traj:  7885572.849752588
plunging! t_interp:  7889529.999999998 t_traj:  7889037.627550193
plunging! t_interp:  7889529.999999998 t_traj:  7886735.157294459
plunging! t_interp:  7889529.999999998 t_traj:  7883661.593922533
Time taken to compute stable deltas is 57.289196491241455 seconds
calculating Fisher matrix...
Finished derivatives
Calculated Fisher is *atleast* positive-definite.
Time taken to compute FM is 4.853761196136475 seconds
    CV from_0PA#1 it  45 lam=2.6e-08 ov=0.9992250 chi2=6.074e-01 rel=2.7e-04
Body is not plunging, Fisher should be stable.
waveform shape: (3, 788953)
Computing SNR for parameters: (np.float64(1018180.9346379905), np.float64(9923.139508679398), np.float64(-0.8224156196835297), np.float64(30.06576772568046), np.float64(0.498848422344208), 1.0, 94.592671, np.float64(1.0446128062175346), np.float64(0.7836592473671665), 0.62831853, 0.52359878, np.float64(0.09956599828157209), 0.2, np.float64(0.32747404014578185), 0.95, False, False, False, True, 0.0, 0.0, np.float64(0.4340525227531965), np.float64(0.6915515158322773))
Waveform Generated. SNR: 19.784047439863162
The optimal source SNR is <= 20. The Fisher approximation may not be valid!
calculating Fisher matrix...
Finished derivatives
Calculated Fisher is *atleast* positive-definite.
Time taken to compute FM is 5.395736217498779 seconds
    CV from_0PA#1 it  46 lam=2.6e-08 ov=0.9992250 chi2=6.072e-01 rel=2.3e-04
Body is not plunging, Fisher should be stable.
waveform shape: (3, 788953)
Computing SNR for parameters: (np.float64(1018185.3545136934), np.float64(9922.586593303291), np.float64(-0.8224064731636717), np.float64(30.065705216978753), np.float64(0.4988480682962635), 1.0, 94.592671, np.float64(1.0446267847504391), np.float64(0.7836746076572404), 0.62831853, 0.52359878, np.float64(0.09942809160478921), 0.2, np.float64(0.3275535243178745), 0.95, False, False, False, True, 0.0, 0.0, np.float64(0.4398402228241057), np.float64(0.6975222501064174))
Waveform Generated. SNR: 19.78327576027509
The optimal source SNR is <= 20. The Fisher approximation may not be valid!
calculating Fisher matrix...
Finished derivatives
Calculated Fisher is *atleast* positive-definite.
Time taken to compute FM is 5.508649826049805 seconds
    CV from_0PA#1 it  47 lam=2.6e-08 ov=0.9992250 chi2=6.071e-01 rel=2.1e-04
Body is not plunging, Fisher should be stable.
waveform shape: (3, 788953)
Computing SNR for parameters: (np.float64(1018188.4291730545), np.float64(9922.034694900325), np.float64(-0.822400455838264), np.float64(30.06566463216206), np.float64(0.498847832397329), 1.0, 94.592671, np.float64(1.0446390547335938), np.float64(0.7837065143738866), 0.62831853, 0.52359878, np.float64(0.09933998120771188), 0.2, np.float64(0.3276002125235728), 0.95, False, False, False, True, 0.0, 0.0, np.float64(0.4456336581217541), np.float64(0.7034434016978608))
Waveform Generated. SNR: 19.782611481435826
The optimal source SNR is <= 20. The Fisher approximation may not be valid!
calculating Fisher matrix...
Finished derivatives
Calculated Fisher is *atleast* positive-definite.
Time taken to compute FM is 5.445438623428345 seconds
    CV from_0PA#1 it  48 lam=2.6e-08 ov=0.9992251 chi2=6.069e-01 rel=2.3e-04
Body is not plunging, Fisher should be stable.
waveform shape: (3, 788953)
Computing SNR for parameters: (np.float64(1018195.0510332118), np.float64(9921.496405042244), np.float64(-0.8223858083233617), np.float64(30.065567202300706), np.float64(0.4988472511005015), 1.0, 94.592671, np.float64(1.0446538231050042), np.float64(0.7837203197912824), 0.62831853, 0.52359878, np.float64(0.09924686448658725), 0.2, np.float64(0.3276736069560338), 0.95, False, False, False, True, 0.0, 0.0, np.float64(0.45126816284396204), np.float64(0.7093470486809299))
Waveform Generated. SNR: 19.78186468082793
The optimal source SNR is <= 20. The Fisher approximation may not be valid!
calculating Fisher matrix...
Finished derivatives
Calculated Fisher is *atleast* positive-definite.
Time taken to compute FM is 5.476980447769165 seconds
    CV from_0PA#1 it  49 lam=2.7e-08 ov=0.9992252 chi2=6.068e-01 rel=3.6e-04
Body is not plunging, Fisher should be stable.
waveform shape: (3, 788953)
Computing SNR for parameters: (np.float64(1018215.7998882696), np.float64(9920.971381164807), np.float64(-0.8223370109880505), np.float64(30.065242952653097), np.float64(0.4988453189158021), 1.0, 94.592671, np.float64(1.044668278907333), np.float64(0.7837321299293333), 0.62831853, 0.52359878, np.float64(0.09896050749343896), 0.2, np.float64(0.32788980381503013), 0.95, False, False, False, True, 0.0, 0.0, np.float64(0.45668062400476833), np.float64(0.7155700130266897))
Waveform Generated. SNR: 19.78145150698464
The optimal source SNR is <= 20. The Fisher approximation may not be valid!
calculating stable deltas...
plunging! t_interp:  7889529.999999998 t_traj:  7882110.285938825
plunging! t_interp:  7889529.999999998 t_traj:  7885573.942506263
plunging! t_interp:  7889529.999999998 t_traj:  7889038.708525851
plunging! t_interp:  7889529.999999998 t_traj:  7889407.237790755
plunging! t_interp:  7889529.999999998 t_traj:  7886129.239066029
plunging! t_interp:  7889529.999999998 t_traj:  7882854.01407984
Time taken to compute stable deltas is 56.8062903881073 seconds
calculating Fisher matrix...
Finished derivatives
Calculated Fisher is *atleast* positive-definite.
Time taken to compute FM is 4.854511499404907 seconds
    CV from_0PA#1 it  50 lam=3.2e-08 ov=0.9992254 chi2=6.066e-01 rel=7.9e-05
Body is not plunging, Fisher should be stable.
waveform shape: (3, 788953)
Computing SNR for parameters: (np.float64(1018218.9515913994), np.float64(9920.440400202177), np.float64(-0.8223310780771127), np.float64(30.06519982170827), np.float64(0.4988450985100616), 1.0, 94.592671, np.float64(1.0447275954894264), np.float64(0.7837067817972156), 0.62831853, 0.52359878, np.float64(0.09878654986707594), 0.2, np.float64(0.3279746061729691), 0.95, False, False, False, True, 0.0, 0.0, np.float64(0.4622369486078215), np.float64(0.7212665030972392))
Waveform Generated. SNR: 19.780629980880583
The optimal source SNR is <= 20. The Fisher approximation may not be valid!
calculating Fisher matrix...
Finished derivatives
Calculated Fisher is *atleast* positive-definite.
Time taken to compute FM is 5.443990230560303 seconds
    CV from_0PA#1 it  51 lam=3.2e-08 ov=0.9992254 chi2=6.065e-01 rel=1.8e-04
Body is not plunging, Fisher should be stable.
waveform shape: (3, 788953)
Computing SNR for parameters: (np.float64(1018220.784728966), np.float64(9920.016296139303), np.float64(-0.8223278272639477), np.float64(30.06517702819469), np.float64(0.49884497282308765), 1.0, 94.592671, np.float64(1.0446549512084922), np.float64(0.7837641360022739), 0.62831853, 0.52359878, np.float64(0.0986446039882918), 0.2, np.float64(0.32804033469317506), 0.95, False, False, False, True, 0.0, 0.0, np.float64(0.4666929753776206), np.float64(0.7258065947660274))
Waveform Generated. SNR: 19.77939131582778
The optimal source SNR is <= 20. The Fisher approximation may not be valid!
calculating Fisher matrix...
Finished derivatives
Calculated Fisher is *atleast* positive-definite.
Time taken to compute FM is 5.440445899963379 seconds
    CV from_0PA#1 it  52 lam=3.2e-08 ov=0.9992253 chi2=6.064e-01 rel=1.5e-04
Body is not plunging, Fisher should be stable.
waveform shape: (3, 788953)
Computing SNR for parameters: (np.float64(1018223.5989343815), np.float64(9919.597675758749), np.float64(-0.822322063788102), np.float64(30.065138665875857), np.float64(0.4988447441160936), 1.0, 94.592671, np.float64(1.0446648765047877), np.float64(0.783776448114864), 0.62831853, 0.52359878, np.float64(0.09860250610956198), 0.2, np.float64(0.32807104904116746), 0.95, False, False, False, True, 0.0, 0.0, np.float64(0.4710918283043769), np.float64(0.7303220340583138))
Waveform Generated. SNR: 19.77879972865361
The optimal source SNR is <= 20. The Fisher approximation may not be valid!
calculating Fisher matrix...
Finished derivatives
Calculated Fisher is *atleast* positive-definite.
Time taken to compute FM is 5.45958685874939 seconds
    CV from_0PA#1 it  53 lam=3.2e-08 ov=0.9992254 chi2=6.063e-01 rel=1.4e-04
Body is not plunging, Fisher should be stable.
waveform shape: (3, 788953)
Computing SNR for parameters: (np.float64(1018225.2040274292), np.float64(9919.184263420597), np.float64(-0.8223192389640845), np.float64(30.065119436740044), np.float64(0.49884463418674), 1.0, 94.592671, np.float64(1.044679337388191), np.float64(0.7837700421942981), 0.62831853, 0.52359878, np.float64(0.09857678326322697), 0.2, np.float64(0.3280921938552046), 0.95, False, False, False, True, 0.0, 0.0, np.float64(0.4754406965928611), np.float64(0.7347404447800819))
Waveform Generated. SNR: 19.77811117607874
The optimal source SNR is <= 20. The Fisher approximation may not be valid!
calculating Fisher matrix...
Finished derivatives
Calculated Fisher is *atleast* positive-definite.
Time taken to compute FM is 5.469413995742798 seconds
    CV from_0PA#1 it  54 lam=3.2e-08 ov=0.9992254 chi2=6.062e-01 rel=1.5e-04
Body is not plunging, Fisher should be stable.
waveform shape: (3, 788953)
Computing SNR for parameters: (np.float64(1018225.1584427226), np.float64(9918.767233105438), np.float64(-0.8223203323444301), np.float64(30.065127091117315), np.float64(0.4988446769701546), 1.0, 94.592671, np.float64(1.0447730266629496), np.float64(0.7837768165416265), 0.62831853, 0.52359878, np.float64(0.09863531940692427), 0.2, np.float64(0.32808713561120273), 0.95, False, False, False, True, 0.0, 0.0, np.float64(0.4798443996178308), np.float64(0.7391507245383844))
Waveform Generated. SNR: 19.778494457064284
The optimal source SNR is <= 20. The Fisher approximation may not be valid!
calculating stable deltas...
plunging! t_interp:  7889529.999999998 t_traj:  7882110.507919426
plunging! t_interp:  7889529.999999998 t_traj:  7885574.162641447
plunging! t_interp:  7889529.999999998 t_traj:  7889038.926798122
plunging! t_interp:  7889529.999999998 t_traj:  7889077.865367378
plunging! t_interp:  7889529.999999998 t_traj:  7885635.502446498
plunging! t_interp:  7889529.999999998 t_traj:  7882196.197908142
Time taken to compute stable deltas is 56.72971844673157 seconds
calculating Fisher matrix...
Finished derivatives
Calculated Fisher is *atleast* positive-definite.
Time taken to compute FM is 4.801461219787598 seconds
    CV from_0PA#1 it  55 lam=3.2e-08 ov=0.9992255 chi2=6.061e-01 rel=1.4e-04
Body is not plunging, Fisher should be stable.
waveform shape: (3, 788953)
Computing SNR for parameters: (np.float64(1018224.8263136622), np.float64(9918.351250223595), np.float64(-0.8223221428390188), np.float64(30.06513903420783), np.float64(0.49884474917053356), 1.0, 94.592671, np.float64(1.044767284857852), np.float64(0.7837754105331948), 0.62831853, 0.52359878, np.float64(0.09864020214051224), 0.2, np.float64(0.32807979508447976), 0.95, False, False, False, True, 0.0, 0.0, np.float64(0.48423506865600663), np.float64(0.743532980151002))
Waveform Generated. SNR: 19.777588307882937
The optimal source SNR is <= 20. The Fisher approximation may not be valid!
calculating Fisher matrix...
Finished derivatives
Calculated Fisher is *atleast* positive-definite.
Time taken to compute FM is 5.454765558242798 seconds
    CV from_0PA#1 it  56 lam=3.2e-08 ov=0.9992255 chi2=6.061e-01 rel=1.5e-04
Body is not plunging, Fisher should be stable.
waveform shape: (3, 788953)
Computing SNR for parameters: (np.float64(1018227.8717610373), np.float64(9917.91503844864), np.float64(-0.8223158136151293), np.float64(30.06509765458626), np.float64(0.4988444910905422), 1.0, 94.592671, np.float64(1.0447766467324158), np.float64(0.783805149195371), 0.62831853, 0.52359878, np.float64(0.09861350051343944), 0.2, np.float64(0.32810455411401046), 0.95, False, False, False, True, 0.0, 0.0, np.float64(0.4888276582760732), np.float64(0.7482545692491026))
Waveform Generated. SNR: 19.777101098834564
The optimal source SNR is <= 20. The Fisher approximation may not be valid!
calculating Fisher matrix...
Finished derivatives
Calculated Fisher is *atleast* positive-definite.
Time taken to compute FM is 5.467205047607422 seconds
    CV from_0PA#1 it  57 lam=2.3e-08 ov=0.9992256 chi2=6.060e-01 rel=2.1e-04
Body is not plunging, Fisher should be stable.
waveform shape: (3, 788953)
Computing SNR for parameters: (np.float64(1018230.0874301783), np.float64(9917.538208280563), np.float64(-0.8223114160038547), np.float64(30.06506764633081), np.float64(0.49884432781724414), 1.0, 94.592671, np.float64(1.0447849557645132), np.float64(0.7838138653867611), 0.62831853, 0.52359878, np.float64(0.09854665632645844), 0.2, np.float64(0.3281379104924083), 0.95, False, False, False, True, 0.0, 0.0, np.float64(0.4927844740894031), np.float64(0.7522961838783324))
Waveform Generated. SNR: 19.776827931589647
The optimal source SNR is <= 20. The Fisher approximation may not be valid!
calculating Fisher matrix...
Finished derivatives
Calculated Fisher is *atleast* positive-definite.
Time taken to compute FM is 5.43097996711731 seconds
    CV from_0PA#1 it  58 lam=3.0e-08 ov=0.9992257 chi2=6.058e-01 rel=6.2e-05
Body is not plunging, Fisher should be stable.
waveform shape: (3, 788953)
Computing SNR for parameters: (np.float64(1018232.959732463), np.float64(9916.98398887756), np.float64(-0.8223058140818339), np.float64(30.065030233170482), np.float64(0.4988441061130649), 1.0, 94.592671, np.float64(1.0447501603864051), np.float64(0.783820176762033), 0.62831853, 0.52359878, np.float64(0.09846957687461363), 0.2, np.float64(0.32814680563660575), 0.95, False, False, False, True, 0.0, 0.0, np.float64(0.49861531566199524), np.float64(0.7582371379501658))
Waveform Generated. SNR: 19.775073903555697
The optimal source SNR is <= 20. The Fisher approximation may not be valid!
calculating Fisher matrix...
Finished derivatives
Calculated Fisher is *atleast* positive-definite.
Time taken to compute FM is 5.441356420516968 seconds
    CV from_0PA#1 it  59 lam=3.0e-08 ov=0.9992255 chi2=6.058e-01 rel=1.8e-04
Body is not plunging, Fisher should be stable.
waveform shape: (3, 788953)
Computing SNR for parameters: (np.float64(1018233.5071092544), np.float64(9916.525776271124), np.float64(-0.8223056818210264), np.float64(30.065029235712405), np.float64(0.4988440969914018), 1.0, 94.592671, np.float64(1.0448167000961521), np.float64(0.7838433798566324), 0.62831853, 0.52359878, np.float64(0.09848612443748324), 0.2, np.float64(0.3281813451157465), 0.95, False, False, False, True, 0.0, 0.0, np.float64(0.503455262441373), np.float64(0.763120198618784))
Waveform Generated. SNR: 19.775181549945483
The optimal source SNR is <= 20. The Fisher approximation may not be valid!
calculating stable deltas...
plunging! t_interp:  7889529.999999997 t_traj:  7882110.699120081
plunging! t_interp:  7889529.999999997 t_traj:  7885574.352133243
plunging! t_interp:  7889529.999999997 t_traj:  7889039.1145262
plunging! t_interp:  7889529.999999997 t_traj:  7888742.421648026
plunging! t_interp:  7889529.999999997 t_traj:  7885132.702896587
plunging! t_interp:  7889529.999999997 t_traj:  7881526.347727245
Time taken to compute stable deltas is 56.708436489105225 seconds
calculating Fisher matrix...
Finished derivatives
Calculated Fisher is *atleast* positive-definite.
Time taken to compute FM is 4.788897514343262 seconds
    CV from_0PA#1 it  60 lam=3.0e-08 ov=0.9992257 chi2=6.057e-01 rel=1.3e-04
Body is not plunging, Fisher should be stable.
waveform shape: (3, 788953)
Computing SNR for parameters: (np.float64(1018232.3743705596), np.float64(9916.109723618287), np.float64(-0.8223094133699663), np.float64(30.065053965485493), np.float64(0.4988442481410276), 1.0, 94.592671, np.float64(1.0448596365181764), np.float64(0.7838225008304549), 0.62831853, 0.52359878, np.float64(0.09854147853574415), 0.2, np.float64(0.3281618953760524), 0.95, False, False, False, True, 0.0, 0.0, np.float64(0.5078548546173896), np.float64(0.767480002611476))
Waveform Generated. SNR: 19.77471097326938
The optimal source SNR is <= 20. The Fisher approximation may not be valid!
calculating Fisher matrix...
Finished derivatives
Calculated Fisher is *atleast* positive-definite.
Time taken to compute FM is 5.428360939025879 seconds
    CV from_0PA#1 it  61 lam=2.9e-08 ov=0.9992257 chi2=6.056e-01 rel=2.1e-04
Body is not plunging, Fisher should be stable.
waveform shape: (3, 788953)
Computing SNR for parameters: (np.float64(1018227.787102135), np.float64(9915.69548178872), np.float64(-0.8223214625973946), np.float64(30.06513410233619), np.float64(0.49884472650333184), 1.0, 94.592671, np.float64(1.0448726892147013), np.float64(0.783831961471605), 0.62831853, 0.52359878, np.float64(0.09860900439997154), 0.2, np.float64(0.32810801704812265), 0.95, False, False, False, True, 0.0, 0.0, np.float64(0.5122571941459712), np.float64(0.7717049688132509))
Waveform Generated. SNR: 19.77441051940544
The optimal source SNR is <= 20. The Fisher approximation may not be valid!
calculating Fisher matrix...
Finished derivatives
Calculated Fisher is *atleast* positive-definite.
Time taken to compute FM is 5.463970899581909 seconds
    CV from_0PA#1 it  62 lam=4.3e-08 ov=0.9992259 chi2=6.055e-01 rel=4.0e-05
Body is not plunging, Fisher should be stable.
waveform shape: (3, 788953)
Computing SNR for parameters: (np.float64(1018220.2205788124), np.float64(9915.258635256216), np.float64(-0.8223406416512741), np.float64(30.065262295814833), np.float64(0.49884548584971833), 1.0, 94.592671, np.float64(1.0448345213226187), np.float64(0.7839388570718095), 0.62831853, 0.52359878, np.float64(0.09863314226929122), 0.2, np.float64(0.32800385881044014), 0.95, False, False, False, True, 0.0, 0.0, np.float64(0.516917476128165), np.float64(0.7760537440941966))
Waveform Generated. SNR: 19.77368379661519
The optimal source SNR is <= 20. The Fisher approximation may not be valid!
calculating Fisher matrix...
Finished derivatives
Calculated Fisher is *atleast* positive-definite.
Time taken to compute FM is 5.413227558135986 seconds
    CV from_0PA#1 it  63 lam=4.3e-08 ov=0.9992258 chi2=6.055e-01 rel=9.7e-05
Body is not plunging, Fisher should be stable.
waveform shape: (3, 788953)
Computing SNR for parameters: (np.float64(1018219.9708144248), np.float64(9914.976936748411), np.float64(-0.8223418061478357), np.float64(30.0652717930574), np.float64(0.4988455207248365), 1.0, 94.592671, np.float64(1.044890317847343), np.float64(0.783847792145467), 0.62831853, 0.52359878, np.float64(0.09884255653307444), 0.2, np.float64(0.32797185576673843), 0.95, False, False, False, True, 0.0, 0.0, np.float64(0.5199111691347078), np.float64(0.779060947148939))
Waveform Generated. SNR: 19.773032258358892
The optimal source SNR is <= 20. The Fisher approximation may not be valid!
calculating Fisher matrix...
Finished derivatives
Calculated Fisher is *atleast* positive-definite.
Time taken to compute FM is 5.386221170425415 seconds
    CV from_0PA#1 it  64 lam=4.3e-08 ov=0.9992258 chi2=6.054e-01 rel=9.2e-05
Body is not plunging, Fisher should be stable.
waveform shape: (3, 788953)
Computing SNR for parameters: (np.float64(1018221.9990459816), np.float64(9914.691495170304), np.float64(-0.8223375514547349), np.float64(30.065244079161882), np.float64(0.4988453494596376), 1.0, 94.592671, np.float64(1.0448984681847264), np.float64(0.783857019385829), 0.62831853, 0.52359878, np.float64(0.09883943555998582), 0.2, np.float64(0.3279829356003206), 0.95, False, False, False, True, 0.0, 0.0, np.float64(0.5229198162903943), np.float64(0.782152871778298))
Waveform Generated. SNR: 19.772642244331074
The optimal source SNR is <= 20. The Fisher approximation may not be valid!
calculating stable deltas...
plunging! t_interp:  7889529.999999998 t_traj:  7882110.3518905835
plunging! t_interp:  7889529.999999998 t_traj:  7885574.008603579
plunging! t_interp:  7889529.999999998 t_traj:  7889038.774740522
plunging! t_interp:  7889529.999999998 t_traj:  7888465.513008129
plunging! t_interp:  7889529.999999998 t_traj:  7884717.90016884
plunging! t_interp:  7889529.999999998 t_traj:  7880973.912890899
Time taken to compute stable deltas is 56.69150638580322 seconds
calculating Fisher matrix...
Finished derivatives
Calculated Fisher is *atleast* positive-definite.
Time taken to compute FM is 4.783594608306885 seconds
    CV from_0PA#1 it  65 lam=4.3e-08 ov=0.9992258 chi2=6.053e-01 rel=8.2e-05
Body is not plunging, Fisher should be stable.
waveform shape: (3, 788953)
Computing SNR for parameters: (np.float64(1018223.7319681797), np.float64(9914.417831837725), np.float64(-0.8223340898803737), np.float64(30.06522044801087), np.float64(0.4988452140739732), 1.0, 94.592671, np.float64(1.0448572985855376), np.float64(0.7838482567840837), 0.62831853, 0.52359878, np.float64(0.09877993935710969), 0.2, np.float64(0.32800641911575307), 0.95, False, False, False, True, 0.0, 0.0, np.float64(0.5257977526012452), np.float64(0.7851018626344384))
Waveform Generated. SNR: 19.77152675518007
The optimal source SNR is <= 20. The Fisher approximation may not be valid!
calculating Fisher matrix...
Finished derivatives
Calculated Fisher is *atleast* positive-definite.
Time taken to compute FM is 5.466067552566528 seconds
    CV from_0PA#1 it  66 lam=1.4e-08 ov=0.9992257 chi2=6.053e-01 rel=1.8e-04
Body is not plunging, Fisher should be stable.
waveform shape: (3, 788953)
Computing SNR for parameters: (np.float64(1018226.8636005336), np.float64(9914.14448870972), np.float64(-0.822327191919704), np.float64(30.065174653783572), np.float64(0.49884494110439975), 1.0, 94.592671, np.float64(1.0448647885666367), np.float64(0.7838549507232884), 0.62831853, 0.52359878, np.float64(0.09873949572808938), 0.2, np.float64(0.3280386503068594), 0.95, False, False, False, True, 0.0, 0.0, np.float64(0.5286692210125601), np.float64(0.7880995195533781))
Waveform Generated. SNR: 19.77144488773645
The optimal source SNR is <= 20. The Fisher approximation may not be valid!
calculating Fisher matrix...
Finished derivatives
Calculated Fisher is *atleast* positive-definite.
Time taken to compute FM is 5.430837154388428 seconds
    CV from_0PA#1 it  67 lam=4.7e-08 ov=0.9992259 chi2=6.052e-01 rel=1.7e-05
Body is not plunging, Fisher should be stable.
waveform shape: (3, 788953)
Computing SNR for parameters: (np.float64(1018230.2058427625), np.float64(9913.733827428066), np.float64(-0.8223201246958844), np.float64(30.065127511745636), np.float64(0.49884466294872054), 1.0, 94.592671, np.float64(1.0448957524484017), np.float64(0.7839605816941023), 0.62831853, 0.52359878, np.float64(0.09859475719224621), 0.2, np.float64(0.32807801284679355), 0.95, False, False, False, True, 0.0, 0.0, np.float64(0.5329885900925767), np.float64(0.7925446936202261))
Waveform Generated. SNR: 19.771615147259435
The optimal source SNR is <= 20. The Fisher approximation may not be valid!
calculating Fisher matrix...
Finished derivatives
Calculated Fisher is *atleast* positive-definite.
Time taken to compute FM is 5.459690093994141 seconds
    CV from_0PA#1 it  68 lam=4.7e-08 ov=0.9992259 chi2=6.052e-01 rel=9.1e-05
Body is not plunging, Fisher should be stable.
waveform shape: (3, 788953)
Computing SNR for parameters: (np.float64(1018230.4826945743), np.float64(9913.491229233465), np.float64(-0.8223201665808616), np.float64(30.065126855942765), np.float64(0.498844667185408), 1.0, 94.592671, np.float64(1.0449080259645602), np.float64(0.7838661460249163), 0.62831853, 0.52359878, np.float64(0.09865541143188819), 0.2, np.float64(0.3280977560183232), 0.95, False, False, False, True, 0.0, 0.0, np.float64(0.5355485790983855), np.float64(0.7951331757922915))
Waveform Generated. SNR: 19.77049678428176
The optimal source SNR is <= 20. The Fisher approximation may not be valid!
calculating Fisher matrix...
Finished derivatives
Calculated Fisher is *atleast* positive-definite.
Time taken to compute FM is 5.478463411331177 seconds
    CV from_0PA#1 it  69 lam=4.7e-08 ov=0.9992258 chi2=6.051e-01 rel=6.9e-05
Body is not plunging, Fisher should be stable.
waveform shape: (3, 788953)
Computing SNR for parameters: (np.float64(1018230.1276831544), np.float64(9913.251362794292), np.float64(-0.8223216146183877), np.float64(30.065136312925713), np.float64(0.4988447258495109), 1.0, 94.592671, np.float64(1.0449154537333352), np.float64(0.7838698592950184), 0.62831853, 0.52359878, np.float64(0.09865583809238182), 0.2, np.float64(0.32809432628343466), 0.95, False, False, False, True, 0.0, 0.0, np.float64(0.5380856670310098), np.float64(0.7976582761912869))
Waveform Generated. SNR: 19.770142001928942
The optimal source SNR is <= 20. The Fisher approximation may not be valid!
calculating stable deltas...
plunging! t_interp:  7889529.999999998 t_traj:  7882110.52711749
plunging! t_interp:  7889529.999999998 t_traj:  7885574.181992783
plunging! t_interp:  7889529.999999998 t_traj:  7889038.946272901
plunging! t_interp:  7889529.999999998 t_traj:  7888250.467413438
plunging! t_interp:  7889529.999999998 t_traj:  7884395.564830458
plunging! t_interp:  7889529.999999998 t_traj:  7880544.497868898
Time taken to compute stable deltas is 57.23271822929382 seconds
calculating Fisher matrix...
Finished derivatives
Calculated Fisher is *atleast* positive-definite.
Time taken to compute FM is 4.835432529449463 seconds
    CV from_0PA#1 it  70 lam=4.7e-08 ov=0.9992259 chi2=6.051e-01 rel=6.9e-05
Body is not plunging, Fisher should be stable.
waveform shape: (3, 788953)
Computing SNR for parameters: (np.float64(1018230.840819982), np.float64(9913.011737321756), np.float64(-0.822320423784808), np.float64(30.06512891904489), np.float64(0.49884467716334346), 1.0, 94.592671, np.float64(1.0449471793648053), np.float64(0.7838629554407782), 0.62831853, 0.52359878, np.float64(0.09869301723673284), 0.2, np.float64(0.32809042933967797), 0.95, False, False, False, True, 0.0, 0.0, np.float64(0.5406191582898856), np.float64(0.8002236852726503))
Waveform Generated. SNR: 19.76999239589966
The optimal source SNR is <= 20. The Fisher approximation may not be valid!
calculating Fisher matrix...
Finished derivatives
Calculated Fisher is *atleast* positive-definite.
Time taken to compute FM is 5.451396942138672 seconds
    CV from_0PA#1 it  71 lam=4.7e-08 ov=0.9992259 chi2=6.050e-01 rel=6.9e-05
Body is not plunging, Fisher should be stable.
waveform shape: (3, 788953)
Computing SNR for parameters: (np.float64(1018232.1976758123), np.float64(9912.777847487729), np.float64(-0.8223177564880108), np.float64(30.06511077189023), np.float64(0.49884457088719864), 1.0, 94.592671, np.float64(1.0448687670237933), np.float64(0.7838985634854335), 0.62831853, 0.52359878, np.float64(0.09859335275096578), 0.2, np.float64(0.328113501140746), 0.95, False, False, False, True, 0.0, 0.0, np.float64(0.5430821010001433), np.float64(0.8027407299206366))
Waveform Generated. SNR: 19.76887943684039
The optimal source SNR is <= 20. The Fisher approximation may not be valid!
calculating Fisher matrix...
Finished derivatives
Calculated Fisher is *atleast* positive-definite.
Time taken to compute FM is 5.430310964584351 seconds
    CV from_0PA#1 it  72 lam=4.7e-08 ov=0.9992258 chi2=6.050e-01 rel=6.2e-05
Body is not plunging, Fisher should be stable.
waveform shape: (3, 788953)
Computing SNR for parameters: (np.float64(1018232.9504885168), np.float64(9912.546674455753), np.float64(-0.8223165337998523), np.float64(30.065102406327796), np.float64(0.4988445222338346), 1.0, 94.592671, np.float64(1.0448673072299954), np.float64(0.7839422396293085), 0.62831853, 0.52359878, np.float64(0.09853602139887117), 0.2, np.float64(0.3281329118618976), 0.95, False, False, False, True, 0.0, 0.0, np.float64(0.5455220475129656), np.float64(0.8052134580576822))
Waveform Generated. SNR: 19.76876773915618
The optimal source SNR is <= 20. The Fisher approximation may not be valid!
calculating Fisher matrix...
Finished derivatives
Calculated Fisher is *atleast* positive-definite.
Time taken to compute FM is 5.411922454833984 seconds
    CV from_0PA#1 it  73 lam=4.7e-08 ov=0.9992259 chi2=6.050e-01 rel=7.0e-05
Body is not plunging, Fisher should be stable.
waveform shape: (3, 788953)
Computing SNR for parameters: (np.float64(1018233.53244752), np.float64(9912.311946156313), np.float64(-0.8223156535217778), np.float64(30.06509701275334), np.float64(0.49884448818968646), 1.0, 94.592671, np.float64(1.044964503077525), np.float64(0.7838910467566749), 0.62831853, 0.52359878, np.float64(0.09863894917382013), 0.2, np.float64(0.32812334543889987), 0.95, False, False, False, True, 0.0, 0.0, np.float64(0.5480048422839506), np.float64(0.8077253847242469))
Waveform Generated. SNR: 19.769074880624906
The optimal source SNR is <= 20. The Fisher approximation may not be valid!
calculating Fisher matrix...
Finished derivatives
Calculated Fisher is *atleast* positive-definite.
Time taken to compute FM is 5.426279067993164 seconds
    CV from_0PA#1 it  74 lam=4.7e-08 ov=0.9992260 chi2=6.049e-01 rel=6.6e-05
Body is not plunging, Fisher should be stable.
waveform shape: (3, 788953)
Computing SNR for parameters: (np.float64(1018233.4384665813), np.float64(9912.078992559294), np.float64(-0.822316457828916), np.float64(30.06510216624129), np.float64(0.49884452171576765), 1.0, 94.592671, np.float64(1.044972745122675), np.float64(0.7838956828797689), 0.62831853, 0.52359878, np.float64(0.0986335000331811), 0.2, np.float64(0.32812421755628157), 0.95, False, False, False, True, 0.0, 0.0, np.float64(0.5504683078153922), np.float64(0.8101872958118986))
Waveform Generated. SNR: 19.768754719890794
The optimal source SNR is <= 20. The Fisher approximation may not be valid!
calculating stable deltas...
plunging! t_interp:  7889529.999999997 t_traj:  7882110.6021142965
plunging! t_interp:  7889529.999999997 t_traj:  7885574.256211672
plunging! t_interp:  7889529.999999997 t_traj:  7889039.019833339
plunging! t_interp:  7889529.999999997 t_traj:  7888074.897436797
plunging! t_interp:  7889529.999999997 t_traj:  7884132.438694693
plunging! t_interp:  7889529.999999997 t_traj:  7880193.992215331
Time taken to compute stable deltas is 56.58283495903015 seconds
calculating Fisher matrix...
Finished derivatives
Calculated Fisher is *atleast* positive-definite.
Time taken to compute FM is 4.834338426589966 seconds
    CV from_0PA#1 it  75 lam=4.7e-08 ov=0.9992260 chi2=6.049e-01 rel=6.4e-05
Body is not plunging, Fisher should be stable.
waveform shape: (3, 788953)
Computing SNR for parameters: (np.float64(1018233.6304309032), np.float64(9911.84813225511), np.float64(-0.8223165383782749), np.float64(30.065102855500392), np.float64(0.49884452426410814), 1.0, 94.592671, np.float64(1.0449797546583601), np.float64(0.7839004580091956), 0.62831853, 0.52359878, np.float64(0.09864007105538078), 0.2, np.float64(0.3281223899533988), 0.95, False, False, False, True, 0.0, 0.0, np.float64(0.5529108189823325), np.float64(0.8126404157552501))
Waveform Generated. SNR: 19.768422204309566
The optimal source SNR is <= 20. The Fisher approximation may not be valid!
calculating Fisher matrix...
Finished derivatives
Calculated Fisher is *atleast* positive-definite.
Time taken to compute FM is 5.486696481704712 seconds
    CV from_0PA#1 it  76 lam=1.6e-08 ov=0.9992260 chi2=6.048e-01 rel=1.6e-04
Body is not plunging, Fisher should be stable.
waveform shape: (3, 788953)
Computing SNR for parameters: (np.float64(1018235.0203128152), np.float64(9911.61862412765), np.float64(-0.8223137103106568), np.float64(30.06508439223255), np.float64(0.4988444106937051), 1.0, 94.592671, np.float64(1.0449864128536184), np.float64(0.7839066061398431), 0.62831853, 0.52359878, np.float64(0.09863679733046563), 0.2, np.float64(0.3281309323566444), 0.95, False, False, False, True, 0.0, 0.0, np.float64(0.5553335912760896), np.float64(0.8151210196370015))
Waveform Generated. SNR: 19.768387570372262
The optimal source SNR is <= 20. The Fisher approximation may not be valid!
calculating Fisher matrix...
Finished derivatives
Calculated Fisher is *atleast* positive-definite.
Time taken to compute FM is 5.476533651351929 seconds
    CV from_0PA#1 it  77 lam=1.9e+08 ov=0.9992261 chi2=6.047e-01 rel=5.7e-12
    NM  nfev=1743 ov 0.9992261 -> 0.9992261 (accepted=True)
Body is not plunging, Fisher should be stable.
waveform shape: (3, 788953)
Computing SNR for parameters: (np.float64(1018235.0226730937), np.float64(9911.618747508075), np.float64(-0.8223137161594585), np.float64(30.065084425924404), np.float64(0.49884440987979256), 1.0, 94.592671, np.float64(1.044980711549029), np.float64(0.7839204963353553), 0.62831853, 0.52359878, np.float64(0.09867217794231604), 0.2, np.float64(0.3281301695192225), 0.95, False, False, False, True, 0.0, 0.0, np.float64(0.5553333232392939), np.float64(0.8151195152111339))
Waveform Generated. SNR: 19.7684562080363
The optimal source SNR is <= 20. The Fisher approximation may not be valid!
calculating stable deltas...
plunging! t_interp:  7889529.999999998 t_traj:  7882110.631090444
plunging! t_interp:  7889529.999999998 t_traj:  7885574.285060721
plunging! t_interp:  7889529.999999998 t_traj:  7889039.048380404
plunging! t_interp:  7889529.999999998 t_traj:  7888005.944138671
plunging! t_interp:  7889529.999999998 t_traj:  7884029.100328907
plunging! t_interp:  7889529.999999998 t_traj:  7880056.339248234
Time taken to compute stable deltas is 56.287225008010864 seconds
calculating Fisher matrix...
Finished derivatives
Calculated Fisher is *atleast* positive-definite.
Time taken to compute FM is 4.787766695022583 seconds
    CV from_0PA#2 it   0 lam=9.5e+137 ov=0.9992261 chi2=6.047e-01 rel=0.0e+00

[pt20] --- start = from_NMdev (overlap 0.9989205) ---
Body is not plunging, Fisher should be stable.
waveform shape: (3, 788953)
Computing SNR for parameters: (np.float64(1018135.3398), np.float64(10022.9935), np.float64(-0.822283), np.float64(30.064854), np.float64(0.498844), 1.0, 94.592671, np.float64(1.041702), np.float64(0.78138), 0.62831853, 0.52359878, np.float64(0.098381), 0.2, np.float64(0.329293), 0.95, False, False, False, True, 0.0, 0.0, np.float64(-0.597271), np.float64(-0.343141))
Waveform Generated. SNR: 19.926137697940714
The optimal source SNR is <= 20. The Fisher approximation may not be valid!
calculating stable deltas...
plunging! t_interp:  7889529.999999999 t_traj:  7882108.238109046
plunging! t_interp:  7889529.999999999 t_traj:  7885571.887776075
plunging! t_interp:  7889529.999999999 t_traj:  7889036.647027936
plunging! t_interp:  7889529.999999999 t_traj:  7878472.6735893395
plunging! t_interp:  7889529.999999999 t_traj:  7882839.469712834
plunging! t_interp:  7889529.999999999 t_traj:  7887211.199628872
Time taken to compute stable deltas is 56.23921585083008 seconds
calculating Fisher matrix...
Finished derivatives
Calculated Fisher is *atleast* positive-definite.
Time taken to compute FM is 4.802822828292847 seconds
    CV from_NMdev#1 it   0 lam=3.3e-03 ov=0.9989205 chi2=8.835e-01 rel=2.6e-01
Body is not plunging, Fisher should be stable.
waveform shape: (3, 788953)
Computing SNR for parameters: (np.float64(1018135.3707327276), np.float64(10022.993155529119), np.float64(-0.8222832350849857), np.float64(30.06485434111799), np.float64(0.49884409102327093), 1.0, 94.592671, np.float64(1.041589780701647), np.float64(0.7809372877020982), 0.62831853, 0.52359878, np.float64(0.09841604642990888), 0.2, np.float64(0.3277844454407994), 0.95, False, False, False, True, 0.0, 0.0, np.float64(-0.5972730477228867), np.float64(-0.3433197087385766))
Waveform Generated. SNR: 19.92083408733699
The optimal source SNR is <= 20. The Fisher approximation may not be valid!
calculating Fisher matrix...
Finished derivatives
Calculated Fisher is *atleast* positive-definite.
Time taken to compute FM is 5.392828702926636 seconds
    CV from_NMdev#1 it   1 lam=1.1e-03 ov=0.9992048 chi2=6.577e-01 rel=2.8e-04
Body is not plunging, Fisher should be stable.
waveform shape: (3, 788953)
Computing SNR for parameters: (np.float64(1018135.3765837383), np.float64(10022.99306464477), np.float64(-0.8222835018936893), np.float64(30.06485439180237), np.float64(0.4988440654365076), 1.0, 94.592671, np.float64(1.0417214299470268), np.float64(0.7809742929377463), 0.62831853, 0.52359878, np.float64(0.09843884927990296), 0.2, np.float64(0.3278973599907563), 0.95, False, False, False, True, 0.0, 0.0, np.float64(-0.5972731785576), np.float64(-0.3433731563847923))
Waveform Generated. SNR: 19.922513029534848
The optimal source SNR is <= 20. The Fisher approximation may not be valid!
calculating Fisher matrix...
Finished derivatives
Calculated Fisher is *atleast* positive-definite.
Time taken to compute FM is 5.428934812545776 seconds
    CV from_NMdev#1 it   2 lam=3.7e-04 ov=0.9992059 chi2=6.575e-01 rel=4.4e-05
Body is not plunging, Fisher should be stable.
waveform shape: (3, 788953)
Computing SNR for parameters: (np.float64(1018135.3856833278), np.float64(10022.992809336025), np.float64(-0.8222838656973048), np.float64(30.0648544860117), np.float64(0.49884400756652175), 1.0, 94.592671, np.float64(1.0417284163006117), np.float64(0.7809690440153007), 0.62831853, 0.52359878, np.float64(0.0981944017425348), 0.2, np.float64(0.32783116612021024), 0.95, False, False, False, True, 0.0, 0.0, np.float64(-0.5972748265645035), np.float64(-0.34340566619855806))
Waveform Generated. SNR: 19.92257127731968
The optimal source SNR is <= 20. The Fisher approximation may not be valid!
calculating Fisher matrix...
Finished derivatives
Calculated Fisher is *atleast* positive-definite.
Time taken to compute FM is 5.373643636703491 seconds
    CV from_NMdev#1 it   3 lam=1.9e-04 ov=0.9992060 chi2=6.575e-01 rel=2.0e-05
Body is not plunging, Fisher should be stable.
waveform shape: (3, 788953)
Computing SNR for parameters: (np.float64(1018135.4041756678), np.float64(10022.992427855153), np.float64(-0.8222844265701801), np.float64(30.06485467891311), np.float64(0.4988439621442011), 1.0, 94.592671, np.float64(1.0417222458832303), np.float64(0.7809714801326252), 0.62831853, 0.52359878, np.float64(0.09790493705003217), 0.2, np.float64(0.32781898035316426), 0.95, False, False, False, True, 0.0, 0.0, np.float64(-0.5972764076679167), np.float64(-0.34339853926996966))
Waveform Generated. SNR: 19.92252040051093
The optimal source SNR is <= 20. The Fisher approximation may not be valid!
calculating Fisher matrix...
Finished derivatives
Calculated Fisher is *atleast* positive-definite.
Time taken to compute FM is 5.447301149368286 seconds
    CV from_NMdev#1 it   4 lam=1.5e-04 ov=0.9992060 chi2=6.575e-01 rel=6.5e-06
Body is not plunging, Fisher should be stable.
waveform shape: (3, 788953)
Computing SNR for parameters: (np.float64(1018135.4187848901), np.float64(10022.992213659629), np.float64(-0.8222847623484529), np.float64(30.0648548344105), np.float64(0.49884394708798235), 1.0, 94.592671, np.float64(1.0417191234941445), np.float64(0.7809723922519248), 0.62831853, 0.52359878, np.float64(0.097777675460398), 0.2, np.float64(0.3278462435377856), 0.95, False, False, False, True, 0.0, 0.0, np.float64(-0.5972763119535922), np.float64(-0.3433767538878236))
Waveform Generated. SNR: 19.922490930722937
The optimal source SNR is <= 20. The Fisher approximation may not be valid!
calculating stable deltas...
plunging! t_interp:  7889529.999999998 t_traj:  7882109.8806391945
plunging! t_interp:  7889529.999999998 t_traj:  7885573.531706476
plunging! t_interp:  7889529.999999998 t_traj:  7889038.292131921
plunging! t_interp:  7889529.999999998 t_traj:  7878474.164345089
plunging! t_interp:  7889529.999999998 t_traj:  7882840.999428481
plunging! t_interp:  7889529.999999998 t_traj:  7887212.768528293
Time taken to compute stable deltas is 56.50806546211243 seconds
calculating Fisher matrix...
Finished derivatives
Calculated Fisher is *atleast* positive-definite.
Time taken to compute FM is 4.795907020568848 seconds
    CV from_NMdev#1 it   5 lam=1.4e-04 ov=0.9992059 chi2=6.575e-01 rel=6.0e-06
Body is not plunging, Fisher should be stable.
waveform shape: (3, 788953)
Computing SNR for parameters: (np.float64(1018135.4461138707), np.float64(10022.991961206293), np.float64(-0.8222851241230451), np.float64(30.064855148419515), np.float64(0.49884393574504965), 1.0, 94.592671, np.float64(1.0417592840586498), np.float64(0.7809786438023951), 0.62831853, 0.52359878, np.float64(0.0976959432841308), 0.2, np.float64(0.32790582063441454), 0.95, False, False, False, True, 0.0, 0.0, np.float64(-0.5972721400428354), np.float64(-0.34333083740702963))
Waveform Generated. SNR: 19.923038804729153
The optimal source SNR is <= 20. The Fisher approximation may not be valid!
calculating Fisher matrix...
Finished derivatives
Calculated Fisher is *atleast* positive-definite.
Time taken to compute FM is 5.392736434936523 seconds
    CV from_NMdev#1 it   6 lam=4.7e-05 ov=0.9992062 chi2=6.575e-01 rel=6.0e-06
Body is not plunging, Fisher should be stable.
waveform shape: (3, 788953)
Computing SNR for parameters: (np.float64(1018135.4699379569), np.float64(10022.991796584854), np.float64(-0.822285316301956), np.float64(30.064855442738665), np.float64(0.49884392262126453), 1.0, 94.592671, np.float64(1.0417270328316988), np.float64(0.7809871081769262), 0.62831853, 0.52359878, np.float64(0.09763667863634741), 0.2, np.float64(0.3279400057047676), 0.95, False, False, False, True, 0.0, 0.0, np.float64(-0.5972664401621672), np.float64(-0.34329557739985656))
Waveform Generated. SNR: 19.922721949724743
The optimal source SNR is <= 20. The Fisher approximation may not be valid!
calculating Fisher matrix...
Finished derivatives
Calculated Fisher is *atleast* positive-definite.
Time taken to compute FM is 5.696736574172974 seconds
    CV from_NMdev#1 it   7 lam=2.3e-05 ov=0.9992061 chi2=6.575e-01 rel=8.6e-06
Body is not plunging, Fisher should be stable.
waveform shape: (3, 788953)
Computing SNR for parameters: (np.float64(1018135.5282276216), np.float64(10022.991543670232), np.float64(-0.8222853769052532), np.float64(30.064856187492882), np.float64(0.49884388610088015), 1.0, 94.592671, np.float64(1.0417248688728709), np.float64(0.7809911135134741), 0.62831853, 0.52359878, np.float64(0.09765915771968756), 0.2, np.float64(0.32795852460886293), 0.95, False, False, False, True, 0.0, 0.0, np.float64(-0.5972459357348813), np.float64(-0.34322895144112364))
Waveform Generated. SNR: 19.922723330896144
The optimal source SNR is <= 20. The Fisher approximation may not be valid!
calculating Fisher matrix...
Finished derivatives
Calculated Fisher is *atleast* positive-definite.
Time taken to compute FM is 5.403822422027588 seconds
    CV from_NMdev#1 it   8 lam=1.5e-05 ov=0.9992061 chi2=6.575e-01 rel=9.3e-06
Body is not plunging, Fisher should be stable.
waveform shape: (3, 788953)
Computing SNR for parameters: (np.float64(1018135.5813212895), np.float64(10022.991295328955), np.float64(-0.8222853281874833), np.float64(30.064856874737394), np.float64(0.49884385221718314), 1.0, 94.592671, np.float64(1.0417566420193471), np.float64(0.780991258965777), 0.62831853, 0.52359878, np.float64(0.09772735209489097), 0.2, np.float64(0.32795943346055445), 0.95, False, False, False, True, 0.0, 0.0, np.float64(-0.5972250036393228), np.float64(-0.34317266023312776))
Waveform Generated. SNR: 19.92312366257023
The optimal source SNR is <= 20. The Fisher approximation may not be valid!
calculating Fisher matrix...
Finished derivatives
Calculated Fisher is *atleast* positive-definite.
Time taken to compute FM is 5.452721834182739 seconds
    CV from_NMdev#1 it   9 lam=1.2e-05 ov=0.9992063 chi2=6.575e-01 rel=1.8e-05
Body is not plunging, Fisher should be stable.
waveform shape: (3, 788953)
Computing SNR for parameters: (np.float64(1018135.7121589952), np.float64(10022.990074817337), np.float64(-0.8222852081008791), np.float64(30.064858562526744), np.float64(0.4988437644301322), 1.0, 94.592671, np.float64(1.0417277312215694), np.float64(0.7809877594174013), 0.62831853, 0.52359878, np.float64(0.09785321066806452), 0.2, np.float64(0.3279552661470052), 0.95, False, False, False, True, 0.0, 0.0, np.float64(-0.5971674198570824), np.float64(-0.34302910598409136))
Waveform Generated. SNR: 19.92272052437857
The optimal source SNR is <= 20. The Fisher approximation may not be valid!
calculating stable deltas...
plunging! t_interp:  7889529.999999999 t_traj:  7882109.72319151
plunging! t_interp:  7889529.999999999 t_traj:  7885573.374105579
plunging! t_interp:  7889529.999999999 t_traj:  7889038.134470723
plunging! t_interp:  7889529.999999999 t_traj:  7878477.216110235
plunging! t_interp:  7889529.999999999 t_traj:  7882843.251505107
plunging! t_interp:  7889529.999999999 t_traj:  7887214.219064007
Time taken to compute stable deltas is 56.51937389373779 seconds
calculating Fisher matrix...
Finished derivatives
Calculated Fisher is *atleast* positive-definite.
Time taken to compute FM is 4.788457632064819 seconds
    CV from_NMdev#1 it  10 lam=1.2e-05 ov=0.9992061 chi2=6.574e-01 rel=1.7e-05
Body is not plunging, Fisher should be stable.
waveform shape: (3, 788953)
Computing SNR for parameters: (np.float64(1018135.8423734138), np.float64(10022.988001738177), np.float64(-0.8222850205226554), np.float64(30.06486025315267), np.float64(0.4988436805781856), 1.0, 94.592671, np.float64(1.0418176817026945), np.float64(0.7809592050128334), 0.62831853, 0.52359878, np.float64(0.09807133476314345), 0.2, np.float64(0.32794100597790105), 0.95, False, False, False, True, 0.0, 0.0, np.float64(-0.5971001150731876), np.float64(-0.3428791080961273))
Waveform Generated. SNR: 19.923583080534364
The optimal source SNR is <= 20. The Fisher approximation may not be valid!
calculating Fisher matrix...
Finished derivatives
Calculated Fisher is *atleast* positive-definite.
Time taken to compute FM is 5.392067909240723 seconds
    CV from_NMdev#1 it  11 lam=1.2e-05 ov=0.9992065 chi2=6.574e-01 rel=1.5e-05
Body is not plunging, Fisher should be stable.
waveform shape: (3, 788953)
Computing SNR for parameters: (np.float64(1018135.9518443822), np.float64(10022.985418509632), np.float64(-0.8222849003189462), np.float64(30.06486150578215), np.float64(0.4988436081569337), 1.0, 94.592671, np.float64(1.0417200128106456), np.float64(0.7809821359561929), 0.62831853, 0.52359878, np.float64(0.09811987023185917), 0.2, np.float64(0.32793732061736247), 0.95, False, False, False, True, 0.0, 0.0, np.float64(-0.5970381446289141), np.float64(-0.34275171102517754))
Waveform Generated. SNR: 19.922560476271045
The optimal source SNR is <= 20. The Fisher approximation may not be valid!
calculating Fisher matrix...
Finished derivatives
Calculated Fisher is *atleast* positive-definite.
Time taken to compute FM is 5.4151012897491455 seconds
    CV from_NMdev#1 it  12 lam=1.3e-05 ov=0.9992060 chi2=6.574e-01 rel=8.2e-06
Body is not plunging, Fisher should be stable.
waveform shape: (3, 788953)
Computing SNR for parameters: (np.float64(1018136.0441082342), np.float64(10022.982547651585), np.float64(-0.8222846985093661), np.float64(30.064862451061934), np.float64(0.49884355491517346), 1.0, 94.592671, np.float64(1.041819206361095), np.float64(0.7809604295263913), 0.62831853, 0.52359878, np.float64(0.09829807320678888), 0.2, np.float64(0.3279197430613812), 0.95, False, False, False, True, 0.0, 0.0, np.float64(-0.5969785410406084), np.float64(-0.34264289721290836))
Waveform Generated. SNR: 19.923589584518723
The optimal source SNR is <= 20. The Fisher approximation may not be valid!
calculating Fisher matrix...
Finished derivatives
Calculated Fisher is *atleast* positive-definite.
Time taken to compute FM is 5.669719457626343 seconds
    CV from_NMdev#1 it  13 lam=1.3e-05 ov=0.9992066 chi2=6.574e-01 rel=1.0e-05
Body is not plunging, Fisher should be stable.
waveform shape: (3, 788953)
Computing SNR for parameters: (np.float64(1018136.1030065574), np.float64(10022.97923937784), np.float64(-0.8222848389650679), np.float64(30.064863313225192), np.float64(0.4988435138478765), 1.0, 94.592671, np.float64(1.0417206509297052), np.float64(0.7809830445895477), 0.62831853, 0.52359878, np.float64(0.098244233255951), 0.2, np.float64(0.3279469032861345), 0.95, False, False, False, True, 0.0, 0.0, np.float64(-0.5969274865204907), np.float64(-0.34254153519709196))
Waveform Generated. SNR: 19.922556480192586
The optimal source SNR is <= 20. The Fisher approximation may not be valid!
calculating Fisher matrix...
Finished derivatives
Calculated Fisher is *atleast* positive-definite.
Time taken to compute FM is 5.450490951538086 seconds
    CV from_NMdev#1 it  14 lam=1.2e-05 ov=0.9992061 chi2=6.574e-01 rel=7.5e-06
Body is not plunging, Fisher should be stable.
waveform shape: (3, 788953)
Computing SNR for parameters: (np.float64(1018136.1504496847), np.float64(10022.975877129351), np.float64(-0.8222847714241349), np.float64(30.06486394377989), np.float64(0.49884348286524327), 1.0, 94.592671, np.float64(1.0417184890565179), np.float64(0.780986285415781), 0.62831853, 0.52359878, np.float64(0.09829703503314915), 0.2, np.float64(0.3279421645402995), 0.95, False, False, False, True, 0.0, 0.0, np.float64(-0.596876847532423), np.float64(-0.34246235666291297))
Waveform Generated. SNR: 19.922546662699116
The optimal source SNR is <= 20. The Fisher approximation may not be valid!
calculating stable deltas...
plunging! t_interp:  7889529.999999998 t_traj:  7882109.56861891
plunging! t_interp:  7889529.999999998 t_traj:  7885573.21919529
plunging! t_interp:  7889529.999999998 t_traj:  7889037.97912828
plunging! t_interp:  7889529.999999998 t_traj:  7878485.633366634
plunging! t_interp:  7889529.999999998 t_traj:  7882849.532775033
plunging! t_interp:  7889529.999999998 t_traj:  7887218.359466658
Time taken to compute stable deltas is 56.63320446014404 seconds
calculating Fisher matrix...
Finished derivatives
Calculated Fisher is *atleast* positive-definite.
Time taken to compute FM is 4.771154403686523 seconds
    CV from_NMdev#1 it  15 lam=1.0e-04 ov=0.9992061 chi2=6.574e-01 rel=8.9e-07
Body is not plunging, Fisher should be stable.
waveform shape: (3, 788953)
Computing SNR for parameters: (np.float64(1018136.1566172761), np.float64(10022.975481611355), np.float64(-0.8222847110766346), np.float64(30.064864010140454), np.float64(0.4988434796219995), 1.0, 94.592671, np.float64(1.0417455373111257), np.float64(0.7809877691682922), 0.62831853, 0.52359878, np.float64(0.09832901798871509), 0.2, np.float64(0.32793537672845047), 0.95, False, False, False, True, 0.0, 0.0, np.float64(-0.5968699196941809), np.float64(-0.34245514315030623))
Waveform Generated. SNR: 19.922883025635866
The optimal source SNR is <= 20. The Fisher approximation may not be valid!
calculating Fisher matrix...
Finished derivatives
Calculated Fisher is *atleast* positive-definite.
Time taken to compute FM is 5.393893241882324 seconds
    CV from_NMdev#1 it  16 lam=5.2e-05 ov=0.9992062 chi2=6.574e-01 rel=1.3e-06
Body is not plunging, Fisher should be stable.
waveform shape: (3, 788953)
Computing SNR for parameters: (np.float64(1018136.1627177997), np.float64(10022.975017383464), np.float64(-0.8222847603195484), np.float64(30.06486410309954), np.float64(0.4988434759656232), 1.0, 94.592671, np.float64(1.041747181108402), np.float64(0.7809787928925143), 0.62831853, 0.52359878, np.float64(0.09832834638632719), 0.2, np.float64(0.3279415190217519), 0.95, False, False, False, True, 0.0, 0.0, np.float64(-0.5968640080825629), np.float64(-0.34244136575953626))
Waveform Generated. SNR: 19.92283243552159
The optimal source SNR is <= 20. The Fisher approximation may not be valid!
calculating Fisher matrix...
Finished derivatives
Calculated Fisher is *atleast* positive-definite.
Time taken to compute FM is 5.424407720565796 seconds
    CV from_NMdev#1 it  17 lam=9.8e-05 ov=0.9992062 chi2=6.574e-01 rel=9.3e-07
Body is not plunging, Fisher should be stable.
waveform shape: (3, 788953)
Computing SNR for parameters: (np.float64(1018136.1678902032), np.float64(10022.974604568519), np.float64(-0.8222847535591804), np.float64(30.0648641777031), np.float64(0.49884347257430606), 1.0, 94.592671, np.float64(1.0417474809568905), np.float64(0.7809785145708256), 0.62831853, 0.52359878, np.float64(0.09833505351725644), 0.2, np.float64(0.32794106219462144), 0.95, False, False, False, True, 0.0, 0.0, np.float64(-0.5968579614979092), np.float64(-0.3424319635136002))
Waveform Generated. SNR: 19.92283211580559
The optimal source SNR is <= 20. The Fisher approximation may not be valid!
calculating Fisher matrix...
Finished derivatives
Calculated Fisher is *atleast* positive-definite.
Time taken to compute FM is 5.452206611633301 seconds
    CV from_NMdev#1 it  18 lam=3.3e-05 ov=0.9992062 chi2=6.574e-01 rel=2.2e-06
Body is not plunging, Fisher should be stable.
waveform shape: (3, 788953)
Computing SNR for parameters: (np.float64(1018136.1733657158), np.float64(10022.97415823638), np.float64(-0.822284748335775), np.float64(30.064864256084174), np.float64(0.49884346900829357), 1.0, 94.592671, np.float64(1.0417475600242458), np.float64(0.7809785262198357), 0.62831853, 0.52359878, np.float64(0.09834129284704404), 0.2, np.float64(0.3279409331023698), 0.95, False, False, False, True, 0.0, 0.0, np.float64(-0.5968515099134597), np.float64(-0.34242189421498254))
Waveform Generated. SNR: 19.922832358547193
The optimal source SNR is <= 20. The Fisher approximation may not be valid!
calculating Fisher matrix...
Finished derivatives
Calculated Fisher is *atleast* positive-definite.
Time taken to compute FM is 5.405504465103149 seconds
    CV from_NMdev#1 it  19 lam=3.6e-05 ov=0.9992062 chi2=6.574e-01 rel=1.1e-06
Body is not plunging, Fisher should be stable.
waveform shape: (3, 788953)
Computing SNR for parameters: (np.float64(1018136.187777756), np.float64(10022.972787655694), np.float64(-0.822284742912417), np.float64(30.06486447406304), np.float64(0.4988434593714051), 1.0, 94.592671, np.float64(1.0417476843794862), np.float64(0.7809786540863242), 0.62831853, 0.52359878, np.float64(0.09835518357659452), 0.2, np.float64(0.32794127100556875), 0.95, False, False, False, True, 0.0, 0.0, np.float64(-0.5968325844886265), np.float64(-0.3423929978611801))
Waveform Generated. SNR: 19.922831065291938
The optimal source SNR is <= 20. The Fisher approximation may not be valid!
calculating stable deltas...
plunging! t_interp:  7889529.999999999 t_traj:  7882109.557297682
plunging! t_interp:  7889529.999999999 t_traj:  7885573.207985735
plunging! t_interp:  7889529.999999999 t_traj:  7889037.9677629415
plunging! t_interp:  7889529.999999999 t_traj:  7878486.92904647
plunging! t_interp:  7889529.999999999 t_traj:  7882850.502804989
plunging! t_interp:  7889529.999999999 t_traj:  7887219.00321504
Time taken to compute stable deltas is 56.644627809524536 seconds
calculating Fisher matrix...
Finished derivatives
Calculated Fisher is *atleast* positive-definite.
Time taken to compute FM is 4.806509494781494 seconds
    CV from_NMdev#1 it  20 lam=3.6e-05 ov=0.9992062 chi2=6.574e-01 rel=2.2e-06
Body is not plunging, Fisher should be stable.
waveform shape: (3, 788953)
Computing SNR for parameters: (np.float64(1018136.2006763136), np.float64(10022.971553469519), np.float64(-0.8222847005615144), np.float64(30.064864637707124), np.float64(0.4988434509932882), 1.0, 94.592671, np.float64(1.0417460857900114), np.float64(0.7809879797004997), 0.62831853, 0.52359878, np.float64(0.0983681398552713), 0.2, np.float64(0.32793784399986653), 0.95, False, False, False, True, 0.0, 0.0, np.float64(-0.5968152952371553), np.float64(-0.34237016733117864))
Waveform Generated. SNR: 19.922882311975336
The optimal source SNR is <= 20. The Fisher approximation may not be valid!
calculating Fisher matrix...
Finished derivatives
Calculated Fisher is *atleast* positive-definite.
Time taken to compute FM is 5.401803731918335 seconds
    CV from_NMdev#1 it  21 lam=3.5e-05 ov=0.9992062 chi2=6.574e-01 rel=2.4e-06
Body is not plunging, Fisher should be stable.
waveform shape: (3, 788953)
Computing SNR for parameters: (np.float64(1018136.2126779078), np.float64(10022.970265509524), np.float64(-0.8222846999485478), np.float64(30.064864801424402), np.float64(0.4988434434545149), 1.0, 94.592671, np.float64(1.0417462266985253), np.float64(0.7809879046869445), 0.62831853, 0.52359878, np.float64(0.09837799165961023), 0.2, np.float64(0.32793883281740477), 0.95, False, False, False, True, 0.0, 0.0, np.float64(-0.596798383505574), np.float64(-0.34234506178132584))
Waveform Generated. SNR: 19.922880873936794
The optimal source SNR is <= 20. The Fisher approximation may not be valid!
calculating Fisher matrix...
Finished derivatives
Calculated Fisher is *atleast* positive-definite.
Time taken to compute FM is 5.4266462326049805 seconds
    CV from_NMdev#1 it  22 lam=3.5e-05 ov=0.9992062 chi2=6.574e-01 rel=1.9e-06
Body is not plunging, Fisher should be stable.
waveform shape: (3, 788953)
Computing SNR for parameters: (np.float64(1018136.2243466798), np.float64(10022.968936896525), np.float64(-0.8222846762753917), np.float64(30.064864947626454), np.float64(0.4988434361650939), 1.0, 94.592671, np.float64(1.0417463889664573), np.float64(0.7809879625565931), 0.62831853, 0.52359878, np.float64(0.09839357223547815), 0.2, np.float64(0.32793649883380066), 0.95, False, False, False, True, 0.0, 0.0, np.float64(-0.5967809177929927), np.float64(-0.34232135039152606))
Waveform Generated. SNR: 19.922880071241558
The optimal source SNR is <= 20. The Fisher approximation may not be valid!
calculating Fisher matrix...
Finished derivatives
Calculated Fisher is *atleast* positive-definite.
Time taken to compute FM is 5.436901569366455 seconds
    CV from_NMdev#1 it  23 lam=1.2e-05 ov=0.9992062 chi2=6.574e-01 rel=5.1e-06
Body is not plunging, Fisher should be stable.
waveform shape: (3, 788953)
Computing SNR for parameters: (np.float64(1018136.2350861933), np.float64(10022.967581528314), np.float64(-0.8222846708700124), np.float64(30.06486508645488), np.float64(0.49884342957600475), 1.0, 94.592671, np.float64(1.0417464674952595), np.float64(0.7809880825664354), 0.62831853, 0.52359878, np.float64(0.09840305776846363), 0.2, np.float64(0.3279366759008034), 0.95, False, False, False, True, 0.0, 0.0, np.float64(-0.5967637750236705), np.float64(-0.34229744040463506))
Waveform Generated. SNR: 19.922880087381575
The optimal source SNR is <= 20. The Fisher approximation may not be valid!
calculating Fisher matrix...
Finished derivatives
Calculated Fisher is *atleast* positive-definite.
Time taken to compute FM is 5.352477550506592 seconds
    CV from_NMdev#1 it  24 lam=1.3e-05 ov=0.9992062 chi2=6.574e-01 rel=3.1e-06
Body is not plunging, Fisher should be stable.
waveform shape: (3, 788953)
Computing SNR for parameters: (np.float64(1018136.2615923489), np.float64(10022.963420650456), np.float64(-0.8222846370592772), np.float64(30.064865401777187), np.float64(0.4988434139911557), 1.0, 94.592671, np.float64(1.0417468467333852), np.float64(0.7809884082340081), 0.62831853, 0.52359878, np.float64(0.09843128430640906), 0.2, np.float64(0.3279341594483696), 0.95, False, False, False, True, 0.0, 0.0, np.float64(-0.5967133171299392), np.float64(-0.34223240213120204))
Waveform Generated. SNR: 19.922878395312217
The optimal source SNR is <= 20. The Fisher approximation may not be valid!
calculating stable deltas...
plunging! t_interp:  7889529.999999999 t_traj:  7882109.539209363
plunging! t_interp:  7889529.999999999 t_traj:  7885573.189664398
plunging! t_interp:  7889529.999999999 t_traj:  7889037.949744184
plunging! t_interp:  7889529.999999999 t_traj:  7878490.4341044305
plunging! t_interp:  7889529.999999999 t_traj:  7882853.129993441
plunging! t_interp:  7889529.999999999 t_traj:  7887220.750364549
Time taken to compute stable deltas is 56.659839391708374 seconds
calculating Fisher matrix...
Finished derivatives
Calculated Fisher is *atleast* positive-definite.
Time taken to compute FM is 4.805718898773193 seconds
    CV from_NMdev#1 it  25 lam=2.3e-05 ov=0.9992062 chi2=6.574e-01 rel=3.7e-06
Body is not plunging, Fisher should be stable.
waveform shape: (3, 788953)
Computing SNR for parameters: (np.float64(1018136.2707857763), np.float64(10022.96145231696), np.float64(-0.822284671260195), np.float64(30.06486555948827), np.float64(0.49884340836275815), 1.0, 94.592671, np.float64(1.0417469965850958), np.float64(0.7809868111920946), 0.62831853, 0.52359878, np.float64(0.09843144184956666), 0.2, np.float64(0.32793937837929127), 0.95, False, False, False, True, 0.0, 0.0, np.float64(-0.5966908145371556), np.float64(-0.34220115275561025))
Waveform Generated. SNR: 19.9228607309306
The optimal source SNR is <= 20. The Fisher approximation may not be valid!
calculating Fisher matrix...
Finished derivatives
Calculated Fisher is *atleast* positive-definite.
Time taken to compute FM is 5.396468877792358 seconds
    CV from_NMdev#1 it  26 lam=2.4e-05 ov=0.9992062 chi2=6.574e-01 rel=1.9e-06
Body is not plunging, Fisher should be stable.
waveform shape: (3, 788953)
Computing SNR for parameters: (np.float64(1018136.2771755027), np.float64(10022.959257396516), np.float64(-0.8222847179043868), np.float64(30.064865744412067), np.float64(0.4988434036068721), 1.0, 94.592671, np.float64(1.0417468593307564), np.float64(0.7809873085291411), 0.62831853, 0.52359878, np.float64(0.0984270137554541), 0.2, np.float64(0.3279461010808745), 0.95, False, False, False, True, 0.0, 0.0, np.float64(-0.5966663773802305), np.float64(-0.3421681789521567))
Waveform Generated. SNR: 19.922858569996894
The optimal source SNR is <= 20. The Fisher approximation may not be valid!
calculating Fisher matrix...
Finished derivatives
Calculated Fisher is *atleast* positive-definite.
Time taken to compute FM is 5.443751096725464 seconds
    CV from_NMdev#1 it  27 lam=1.9e-05 ov=0.9992062 chi2=6.574e-01 rel=4.6e-06
Body is not plunging, Fisher should be stable.
waveform shape: (3, 788953)
Computing SNR for parameters: (np.float64(1018136.2911179689), np.float64(10022.957303149577), np.float64(-0.8222845026674516), np.float64(30.064865751119438), np.float64(0.4988433960447446), 1.0, 94.592671, np.float64(1.0417479339355729), np.float64(0.780987088919431), 0.62831853, 0.52359878, np.float64(0.09849308399504005), 0.2, np.float64(0.32791604503634736), 0.95, False, False, False, True, 0.0, 0.0, np.float64(-0.5966405569211742), np.float64(-0.3421501651469589))
Waveform Generated. SNR: 19.922864964995814
The optimal source SNR is <= 20. The Fisher approximation may not be valid!
calculating Fisher matrix...
Finished derivatives
Calculated Fisher is *atleast* positive-definite.
Time taken to compute FM is 5.438199996948242 seconds
    CV from_NMdev#1 it  28 lam=1.8e+135 ov=0.9992063 chi2=6.574e-01 rel=0.0e+00
    NM  nfev=1818 ov 0.9992063 -> 0.9992063 (accepted=True)
Body is not plunging, Fisher should be stable.
waveform shape: (3, 788953)
Computing SNR for parameters: (np.float64(1018136.2905299203), np.float64(10022.95735143992), np.float64(-0.8222844801912268), np.float64(30.064865738509596), np.float64(0.4988433961828261), 1.0, 94.592671, np.float64(1.0417494801989953), np.float64(0.7809960109656157), 0.62831853, 0.52359878, np.float64(0.09848598960181948), 0.2, np.float64(0.3279208109683911), 0.95, False, False, False, True, 0.0, 0.0, np.float64(-0.5966408883353332), np.float64(-0.34215328846397786))
Waveform Generated. SNR: 19.92297209979744
The optimal source SNR is <= 20. The Fisher approximation may not be valid!
calculating stable deltas...
plunging! t_interp:  7889529.999999997 t_traj:  7882109.544857091
plunging! t_interp:  7889529.999999997 t_traj:  7885573.195443675
plunging! t_interp:  7889529.999999997 t_traj:  7889037.955050515
plunging! t_interp:  7889529.999999997 t_traj:  7878492.57966241
plunging! t_interp:  7889529.999999997 t_traj:  7882854.742322592
plunging! t_interp:  7889529.999999997 t_traj:  7887221.82826574
Time taken to compute stable deltas is 56.77924823760986 seconds
calculating Fisher matrix...
Finished derivatives
Calculated Fisher is *atleast* positive-definite.
Time taken to compute FM is 4.770056247711182 seconds
    CV from_NMdev#2 it   0 lam=9.5e+137 ov=0.9992063 chi2=6.574e-01 rel=0.0e+00

======================================================================
model = 0PA + simple deviation  (IMRI tails, 11 params)
case        SNR      start    ov@start       ov@CV        chi2     ov@0PA   ov@NMdev
pt4       19.59   from_0PA    0.999862    0.999885   8.815e-02   0.999865   0.999879
pt4       19.59 from_NMdev    0.999860    0.999885   8.815e-02   0.999865   0.999879
pt20      19.74   from_0PA    0.997857    0.999226   6.047e-01   0.997869   0.999206
pt20      19.74 from_NMdev    0.998920    0.999206   6.574e-01   0.997869   0.999206

optimized 11-param points  [m1, m2, a, p0, e0, qS, phiS, Phi_phi0, Phi_r0, dev_1, dev_2]:
[pt4 from_0PA] ov=0.999885 = [9.99602089e+05, 9.98352991e+03, 8.98502566e-01, 2.92802583e+01, 1.00903654e-01, 1.04718323e+00, 7.85360698e-01, 1.62925366e-01, -8.80539686e-03, 4.53641179e-02, -1.56042686e+00]
[pt4 from_NMdev] ov=0.999885 = [9.99601259e+05, 9.98422931e+03, 8.98502416e-01, 2.92802602e+01, 1.00903719e-01, 1.04716939e+00, 7.85339436e-01, 1.62913032e-01, -8.84617684e-03, 3.82745338e-02, -1.56769696e+00]
[pt20 from_0PA] ov=0.999226 = [1.01823502e+06, 9.91161875e+03, -8.22313716e-01, 3.00650844e+01, 4.98844410e-01, 1.04498071e+00, 7.83920496e-01, 9.86721779e-02, 3.28130170e-01, 5.55333323e-01, 8.15119515e-01]
[pt20 from_NMdev] ov=0.999206 = [1.01813629e+06, 1.00229574e+04, -8.22284480e-01, 3.00648657e+01, 4.98843396e-01, 1.04174948e+00, 7.80996011e-01, 9.84859896e-02, 3.27920811e-01, -5.96640888e-01, -3.42153288e-01]

[saved] all results -> /home/svu/e1583490/EMRI_CV_bias/src/results_imri_tails_simple.json
