startup
======================================================================

[idx0] --- start = from_0PA (overlap 0.9934510) ---
Body is plunging! Expect instabilities.
Removed last 6 hours of inspiral. New evolution time: 0.2601109441701356 years
waveform shape: (3, 6311629)
Computing SNR for parameters: (np.float64(1001761.99), np.float64(4995.11288), np.float64(0.703962258), np.float64(24.9674581), np.float64(0.249798441), 1.0, 12.0, np.float64(0.7861379), np.float64(1.00491369), 1.0, 1.0471975511965976, np.float64(0.989953388), 0.5, np.float64(0.642950551), 0.95, False, False, False, True, 0.0, 0.0, np.float64(0.0), np.float64(0.0))
Waveform Generated. SNR: 342.79622163034253
calculating stable deltas...
plunging! t_interp:  8230220.131258385 t_traj:  8223686.254428203
plunging! t_interp:  8230220.131258385 t_traj:  8225319.480386056
plunging! t_interp:  8230220.131258385 t_traj:  8226952.868510371
plunging! t_interp:  8230220.131258385 t_traj:  8228586.4188011475
plunging! t_interp:  8230220.131258385 t_traj:  8227925.666249618
plunging! t_interp:  8230220.131258385 t_traj:  8228499.252512852
plunging! t_interp:  8230220.131258385 t_traj:  8229072.858768723
plunging! t_interp:  8230220.131258385 t_traj:  8229646.485017235
plunging! t_interp:  8230220.131258385 t_traj:  8229414.46416096
plunging! t_interp:  8230220.131258385 t_traj:  8229615.877238138
plunging! t_interp:  8230220.131258385 t_traj:  8229817.2927801
plunging! t_interp:  8230220.131258385 t_traj:  8230018.710786851
plunging! t_interp:  8230220.131258385 t_traj:  8229937.241600579
plunging! t_interp:  8230220.131258385 t_traj:  8230007.963559224
plunging! t_interp:  8230220.131258385 t_traj:  8230078.68582174
plunging! t_interp:  8230220.131258385 t_traj:  8230149.4083881285
plunging! t_interp:  8230220.131258385 t_traj:  8230120.80272171
plunging! t_interp:  8230220.131258385 t_traj:  8230145.634799686
plunging! t_interp:  8230220.131258385 t_traj:  8230170.466915124
plunging! t_interp:  8230220.131258385 t_traj:  8230195.299068024
plunging! t_interp:  8230220.131258385 t_traj:  8230185.25503641
plunging! t_interp:  8230220.131258385 t_traj:  8230193.974084978
plunging! t_interp:  8230220.131258385 t_traj:  8230202.693138159
plunging! t_interp:  8230220.131258385 t_traj:  8230211.412195964
plunging! t_interp:  8230220.131258385 t_traj:  8230207.885539735
plunging! t_interp:  8230220.131258385 t_traj:  8230210.946968542
plunging! t_interp:  8230220.131258385 t_traj:  8230214.008397924
plunging! t_interp:  8230220.131258385 t_traj:  8230217.069827869
plunging! t_interp:  8230220.131258385 t_traj:  8230215.83155074
plunging! t_interp:  8230220.131258385 t_traj:  8230216.906477546
plunging! t_interp:  8230220.131258385 t_traj:  8230217.981404424
plunging! t_interp:  8230220.131258385 t_traj:  8230219.05633137
plunging! t_interp:  8230220.131258385 t_traj:  8230218.6215484645
plunging! t_interp:  8230220.131258385 t_traj:  8230218.998975933
plunging! t_interp:  8230220.131258385 t_traj:  8230219.376403408
plunging! t_interp:  8230220.131258385 t_traj:  8230219.753830894
plunging! t_interp:  8230220.131258385 t_traj:  8230219.601170272
plunging! t_interp:  8230220.131258385 t_traj:  8230219.733692297
plunging! t_interp:  8230220.131258385 t_traj:  8230219.8662143275
plunging! t_interp:  8230220.131258385 t_traj:  8230219.9987363545
plunging! t_interp:  8230220.131258385 t_traj:  8230219.945134285
plunging! t_interp:  8230220.131258385 t_traj:  8230219.991665308
plunging! t_interp:  8230220.131258385 t_traj:  8230220.038196333
plunging! t_interp:  8230220.131258385 t_traj:  8230220.084727361
plunging! t_interp:  8230220.131258385 t_traj:  8230220.065906647
plunging! t_interp:  8230220.131258385 t_traj:  8230220.08224458
plunging! t_interp:  8230220.131258385 t_traj:  8230220.098582516
plunging! t_interp:  8230220.131258385 t_traj:  8230220.11492045
plunging! t_interp:  8230220.131258385 t_traj:  8229409.440806167
plunging! t_interp:  8230220.131258385 t_traj:  8228598.91247177
plunging! t_interp:  8230220.131258385 t_traj:  8227788.546206572
plunging! t_interp:  8230220.131258385 t_traj:  8226978.34196198
plunging! t_interp:  8230220.131258385 t_traj:  8229935.46382584
plunging! t_interp:  8230220.131258385 t_traj:  8229650.8163838275
plunging! t_interp:  8230220.131258385 t_traj:  8229366.188930242
plunging! t_interp:  8230220.131258385 t_traj:  8229081.581462979
plunging! t_interp:  8230220.131258385 t_traj:  8230120.176787372
plunging! t_interp:  8230220.131258385 t_traj:  8230020.224781053
plunging! t_interp:  8230220.131258385 t_traj:  8229920.275239337
plunging! t_interp:  8230220.131258385 t_traj:  8229820.328162133
plunging! t_interp:  8230220.131258385 t_traj:  8230185.035046367
plunging! t_interp:  8230220.131258385 t_traj:  8230149.939138212
plunging! t_interp:  8230220.131258385 t_traj:  8230114.843533922
plunging! t_interp:  8230220.131258385 t_traj:  8230079.7482334925
plunging! t_interp:  8230220.131258385 t_traj:  8230207.808270819
plunging! t_interp:  8230220.131258385 t_traj:  8230195.485320709
plunging! t_interp:  8230220.131258385 t_traj:  8230183.162408063
plunging! t_interp:  8230220.131258385 t_traj:  8230170.839532879
plunging! t_interp:  8230220.131258385 t_traj:  8230215.804416907
plunging! t_interp:  8230220.131258385 t_traj:  8230211.47758005
plunging! t_interp:  8230220.131258385 t_traj:  8230207.15074781
plunging! t_interp:  8230220.131258385 t_traj:  8230202.823920186
plunging! t_interp:  8230220.131258385 t_traj:  8230218.612020858
plunging! t_interp:  8230220.131258385 t_traj:  8230217.092783893
plunging! t_interp:  8230220.131258385 t_traj:  8230215.573547507
plunging! t_interp:  8230220.131258385 t_traj:  8230214.054311686
plunging! t_interp:  8230220.131258385 t_traj:  8230219.597824892
plunging! t_interp:  8230220.131258385 t_traj:  8230219.064391474
plunging! t_interp:  8230220.131258385 t_traj:  8230218.530958125
plunging! t_interp:  8230220.131258385 t_traj:  8230217.9975248445
plunging! t_interp:  8230220.131258385 t_traj:  8230219.943959651
plunging! t_interp:  8230220.131258385 t_traj:  8230219.756660925
plunging! t_interp:  8230220.131258385 t_traj:  8230219.569362211
plunging! t_interp:  8230220.131258385 t_traj:  8230219.382063499
plunging! t_interp:  8230220.131258385 t_traj:  8230220.065494209
plunging! t_interp:  8230220.131258385 t_traj:  8230219.999730031
plunging! t_interp:  8230220.131258385 t_traj:  8230219.933965856
plunging! t_interp:  8230220.131258385 t_traj:  8230219.868201681
plunging! t_interp:  8230220.131258385 t_traj:  8230220.1081673205
plunging! t_interp:  8230220.131258385 t_traj:  8230220.0850762585
plunging! t_interp:  8230220.131258385 t_traj:  8230220.061985194
plunging! t_interp:  8230220.131258385 t_traj:  8230220.03889413
plunging! t_interp:  8230220.131258385 t_traj:  8230220.123150667
plunging! t_interp:  8230220.131258385 t_traj:  8230220.115042956
plunging! t_interp:  8230220.131258385 t_traj:  8230220.106935239
plunging! t_interp:  8230220.131258385 t_traj:  8230220.098827525
plunging! t_interp:  8230220.131258385 t_traj:  8229839.70479397
plunging! t_interp:  8230220.131258385 t_traj:  8229934.812344098
plunging! t_interp:  8230220.131258385 t_traj:  8230029.919319721
plunging! t_interp:  8230220.131258385 t_traj:  8230125.025593404
plunging! t_interp:  8230220.131258385 t_traj:  8230086.557421005
plunging! t_interp:  8230220.131258385 t_traj:  8230119.951010694
plunging! t_interp:  8230220.131258385 t_traj:  8230153.344506601
plunging! t_interp:  8230220.131258385 t_traj:  8230186.737894007
plunging! t_interp:  8230220.131258385 t_traj:  8230173.231090538
plunging! t_interp:  8230220.131258385 t_traj:  8230184.9561436605
plunging! t_interp:  8230220.131258385 t_traj:  8230196.681197437
plunging! t_interp:  8230220.131258385 t_traj:  8230208.406240175
plunging! t_interp:  8230220.131258385 t_traj:  8230203.663694342
plunging! t_interp:  8230220.131258385 t_traj:  8230207.780613441
plunging! t_interp:  8230220.131258385 t_traj:  8230211.897535513
plunging! t_interp:  8230220.131258385 t_traj:  8230216.014389657
plunging! t_interp:  8230220.131258385 t_traj:  8230214.349156991
plunging! t_interp:  8230220.131258385 t_traj:  8230215.794706746
plunging! t_interp:  8230220.131258385 t_traj:  8230217.240238725
plunging! t_interp:  8230220.131258385 t_traj:  8230218.685730543
plunging! t_interp:  8230220.131258385 t_traj:  8230218.101095021
plunging! t_interp:  8230220.131258385 t_traj:  8230218.608609056
plunging! t_interp:  8230220.131258385 t_traj:  8230219.116163432
plunging! t_interp:  8230220.131258385 t_traj:  8230219.623749095
plunging! t_interp:  8230220.131258385 t_traj:  8230219.418422555
plunging! t_interp:  8230220.131258385 t_traj:  8230219.59665986
plunging! t_interp:  8230220.131258385 t_traj:  8230219.7748497
plunging! t_interp:  8230220.131258385 t_traj:  8230219.953060646
plunging! t_interp:  8230220.131258385 t_traj:  8230219.880937108
plunging! t_interp:  8230220.131258385 t_traj:  8230219.943503986
plunging! t_interp:  8230220.131258385 t_traj:  8230220.006108163
plunging! t_interp:  8230220.131258385 t_traj:  8230220.068637864
plunging! t_interp:  8230220.131258385 t_traj:  8230220.043380276
plunging! t_interp:  8230220.131258385 t_traj:  8230220.065045639
plunging! t_interp:  8230220.131258385 t_traj:  8230220.087326346
plunging! t_interp:  8230220.131258385 t_traj:  8230220.109326886
plunging! t_interp:  8230220.131258385 t_traj:  8230220.100392375
plunging! t_interp:  8230220.131258385 t_traj:  8230220.108125796
plunging! t_interp:  8230220.131258385 t_traj:  8230220.115807807
plunging! t_interp:  8230220.131258385 t_traj:  8230220.123552793
plunging! t_interp:  8230220.131258385 t_traj:  8230220.120420912
plunging! t_interp:  8230220.131258385 t_traj:  8230220.123157244
plunging! t_interp:  8230220.131258385 t_traj:  8230220.1258728895
plunging! t_interp:  8230220.131258385 t_traj:  8230220.1285438435
plunging! t_interp:  8230220.131258385 t_traj:  8230220.127486055
plunging! t_interp:  8230220.131258385 t_traj:  8230220.128394579
plunging! t_interp:  8230220.131258385 t_traj:  8230220.129329875
plunging! t_interp:  8230220.131258385 t_traj:  8230220.130351932
plunging! t_interp:  8230220.131258385 t_traj:  8217119.912091711
plunging! t_interp:  8230220.131258385 t_traj:  8220393.507074763
plunging! t_interp:  8230220.131258385 t_traj:  8223668.075181665
plunging! t_interp:  8230220.131258385 t_traj:  8226943.616461985
plunging! t_interp:  8230220.131258385 t_traj:  8225618.619154049
plunging! t_interp:  8230220.131258385 t_traj:  8226768.817126994
plunging! t_interp:  8230220.131258385 t_traj:  8227919.134910014
plunging! t_interp:  8230220.131258385 t_traj:  8229069.573173648
plunging! t_interp:  8230220.131258385 t_traj:  8228604.233373325
plunging! t_interp:  8230220.131258385 t_traj:  8229008.185606998
plunging! t_interp:  8230220.131258385 t_traj:  8229412.152752386
plunging! t_interp:  8230220.131258385 t_traj:  8229816.134601315
plunging! t_interp:  8230220.131258385 t_traj:  8229652.73243072
plunging! t_interp:  8230220.131258385 t_traj:  8229794.578733681
plunging! t_interp:  8230220.131258385 t_traj:  8229936.42776235
plunging! t_interp:  8230220.131258385 t_traj:  8230078.278607775
plunging! t_interp:  8230220.131258385 t_traj:  8230020.90303109
plunging! t_interp:  8230220.131258385 t_traj:  8230070.709779434
plunging! t_interp:  8230220.131258385 t_traj:  8230120.5166664515
plunging! t_interp:  8230220.131258385 t_traj:  8230170.323860486
plunging! t_interp:  8230220.131258385 t_traj:  8230150.177672654
plunging! t_interp:  8230220.131258385 t_traj:  8230167.666248358
plunging! t_interp:  8230220.131258385 t_traj:  8230185.154541181
plunging! t_interp:  8230220.131258385 t_traj:  8230202.642911998
plunging! t_interp:  8230220.131258385 t_traj:  8230195.569275473
plunging! t_interp:  8230220.131258385 t_traj:  8230201.709777852
plunging! t_interp:  8230220.131258385 t_traj:  8230207.850264383
plunging! t_interp:  8230220.131258385 t_traj:  8230213.990755653
plunging! t_interp:  8230220.131258385 t_traj:  8230211.5070531275
plunging! t_interp:  8230220.131258385 t_traj:  8230213.663116538
plunging! t_interp:  8230220.131258385 t_traj:  8230215.819175746
plunging! t_interp:  8230220.131258385 t_traj:  8230217.97519563
plunging! t_interp:  8230220.131258385 t_traj:  8230217.103174856
plunging! t_interp:  8230220.131258385 t_traj:  8230217.860183227
plunging! t_interp:  8230220.131258385 t_traj:  8230218.617202724
plunging! t_interp:  8230220.131258385 t_traj:  8230219.374208644
plunging! t_interp:  8230220.131258385 t_traj:  8230219.068032439
plunging! t_interp:  8230220.131258385 t_traj:  8230219.33382562
plunging! t_interp:  8230220.131258385 t_traj:  8230219.599644559
plunging! t_interp:  8230220.131258385 t_traj:  8230219.865245629
plunging! t_interp:  8230220.131258385 t_traj:  8230219.757880181
plunging! t_interp:  8230220.131258385 t_traj:  8230219.851253791
plunging! t_interp:  8230220.131258385 t_traj:  8230219.944598744
plunging! t_interp:  8230220.131258385 t_traj:  8230220.03791699
plunging! t_interp:  8230220.131258385 t_traj:  8230220.000180499
plunging! t_interp:  8230220.131258385 t_traj:  8230220.032922874
plunging! t_interp:  8230220.131258385 t_traj:  8230220.065758598
plunging! t_interp:  8230220.131258385 t_traj:  8230220.098483137
plunging! t_interp:  8230220.131258385 t_traj:  8230076.6989801135
plunging! t_interp:  8230220.131258385 t_traj:  8230112.549462167
plunging! t_interp:  8230220.131258385 t_traj:  8230148.405029741
plunging! t_interp:  8230220.131258385 t_traj:  8230184.265605557
plunging! t_interp:  8230220.131258385 t_traj:  8230169.7601992125
plunging! t_interp:  8230220.131258385 t_traj:  8230182.352013371
plunging! t_interp:  8230220.131258385 t_traj:  8230194.944500522
plunging! t_interp:  8230220.131258385 t_traj:  8230207.5375719415
plunging! t_interp:  8230220.131258385 t_traj:  8230202.44389741
plunging! t_interp:  8230220.131258385 t_traj:  8230206.8656034
plunging! t_interp:  8230220.131258385 t_traj:  8230211.287391041
plunging! t_interp:  8230220.131258385 t_traj:  8230215.70910615
plunging! t_interp:  8230220.131258385 t_traj:  8230213.9207184715
plunging! t_interp:  8230220.131258385 t_traj:  8230215.473342254
plunging! t_interp:  8230220.131258385 t_traj:  8230217.025994831
plunging! t_interp:  8230220.131258385 t_traj:  8230218.578582105
plunging! t_interp:  8230220.131258385 t_traj:  8230217.950598181
plunging! t_interp:  8230220.131258385 t_traj:  8230218.4957807185
plunging! t_interp:  8230220.131258385 t_traj:  8230219.040945679
plunging! t_interp:  8230220.131258385 t_traj:  8230219.586076041
plunging! t_interp:  8230220.131258385 t_traj:  8230219.365590856
plunging! t_interp:  8230220.131258385 t_traj:  8230219.557046186
plunging! t_interp:  8230220.131258385 t_traj:  8230219.748222803
plunging! t_interp:  8230220.131258385 t_traj:  8230219.939868417
plunging! t_interp:  8230220.131258385 t_traj:  8230219.862413284
plunging! t_interp:  8230220.131258385 t_traj:  8230219.929655359
plunging! t_interp:  8230220.131258385 t_traj:  8230219.9968223
plunging! t_interp:  8230220.131258385 t_traj:  8230220.064052017
plunging! t_interp:  8230220.131258385 t_traj:  8230220.03683186
plunging! t_interp:  8230220.131258385 t_traj:  8230220.060439525
plunging! t_interp:  8230220.131258385 t_traj:  8230220.084035283
plunging! t_interp:  8230220.131258385 t_traj:  8230220.107671887
plunging! t_interp:  8230220.131258385 t_traj:  8230220.0981170405
plunging! t_interp:  8230220.131258385 t_traj:  8230220.106414532
plunging! t_interp:  8230220.131258385 t_traj:  8230220.114685661
plunging! t_interp:  8230220.131258385 t_traj:  8230220.123012038
plunging! t_interp:  8230220.131258385 t_traj:  8230220.119626803
plunging! t_interp:  8230220.131258385 t_traj:  8230220.122517718
plunging! t_interp:  8230220.131258385 t_traj:  8230220.125461394
plunging! t_interp:  8230220.131258385 t_traj:  8230220.128356863
plunging! t_interp:  8230220.131258385 t_traj:  8230220.127214372
plunging! t_interp:  8230220.131258385 t_traj:  8230220.128196878
plunging! t_interp:  8230220.131258385 t_traj:  8230220.129192488
plunging! t_interp:  8230220.131258385 t_traj:  8230220.130217041
plunging! t_interp:  8230220.131258385 t_traj:  8230220.1298376685
plunging! t_interp:  8230220.131258385 t_traj:  8230220.129889065
plunging! t_interp:  8230220.131258385 t_traj:  8230220.130547085
plunging! t_interp:  8230220.131258385 t_traj:  8230220.130928166
plunging! t_interp:  8230220.131258385 t_traj:  8230216.1029570475
plunging! t_interp:  8230220.131258385 t_traj:  8230212.074700436
plunging! t_interp:  8230220.131258385 t_traj:  8230208.046387053
plunging! t_interp:  8230220.131258385 t_traj:  8230204.018105966
plunging! t_interp:  8230220.131258385 t_traj:  8230218.71682046
plunging! t_interp:  8230220.131258385 t_traj:  8230217.302448308
plunging! t_interp:  8230220.131258385 t_traj:  8230215.88802743
plunging! t_interp:  8230220.131258385 t_traj:  8230214.474492548
plunging! t_interp:  8230220.131258385 t_traj:  8230219.634611151
plunging! t_interp:  8230220.131258385 t_traj:  8230219.137994707
plunging! t_interp:  8230220.131258385 t_traj:  8230218.641353948
plunging! t_interp:  8230220.131258385 t_traj:  8230218.1447548475
plunging! t_interp:  8230220.131258385 t_traj:  8230219.956893355
plunging! t_interp:  8230220.131258385 t_traj:  8230219.782228801
plunging! t_interp:  8230220.131258385 t_traj:  8230219.607930891
plunging! t_interp:  8230220.131258385 t_traj:  8230219.433744877
plunging! t_interp:  8230220.131258385 t_traj:  8230220.070041308
plunging! t_interp:  8230220.131258385 t_traj:  8230220.008819417
plunging! t_interp:  8230220.131258385 t_traj:  8230219.947567651
plunging! t_interp:  8230220.131258385 t_traj:  8230219.886352261
plunging! t_interp:  8230220.131258385 t_traj:  8230220.109728434
plunging! t_interp:  8230220.131258385 t_traj:  8230220.088266814
plunging! t_interp:  8230220.131258385 t_traj:  8230220.0667462675
plunging! t_interp:  8230220.131258385 t_traj:  8230220.045271353
plunging! t_interp:  8230220.131258385 t_traj:  8230220.123731274
plunging! t_interp:  8230220.131258385 t_traj:  8230220.116134456
plunging! t_interp:  8230220.131258385 t_traj:  8230220.1086152755
plunging! t_interp:  8230220.131258385 t_traj:  8230220.10107919
plunging! t_interp:  8230220.131258385 t_traj:  8230220.128612922
plunging! t_interp:  8230220.131258385 t_traj:  8230220.125932222
plunging! t_interp:  8230220.131258385 t_traj:  8230220.123287801
plunging! t_interp:  8230220.131258385 t_traj:  8230220.120660568
plunging! t_interp:  8230220.131258385 t_traj:  8230220.130311518
plunging! t_interp:  8230220.131258385 t_traj:  8230220.129408938
plunging! t_interp:  8230220.131258385 t_traj:  8230220.128468645
plunging! t_interp:  8230220.131258385 t_traj:  8230220.127281952
plunging! t_interp:  8230220.131258385 t_traj:  8230220.130963079
plunging! t_interp:  8230220.131258385 t_traj:  8230220.130612654
plunging! t_interp:  8230220.131258385 t_traj:  8230220.130280596
plunging! t_interp:  8230220.131258385 t_traj:  8230220.129933528
plunging! t_interp:  8230220.131258385 t_traj:  8230220.131142102
plunging! t_interp:  8230220.131258385 t_traj:  8230220.131029403
plunging! t_interp:  8230220.131258385 t_traj:  8230220.130947272
plunging! t_interp:  8230220.131258385 t_traj:  8230220.130792451
plunging! t_interp:  8230220.131258385 t_traj:  8230220.131219075
plunging! t_interp:  8230220.131258385 t_traj:  8230220.131172236
plunging! t_interp:  8230220.131258385 t_traj:  8230220.131131019
plunging! t_interp:  8230220.131258385 t_traj:  8230220.131075257
plunging! t_interp:  8230220.131258385 t_traj:  8230220.096286438
plunging! t_interp:  8230220.131258385 t_traj:  8230220.061335621
plunging! t_interp:  8230220.131258385 t_traj:  8230220.026420622
plunging! t_interp:  8230220.131258385 t_traj:  8230219.991464222
plunging! t_interp:  8230220.131258385 t_traj:  8230220.118954976
plunging! t_interp:  8230220.131258385 t_traj:  8230220.106734009
plunging! t_interp:  8230220.131258385 t_traj:  8230220.094467872
plunging! t_interp:  8230220.131258385 t_traj:  8230220.082161584
plunging! t_interp:  8230220.131258385 t_traj:  8230220.12674719
plunging! t_interp:  8230220.131258385 t_traj:  8230220.122656168
plunging! t_interp:  8230220.131258385 t_traj:  8230220.119077276
plunging! t_interp:  8230220.131258385 t_traj:  8230220.114025949
plunging! t_interp:  8230220.131258385 t_traj:  8230220.129723672
plunging! t_interp:  8230220.131258385 t_traj:  8230220.12827376
plunging! t_interp:  8230220.131258385 t_traj:  8230220.126734235
plunging! t_interp:  8230220.131258385 t_traj:  8230220.125212823
plunging! t_interp:  8230220.131258385 t_traj:  8230220.130714241
plunging! t_interp:  8230220.131258385 t_traj:  8230220.130935454
plunging! t_interp:  8230220.131258385 t_traj:  8230220.129677731
plunging! t_interp:  8230220.131258385 t_traj:  8230220.129121761
plunging! t_interp:  8230220.131258385 t_traj:  8230220.131050356
plunging! t_interp:  8230220.131258385 t_traj:  8230220.130921328
plunging! t_interp:  8230220.131258385 t_traj:  8230220.130718851
plunging! t_interp:  8230220.131258385 t_traj:  8230220.130484557
plunging! t_interp:  8230220.131258385 t_traj:  8230220.131208333
plunging! t_interp:  8230220.131258385 t_traj:  8230220.131188661
plunging! t_interp:  8230220.131258385 t_traj:  8230220.131127367
plunging! t_interp:  8230220.131258385 t_traj:  8230220.131030162
plunging! t_interp:  8230220.131258385 t_traj:  8230220.131009777
plunging! t_interp:  8230220.131258385 t_traj:  8230220.130984511
plunging! t_interp:  8230220.131258385 t_traj:  8230220.131193566
plunging! t_interp:  8230220.131258385 t_traj:  8230220.131193366
plunging! t_interp:  8230220.131258385 t_traj:  8230220.131169215
plunging! t_interp:  8230220.131258385 t_traj:  8230220.13124726
plunging! t_interp:  8230220.131258385 t_traj:  8230220.131224686
plunging! t_interp:  8230220.131258385 t_traj:  8230220.1312410785
plunging! t_interp:  8230220.131258385 t_traj:  8230220.131242614
plunging! t_interp:  8230220.131258385 t_traj:  8230220.131226923
plunging! t_interp:  8230220.131258385 t_traj:  8230220.131251506
plunging! t_interp:  8230220.131258385 t_traj:  8230220.13099646
plunging! t_interp:  8230220.131258385 t_traj:  8230220.13098567
plunging! t_interp:  8230220.131258385 t_traj:  8230220.131227419
plunging! t_interp:  8230220.131258385 t_traj:  8230220.131248303
plunging! t_interp:  8230220.131258385 t_traj:  8230220.131225101
plunging! t_interp:  8230220.131258385 t_traj:  8230220.131235875
Time taken to compute stable deltas is 90.98177313804626 seconds
calculating Fisher matrix...
plunging! t_interp:  8230220.131258385 t_traj:  8230219.601170272
plunging! t_interp:  8230220.131258385 t_traj:  8230219.733692297
plunging! t_interp:  8230220.131258385 t_traj:  8230219.8662143275
plunging! t_interp:  8230220.131258385 t_traj:  8230219.9987363545
plunging! t_interp:  8230220.131258385 t_traj:  8230219.943959651
plunging! t_interp:  8230220.131258385 t_traj:  8230219.756660925
plunging! t_interp:  8230220.131258385 t_traj:  8230219.569362211
plunging! t_interp:  8230220.131258385 t_traj:  8230219.382063499
plunging! t_interp:  8230220.131258385 t_traj:  8230219.418422555
plunging! t_interp:  8230220.131258385 t_traj:  8230219.59665986
plunging! t_interp:  8230220.131258385 t_traj:  8230219.7748497
plunging! t_interp:  8230220.131258385 t_traj:  8230219.953060646
plunging! t_interp:  8230220.131258385 t_traj:  8230217.103174856
plunging! t_interp:  8230220.131258385 t_traj:  8230217.860183227
plunging! t_interp:  8230220.131258385 t_traj:  8230218.617202724
plunging! t_interp:  8230220.131258385 t_traj:  8230219.374208644
plunging! t_interp:  8230220.131258385 t_traj:  8230219.365590856
plunging! t_interp:  8230220.131258385 t_traj:  8230219.557046186
plunging! t_interp:  8230220.131258385 t_traj:  8230219.748222803
plunging! t_interp:  8230220.131258385 t_traj:  8230219.939868417
plunging! t_interp:  8230220.131258385 t_traj:  8230220.070041308
plunging! t_interp:  8230220.131258385 t_traj:  8230220.008819417
plunging! t_interp:  8230220.131258385 t_traj:  8230219.947567651
plunging! t_interp:  8230220.131258385 t_traj:  8230219.886352261
plunging! t_interp:  8230220.131258385 t_traj:  8230220.118954976
plunging! t_interp:  8230220.131258385 t_traj:  8230220.106734009
plunging! t_interp:  8230220.131258385 t_traj:  8230220.094467872
plunging! t_interp:  8230220.131258385 t_traj:  8230220.082161584
Finished derivatives
Calculated Fisher is *atleast* positive-definite.
Time taken to compute FM is 9.543590068817139 seconds
    CV from_0PA#1 it   0 lam=7.8e-01 ov=0.9934510 chi2=1.536e+03 rel=1.0e-03
Body is not plunging, Fisher should be stable.
waveform shape: (3, 6311629)
Computing SNR for parameters: (np.float64(1001761.9922743476), np.float64(4995.112851842721), np.float64(0.7039622915446204), np.float64(24.967458159421398), np.float64(0.24979844446591679), 1.0, 12.0, np.float64(0.7864649736970518), np.float64(1.004277068294145), 1.0, 1.0471975511965976, np.float64(0.9915829172488124), 0.5, np.float64(0.6329950430289654), 0.95, False, False, False, True, 0.0, 0.0, np.float64(-1.1479765764054908e-06), np.float64(-2.115674144470412e-05))
Waveform Generated. SNR: 342.81957105261887
calculating Fisher matrix...
plunging! t_interp:  8230220.395977354 t_traj:  8230219.865902835
plunging! t_interp:  8230220.395977354 t_traj:  8230219.998412985
plunging! t_interp:  8230220.395977354 t_traj:  8230220.130909235
plunging! t_interp:  8230220.395977354 t_traj:  8230220.263457607
plunging! t_interp:  8230220.395977354 t_traj:  8230220.208684499
plunging! t_interp:  8230220.395977354 t_traj:  8230220.021413665
plunging! t_interp:  8230220.395977354 t_traj:  8230219.834082771
plunging! t_interp:  8230220.395977354 t_traj:  8230219.646786844
plunging! t_interp:  8230220.395977354 t_traj:  8230219.683149425
plunging! t_interp:  8230220.395977354 t_traj:  8230219.861066057
plunging! t_interp:  8230220.395977354 t_traj:  8230220.039563559
plunging! t_interp:  8230220.395977354 t_traj:  8230220.217804914
plunging! t_interp:  8230220.395977354 t_traj:  8230217.367865547
plunging! t_interp:  8230220.395977354 t_traj:  8230218.124892502
plunging! t_interp:  8230220.395977354 t_traj:  8230218.881923895
plunging! t_interp:  8230220.395977354 t_traj:  8230219.638982863
plunging! t_interp:  8230220.395977354 t_traj:  8230219.630352905
plunging! t_interp:  8230220.395977354 t_traj:  8230219.821728134
plunging! t_interp:  8230220.395977354 t_traj:  8230220.012944832
plunging! t_interp:  8230220.395977354 t_traj:  8230220.204555701
plunging! t_interp:  8230220.395977354 t_traj:  8230220.334717572
plunging! t_interp:  8230220.395977354 t_traj:  8230220.273521003
plunging! t_interp:  8230220.395977354 t_traj:  8230220.212092478
plunging! t_interp:  8230220.395977354 t_traj:  8230220.151042893
plunging! t_interp:  8230220.395977354 t_traj:  8230220.383708042
plunging! t_interp:  8230220.395977354 t_traj:  8230220.371451807
plunging! t_interp:  8230220.395977354 t_traj:  8230220.359187136
plunging! t_interp:  8230220.395977354 t_traj:  8230220.346934865
Finished derivatives
Calculated Fisher is *atleast* positive-definite.
Time taken to compute FM is 9.444031238555908 seconds
    CV from_0PA#1 it   1 lam=4.5e+01 ov=0.9934584 chi2=1.534e+03 rel=3.9e-05
Body is not plunging, Fisher should be stable.
waveform shape: (3, 6311629)
Computing SNR for parameters: (np.float64(1001761.9923048984), np.float64(4995.112851466187), np.float64(0.7039622919943985), np.float64(24.967458160249972), np.float64(0.24979844452305178), 1.0, 12.0, np.float64(0.7864692459426226), np.float64(1.004269257263039), 1.0, 1.0471975511965976, np.float64(0.9916041753636887), 0.5, np.float64(0.6328501466180506), 0.95, False, False, False, True, 0.0, 0.0, np.float64(-1.163306627641027e-06), np.float64(-2.1471534756152643e-05))
Waveform Generated. SNR: 342.8198838469538
calculating Fisher matrix...
plunging! t_interp:  8230220.399621711 t_traj:  8230219.869493683
plunging! t_interp:  8230220.399621711 t_traj:  8230220.002056896
plunging! t_interp:  8230220.399621711 t_traj:  8230220.134546798
plunging! t_interp:  8230220.399621711 t_traj:  8230220.267067811
plunging! t_interp:  8230220.399621711 t_traj:  8230220.21317991
plunging! t_interp:  8230220.399621711 t_traj:  8230220.024973356
plunging! t_interp:  8230220.399621711 t_traj:  8230219.83770934
plunging! t_interp:  8230220.399621711 t_traj:  8230219.650366795
plunging! t_interp:  8230220.399621711 t_traj:  8230219.686725545
plunging! t_interp:  8230220.399621711 t_traj:  8230219.864952254
plunging! t_interp:  8230220.399621711 t_traj:  8230220.042974479
plunging! t_interp:  8230220.399621711 t_traj:  8230220.22135928
plunging! t_interp:  8230220.399621711 t_traj:  8230217.371506716
plunging! t_interp:  8230220.399621711 t_traj:  8230218.1285012625
plunging! t_interp:  8230220.399621711 t_traj:  8230218.885514073
plunging! t_interp:  8230220.399621711 t_traj:  8230219.642364185
plunging! t_interp:  8230220.399621711 t_traj:  8230219.63396316
plunging! t_interp:  8230220.399621711 t_traj:  8230219.825344786
plunging! t_interp:  8230220.399621711 t_traj:  8230220.016747481
plunging! t_interp:  8230220.399621711 t_traj:  8230220.2081784895
plunging! t_interp:  8230220.399621711 t_traj:  8230220.33833596
plunging! t_interp:  8230220.399621711 t_traj:  8230220.277114601
plunging! t_interp:  8230220.399621711 t_traj:  8230220.215956075
plunging! t_interp:  8230220.399621711 t_traj:  8230220.154492412
plunging! t_interp:  8230220.399621711 t_traj:  8230220.38735428
plunging! t_interp:  8230220.399621711 t_traj:  8230220.375083733
plunging! t_interp:  8230220.399621711 t_traj:  8230220.362788158
plunging! t_interp:  8230220.399621711 t_traj:  8230220.350541033
Finished derivatives
Calculated Fisher is *atleast* positive-definite.
Time taken to compute FM is 9.379366874694824 seconds
    CV from_0PA#1 it   2 lam=1.5e+04 ov=0.9934586 chi2=1.534e+03 rel=9.6e-08
Body is not plunging, Fisher should be stable.
waveform shape: (3, 6311629)
Computing SNR for parameters: (np.float64(1001761.9923049313), np.float64(4995.112851465781), np.float64(0.7039622919948822), np.float64(24.967458160250406), np.float64(0.24979844452311287), 1.0, 12.0, np.float64(0.7864692505470597), np.float64(1.0042692486620992), 1.0, 1.0471975511965976, np.float64(0.9916041982589386), 0.5, np.float64(0.6328499902145249), 0.95, False, False, False, True, 0.0, 0.0, np.float64(-1.163323115207323e-06), np.float64(-2.1471871550336212e-05))
Waveform Generated. SNR: 342.8198836954484
calculating Fisher matrix...
plunging! t_interp:  8230220.399630594 t_traj:  8230219.869510849
plunging! t_interp:  8230220.399630594 t_traj:  8230220.002024633
plunging! t_interp:  8230220.399630594 t_traj:  8230220.134565166
plunging! t_interp:  8230220.399630594 t_traj:  8230220.267087016
plunging! t_interp:  8230220.399630594 t_traj:  8230220.212271782
plunging! t_interp:  8230220.399630594 t_traj:  8230220.024978606
plunging! t_interp:  8230220.399630594 t_traj:  8230219.837686211
plunging! t_interp:  8230220.399630594 t_traj:  8230219.650440702
plunging! t_interp:  8230220.399630594 t_traj:  8230219.68679182
plunging! t_interp:  8230220.399630594 t_traj:  8230219.8649598295
plunging! t_interp:  8230220.399630594 t_traj:  8230220.043180373
plunging! t_interp:  8230220.399630594 t_traj:  8230220.221398982
plunging! t_interp:  8230220.399630594 t_traj:  8230217.372300729
plunging! t_interp:  8230220.399630594 t_traj:  8230218.128504651
plunging! t_interp:  8230220.399630594 t_traj:  8230218.885548377
plunging! t_interp:  8230220.399630594 t_traj:  8230219.642573519
plunging! t_interp:  8230220.399630594 t_traj:  8230219.633903774
plunging! t_interp:  8230220.399630594 t_traj:  8230219.82531596
plunging! t_interp:  8230220.399630594 t_traj:  8230220.01676152
plunging! t_interp:  8230220.399630594 t_traj:  8230220.208222199
plunging! t_interp:  8230220.399630594 t_traj:  8230220.338372334
plunging! t_interp:  8230220.399630594 t_traj:  8230220.277151339
plunging! t_interp:  8230220.399630594 t_traj:  8230220.21594661
plunging! t_interp:  8230220.399630594 t_traj:  8230220.154676306
plunging! t_interp:  8230220.399630594 t_traj:  8230220.387299413
plunging! t_interp:  8230220.399630594 t_traj:  8230220.375065042
plunging! t_interp:  8230220.399630594 t_traj:  8230220.36277277
plunging! t_interp:  8230220.399630594 t_traj:  8230220.350519778
Finished derivatives
Calculated Fisher is *atleast* positive-definite.
Time taken to compute FM is 9.487990140914917 seconds
    CV from_0PA#1 it   3 lam=1.1e+10 ov=0.9934586 chi2=1.534e+03 rel=1.7e-11
    NM  nfev=1262 ov 0.9934586 -> 0.9938995 (accepted=True)
Body is not plunging, Fisher should be stable.
waveform shape: (3, 6311629)
Computing SNR for parameters: (np.float64(1001762.7055835425), np.float64(4995.125401114463), np.float64(0.7039619253723404), np.float64(24.967473264643406), np.float64(0.2497984258881201), 1.0, 12.0, np.float64(0.7874601093510156), np.float64(1.0043793366815748), 1.0, 1.0471975511965976, np.float64(0.9887781919089447), 0.5, np.float64(0.6647281938916391), 0.95, False, False, False, True, 0.0, 0.0, np.float64(0.00016553223913153817), np.float64(0.01215812319638289))
Waveform Generated. SNR: 343.15766580364823
calculating stable deltas...
plunging! t_interp:  8230219.994465438 t_traj:  8223686.113515717
plunging! t_interp:  8230219.994465438 t_traj:  8225319.340533949
plunging! t_interp:  8230219.994465438 t_traj:  8226952.730420252
plunging! t_interp:  8230219.994465438 t_traj:  8228586.280978419
plunging! t_interp:  8230219.994465438 t_traj:  8227925.528009516
plunging! t_interp:  8230219.994465438 t_traj:  8228499.114613157
plunging! t_interp:  8230219.994465438 t_traj:  8229072.720992955
plunging! t_interp:  8230219.994465438 t_traj:  8229646.347668222
plunging! t_interp:  8230219.994465438 t_traj:  8229414.326839915
plunging! t_interp:  8230219.994465438 t_traj:  8229615.740070931
plunging! t_interp:  8230219.994465438 t_traj:  8229817.155732078
plunging! t_interp:  8230219.994465438 t_traj:  8230018.573587481
plunging! t_interp:  8230219.994465438 t_traj:  8229937.104433926
plunging! t_interp:  8230219.994465438 t_traj:  8230007.826606129
plunging! t_interp:  8230219.994465438 t_traj:  8230078.548939983
plunging! t_interp:  8230219.994465438 t_traj:  8230149.271547864
plunging! t_interp:  8230219.994465438 t_traj:  8230120.665867738
plunging! t_interp:  8230219.994465438 t_traj:  8230145.497987194
plunging! t_interp:  8230219.994465438 t_traj:  8230170.33006311
plunging! t_interp:  8230219.994465438 t_traj:  8230195.161956929
plunging! t_interp:  8230219.994465438 t_traj:  8230185.118257502
plunging! t_interp:  8230219.994465438 t_traj:  8230193.837296429
plunging! t_interp:  8230219.994465438 t_traj:  8230202.556365066
plunging! t_interp:  8230219.994465438 t_traj:  8230211.275092308
plunging! t_interp:  8230219.994465438 t_traj:  8230207.748465792
plunging! t_interp:  8230219.994465438 t_traj:  8230210.810177687
plunging! t_interp:  8230219.994465438 t_traj:  8230213.871587579
plunging! t_interp:  8230219.994465438 t_traj:  8230216.933013285
plunging! t_interp:  8230219.994465438 t_traj:  8230215.694735841
plunging! t_interp:  8230219.994465438 t_traj:  8230216.7696929
plunging! t_interp:  8230219.994465438 t_traj:  8230217.844651548
plunging! t_interp:  8230219.994465438 t_traj:  8230218.919570366
plunging! t_interp:  8230219.994465438 t_traj:  8230218.484725682
plunging! t_interp:  8230219.994465438 t_traj:  8230218.862210694
plunging! t_interp:  8230219.994465438 t_traj:  8230219.239642051
plunging! t_interp:  8230219.994465438 t_traj:  8230219.617038607
plunging! t_interp:  8230219.994465438 t_traj:  8230219.464395703
plunging! t_interp:  8230219.994465438 t_traj:  8230219.5969000915
plunging! t_interp:  8230219.994465438 t_traj:  8230219.729397829
plunging! t_interp:  8230219.994465438 t_traj:  8230219.861914113
plunging! t_interp:  8230219.994465438 t_traj:  8230219.808339452
plunging! t_interp:  8230219.994465438 t_traj:  8230219.854863392
plunging! t_interp:  8230219.994465438 t_traj:  8230219.901404514
plunging! t_interp:  8230219.994465438 t_traj:  8230219.947913251
plunging! t_interp:  8230219.994465438 t_traj:  8230219.929112793
plunging! t_interp:  8230219.994465438 t_traj:  8230219.945450061
plunging! t_interp:  8230219.994465438 t_traj:  8230219.96170707
plunging! t_interp:  8230219.994465438 t_traj:  8230219.978099414
plunging! t_interp:  8230219.994465438 t_traj:  8229409.302960344
plunging! t_interp:  8230219.994465438 t_traj:  8228598.773586715
plunging! t_interp:  8230219.994465438 t_traj:  8227788.406264124
plunging! t_interp:  8230219.994465438 t_traj:  8226978.200716924
plunging! t_interp:  8230219.994465438 t_traj:  8229935.326705905
plunging! t_interp:  8230219.994465438 t_traj:  8229650.678849939
plunging! t_interp:  8230219.994465438 t_traj:  8229366.051003619
plunging! t_interp:  8230219.994465438 t_traj:  8229081.442867303
plunging! t_interp:  8230219.994465438 t_traj:  8230120.039893217
plunging! t_interp:  8230219.994465438 t_traj:  8230020.087759434
plunging! t_interp:  8230219.994465438 t_traj:  8229920.138872359
plunging! t_interp:  8230219.994465438 t_traj:  8229820.190866591
plunging! t_interp:  8230219.994465438 t_traj:  8230184.898176674
plunging! t_interp:  8230219.994465438 t_traj:  8230149.802262542
plunging! t_interp:  8230219.994465438 t_traj:  8230114.706581777
plunging! t_interp:  8230219.994465438 t_traj:  8230079.611242448
plunging! t_interp:  8230219.994465438 t_traj:  8230207.671460933
plunging! t_interp:  8230219.994465438 t_traj:  8230195.34852718
plunging! t_interp:  8230219.994465438 t_traj:  8230183.025303433
plunging! t_interp:  8230219.994465438 t_traj:  8230170.702674412
plunging! t_interp:  8230219.994465438 t_traj:  8230215.667313184
plunging! t_interp:  8230219.994465438 t_traj:  8230211.340806808
plunging! t_interp:  8230219.994465438 t_traj:  8230207.01391474
plunging! t_interp:  8230219.994465438 t_traj:  8230202.687143475
plunging! t_interp:  8230219.994465438 t_traj:  8230218.475206247
plunging! t_interp:  8230219.994465438 t_traj:  8230216.955973504
plunging! t_interp:  8230219.994465438 t_traj:  8230215.436756567
plunging! t_interp:  8230219.994465438 t_traj:  8230213.917237641
plunging! t_interp:  8230219.994465438 t_traj:  8230219.461063885
plunging! t_interp:  8230219.994465438 t_traj:  8230218.927638586
plunging! t_interp:  8230219.994465438 t_traj:  8230218.394173453
plunging! t_interp:  8230219.994465438 t_traj:  8230217.860709909
plunging! t_interp:  8230219.994465438 t_traj:  8230219.807167362
plunging! t_interp:  8230219.994465438 t_traj:  8230219.619899564
plunging! t_interp:  8230219.994465438 t_traj:  8230219.432596965
plunging! t_interp:  8230219.994465438 t_traj:  8230219.245240706
plunging! t_interp:  8230219.994465438 t_traj:  8230219.928671962
plunging! t_interp:  8230219.994465438 t_traj:  8230219.862913534
plunging! t_interp:  8230219.994465438 t_traj:  8230219.797173648
plunging! t_interp:  8230219.994465438 t_traj:  8230219.7314271135
plunging! t_interp:  8230219.994465438 t_traj:  8230219.971353213
plunging! t_interp:  8230219.994465438 t_traj:  8230219.948284443
plunging! t_interp:  8230219.994465438 t_traj:  8230219.925183277
plunging! t_interp:  8230219.994465438 t_traj:  8230219.9020993
plunging! t_interp:  8230219.994465438 t_traj:  8230219.986329636
plunging! t_interp:  8230219.994465438 t_traj:  8230219.978167509
plunging! t_interp:  8230219.994465438 t_traj:  8230219.970140719
plunging! t_interp:  8230219.994465438 t_traj:  8230219.962033669
plunging! t_interp:  8230219.994465438 t_traj:  8229839.5686575
plunging! t_interp:  8230219.994465438 t_traj:  8229934.67611718
plunging! t_interp:  8230219.994465438 t_traj:  8230029.7828915855
plunging! t_interp:  8230219.994465438 t_traj:  8230124.889005227
plunging! t_interp:  8230219.994465438 t_traj:  8230086.420874933
plunging! t_interp:  8230219.994465438 t_traj:  8230119.814396557
plunging! t_interp:  8230219.994465438 t_traj:  8230153.207846522
plunging! t_interp:  8230219.994465438 t_traj:  8230186.600880417
plunging! t_interp:  8230219.994465438 t_traj:  8230173.09440681
plunging! t_interp:  8230219.994465438 t_traj:  8230184.8202115735
plunging! t_interp:  8230219.994465438 t_traj:  8230196.544421165
plunging! t_interp:  8230219.994465438 t_traj:  8230208.269467589
plunging! t_interp:  8230219.994465438 t_traj:  8230203.526962407
plunging! t_interp:  8230219.994465438 t_traj:  8230207.643850038
plunging! t_interp:  8230219.994465438 t_traj:  8230211.760711246
plunging! t_interp:  8230219.994465438 t_traj:  8230215.877596096
plunging! t_interp:  8230219.994465438 t_traj:  8230214.212423186
plunging! t_interp:  8230219.994465438 t_traj:  8230215.657909549
plunging! t_interp:  8230219.994465438 t_traj:  8230217.103139413
plunging! t_interp:  8230219.994465438 t_traj:  8230218.548989663
plunging! t_interp:  8230219.994465438 t_traj:  8230217.96423262
plunging! t_interp:  8230219.994465438 t_traj:  8230218.471821116
plunging! t_interp:  8230219.994465438 t_traj:  8230218.97937748
plunging! t_interp:  8230219.994465438 t_traj:  8230219.486947019
plunging! t_interp:  8230219.994465438 t_traj:  8230219.281607658
plunging! t_interp:  8230219.994465438 t_traj:  8230219.459827474
plunging! t_interp:  8230219.994465438 t_traj:  8230219.638039153
plunging! t_interp:  8230219.994465438 t_traj:  8230219.816252892
plunging! t_interp:  8230219.994465438 t_traj:  8230219.744162914
plunging! t_interp:  8230219.994465438 t_traj:  8230219.806753371
plunging! t_interp:  8230219.994465438 t_traj:  8230219.869302264
plunging! t_interp:  8230219.994465438 t_traj:  8230219.931866734
plunging! t_interp:  8230219.994465438 t_traj:  8230219.906559552
plunging! t_interp:  8230219.994465438 t_traj:  8230219.9285522355
plunging! t_interp:  8230219.994465438 t_traj:  8230219.950537326
plunging! t_interp:  8230219.994465438 t_traj:  8230219.972496731
plunging! t_interp:  8230219.994465438 t_traj:  8230219.963617616
plunging! t_interp:  8230219.994465438 t_traj:  8230219.97132623
plunging! t_interp:  8230219.994465438 t_traj:  8230219.979056084
plunging! t_interp:  8230219.994465438 t_traj:  8230219.986734217
plunging! t_interp:  8230219.994465438 t_traj:  8230219.9836407555
plunging! t_interp:  8230219.994465438 t_traj:  8230219.986346424
plunging! t_interp:  8230219.994465438 t_traj:  8230219.989050171
plunging! t_interp:  8230219.994465438 t_traj:  8230219.991766942
plunging! t_interp:  8230219.994465438 t_traj:  8230219.990661501
plunging! t_interp:  8230219.994465438 t_traj:  8230219.991613327
plunging! t_interp:  8230219.994465438 t_traj:  8230219.9925607955
plunging! t_interp:  8230219.994465438 t_traj:  8230219.993527366
plunging! t_interp:  8230219.994465438 t_traj:  8217119.7758279815
plunging! t_interp:  8230219.994465438 t_traj:  8220393.370572065
plunging! t_interp:  8230219.994465438 t_traj:  8223667.938630588
plunging! t_interp:  8230219.994465438 t_traj:  8226943.47978712
plunging! t_interp:  8230219.994465438 t_traj:  8225618.482507237
plunging! t_interp:  8230219.994465438 t_traj:  8226768.680489218
plunging! t_interp:  8230219.994465438 t_traj:  8227918.99844965
plunging! t_interp:  8230219.994465438 t_traj:  8229069.4364750665
plunging! t_interp:  8230219.994465438 t_traj:  8228604.096618386
plunging! t_interp:  8230219.994465438 t_traj:  8229008.048933488
plunging! t_interp:  8230219.994465438 t_traj:  8229412.015935693
plunging! t_interp:  8230219.994465438 t_traj:  8229815.997803461
plunging! t_interp:  8230219.994465438 t_traj:  8229652.594772046
plunging! t_interp:  8230219.994465438 t_traj:  8229794.441965545
plunging! t_interp:  8230219.994465438 t_traj:  8229936.290946056
plunging! t_interp:  8230219.994465438 t_traj:  8230078.141796384
plunging! t_interp:  8230219.994465438 t_traj:  8230020.76626906
plunging! t_interp:  8230219.994465438 t_traj:  8230070.572975775
plunging! t_interp:  8230219.994465438 t_traj:  8230120.379899736
plunging! t_interp:  8230219.994465438 t_traj:  8230170.187035201
plunging! t_interp:  8230219.994465438 t_traj:  8230150.041155048
plunging! t_interp:  8230219.994465438 t_traj:  8230167.529465201
plunging! t_interp:  8230219.994465438 t_traj:  8230185.0177495135
plunging! t_interp:  8230219.994465438 t_traj:  8230202.506109224
plunging! t_interp:  8230219.994465438 t_traj:  8230195.43245274
plunging! t_interp:  8230219.994465438 t_traj:  8230201.572943212
plunging! t_interp:  8230219.994465438 t_traj:  8230207.71345007
plunging! t_interp:  8230219.994465438 t_traj:  8230213.85486433
plunging! t_interp:  8230219.994465438 t_traj:  8230211.370281616
plunging! t_interp:  8230219.994465438 t_traj:  8230213.526307853
plunging! t_interp:  8230219.994465438 t_traj:  8230215.682413065
plunging! t_interp:  8230219.994465438 t_traj:  8230217.838419121
plunging! t_interp:  8230219.994465438 t_traj:  8230216.966325059
plunging! t_interp:  8230219.994465438 t_traj:  8230217.723371939
plunging! t_interp:  8230219.994465438 t_traj:  8230218.48041845
plunging! t_interp:  8230219.994465438 t_traj:  8230219.237412131
plunging! t_interp:  8230219.994465438 t_traj:  8230218.931217964
plunging! t_interp:  8230219.994465438 t_traj:  8230219.197044257
plunging! t_interp:  8230219.994465438 t_traj:  8230219.4628887735
plunging! t_interp:  8230219.994465438 t_traj:  8230219.728665435
plunging! t_interp:  8230219.994465438 t_traj:  8230219.621112766
plunging! t_interp:  8230219.994465438 t_traj:  8230219.714480222
plunging! t_interp:  8230219.994465438 t_traj:  8230219.807795277
plunging! t_interp:  8230219.994465438 t_traj:  8230219.901165214
plunging! t_interp:  8230219.994465438 t_traj:  8230219.863412589
plunging! t_interp:  8230219.994465438 t_traj:  8230219.896158957
plunging! t_interp:  8230219.994465438 t_traj:  8230219.928721135
plunging! t_interp:  8230219.994465438 t_traj:  8230219.961707988
plunging! t_interp:  8230219.994465438 t_traj:  8230076.566006629
plunging! t_interp:  8230219.994465438 t_traj:  8230112.415493776
plunging! t_interp:  8230219.994465438 t_traj:  8230148.270074291
plunging! t_interp:  8230219.994465438 t_traj:  8230184.130494087
plunging! t_interp:  8230219.994465438 t_traj:  8230169.624746447
plunging! t_interp:  8230219.994465438 t_traj:  8230182.21624236
plunging! t_interp:  8230219.994465438 t_traj:  8230194.808326388
plunging! t_interp:  8230219.994465438 t_traj:  8230207.401078435
plunging! t_interp:  8230219.994465438 t_traj:  8230202.30757874
plunging! t_interp:  8230219.994465438 t_traj:  8230206.729182269
plunging! t_interp:  8230219.994465438 t_traj:  8230211.150835846
plunging! t_interp:  8230219.994465438 t_traj:  8230215.572665363
plunging! t_interp:  8230219.994465438 t_traj:  8230213.784110295
plunging! t_interp:  8230219.994465438 t_traj:  8230215.336677074
plunging! t_interp:  8230219.994465438 t_traj:  8230216.889309473
plunging! t_interp:  8230219.994465438 t_traj:  8230218.4418948805
plunging! t_interp:  8230219.994465438 t_traj:  8230217.813877249
plunging! t_interp:  8230219.994465438 t_traj:  8230218.359026984
plunging! t_interp:  8230219.994465438 t_traj:  8230218.904180079
plunging! t_interp:  8230219.994465438 t_traj:  8230219.449295615
plunging! t_interp:  8230219.994465438 t_traj:  8230219.229596988
plunging! t_interp:  8230219.994465438 t_traj:  8230219.419928354
plunging! t_interp:  8230219.994465438 t_traj:  8230219.611669181
plunging! t_interp:  8230219.994465438 t_traj:  8230219.803065108
plunging! t_interp:  8230219.994465438 t_traj:  8230219.725633509
plunging! t_interp:  8230219.994465438 t_traj:  8230219.7928516865
plunging! t_interp:  8230219.994465438 t_traj:  8230219.860021485
plunging! t_interp:  8230219.994465438 t_traj:  8230219.927281634
plunging! t_interp:  8230219.994465438 t_traj:  8230219.900059284
plunging! t_interp:  8230219.994465438 t_traj:  8230219.923687419
plunging! t_interp:  8230219.994465438 t_traj:  8230219.947281443
plunging! t_interp:  8230219.994465438 t_traj:  8230219.970902106
plunging! t_interp:  8230219.994465438 t_traj:  8230219.961350285
plunging! t_interp:  8230219.994465438 t_traj:  8230219.969612664
plunging! t_interp:  8230219.994465438 t_traj:  8230219.977893491
plunging! t_interp:  8230219.994465438 t_traj:  8230219.9861811865
plunging! t_interp:  8230219.994465438 t_traj:  8230219.982813201
plunging! t_interp:  8230219.994465438 t_traj:  8230219.98572295
plunging! t_interp:  8230219.994465438 t_traj:  8230219.988678542
plunging! t_interp:  8230219.994465438 t_traj:  8230219.991557812
plunging! t_interp:  8230219.994465438 t_traj:  8230219.990400821
plunging! t_interp:  8230219.994465438 t_traj:  8230219.991371124
plunging! t_interp:  8230219.994465438 t_traj:  8230219.992394549
plunging! t_interp:  8230219.994465438 t_traj:  8230219.993443443
plunging! t_interp:  8230219.994465438 t_traj:  8230219.993041773
plunging! t_interp:  8230219.994465438 t_traj:  8230219.993363427
plunging! t_interp:  8230219.994465438 t_traj:  8230219.993750843
plunging! t_interp:  8230219.994465438 t_traj:  8230219.9940719595
plunging! t_interp:  8230219.994465438 t_traj:  8230219.327662835
plunging! t_interp:  8230219.994465438 t_traj:  8230218.660825044
plunging! t_interp:  8230219.994465438 t_traj:  8230217.994031896
plunging! t_interp:  8230219.994465438 t_traj:  8230217.3272004435
plunging! t_interp:  8230219.994465438 t_traj:  8230219.7603069395
plunging! t_interp:  8230219.994465438 t_traj:  8230219.526212867
plunging! t_interp:  8230219.994465438 t_traj:  8230219.292072054
plunging! t_interp:  8230219.994465438 t_traj:  8230219.057919173
plunging! t_interp:  8230219.994465438 t_traj:  8230219.912234068
plunging! t_interp:  8230219.994465438 t_traj:  8230219.83005554
plunging! t_interp:  8230219.994465438 t_traj:  8230219.747855172
plunging! t_interp:  8230219.994465438 t_traj:  8230219.665603505
plunging! t_interp:  8230219.994465438 t_traj:  8230219.965641744
plunging! t_interp:  8230219.994465438 t_traj:  8230219.936708852
plunging! t_interp:  8230219.994465438 t_traj:  8230219.907871282
plunging! t_interp:  8230219.994465438 t_traj:  8230219.878994482
plunging! t_interp:  8230219.994465438 t_traj:  8230219.984372801
plunging! t_interp:  8230219.994465438 t_traj:  8230219.974202396
plunging! t_interp:  8230219.994465438 t_traj:  8230219.964046584
plunging! t_interp:  8230219.994465438 t_traj:  8230219.953907052
plunging! t_interp:  8230219.994465438 t_traj:  8230219.990881056
plunging! t_interp:  8230219.994465438 t_traj:  8230219.987334306
plunging! t_interp:  8230219.994465438 t_traj:  8230219.9837921085
plunging! t_interp:  8230219.994465438 t_traj:  8230219.980225419
plunging! t_interp:  8230219.994465438 t_traj:  8230219.993208913
plunging! t_interp:  8230219.994465438 t_traj:  8230219.991957251
plunging! t_interp:  8230219.994465438 t_traj:  8230219.990710078
plunging! t_interp:  8230219.994465438 t_traj:  8230219.989222405
plunging! t_interp:  8230219.994465438 t_traj:  8230219.994031534
plunging! t_interp:  8230219.994465438 t_traj:  8230219.993586282
plunging! t_interp:  8230219.994465438 t_traj:  8230219.993122053
plunging! t_interp:  8230219.994465438 t_traj:  8230219.992723356
plunging! t_interp:  8230219.994465438 t_traj:  8230219.994299152
plunging! t_interp:  8230219.994465438 t_traj:  8230219.994169987
plunging! t_interp:  8230219.994465438 t_traj:  8230219.99399604
plunging! t_interp:  8230219.994465438 t_traj:  8230219.993886097
plunging! t_interp:  8230219.994465438 t_traj:  8230219.994409718
plunging! t_interp:  8230219.994465438 t_traj:  8230219.994301461
plunging! t_interp:  8230219.994465438 t_traj:  8230219.994260787
plunging! t_interp:  8230219.994465438 t_traj:  8230219.994458612
plunging! t_interp:  8230219.994465438 t_traj:  8230219.994231908
plunging! t_interp:  8230219.994465438 t_traj:  8230219.994441832
plunging! t_interp:  8230219.994465438 t_traj:  8230219.99439593
plunging! t_interp:  8230219.994465438 t_traj:  8230219.994462271
plunging! t_interp:  8230219.994465438 t_traj:  8230219.994206537
plunging! t_interp:  8230219.994465438 t_traj:  8230219.994209941
plunging! t_interp:  8230219.994465438 t_traj:  8230219.994463014
plunging! t_interp:  8230219.994465438 t_traj:  8230219.994448942
plunging! t_interp:  8230219.994465438 t_traj:  8230219.569612263
plunging! t_interp:  8230219.994465438 t_traj:  8230219.14478113
plunging! t_interp:  8230219.994465438 t_traj:  8230218.7199343
plunging! t_interp:  8230219.994465438 t_traj:  8230218.29511155
plunging! t_interp:  8230219.994465438 t_traj:  8230219.845285343
plunging! t_interp:  8230219.994465438 t_traj:  8230219.696163348
plunging! t_interp:  8230219.994465438 t_traj:  8230219.546820036
plunging! t_interp:  8230219.994465438 t_traj:  8230219.397789959
plunging! t_interp:  8230219.994465438 t_traj:  8230219.942090066
plunging! t_interp:  8230219.994465438 t_traj:  8230219.8896851875
plunging! t_interp:  8230219.994465438 t_traj:  8230219.837305266
plunging! t_interp:  8230219.994465438 t_traj:  8230219.784965986
plunging! t_interp:  8230219.994465438 t_traj:  8230219.975815372
plunging! t_interp:  8230219.994465438 t_traj:  8230219.958492866
plunging! t_interp:  8230219.994465438 t_traj:  8230219.939298563
plunging! t_interp:  8230219.994465438 t_traj:  8230219.920916047
plunging! t_interp:  8230219.994465438 t_traj:  8230219.988048224
plunging! t_interp:  8230219.994465438 t_traj:  8230219.981548675
plunging! t_interp:  8230219.994465438 t_traj:  8230219.975091969
plunging! t_interp:  8230219.994465438 t_traj:  8230219.968388267
plunging! t_interp:  8230219.994465438 t_traj:  8230219.991948299
plunging! t_interp:  8230219.994465438 t_traj:  8230219.989950216
plunging! t_interp:  8230219.994465438 t_traj:  8230219.98764179
plunging! t_interp:  8230219.994465438 t_traj:  8230219.985188438
plunging! t_interp:  8230219.994465438 t_traj:  8230219.99363719
plunging! t_interp:  8230219.994465438 t_traj:  8230219.99289429
plunging! t_interp:  8230219.994465438 t_traj:  8230219.99280872
plunging! t_interp:  8230219.994465438 t_traj:  8230219.991284691
plunging! t_interp:  8230219.994465438 t_traj:  8230219.994162033
plunging! t_interp:  8230219.994465438 t_traj:  8230219.993907237
plunging! t_interp:  8230219.994465438 t_traj:  8230219.993637892
plunging! t_interp:  8230219.994465438 t_traj:  8230219.993379162
plunging! t_interp:  8230219.994465438 t_traj:  8230219.994374752
plunging! t_interp:  8230219.994465438 t_traj:  8230219.994203643
plunging! t_interp:  8230219.994465438 t_traj:  8230219.994045077
plunging! t_interp:  8230219.994465438 t_traj:  8230219.994132925
plunging! t_interp:  8230219.994465438 t_traj:  8230219.994422126
plunging! t_interp:  8230219.994465438 t_traj:  8230219.994364964
plunging! t_interp:  8230219.994465438 t_traj:  8230219.994348326
plunging! t_interp:  8230219.994465438 t_traj:  8230219.994455551
plunging! t_interp:  8230219.994465438 t_traj:  8230219.994440329
plunging! t_interp:  8230219.994465438 t_traj:  8230219.994390919
plunging! t_interp:  8230219.994465438 t_traj:  8230219.994345936
plunging! t_interp:  8230219.994465438 t_traj:  8230219.994459145
Time taken to compute stable deltas is 91.69078183174133 seconds
calculating Fisher matrix...
plunging! t_interp:  8230219.994465438 t_traj:  8230218.484725682
plunging! t_interp:  8230219.994465438 t_traj:  8230218.862210694
plunging! t_interp:  8230219.994465438 t_traj:  8230219.239642051
plunging! t_interp:  8230219.994465438 t_traj:  8230219.617038607
plunging! t_interp:  8230219.994465438 t_traj:  8230219.807167362
plunging! t_interp:  8230219.994465438 t_traj:  8230219.619899564
plunging! t_interp:  8230219.994465438 t_traj:  8230219.432596965
plunging! t_interp:  8230219.994465438 t_traj:  8230219.245240706
plunging! t_interp:  8230219.994465438 t_traj:  8230219.281607658
plunging! t_interp:  8230219.994465438 t_traj:  8230219.459827474
plunging! t_interp:  8230219.994465438 t_traj:  8230219.638039153
plunging! t_interp:  8230219.994465438 t_traj:  8230219.816252892
plunging! t_interp:  8230219.994465438 t_traj:  8230218.931217964
plunging! t_interp:  8230219.994465438 t_traj:  8230219.197044257
plunging! t_interp:  8230219.994465438 t_traj:  8230219.4628887735
plunging! t_interp:  8230219.994465438 t_traj:  8230219.728665435
plunging! t_interp:  8230219.994465438 t_traj:  8230219.229596988
plunging! t_interp:  8230219.994465438 t_traj:  8230219.419928354
plunging! t_interp:  8230219.994465438 t_traj:  8230219.611669181
plunging! t_interp:  8230219.994465438 t_traj:  8230219.803065108
plunging! t_interp:  8230219.994465438 t_traj:  8230219.7603069395
plunging! t_interp:  8230219.994465438 t_traj:  8230219.526212867
plunging! t_interp:  8230219.994465438 t_traj:  8230219.292072054
plunging! t_interp:  8230219.994465438 t_traj:  8230219.057919173
plunging! t_interp:  8230219.994465438 t_traj:  8230219.845285343
plunging! t_interp:  8230219.994465438 t_traj:  8230219.696163348
plunging! t_interp:  8230219.994465438 t_traj:  8230219.546820036
plunging! t_interp:  8230219.994465438 t_traj:  8230219.397789959
Finished derivatives
Calculated Fisher is *atleast* positive-definite.
Time taken to compute FM is 8.30803918838501 seconds
    CV from_0PA#2 it   0 lam=1.1e+02 ov=0.9938995 chi2=1.433e+03 rel=3.4e-05
Body is not plunging, Fisher should be stable.
waveform shape: (3, 6311629)
Computing SNR for parameters: (np.float64(1001762.7056043975), np.float64(4995.125400870171), np.float64(0.7039619256863485), np.float64(24.96747326491326), np.float64(0.24979842602329128), 1.0, 12.0, np.float64(0.787459929893328), np.float64(1.0043785745655769), 1.0, 1.0471975511965976, np.float64(0.9887775093510345), 0.5, np.float64(0.6646799014430436), 0.95, False, False, False, True, 0.0, 0.0, np.float64(0.00016552233312014055), np.float64(0.012157607952808434))
Waveform Generated. SNR: 343.157539152503
calculating Fisher matrix...
plunging! t_interp:  8230219.996730486 t_traj:  8230218.487026562
plunging! t_interp:  8230219.996730486 t_traj:  8230218.864458525
plunging! t_interp:  8230219.996730486 t_traj:  8230219.24190585
plunging! t_interp:  8230219.996730486 t_traj:  8230219.6193302
plunging! t_interp:  8230219.996730486 t_traj:  8230219.809458956
plunging! t_interp:  8230219.996730486 t_traj:  8230219.622163358
plunging! t_interp:  8230219.996730486 t_traj:  8230219.434844792
plunging! t_interp:  8230219.996730486 t_traj:  8230219.247541586
plunging! t_interp:  8230219.996730486 t_traj:  8230219.283944581
plunging! t_interp:  8230219.996730486 t_traj:  8230219.462135236
plunging! t_interp:  8230219.996730486 t_traj:  8230219.640302371
plunging! t_interp:  8230219.996730486 t_traj:  8230219.818581114
plunging! t_interp:  8230219.996730486 t_traj:  8230218.933535719
plunging! t_interp:  8230219.996730486 t_traj:  8230219.199307343
plunging! t_interp:  8230219.996730486 t_traj:  8230219.4651506785
plunging! t_interp:  8230219.996730486 t_traj:  8230219.730919456
plunging! t_interp:  8230219.996730486 t_traj:  8230219.231054672
plunging! t_interp:  8230219.996730486 t_traj:  8230219.422516898
plunging! t_interp:  8230219.996730486 t_traj:  8230219.613896416
plunging! t_interp:  8230219.996730486 t_traj:  8230219.805351836
plunging! t_interp:  8230219.996730486 t_traj:  8230219.762600159
plunging! t_interp:  8230219.996730486 t_traj:  8230219.528499634
plunging! t_interp:  8230219.996730486 t_traj:  8230219.2952177655
plunging! t_interp:  8230219.996730486 t_traj:  8230219.060269529
plunging! t_interp:  8230219.996730486 t_traj:  8230219.847553447
plunging! t_interp:  8230219.996730486 t_traj:  8230219.698455547
plunging! t_interp:  8230219.996730486 t_traj:  8230219.549227943
plunging! t_interp:  8230219.996730486 t_traj:  8230219.400049197
Finished derivatives
Calculated Fisher is *atleast* positive-definite.
Time taken to compute FM is 9.453824996948242 seconds
    CV from_0PA#2 it   1 lam=2.9e+02 ov=0.9938997 chi2=1.433e+03 rel=2.0e-05
Body is not plunging, Fisher should be stable.
waveform shape: (3, 6311629)
Computing SNR for parameters: (np.float64(1001762.70561216), np.float64(4995.125400779204), np.float64(0.7039619258032666), np.float64(24.967473265013705), np.float64(0.24979842607345512), 1.0, 12.0, np.float64(0.7874598651384467), np.float64(1.004378288358403), 1.0, 1.0471975511965976, np.float64(0.9887772645594427), 0.5, np.float64(0.6646618107470511), 0.95, False, False, False, True, 0.0, 0.0, np.float64(0.00016551864425280767), np.float64(0.012157416775340827))
Waveform Generated. SNR: 343.15756102315333
calculating Fisher matrix...
plunging! t_interp:  8230219.997606815 t_traj:  8230218.487926821
plunging! t_interp:  8230219.997606815 t_traj:  8230218.865322847
plunging! t_interp:  8230219.997606815 t_traj:  8230219.242754095
plunging! t_interp:  8230219.997606815 t_traj:  8230219.620156265
plunging! t_interp:  8230219.997606815 t_traj:  8230219.810285024
plunging! t_interp:  8230219.997606815 t_traj:  8230219.623011609
plunging! t_interp:  8230219.997606815 t_traj:  8230219.435709119
plunging! t_interp:  8230219.997606815 t_traj:  8230219.248441849
plunging! t_interp:  8230219.997606815 t_traj:  8230219.284767195
plunging! t_interp:  8230219.997606815 t_traj:  8230219.463005956
plunging! t_interp:  8230219.997606815 t_traj:  8230219.641230505
plunging! t_interp:  8230219.997606815 t_traj:  8230219.819371365
plunging! t_interp:  8230219.997606815 t_traj:  8230218.934168235
plunging! t_interp:  8230219.997606815 t_traj:  8230219.199896093
plunging! t_interp:  8230219.997606815 t_traj:  8230219.466002488
plunging! t_interp:  8230219.997606815 t_traj:  8230219.731778324
plunging! t_interp:  8230219.997606815 t_traj:  8230219.231934823
plunging! t_interp:  8230219.997606815 t_traj:  8230219.423380097
plunging! t_interp:  8230219.997606815 t_traj:  8230219.614793843
plunging! t_interp:  8230219.997606815 t_traj:  8230219.8062034855
plunging! t_interp:  8230219.997606815 t_traj:  8230219.763476214
plunging! t_interp:  8230219.997606815 t_traj:  8230219.529209328
plunging! t_interp:  8230219.997606815 t_traj:  8230219.295126734
plunging! t_interp:  8230219.997606815 t_traj:  8230219.060786782
plunging! t_interp:  8230219.997606815 t_traj:  8230219.848427757
plunging! t_interp:  8230219.997606815 t_traj:  8230219.699260912
plunging! t_interp:  8230219.997606815 t_traj:  8230219.550096998
plunging! t_interp:  8230219.997606815 t_traj:  8230219.400928259
Finished derivatives
Calculated Fisher is *atleast* positive-definite.
Time taken to compute FM is 9.404905796051025 seconds
    CV from_0PA#2 it   2 lam=5.6e+02 ov=0.9938998 chi2=1.433e+03 rel=1.3e-05
Body is not plunging, Fisher should be stable.
waveform shape: (3, 6311629)
Computing SNR for parameters: (np.float64(1001762.7056236629), np.float64(4995.125400644287), np.float64(0.7039619259761465), np.float64(24.96747326516259), np.float64(0.24979842614746733), 1.0, 12.0, np.float64(0.787459773959756), np.float64(1.004377858869375), 1.0, 1.0471975511965976, np.float64(0.9887769234859956), 0.5, np.float64(0.6646347258975166), 0.95, False, False, False, True, 0.0, 0.0, np.float64(0.00016551317208410461), np.float64(0.012157134777392858))
Waveform Generated. SNR: 343.1574387816485
calculating Fisher matrix...
plunging! t_interp:  8230219.998854702 t_traj:  8230218.489124669
plunging! t_interp:  8230219.998854702 t_traj:  8230218.866618206
plunging! t_interp:  8230219.998854702 t_traj:  8230219.244028586
plunging! t_interp:  8230219.998854702 t_traj:  8230219.621405696
plunging! t_interp:  8230219.998854702 t_traj:  8230219.811534451
plunging! t_interp:  8230219.998854702 t_traj:  8230219.6242860975
plunging! t_interp:  8230219.998854702 t_traj:  8230219.437004474
plunging! t_interp:  8230219.998854702 t_traj:  8230219.249639698
plunging! t_interp:  8230219.998854702 t_traj:  8230219.286065497
plunging! t_interp:  8230219.998854702 t_traj:  8230219.464214948
plunging! t_interp:  8230219.998854702 t_traj:  8230219.642469082
plunging! t_interp:  8230219.998854702 t_traj:  8230219.8206548225
plunging! t_interp:  8230219.998854702 t_traj:  8230218.935617609
plunging! t_interp:  8230219.998854702 t_traj:  8230219.201449907
plunging! t_interp:  8230219.998854702 t_traj:  8230219.467217828
plunging! t_interp:  8230219.998854702 t_traj:  8230219.733072692
plunging! t_interp:  8230219.998854702 t_traj:  8230219.232908421
plunging! t_interp:  8230219.998854702 t_traj:  8230219.424632288
plunging! t_interp:  8230219.998854702 t_traj:  8230219.616048858
plunging! t_interp:  8230219.998854702 t_traj:  8230219.807455223
plunging! t_interp:  8230219.998854702 t_traj:  8230219.764767217
plunging! t_interp:  8230219.998854702 t_traj:  8230219.530609289
plunging! t_interp:  8230219.998854702 t_traj:  8230219.296478703
plunging! t_interp:  8230219.998854702 t_traj:  8230219.062369092
plunging! t_interp:  8230219.998854702 t_traj:  8230219.849413967
plunging! t_interp:  8230219.998854702 t_traj:  8230219.700538197
plunging! t_interp:  8230219.998854702 t_traj:  8230219.551332291
plunging! t_interp:  8230219.998854702 t_traj:  8230219.402182846
Finished derivatives
Calculated Fisher is *atleast* positive-definite.
Time taken to compute FM is 9.696654319763184 seconds
    CV from_0PA#2 it   3 lam=3.7e+02 ov=0.9938999 chi2=1.433e+03 rel=1.3e-05
Body is not plunging, Fisher should be stable.
waveform shape: (3, 6311629)
Computing SNR for parameters: (np.float64(1001762.7056296174), np.float64(4995.125400574417), np.float64(0.7039619260660182), np.float64(24.96747326523968), np.float64(0.24979842618569106), 1.0, 12.0, np.float64(0.7874597278470269), np.float64(1.0043776342004445), 1.0, 1.0471975511965976, np.float64(0.9887767525975594), 0.5, np.float64(0.6646206371602992), 0.95, False, False, False, True, 0.0, 0.0, np.float64(0.0001655103379787702), np.float64(0.012156989169197113))
Waveform Generated. SNR: 343.15746189864706
calculating Fisher matrix...
plunging! t_interp:  8230219.999277713 t_traj:  8230218.489810211
plunging! t_interp:  8230219.999277713 t_traj:  8230218.866986356
plunging! t_interp:  8230219.999277713 t_traj:  8230219.24446592
plunging! t_interp:  8230219.999277713 t_traj:  8230219.622130639
plunging! t_interp:  8230219.999277713 t_traj:  8230219.812259395
plunging! t_interp:  8230219.999277713 t_traj:  8230219.624723434
plunging! t_interp:  8230219.999277713 t_traj:  8230219.437372627
plunging! t_interp:  8230219.999277713 t_traj:  8230219.250325236
plunging! t_interp:  8230219.999277713 t_traj:  8230219.28666702
plunging! t_interp:  8230219.999277713 t_traj:  8230219.465670645
plunging! t_interp:  8230219.999277713 t_traj:  8230219.643092271
plunging! t_interp:  8230219.999277713 t_traj:  8230219.8213093
plunging! t_interp:  8230219.999277713 t_traj:  8230218.936317332
plunging! t_interp:  8230219.999277713 t_traj:  8230219.20212834
plunging! t_interp:  8230219.999277713 t_traj:  8230219.467885967
plunging! t_interp:  8230219.999277713 t_traj:  8230219.7337084925
plunging! t_interp:  8230219.999277713 t_traj:  8230219.233854132
plunging! t_interp:  8230219.999277713 t_traj:  8230219.42528379
plunging! t_interp:  8230219.999277713 t_traj:  8230219.616687321
plunging! t_interp:  8230219.999277713 t_traj:  8230219.808092306
plunging! t_interp:  8230219.999277713 t_traj:  8230219.765373924
plunging! t_interp:  8230219.999277713 t_traj:  8230219.53126609
plunging! t_interp:  8230219.999277713 t_traj:  8230219.297095595
plunging! t_interp:  8230219.999277713 t_traj:  8230219.063022942
plunging! t_interp:  8230219.999277713 t_traj:  8230219.850096809
plunging! t_interp:  8230219.999277713 t_traj:  8230219.701174557
plunging! t_interp:  8230219.999277713 t_traj:  8230219.55199075
plunging! t_interp:  8230219.999277713 t_traj:  8230219.402852473
Finished derivatives
Calculated Fisher is *atleast* positive-definite.
Time taken to compute FM is 9.292409181594849 seconds
    CV from_0PA#2 it   4 lam=1.3e+05 ov=0.9939000 chi2=1.433e+03 rel=3.4e-06
Body is not plunging, Fisher should be stable.
waveform shape: (3, 6311629)
Computing SNR for parameters: (np.float64(1001762.7056296349), np.float64(4995.125400574212), np.float64(0.7039619260662816), np.float64(24.967473265239907), np.float64(0.2497984261858033), 1.0, 12.0, np.float64(0.787459727711471), np.float64(1.0043776335441406), 1.0, 1.0471975511965976, np.float64(0.9887767520919514), 0.5, np.float64(0.6646205958709811), 0.95, False, False, False, True, 0.0, 0.0, np.float64(0.00016551032966522161), np.float64(0.012156988741647008))
Waveform Generated. SNR: 343.1574619423464
calculating stable deltas...
plunging! t_interp:  8230219.999512274 t_traj:  8223686.118593396
plunging! t_interp:  8230219.999512274 t_traj:  8225319.345551495
plunging! t_interp:  8230219.999512274 t_traj:  8226952.734405268
plunging! t_interp:  8230219.999512274 t_traj:  8228586.28604334
plunging! t_interp:  8230219.999512274 t_traj:  8227925.533060621
plunging! t_interp:  8230219.999512274 t_traj:  8228499.119661991
plunging! t_interp:  8230219.999512274 t_traj:  8229072.726318718
plunging! t_interp:  8230219.999512274 t_traj:  8229646.35261854
plunging! t_interp:  8230219.999512274 t_traj:  8229414.331919587
plunging! t_interp:  8230219.999512274 t_traj:  8229615.7451272365
plunging! t_interp:  8230219.999512274 t_traj:  8229817.160790251
plunging! t_interp:  8230219.999512274 t_traj:  8230018.578897222
plunging! t_interp:  8230219.999512274 t_traj:  8229937.109651424
plunging! t_interp:  8230219.999512274 t_traj:  8230007.831688434
plunging! t_interp:  8230219.999512274 t_traj:  8230078.554000186
plunging! t_interp:  8230219.999512274 t_traj:  8230149.276607271
plunging! t_interp:  8230219.999512274 t_traj:  8230120.670920649
plunging! t_interp:  8230219.999512274 t_traj:  8230145.503006329
plunging! t_interp:  8230219.999512274 t_traj:  8230170.335185368
plunging! t_interp:  8230219.999512274 t_traj:  8230195.167038253
plunging! t_interp:  8230219.999512274 t_traj:  8230185.122967483
plunging! t_interp:  8230219.999512274 t_traj:  8230193.8423311785
plunging! t_interp:  8230219.999512274 t_traj:  8230202.561362152
plunging! t_interp:  8230219.999512274 t_traj:  8230211.280450243
plunging! t_interp:  8230219.999512274 t_traj:  8230207.753761269
plunging! t_interp:  8230219.999512274 t_traj:  8230210.815197297
plunging! t_interp:  8230219.999512274 t_traj:  8230213.876693317
plunging! t_interp:  8230219.999512274 t_traj:  8230216.9380872
plunging! t_interp:  8230219.999512274 t_traj:  8230215.699779711
plunging! t_interp:  8230219.999512274 t_traj:  8230216.774719556
plunging! t_interp:  8230219.999512274 t_traj:  8230217.84963721
plunging! t_interp:  8230219.999512274 t_traj:  8230218.924596735
plunging! t_interp:  8230219.999512274 t_traj:  8230218.489805362
plunging! t_interp:  8230219.999512274 t_traj:  8230218.867274976
plunging! t_interp:  8230219.999512274 t_traj:  8230219.2447002325
plunging! t_interp:  8230219.999512274 t_traj:  8230219.622074797
plunging! t_interp:  8230219.999512274 t_traj:  8230219.469408201
plunging! t_interp:  8230219.999512274 t_traj:  8230219.601956029
plunging! t_interp:  8230219.999512274 t_traj:  8230219.734452915
plunging! t_interp:  8230219.999512274 t_traj:  8230219.866698765
plunging! t_interp:  8230219.999512274 t_traj:  8230219.813403027
plunging! t_interp:  8230219.999512274 t_traj:  8230219.85992766
plunging! t_interp:  8230219.999512274 t_traj:  8230219.906466383
plunging! t_interp:  8230219.999512274 t_traj:  8230219.953001485
plunging! t_interp:  8230219.999512274 t_traj:  8230219.934153925
plunging! t_interp:  8230219.999512274 t_traj:  8230219.950488964
plunging! t_interp:  8230219.999512274 t_traj:  8230219.966827662
plunging! t_interp:  8230219.999512274 t_traj:  8230219.982922785
plunging! t_interp:  8230219.999512274 t_traj:  8229409.308021319
plunging! t_interp:  8230219.999512274 t_traj:  8228598.778643917
plunging! t_interp:  8230219.999512274 t_traj:  8227788.411329221
plunging! t_interp:  8230219.999512274 t_traj:  8226978.206024645
plunging! t_interp:  8230219.999512274 t_traj:  8229935.331699428
plunging! t_interp:  8230219.999512274 t_traj:  8229650.683884259
plunging! t_interp:  8230219.999512274 t_traj:  8229366.056059188
plunging! t_interp:  8230219.999512274 t_traj:  8229081.448225544
plunging! t_interp:  8230219.999512274 t_traj:  8230120.044959484
plunging! t_interp:  8230219.999512274 t_traj:  8230020.0927746445
plunging! t_interp:  8230219.999512274 t_traj:  8229920.143139115
plunging! t_interp:  8230219.999512274 t_traj:  8229820.196724038
plunging! t_interp:  8230219.999512274 t_traj:  8230184.903235797
plunging! t_interp:  8230219.999512274 t_traj:  8230149.807320737
plunging! t_interp:  8230219.999512274 t_traj:  8230114.711678365
plunging! t_interp:  8230219.999512274 t_traj:  8230079.61634153
plunging! t_interp:  8230219.999512274 t_traj:  8230207.676508908
plunging! t_interp:  8230219.999512274 t_traj:  8230195.353541225
plunging! t_interp:  8230219.999512274 t_traj:  8230183.030624797
plunging! t_interp:  8230219.999512274 t_traj:  8230170.707741174
plunging! t_interp:  8230219.999512274 t_traj:  8230215.672671119
plunging! t_interp:  8230219.999512274 t_traj:  8230211.345803901
plunging! t_interp:  8230219.999512274 t_traj:  8230207.01897739
plunging! t_interp:  8230219.999512274 t_traj:  8230202.692205728
plunging! t_interp:  8230219.999512274 t_traj:  8230218.4802801665
plunging! t_interp:  8230219.999512274 t_traj:  8230216.961079243
plunging! t_interp:  8230219.999512274 t_traj:  8230215.44177619
plunging! t_interp:  8230219.999512274 t_traj:  8230213.9225328
plunging! t_interp:  8230219.999512274 t_traj:  8230219.466090253
plunging! t_interp:  8230219.999512274 t_traj:  8230218.932624249
plunging! t_interp:  8230219.999512274 t_traj:  8230218.399200114
plunging! t_interp:  8230219.999512274 t_traj:  8230217.865753787
plunging! t_interp:  8230219.999512274 t_traj:  8230219.812203554
plunging! t_interp:  8230219.999512274 t_traj:  8230219.624957744
plunging! t_interp:  8230219.999512274 t_traj:  8230219.437661248
plunging! t_interp:  8230219.999512274 t_traj:  8230219.250320389
plunging! t_interp:  8230219.999512274 t_traj:  8230219.9334566165
plunging! t_interp:  8230219.999512274 t_traj:  8230219.867968622
plunging! t_interp:  8230219.999512274 t_traj:  8230219.802229583
plunging! t_interp:  8230219.999512274 t_traj:  8230219.73643961
plunging! t_interp:  8230219.999512274 t_traj:  8230219.976441445
plunging! t_interp:  8230219.999512274 t_traj:  8230219.9533463055
plunging! t_interp:  8230219.999512274 t_traj:  8230219.930247549
plunging! t_interp:  8230219.999512274 t_traj:  8230219.907162877
plunging! t_interp:  8230219.999512274 t_traj:  8230219.9911530055
plunging! t_interp:  8230219.999512274 t_traj:  8230219.983288103
plunging! t_interp:  8230219.999512274 t_traj:  8230219.975179627
plunging! t_interp:  8230219.999512274 t_traj:  8230219.967074802
plunging! t_interp:  8230219.999512274 t_traj:  8229839.5737093715
plunging! t_interp:  8230219.999512274 t_traj:  8229934.681188341
plunging! t_interp:  8230219.999512274 t_traj:  8230029.787671103
plunging! t_interp:  8230219.999512274 t_traj:  8230124.894063687
plunging! t_interp:  8230219.999512274 t_traj:  8230086.425919397
plunging! t_interp:  8230219.999512274 t_traj:  8230119.819427819
plunging! t_interp:  8230219.999512274 t_traj:  8230153.212891361
plunging! t_interp:  8230219.999512274 t_traj:  8230186.606215622
plunging! t_interp:  8230219.999512274 t_traj:  8230173.099398646
plunging! t_interp:  8230219.999512274 t_traj:  8230184.824429975
plunging! t_interp:  8230219.999512274 t_traj:  8230196.549498392
plunging! t_interp:  8230219.999512274 t_traj:  8230208.274258653
plunging! t_interp:  8230219.999512274 t_traj:  8230203.532915996
plunging! t_interp:  8230219.999512274 t_traj:  8230207.648747844
plunging! t_interp:  8230219.999512274 t_traj:  8230211.765760044
plunging! t_interp:  8230219.999512274 t_traj:  8230215.882615722
plunging! t_interp:  8230219.999512274 t_traj:  8230214.217269134
plunging! t_interp:  8230219.999512274 t_traj:  8230215.662992633
plunging! t_interp:  8230219.999512274 t_traj:  8230217.108487289
plunging! t_interp:  8230219.999512274 t_traj:  8230218.553994676
plunging! t_interp:  8230219.999512274 t_traj:  8230217.96930211
plunging! t_interp:  8230219.999512274 t_traj:  8230218.476906425
plunging! t_interp:  8230219.999512274 t_traj:  8230218.984126528
plunging! t_interp:  8230219.999512274 t_traj:  8230219.4919840135
plunging! t_interp:  8230219.999512274 t_traj:  8230219.286670854
plunging! t_interp:  8230219.999512274 t_traj:  8230219.464922709
plunging! t_interp:  8230219.999512274 t_traj:  8230219.64311643
plunging! t_interp:  8230219.999512274 t_traj:  8230219.821323257
plunging! t_interp:  8230219.999512274 t_traj:  8230219.7492333045
plunging! t_interp:  8230219.999512274 t_traj:  8230219.811814387
plunging! t_interp:  8230219.999512274 t_traj:  8230219.874244064
plunging! t_interp:  8230219.999512274 t_traj:  8230219.936960709
plunging! t_interp:  8230219.999512274 t_traj:  8230219.9113325095
plunging! t_interp:  8230219.999512274 t_traj:  8230219.933596023
plunging! t_interp:  8230219.999512274 t_traj:  8230219.955614742
plunging! t_interp:  8230219.999512274 t_traj:  8230219.978306146
plunging! t_interp:  8230219.999512274 t_traj:  8230219.968351522
plunging! t_interp:  8230219.999512274 t_traj:  8230219.976114151
plunging! t_interp:  8230219.999512274 t_traj:  8230219.983811873
plunging! t_interp:  8230219.999512274 t_traj:  8230219.991815128
plunging! t_interp:  8230219.999512274 t_traj:  8230219.988684825
plunging! t_interp:  8230219.999512274 t_traj:  8230219.99136104
plunging! t_interp:  8230219.999512274 t_traj:  8230219.993850142
plunging! t_interp:  8230219.999512274 t_traj:  8230219.996785702
plunging! t_interp:  8230219.999512274 t_traj:  8230219.995723722
plunging! t_interp:  8230219.999512274 t_traj:  8230219.996643525
plunging! t_interp:  8230219.999512274 t_traj:  8230219.997612649
plunging! t_interp:  8230219.999512274 t_traj:  8230219.99854658
plunging! t_interp:  8230219.999512274 t_traj:  8217119.780825521
plunging! t_interp:  8230219.999512274 t_traj:  8220393.3757192725
plunging! t_interp:  8230219.999512274 t_traj:  8223667.943699785
plunging! t_interp:  8230219.999512274 t_traj:  8226943.484860686
plunging! t_interp:  8230219.999512274 t_traj:  8225618.487562676
plunging! t_interp:  8230219.999512274 t_traj:  8226768.685497516
plunging! t_interp:  8230219.999512274 t_traj:  8227919.003490652
plunging! t_interp:  8230219.999512274 t_traj:  8229069.441499568
plunging! t_interp:  8230219.999512274 t_traj:  8228604.1017186
plunging! t_interp:  8230219.999512274 t_traj:  8229008.053945717
plunging! t_interp:  8230219.999512274 t_traj:  8229412.020981022
plunging! t_interp:  8230219.999512274 t_traj:  8229816.002836081
plunging! t_interp:  8230219.999512274 t_traj:  8229652.599838264
plunging! t_interp:  8230219.999512274 t_traj:  8229794.447010398
plunging! t_interp:  8230219.999512274 t_traj:  8229936.296011278
plunging! t_interp:  8230219.999512274 t_traj:  8230078.146876021
plunging! t_interp:  8230219.999512274 t_traj:  8230020.77126167
plunging! t_interp:  8230219.999512274 t_traj:  8230070.577992
plunging! t_interp:  8230219.999512274 t_traj:  8230120.384983314
plunging! t_interp:  8230219.999512274 t_traj:  8230170.192093626
plunging! t_interp:  8230219.999512274 t_traj:  8230150.0462854495
plunging! t_interp:  8230219.999512274 t_traj:  8230167.534261083
plunging! t_interp:  8230219.999512274 t_traj:  8230185.022846586
plunging! t_interp:  8230219.999512274 t_traj:  8230202.5111763915
plunging! t_interp:  8230219.999512274 t_traj:  8230195.437531863
plunging! t_interp:  8230219.999512274 t_traj:  8230201.5780143235
plunging! t_interp:  8230219.999512274 t_traj:  8230207.718508457
plunging! t_interp:  8230219.999512274 t_traj:  8230213.85902184
plunging! t_interp:  8230219.999512274 t_traj:  8230211.37535579
plunging! t_interp:  8230219.999512274 t_traj:  8230213.531365495
plunging! t_interp:  8230219.999512274 t_traj:  8230215.687397763
plunging! t_interp:  8230219.999512274 t_traj:  8230217.843479751
plunging! t_interp:  8230219.999512274 t_traj:  8230216.971372635
plunging! t_interp:  8230219.999512274 t_traj:  8230217.728405985
plunging! t_interp:  8230219.999512274 t_traj:  8230218.485471404
plunging! t_interp:  8230219.999512274 t_traj:  8230219.242504899
plunging! t_interp:  8230219.999512274 t_traj:  8230218.936297772
plunging! t_interp:  8230219.999512274 t_traj:  8230219.201824293
plunging! t_interp:  8230219.999512274 t_traj:  8230219.467884497
plunging! t_interp:  8230219.999512274 t_traj:  8230219.733714597
plunging! t_interp:  8230219.999512274 t_traj:  8230219.626217884
plunging! t_interp:  8230219.999512274 t_traj:  8230219.719530884
plunging! t_interp:  8230219.999512274 t_traj:  8230219.81272615
plunging! t_interp:  8230219.999512274 t_traj:  8230219.906189658
plunging! t_interp:  8230219.999512274 t_traj:  8230219.868411474
plunging! t_interp:  8230219.999512274 t_traj:  8230219.901219655
plunging! t_interp:  8230219.999512274 t_traj:  8230219.9340224
plunging! t_interp:  8230219.999512274 t_traj:  8230219.966726169
plunging! t_interp:  8230219.999512274 t_traj:  8230076.571016479
plunging! t_interp:  8230219.999512274 t_traj:  8230112.420547392
plunging! t_interp:  8230219.999512274 t_traj:  8230148.275184231
plunging! t_interp:  8230219.999512274 t_traj:  8230184.134842869
plunging! t_interp:  8230219.999512274 t_traj:  8230169.62978134
plunging! t_interp:  8230219.999512274 t_traj:  8230182.22129551
plunging! t_interp:  8230219.999512274 t_traj:  8230194.813442238
plunging! t_interp:  8230219.999512274 t_traj:  8230207.406124726
plunging! t_interp:  8230219.999512274 t_traj:  8230202.312645082
plunging! t_interp:  8230219.999512274 t_traj:  8230206.734224699
plunging! t_interp:  8230219.999512274 t_traj:  8230211.1559116375
plunging! t_interp:  8230219.999512274 t_traj:  8230215.577593478
plunging! t_interp:  8230219.999512274 t_traj:  8230213.78917984
plunging! t_interp:  8230219.999512274 t_traj:  8230215.341729986
plunging! t_interp:  8230219.999512274 t_traj:  8230216.894356594
plunging! t_interp:  8230219.999512274 t_traj:  8230218.446929361
plunging! t_interp:  8230219.999512274 t_traj:  8230217.818956571
plunging! t_interp:  8230219.999512274 t_traj:  8230218.364048344
plunging! t_interp:  8230219.999512274 t_traj:  8230218.909207611
plunging! t_interp:  8230219.999512274 t_traj:  8230219.454382162
plunging! t_interp:  8230219.999512274 t_traj:  8230219.23367066
plunging! t_interp:  8230219.999512274 t_traj:  8230219.425256545
plunging! t_interp:  8230219.999512274 t_traj:  8230219.6166600725
plunging! t_interp:  8230219.999512274 t_traj:  8230219.808118893
plunging! t_interp:  8230219.999512274 t_traj:  8230219.730722334
plunging! t_interp:  8230219.999512274 t_traj:  8230219.7979318295
plunging! t_interp:  8230219.999512274 t_traj:  8230219.865077514
plunging! t_interp:  8230219.999512274 t_traj:  8230219.932319002
plunging! t_interp:  8230219.999512274 t_traj:  8230219.905119805
plunging! t_interp:  8230219.999512274 t_traj:  8230219.928704322
plunging! t_interp:  8230219.999512274 t_traj:  8230219.952323968
plunging! t_interp:  8230219.999512274 t_traj:  8230219.975930006
plunging! t_interp:  8230219.999512274 t_traj:  8230219.966378504
plunging! t_interp:  8230219.999512274 t_traj:  8230219.974662896
plunging! t_interp:  8230219.999512274 t_traj:  8230219.982922874
plunging! t_interp:  8230219.999512274 t_traj:  8230219.991241068
plunging! t_interp:  8230219.999512274 t_traj:  8230219.987863723
plunging! t_interp:  8230219.999512274 t_traj:  8230219.990589895
plunging! t_interp:  8230219.999512274 t_traj:  8230219.99369589
plunging! t_interp:  8230219.999512274 t_traj:  8230219.996594804
plunging! t_interp:  8230219.999512274 t_traj:  8230219.995421521
plunging! t_interp:  8230219.999512274 t_traj:  8230219.99620208
plunging! t_interp:  8230219.999512274 t_traj:  8230219.997439501
plunging! t_interp:  8230219.999512274 t_traj:  8230219.998481466
plunging! t_interp:  8230219.999512274 t_traj:  8230219.998115863
plunging! t_interp:  8230219.999512274 t_traj:  8230219.998445798
plunging! t_interp:  8230219.999512274 t_traj:  8230219.998843598
plunging! t_interp:  8230219.999512274 t_traj:  8230219.999162813
plunging! t_interp:  8230219.999512274 t_traj:  8230219.333636661
plunging! t_interp:  8230219.999512274 t_traj:  8230218.66605036
plunging! t_interp:  8230219.999512274 t_traj:  8230217.99935026
plunging! t_interp:  8230219.999512274 t_traj:  8230217.332335334
plunging! t_interp:  8230219.999512274 t_traj:  8230219.765216411
plunging! t_interp:  8230219.999512274 t_traj:  8230219.531352583
plunging! t_interp:  8230219.999512274 t_traj:  8230219.297206962
plunging! t_interp:  8230219.999512274 t_traj:  8230219.062919486
plunging! t_interp:  8230219.999512274 t_traj:  8230219.917318434
plunging! t_interp:  8230219.999512274 t_traj:  8230219.835129284
plunging! t_interp:  8230219.999512274 t_traj:  8230219.752925026
plunging! t_interp:  8230219.999512274 t_traj:  8230219.670706334
plunging! t_interp:  8230219.999512274 t_traj:  8230219.970662832
plunging! t_interp:  8230219.999512274 t_traj:  8230219.941801512
plunging! t_interp:  8230219.999512274 t_traj:  8230219.912918095
plunging! t_interp:  8230219.999512274 t_traj:  8230219.884073003
plunging! t_interp:  8230219.999512274 t_traj:  8230219.989359922
plunging! t_interp:  8230219.999512274 t_traj:  8230219.979227844
plunging! t_interp:  8230219.999512274 t_traj:  8230219.969100274
plunging! t_interp:  8230219.999512274 t_traj:  8230219.9589547245
plunging! t_interp:  8230219.999512274 t_traj:  8230219.9959609965
plunging! t_interp:  8230219.999512274 t_traj:  8230219.992411181
plunging! t_interp:  8230219.999512274 t_traj:  8230219.988814928
plunging! t_interp:  8230219.999512274 t_traj:  8230219.985293838
plunging! t_interp:  8230219.999512274 t_traj:  8230219.998243504
plunging! t_interp:  8230219.999512274 t_traj:  8230219.996819742
plunging! t_interp:  8230219.999512274 t_traj:  8230219.995750851
plunging! t_interp:  8230219.999512274 t_traj:  8230219.994255196
plunging! t_interp:  8230219.999512274 t_traj:  8230219.99904969
plunging! t_interp:  8230219.999512274 t_traj:  8230219.998647726
plunging! t_interp:  8230219.999512274 t_traj:  8230219.998176565
plunging! t_interp:  8230219.999512274 t_traj:  8230219.9985337285
plunging! t_interp:  8230219.999512274 t_traj:  8230219.99939892
plunging! t_interp:  8230219.999512274 t_traj:  8230219.999213096
plunging! t_interp:  8230219.999512274 t_traj:  8230219.999068321
plunging! t_interp:  8230219.999512274 t_traj:  8230219.998878931
plunging! t_interp:  8230219.999512274 t_traj:  8230219.999417435
plunging! t_interp:  8230219.999512274 t_traj:  8230219.9993716115
plunging! t_interp:  8230219.999512274 t_traj:  8230219.999297758
plunging! t_interp:  8230219.999512274 t_traj:  8230219.9993192
plunging! t_interp:  8230219.999512274 t_traj:  8230219.999454691
plunging! t_interp:  8230219.999512274 t_traj:  8230219.999326469
plunging! t_interp:  8230219.999512274 t_traj:  8230219.999502111
plunging! t_interp:  8230219.999512274 t_traj:  8230219.999495955
plunging! t_interp:  8230219.999512274 t_traj:  8230219.575530781
plunging! t_interp:  8230219.999512274 t_traj:  8230219.149954633
plunging! t_interp:  8230219.999512274 t_traj:  8230218.725124137
plunging! t_interp:  8230219.999512274 t_traj:  8230218.300326929
plunging! t_interp:  8230219.999512274 t_traj:  8230219.85035226
plunging! t_interp:  8230219.999512274 t_traj:  8230219.701207738
plunging! t_interp:  8230219.999512274 t_traj:  8230219.552055322
plunging! t_interp:  8230219.999512274 t_traj:  8230219.402891907
plunging! t_interp:  8230219.999512274 t_traj:  8230219.947005438
plunging! t_interp:  8230219.999512274 t_traj:  8230219.894772398
plunging! t_interp:  8230219.999512274 t_traj:  8230219.842401306
plunging! t_interp:  8230219.999512274 t_traj:  8230219.790005858
plunging! t_interp:  8230219.999512274 t_traj:  8230219.981162372
plunging! t_interp:  8230219.999512274 t_traj:  8230219.962747265
plunging! t_interp:  8230219.999512274 t_traj:  8230219.944389407
plunging! t_interp:  8230219.999512274 t_traj:  8230219.9259681655
plunging! t_interp:  8230219.999512274 t_traj:  8230219.993067478
plunging! t_interp:  8230219.999512274 t_traj:  8230219.986578481
plunging! t_interp:  8230219.999512274 t_traj:  8230219.980154331
plunging! t_interp:  8230219.999512274 t_traj:  8230219.973663294
plunging! t_interp:  8230219.999512274 t_traj:  8230219.997225023
plunging! t_interp:  8230219.999512274 t_traj:  8230219.994975533
plunging! t_interp:  8230219.999512274 t_traj:  8230219.992698298
plunging! t_interp:  8230219.999512274 t_traj:  8230219.99043632
plunging! t_interp:  8230219.999512274 t_traj:  8230219.998723653
plunging! t_interp:  8230219.999512274 t_traj:  8230219.997934823
plunging! t_interp:  8230219.999512274 t_traj:  8230219.996861854
plunging! t_interp:  8230219.999512274 t_traj:  8230219.996338073
plunging! t_interp:  8230219.999512274 t_traj:  8230219.999235111
plunging! t_interp:  8230219.999512274 t_traj:  8230219.999004607
plunging! t_interp:  8230219.999512274 t_traj:  8230219.998693528
plunging! t_interp:  8230219.999512274 t_traj:  8230219.9984054975
plunging! t_interp:  8230219.999512274 t_traj:  8230219.999429818
plunging! t_interp:  8230219.999512274 t_traj:  8230219.999326122
plunging! t_interp:  8230219.999512274 t_traj:  8230219.999256142
plunging! t_interp:  8230219.999512274 t_traj:  8230219.999141295
plunging! t_interp:  8230219.999512274 t_traj:  8230219.999459867
plunging! t_interp:  8230219.999512274 t_traj:  8230219.999464609
plunging! t_interp:  8230219.999512274 t_traj:  8230219.999361027
plunging! t_interp:  8230219.999512274 t_traj:  8230219.999385057
plunging! t_interp:  8230219.999512274 t_traj:  8230219.999502441
plunging! t_interp:  8230219.999512274 t_traj:  8230219.999488263
plunging! t_interp:  8230219.999512274 t_traj:  8230219.999503125
plunging! t_interp:  8230219.999512274 t_traj:  8230219.999478895
plunging! t_interp:  8230219.999512274 t_traj:  8230219.999228693
plunging! t_interp:  8230219.999512274 t_traj:  8230219.999486559
Time taken to compute stable deltas is 91.52415490150452 seconds
calculating Fisher matrix...
plunging! t_interp:  8230219.999512274 t_traj:  8230219.813403027
plunging! t_interp:  8230219.999512274 t_traj:  8230219.85992766
plunging! t_interp:  8230219.999512274 t_traj:  8230219.906466383
plunging! t_interp:  8230219.999512274 t_traj:  8230219.953001485
plunging! t_interp:  8230219.999512274 t_traj:  8230219.812203554
plunging! t_interp:  8230219.999512274 t_traj:  8230219.624957744
plunging! t_interp:  8230219.999512274 t_traj:  8230219.437661248
plunging! t_interp:  8230219.999512274 t_traj:  8230219.250320389
plunging! t_interp:  8230219.999512274 t_traj:  8230219.7492333045
plunging! t_interp:  8230219.999512274 t_traj:  8230219.811814387
plunging! t_interp:  8230219.999512274 t_traj:  8230219.874244064
plunging! t_interp:  8230219.999512274 t_traj:  8230219.936960709
plunging! t_interp:  8230219.999512274 t_traj:  8230216.971372635
plunging! t_interp:  8230219.999512274 t_traj:  8230217.728405985
plunging! t_interp:  8230219.999512274 t_traj:  8230218.485471404
plunging! t_interp:  8230219.999512274 t_traj:  8230219.242504899
plunging! t_interp:  8230219.999512274 t_traj:  8230219.23367066
plunging! t_interp:  8230219.999512274 t_traj:  8230219.425256545
plunging! t_interp:  8230219.999512274 t_traj:  8230219.6166600725
plunging! t_interp:  8230219.999512274 t_traj:  8230219.808118893
plunging! t_interp:  8230219.999512274 t_traj:  8230219.970662832
plunging! t_interp:  8230219.999512274 t_traj:  8230219.941801512
plunging! t_interp:  8230219.999512274 t_traj:  8230219.912918095
plunging! t_interp:  8230219.999512274 t_traj:  8230219.884073003
plunging! t_interp:  8230219.999512274 t_traj:  8230219.85035226
plunging! t_interp:  8230219.999512274 t_traj:  8230219.701207738
plunging! t_interp:  8230219.999512274 t_traj:  8230219.552055322
plunging! t_interp:  8230219.999512274 t_traj:  8230219.402891907
Finished derivatives
Calculated Fisher is *atleast* positive-definite.
Time taken to compute FM is 8.924729347229004 seconds
    CV from_0PA#2 it   5 lam=1.2e+145 ov=0.9939000 chi2=1.433e+03 rel=0.0e+00

[idx0] --- start = from_NMdev (overlap 0.9919920) ---
Body is not plunging, Fisher should be stable.
waveform shape: (3, 6311629)
Computing SNR for parameters: (np.float64(1002549.4845), np.float64(4971.1853), np.float64(0.70493), np.float64(24.95886), np.float64(0.249606), 1.0, 12.0, np.float64(0.793182), np.float64(1.00533), 1.0, 1.0471975511965976, np.float64(1.184933), 0.5, np.float64(0.615905), 0.95, False, False, False, True, 0.0, 0.0, np.float64(1.019573), np.float64(2.170108))
Waveform Generated. SNR: 343.5193085823167
calculating stable deltas...
plunging! t_interp:  8230243.546359827 t_traj:  8223692.994384505
plunging! t_interp:  8230243.546359827 t_traj:  8225330.387872406
plunging! t_interp:  8230243.546359827 t_traj:  8226967.944367548
plunging! t_interp:  8230243.546359827 t_traj:  8228605.663828547
plunging! t_interp:  8230243.546359827 t_traj:  8227943.224850447
plunging! t_interp:  8230243.546359827 t_traj:  8228518.275101216
plunging! t_interp:  8230243.546359827 t_traj:  8229093.345385309
plunging! t_interp:  8230243.546359827 t_traj:  8229668.435839562
plunging! t_interp:  8230243.546359827 t_traj:  8229435.822718488
plunging! t_interp:  8230243.546359827 t_traj:  8229637.749927849
plunging! t_interp:  8230243.546359827 t_traj:  8229839.67960357
plunging! t_interp:  8230243.546359827 t_traj:  8230041.611688491
plunging! t_interp:  8230243.546359827 t_traj:  8229959.934587066
plunging! t_interp:  8230243.546359827 t_traj:  8230030.837057643
plunging! t_interp:  8230243.546359827 t_traj:  8230101.740648098
plunging! t_interp:  8230243.546359827 t_traj:  8230172.6426188
plunging! t_interp:  8230243.546359827 t_traj:  8230143.964249308
plunging! t_interp:  8230243.546359827 t_traj:  8230168.859728833
plunging! t_interp:  8230243.546359827 t_traj:  8230193.755227404
plunging! t_interp:  8230243.546359827 t_traj:  8230218.650761442
plunging! t_interp:  8230243.546359827 t_traj:  8230208.581096711
plunging! t_interp:  8230243.546359827 t_traj:  8230217.322409061
plunging! t_interp:  8230243.546359827 t_traj:  8230226.063692194
plunging! t_interp:  8230243.546359827 t_traj:  8230234.805012761
plunging! t_interp:  8230243.546359827 t_traj:  8230231.269384575
plunging! t_interp:  8230243.546359827 t_traj:  8230234.338596074
plunging! t_interp:  8230243.546359827 t_traj:  8230237.407890947
plunging! t_interp:  8230243.546359827 t_traj:  8230240.477082204
plunging! t_interp:  8230243.546359827 t_traj:  8230239.235643533
plunging! t_interp:  8230243.546359827 t_traj:  8230240.313315986
plunging! t_interp:  8230243.546359827 t_traj:  8230241.3910065
plunging! t_interp:  8230243.546359827 t_traj:  8230242.468460617
plunging! t_interp:  8230243.546359827 t_traj:  8230242.032763106
plunging! t_interp:  8230243.546359827 t_traj:  8230242.411176194
plunging! t_interp:  8230243.546359827 t_traj:  8230242.789554479
plunging! t_interp:  8230243.546359827 t_traj:  8230243.167944967
plunging! t_interp:  8230243.546359827 t_traj:  8230243.014594233
plunging! t_interp:  8230243.546359827 t_traj:  8230243.147759989
plunging! t_interp:  8230243.546359827 t_traj:  8230243.280665819
plunging! t_interp:  8230243.546359827 t_traj:  8230243.4135315195
plunging! t_interp:  8230243.546359827 t_traj:  8230243.359778509
plunging! t_interp:  8230243.546359827 t_traj:  8230243.406395006
plunging! t_interp:  8230243.546359827 t_traj:  8230243.453050184
plunging! t_interp:  8230243.546359827 t_traj:  8230243.499675368
plunging! t_interp:  8230243.546359827 t_traj:  8230243.480835867
plunging! t_interp:  8230243.546359827 t_traj:  8230243.497226993
plunging! t_interp:  8230243.546359827 t_traj:  8230243.513634264
plunging! t_interp:  8230243.546359827 t_traj:  8230243.529969613
plunging! t_interp:  8230243.546359827 t_traj:  8229428.688230097
plunging! t_interp:  8230243.546359827 t_traj:  8228613.993013405
plunging! t_interp:  8230243.546359827 t_traj:  8227799.460679899
plunging! t_interp:  8230243.546359827 t_traj:  8226985.091252475
plunging! t_interp:  8230243.546359827 t_traj:  8229957.415468732
plunging! t_interp:  8230243.546359827 t_traj:  8229671.304633557
plunging! t_interp:  8230243.546359827 t_traj:  8229385.213941857
plunging! t_interp:  8230243.546359827 t_traj:  8229099.14336517
plunging! t_interp:  8230243.546359827 t_traj:  8230143.078043727
plunging! t_interp:  8230243.546359827 t_traj:  8230042.61220996
plunging! t_interp:  8230243.546359827 t_traj:  8229942.148786424
plunging! t_interp:  8230243.546359827 t_traj:  8229841.687886032
plunging! t_interp:  8230243.546359827 t_traj:  8230208.269716811
plunging! t_interp:  8230243.546359827 t_traj:  8230172.993380076
plunging! t_interp:  8230243.546359827 t_traj:  8230137.717327589
plunging! t_interp:  8230243.546359827 t_traj:  8230102.441337455
plunging! t_interp:  8230243.546359827 t_traj:  8230231.159979495
plunging! t_interp:  8230243.546359827 t_traj:  8230218.7737151375
plunging! t_interp:  8230243.546359827 t_traj:  8230206.387472836
plunging! t_interp:  8230243.546359827 t_traj:  8230194.001200104
plunging! t_interp:  8230243.546359827 t_traj:  8230239.197254751
plunging! t_interp:  8230243.546359827 t_traj:  8230234.848156842
plunging! t_interp:  8230243.546359827 t_traj:  8230230.499096914
plunging! t_interp:  8230243.546359827 t_traj:  8230226.150040438
plunging! t_interp:  8230243.546359827 t_traj:  8230242.019300861
plunging! t_interp:  8230243.546359827 t_traj:  8230240.492261685
plunging! t_interp:  8230243.546359827 t_traj:  8230238.96522077
plunging! t_interp:  8230243.546359827 t_traj:  8230237.438044641
plunging! t_interp:  8230243.546359827 t_traj:  8230243.009955684
plunging! t_interp:  8230243.546359827 t_traj:  8230242.4739878485
plunging! t_interp:  8230243.546359827 t_traj:  8230241.937854014
plunging! t_interp:  8230243.546359827 t_traj:  8230241.401611769
plunging! t_interp:  8230243.546359827 t_traj:  8230243.358074264
plunging! t_interp:  8230243.546359827 t_traj:  8230243.169813076
plunging! t_interp:  8230243.546359827 t_traj:  8230242.981354265
plunging! t_interp:  8230243.546359827 t_traj:  8230242.793095308
plunging! t_interp:  8230243.546359827 t_traj:  8230243.48028956
plunging! t_interp:  8230243.546359827 t_traj:  8230243.414181905
plunging! t_interp:  8230243.546359827 t_traj:  8230243.348034116
plunging! t_interp:  8230243.546359827 t_traj:  8230243.281626403
plunging! t_interp:  8230243.546359827 t_traj:  8230243.523115398
plunging! t_interp:  8230243.546359827 t_traj:  8230243.49993024
plunging! t_interp:  8230243.546359827 t_traj:  8230243.4767150935
plunging! t_interp:  8230243.546359827 t_traj:  8230243.453538623
plunging! t_interp:  8230243.546359827 t_traj:  8230243.538199853
plunging! t_interp:  8230243.546359827 t_traj:  8230243.53009475
plunging! t_interp:  8230243.546359827 t_traj:  8230243.521917721
plunging! t_interp:  8230243.546359827 t_traj:  8230243.513756844
plunging! t_interp:  8230243.546359827 t_traj:  8229862.491145084
plunging! t_interp:  8230243.546359827 t_traj:  8229957.755939282
plunging! t_interp:  8230243.546359827 t_traj:  8230053.020070028
plunging! t_interp:  8230243.546359827 t_traj:  8230148.283574609
plunging! t_interp:  8230243.546359827 t_traj:  8230109.751431061
plunging! t_interp:  8230243.546359827 t_traj:  8230143.200544713
plunging! t_interp:  8230243.546359827 t_traj:  8230176.6491963435
plunging! t_interp:  8230243.546359827 t_traj:  8230210.097835552
plunging! t_interp:  8230243.546359827 t_traj:  8230196.56866617
plunging! t_interp:  8230243.546359827 t_traj:  8230208.313097722
plunging! t_interp:  8230243.546359827 t_traj:  8230220.057457642
plunging! t_interp:  8230243.546359827 t_traj:  8230231.801981017
plunging! t_interp:  8230243.546359827 t_traj:  8230227.051595279
plunging! t_interp:  8230243.546359827 t_traj:  8230231.175327544
plunging! t_interp:  8230243.546359827 t_traj:  8230235.2989888005
plunging! t_interp:  8230243.546359827 t_traj:  8230239.422662272
plunging! t_interp:  8230243.546359827 t_traj:  8230237.754694742
plunging! t_interp:  8230243.546359827 t_traj:  8230239.202644701
plunging! t_interp:  8230243.546359827 t_traj:  8230240.650527574
plunging! t_interp:  8230243.546359827 t_traj:  8230242.098457391
plunging! t_interp:  8230243.546359827 t_traj:  8230241.512761551
plunging! t_interp:  8230243.546359827 t_traj:  8230242.021190723
plunging! t_interp:  8230243.546359827 t_traj:  8230242.529547317
plunging! t_interp:  8230243.546359827 t_traj:  8230243.0379997445
plunging! t_interp:  8230243.546359827 t_traj:  8230242.832324851
plunging! t_interp:  8230243.546359827 t_traj:  8230243.010842402
plunging! t_interp:  8230243.546359827 t_traj:  8230243.189376801
plunging! t_interp:  8230243.546359827 t_traj:  8230243.367884514
plunging! t_interp:  8230243.546359827 t_traj:  8230243.295664917
plunging! t_interp:  8230243.546359827 t_traj:  8230243.359222868
plunging! t_interp:  8230243.546359827 t_traj:  8230243.420739661
plunging! t_interp:  8230243.546359827 t_traj:  8230243.4836748745
plunging! t_interp:  8230243.546359827 t_traj:  8230243.458321953
plunging! t_interp:  8230243.546359827 t_traj:  8230243.480322683
plunging! t_interp:  8230243.546359827 t_traj:  8230243.5023355605
plunging! t_interp:  8230243.546359827 t_traj:  8230243.524355794
plunging! t_interp:  8230243.546359827 t_traj:  8230243.515453359
plunging! t_interp:  8230243.546359827 t_traj:  8230243.522874537
plunging! t_interp:  8230243.546359827 t_traj:  8230243.530867415
plunging! t_interp:  8230243.546359827 t_traj:  8230243.538641546
plunging! t_interp:  8230243.546359827 t_traj:  8230243.535509902
plunging! t_interp:  8230243.546359827 t_traj:  8230243.538212005
plunging! t_interp:  8230243.546359827 t_traj:  8230243.540918017
plunging! t_interp:  8230243.546359827 t_traj:  8230243.54361343
plunging! t_interp:  8230243.546359827 t_traj:  8230243.542545907
plunging! t_interp:  8230243.546359827 t_traj:  8230243.543486031
plunging! t_interp:  8230243.546359827 t_traj:  8230243.544454374
plunging! t_interp:  8230243.546359827 t_traj:  8230243.545427117
plunging! t_interp:  8230243.546359827 t_traj:  8217144.209442046
plunging! t_interp:  8230243.546359827 t_traj:  8220417.584040929
plunging! t_interp:  8230243.546359827 t_traj:  8223691.931574775
plunging! t_interp:  8230243.546359827 t_traj:  8226967.252287125
plunging! t_interp:  8230243.546359827 t_traj:  8225642.344208595
plunging! t_interp:  8230243.546359827 t_traj:  8226792.4647406405
plunging! t_interp:  8230243.546359827 t_traj:  8227942.705255217
plunging! t_interp:  8230243.546359827 t_traj:  8229093.06578374
plunging! t_interp:  8230243.546359827 t_traj:  8228627.75729116
plunging! t_interp:  8230243.546359827 t_traj:  8229031.682368633
plunging! t_interp:  8230243.546359827 t_traj:  8229435.622237131
plunging! t_interp:  8230243.546359827 t_traj:  8229839.57691349
plunging! t_interp:  8230243.546359827 t_traj:  8229676.184865099
plunging! t_interp:  8230243.546359827 t_traj:  8229818.022489269
plunging! t_interp:  8230243.546359827 t_traj:  8229959.861976168
plunging! t_interp:  8230243.546359827 t_traj:  8230101.704179877
plunging! t_interp:  8230243.546359827 t_traj:  8230044.331562042
plunging! t_interp:  8230243.546359827 t_traj:  8230094.1348835435
plunging! t_interp:  8230243.546359827 t_traj:  8230143.938504455
plunging! t_interp:  8230243.546359827 t_traj:  8230193.7423090525
plunging! t_interp:  8230243.546359827 t_traj:  8230173.597790704
plunging! t_interp:  8230243.546359827 t_traj:  8230191.084896473
plunging! t_interp:  8230243.546359827 t_traj:  8230208.571992569
plunging! t_interp:  8230243.546359827 t_traj:  8230226.059171896
plunging! t_interp:  8230243.546359827 t_traj:  8230218.986023108
plunging! t_interp:  8230243.546359827 t_traj:  8230225.126099772
plunging! t_interp:  8230243.546359827 t_traj:  8230231.266182164
plunging! t_interp:  8230243.546359827 t_traj:  8230237.4062100295
plunging! t_interp:  8230243.546359827 t_traj:  8230234.9227739535
plunging! t_interp:  8230243.546359827 t_traj:  8230237.079415107
plunging! t_interp:  8230243.546359827 t_traj:  8230239.234269066
plunging! t_interp:  8230243.546359827 t_traj:  8230241.390457468
plunging! t_interp:  8230243.546359827 t_traj:  8230240.518440132
plunging! t_interp:  8230243.546359827 t_traj:  8230241.275392649
plunging! t_interp:  8230243.546359827 t_traj:  8230242.032393232
plunging! t_interp:  8230243.546359827 t_traj:  8230242.789376644
plunging! t_interp:  8230243.546359827 t_traj:  8230242.483187158
plunging! t_interp:  8230243.546359827 t_traj:  8230242.748977827
plunging! t_interp:  8230243.546359827 t_traj:  8230243.014762331
plunging! t_interp:  8230243.546359827 t_traj:  8230243.280527811
plunging! t_interp:  8230243.546359827 t_traj:  8230243.173094735
plunging! t_interp:  8230243.546359827 t_traj:  8230243.266378636
plunging! t_interp:  8230243.546359827 t_traj:  8230243.359688063
plunging! t_interp:  8230243.546359827 t_traj:  8230243.453062763
plunging! t_interp:  8230243.546359827 t_traj:  8230243.415285569
plunging! t_interp:  8230243.546359827 t_traj:  8230243.448027582
plunging! t_interp:  8230243.546359827 t_traj:  8230243.480818233
plunging! t_interp:  8230243.546359827 t_traj:  8230243.513579971
plunging! t_interp:  8230243.546359827 t_traj:  8230100.731581127
plunging! t_interp:  8230243.546359827 t_traj:  8230136.427762765
plunging! t_interp:  8230243.546359827 t_traj:  8230172.128946949
plunging! t_interp:  8230243.546359827 t_traj:  8230207.835085222
plunging! t_interp:  8230243.546359827 t_traj:  8230193.392176636
plunging! t_interp:  8230243.546359827 t_traj:  8230205.9297811575
plunging! t_interp:  8230243.546359827 t_traj:  8230218.468030707
plunging! t_interp:  8230243.546359827 t_traj:  8230231.006869621
plunging! t_interp:  8230243.546359827 t_traj:  8230225.935130503
plunging! t_interp:  8230243.546359827 t_traj:  8230230.33778738
plunging! t_interp:  8230243.546359827 t_traj:  8230234.740563837
plunging! t_interp:  8230243.546359827 t_traj:  8230239.14343772
plunging! t_interp:  8230243.546359827 t_traj:  8230237.362583941
plunging! t_interp:  8230243.546359827 t_traj:  8230238.908513246
plunging! t_interp:  8230243.546359827 t_traj:  8230240.454455057
plunging! t_interp:  8230243.546359827 t_traj:  8230242.000375534
plunging! t_interp:  8230243.546359827 t_traj:  8230241.37509187
plunging! t_interp:  8230243.546359827 t_traj:  8230241.917589881
plunging! t_interp:  8230243.546359827 t_traj:  8230242.460712604
plunging! t_interp:  8230243.546359827 t_traj:  8230243.003255254
plunging! t_interp:  8230243.546359827 t_traj:  8230242.783925102
plunging! t_interp:  8230243.546359827 t_traj:  8230242.974569994
plunging! t_interp:  8230243.546359827 t_traj:  8230243.165161201
plunging! t_interp:  8230243.546359827 t_traj:  8230243.355768069
plunging! t_interp:  8230243.546359827 t_traj:  8230243.278701312
plunging! t_interp:  8230243.546359827 t_traj:  8230243.3455599565
plunging! t_interp:  8230243.546359827 t_traj:  8230243.412490739
plunging! t_interp:  8230243.546359827 t_traj:  8230243.47943793
plunging! t_interp:  8230243.546359827 t_traj:  8230243.453285972
plunging! t_interp:  8230243.546359827 t_traj:  8230243.475863521
plunging! t_interp:  8230243.546359827 t_traj:  8230243.499361804
plunging! t_interp:  8230243.546359827 t_traj:  8230243.522811348
plunging! t_interp:  8230243.546359827 t_traj:  8230243.5133521
plunging! t_interp:  8230243.546359827 t_traj:  8230243.521599668
plunging! t_interp:  8230243.546359827 t_traj:  8230243.529838963
plunging! t_interp:  8230243.546359827 t_traj:  8230243.537766407
plunging! t_interp:  8230243.546359827 t_traj:  8230243.53477568
plunging! t_interp:  8230243.546359827 t_traj:  8230243.537631968
plunging! t_interp:  8230243.546359827 t_traj:  8230243.540552454
plunging! t_interp:  8230243.546359827 t_traj:  8230243.54345932
plunging! t_interp:  8230243.546359827 t_traj:  8230243.542261279
plunging! t_interp:  8230243.546359827 t_traj:  8230243.543297701
plunging! t_interp:  8230243.546359827 t_traj:  8230243.544350462
plunging! t_interp:  8230243.546359827 t_traj:  8230243.5453456035
plunging! t_interp:  8230243.546359827 t_traj:  8230243.544932336
plunging! t_interp:  8230243.546359827 t_traj:  8230243.545277638
plunging! t_interp:  8230243.546359827 t_traj:  8230243.5456466265
plunging! t_interp:  8230243.546359827 t_traj:  8230243.545999646
plunging! t_interp:  8230243.546359827 t_traj:  8226181.382327215
plunging! t_interp:  8230243.546359827 t_traj:  8222123.241703075
plunging! t_interp:  8230243.546359827 t_traj:  8218069.1179068545
plunging! t_interp:  8230243.546359827 t_traj:  8214019.005182263
plunging! t_interp:  8230243.546359827 t_traj:  8228816.784078088
plunging! t_interp:  8230243.546359827 t_traj:  8227390.518326861
plunging! t_interp:  8230243.546359827 t_traj:  8225964.748668592
plunging! t_interp:  8230243.546359827 t_traj:  8224539.475000757
plunging! t_interp:  8230243.546359827 t_traj:  8229742.526173591
plunging! t_interp:  8230243.546359827 t_traj:  8229241.56729357
plunging! t_interp:  8230243.546359827 t_traj:  8228740.6695459
plunging! t_interp:  8230243.546359827 t_traj:  8228239.833066191
plunging! t_interp:  8230243.546359827 t_traj:  8230067.62159309
plunging! t_interp:  8230243.546359827 t_traj:  8229891.704126546
plunging! t_interp:  8230243.546359827 t_traj:  8229715.794711109
plunging! t_interp:  8230243.546359827 t_traj:  8229539.892394413
plunging! t_interp:  8230243.546359827 t_traj:  8230181.774930292
plunging! t_interp:  8230243.546359827 t_traj:  8230120.004440479
plunging! t_interp:  8230243.546359827 t_traj:  8230058.234907368
plunging! t_interp:  8230243.546359827 t_traj:  8229996.466300558
plunging! t_interp:  8230243.546359827 t_traj:  8230221.857128021
plunging! t_interp:  8230243.546359827 t_traj:  8230200.167988231
plunging! t_interp:  8230243.546359827 t_traj:  8230178.479025233
plunging! t_interp:  8230243.546359827 t_traj:  8230156.790098868
plunging! t_interp:  8230243.546359827 t_traj:  8230235.930835254
plunging! t_interp:  8230243.546359827 t_traj:  8230228.315317881
plunging! t_interp:  8230243.546359827 t_traj:  8230220.699564287
plunging! t_interp:  8230243.546359827 t_traj:  8230213.08437059
plunging! t_interp:  8230243.546359827 t_traj:  8230240.872394553
plunging! t_interp:  8230243.546359827 t_traj:  8230238.19842807
plunging! t_interp:  8230243.546359827 t_traj:  8230235.52448858
plunging! t_interp:  8230243.546359827 t_traj:  8230232.850536434
plunging! t_interp:  8230243.546359827 t_traj:  8230242.607508415
plunging! t_interp:  8230243.546359827 t_traj:  8230241.668600731
plunging! t_interp:  8230243.546359827 t_traj:  8230240.729684497
plunging! t_interp:  8230243.546359827 t_traj:  8230239.790837967
plunging! t_interp:  8230243.546359827 t_traj:  8230243.216725907
plunging! t_interp:  8230243.546359827 t_traj:  8230242.887045895
plunging! t_interp:  8230243.546359827 t_traj:  8230242.557417033
plunging! t_interp:  8230243.546359827 t_traj:  8230242.227691314
plunging! t_interp:  8230243.546359827 t_traj:  8230243.430278282
plunging! t_interp:  8230243.546359827 t_traj:  8230243.314857907
plunging! t_interp:  8230243.546359827 t_traj:  8230243.199108721
plunging! t_interp:  8230243.546359827 t_traj:  8230243.083349025
plunging! t_interp:  8230243.546359827 t_traj:  8230243.505414357
plunging! t_interp:  8230243.546359827 t_traj:  8230243.465032736
plunging! t_interp:  8230243.546359827 t_traj:  8230243.424392514
plunging! t_interp:  8230243.546359827 t_traj:  8230243.383782474
plunging! t_interp:  8230243.546359827 t_traj:  8230169.0307118725
plunging! t_interp:  8230243.546359827 t_traj:  8230094.58487587
plunging! t_interp:  8230243.546359827 t_traj:  8230020.207260251
plunging! t_interp:  8230243.546359827 t_traj:  8229945.897452926
plunging! t_interp:  8230243.546359827 t_traj:  8230217.374647707
plunging! t_interp:  8230243.546359827 t_traj:  8230191.211383501
plunging! t_interp:  8230243.546359827 t_traj:  8230165.056671797
plunging! t_interp:  8230243.546359827 t_traj:  8230138.910479967
plunging! t_interp:  8230243.546359827 t_traj:  8230234.35597116
plunging! t_interp:  8230243.546359827 t_traj:  8230225.166669182
plunging! t_interp:  8230243.546359827 t_traj:  8230215.978387829
plunging! t_interp:  8230243.546359827 t_traj:  8230206.791182189
plunging! t_interp:  8230243.546359827 t_traj:  8230240.319309896
plunging! t_interp:  8230243.546359827 t_traj:  8230237.093202335
plunging! t_interp:  8230243.546359827 t_traj:  8230233.865638172
plunging! t_interp:  8230243.546359827 t_traj:  8230230.6389359115
plunging! t_interp:  8230243.546359827 t_traj:  8230242.413237232
plunging! t_interp:  8230243.546359827 t_traj:  8230241.280190683
plunging! t_interp:  8230243.546359827 t_traj:  8230240.147097614
plunging! t_interp:  8230243.546359827 t_traj:  8230239.014094575
plunging! t_interp:  8230243.546359827 t_traj:  8230243.148516737
plunging! t_interp:  8230243.546359827 t_traj:  8230242.750642978
plunging! t_interp:  8230243.546359827 t_traj:  8230242.352836767
plunging! t_interp:  8230243.546359827 t_traj:  8230241.954959081
plunging! t_interp:  8230243.546359827 t_traj:  8230243.406672551
plunging! t_interp:  8230243.546359827 t_traj:  8230243.266957391
plunging! t_interp:  8230243.546359827 t_traj:  8230243.127277121
plunging! t_interp:  8230243.546359827 t_traj:  8230242.987563796
plunging! t_interp:  8230243.546359827 t_traj:  8230243.497298329
plunging! t_interp:  8230243.546359827 t_traj:  8230243.44827321
plunging! t_interp:  8230243.546359827 t_traj:  8230243.399215353
plunging! t_interp:  8230243.546359827 t_traj:  8230243.350144909
plunging! t_interp:  8230243.546359827 t_traj:  8230243.529144685
plunging! t_interp:  8230243.546359827 t_traj:  8230243.51191734
plunging! t_interp:  8230243.546359827 t_traj:  8230243.494715543
plunging! t_interp:  8230243.546359827 t_traj:  8230243.477465918
plunging! t_interp:  8230243.546359827 t_traj:  8230243.540289748
plunging! t_interp:  8230243.546359827 t_traj:  8230243.535048372
plunging! t_interp:  8230243.546359827 t_traj:  8230243.528201734
plunging! t_interp:  8230243.546359827 t_traj:  8230243.522145896
plunging! t_interp:  8230243.546359827 t_traj:  8230243.544258416
plunging! t_interp:  8230243.546359827 t_traj:  8230243.54211649
plunging! t_interp:  8230243.546359827 t_traj:  8230243.539910162
plunging! t_interp:  8230243.546359827 t_traj:  8230243.537841645
plunging! t_interp:  8230243.546359827 t_traj:  8230243.545590405
plunging! t_interp:  8230243.546359827 t_traj:  8230243.5448718155
plunging! t_interp:  8230243.546359827 t_traj:  8230243.544156778
plunging! t_interp:  8230243.546359827 t_traj:  8230243.54336354
Time taken to compute stable deltas is 96.44030904769897 seconds
calculating Fisher matrix...
plunging! t_interp:  8230243.546359827 t_traj:  8230239.235643533
plunging! t_interp:  8230243.546359827 t_traj:  8230240.313315986
plunging! t_interp:  8230243.546359827 t_traj:  8230241.3910065
plunging! t_interp:  8230243.546359827 t_traj:  8230242.468460617
plunging! t_interp:  8230243.546359827 t_traj:  8230243.538199853
plunging! t_interp:  8230243.546359827 t_traj:  8230243.53009475
plunging! t_interp:  8230243.546359827 t_traj:  8230243.521917721
plunging! t_interp:  8230243.546359827 t_traj:  8230243.513756844
plunging! t_interp:  8230243.546359827 t_traj:  8230242.832324851
plunging! t_interp:  8230243.546359827 t_traj:  8230243.010842402
plunging! t_interp:  8230243.546359827 t_traj:  8230243.189376801
plunging! t_interp:  8230243.546359827 t_traj:  8230243.367884514
plunging! t_interp:  8230243.546359827 t_traj:  8230240.518440132
plunging! t_interp:  8230243.546359827 t_traj:  8230241.275392649
plunging! t_interp:  8230243.546359827 t_traj:  8230242.032393232
plunging! t_interp:  8230243.546359827 t_traj:  8230242.789376644
plunging! t_interp:  8230243.546359827 t_traj:  8230243.278701312
plunging! t_interp:  8230243.546359827 t_traj:  8230243.3455599565
plunging! t_interp:  8230243.546359827 t_traj:  8230243.412490739
plunging! t_interp:  8230243.546359827 t_traj:  8230243.47943793
plunging! t_interp:  8230243.546359827 t_traj:  8230242.607508415
plunging! t_interp:  8230243.546359827 t_traj:  8230241.668600731
plunging! t_interp:  8230243.546359827 t_traj:  8230240.729684497
plunging! t_interp:  8230243.546359827 t_traj:  8230239.790837967
plunging! t_interp:  8230243.546359827 t_traj:  8230243.497298329
plunging! t_interp:  8230243.546359827 t_traj:  8230243.44827321
plunging! t_interp:  8230243.546359827 t_traj:  8230243.399215353
plunging! t_interp:  8230243.546359827 t_traj:  8230243.350144909
Finished derivatives
Calculated Fisher is *atleast* positive-definite.
Time taken to compute FM is 8.82062029838562 seconds
    CV from_NMdev#1 it   0 lam=3.3e-03 ov=0.9919920 chi2=1.884e+03 rel=1.9e-01
Body is not plunging, Fisher should be stable.
waveform shape: (3, 6311629)
Computing SNR for parameters: (np.float64(1002549.5001844189), np.float64(4971.185449598533), np.float64(0.7049279804887834), np.float64(24.95886005106075), np.float64(0.24960585209742905), 1.0, 12.0, np.float64(0.7919551128475487), np.float64(1.006608165196792), 1.0, 1.0471975511965976, np.float64(1.1838626532487146), 0.5, np.float64(0.8312380121865811), 0.95, False, False, False, True, 0.0, 0.0, np.float64(1.019587627866048), np.float64(2.1661583011260443))
Waveform Generated. SNR: 343.30278150142647
calculating Fisher matrix...
plunging! t_interp:  8230241.457406005 t_traj:  8230237.146746048
plunging! t_interp:  8230241.457406005 t_traj:  8230238.224386658
plunging! t_interp:  8230241.457406005 t_traj:  8230239.302059406
plunging! t_interp:  8230241.457406005 t_traj:  8230240.379762397
plunging! t_interp:  8230241.457406005 t_traj:  8230241.4489698345
plunging! t_interp:  8230241.457406005 t_traj:  8230241.441139945
plunging! t_interp:  8230241.457406005 t_traj:  8230241.43375684
plunging! t_interp:  8230241.457406005 t_traj:  8230241.424836728
plunging! t_interp:  8230241.457406005 t_traj:  8230240.743358814
plunging! t_interp:  8230241.457406005 t_traj:  8230240.921866822
plunging! t_interp:  8230241.457406005 t_traj:  8230241.100212402
plunging! t_interp:  8230241.457406005 t_traj:  8230241.278934659
plunging! t_interp:  8230241.457406005 t_traj:  8230238.429495915
plunging! t_interp:  8230241.457406005 t_traj:  8230239.1864943225
plunging! t_interp:  8230241.457406005 t_traj:  8230239.943503227
plunging! t_interp:  8230241.457406005 t_traj:  8230240.700456421
plunging! t_interp:  8230241.457406005 t_traj:  8230241.189746324
plunging! t_interp:  8230241.457406005 t_traj:  8230241.256676093
plunging! t_interp:  8230241.457406005 t_traj:  8230241.323598222
plunging! t_interp:  8230241.457406005 t_traj:  8230241.390483953
plunging! t_interp:  8230241.457406005 t_traj:  8230240.518548497
plunging! t_interp:  8230241.457406005 t_traj:  8230239.579686143
plunging! t_interp:  8230241.457406005 t_traj:  8230238.640808278
plunging! t_interp:  8230241.457406005 t_traj:  8230237.701889566
plunging! t_interp:  8230241.457406005 t_traj:  8230241.408380648
plunging! t_interp:  8230241.457406005 t_traj:  8230241.359329268
plunging! t_interp:  8230241.457406005 t_traj:  8230241.310280669
plunging! t_interp:  8230241.457406005 t_traj:  8230241.261018766
Finished derivatives
Calculated Fisher is *atleast* positive-definite.
Time taken to compute FM is 9.420474767684937 seconds
    CV from_NMdev#1 it   1 lam=1.1e-03 ov=0.9935007 chi2=1.528e+03 rel=2.1e-02
Body is not plunging, Fisher should be stable.
waveform shape: (3, 6311629)
Computing SNR for parameters: (np.float64(1002549.618238823), np.float64(4971.185288396358), np.float64(0.7049233158259217), np.float64(24.95886124138805), np.float64(0.24960504003812387), 1.0, 12.0, np.float64(0.7919697387915675), np.float64(1.0065358442684929), 1.0, 1.0471975511965976, np.float64(1.1974158351751156), 0.5, np.float64(0.8514435486298333), 0.95, False, False, False, True, 0.0, 0.0, np.float64(1.0195797529375663), np.float64(2.1580030848638483))
Waveform Generated. SNR: 343.3060177087335
calculating Fisher matrix...
plunging! t_interp:  8230240.863142436 t_traj:  8230236.552471638
plunging! t_interp:  8230240.863142436 t_traj:  8230237.630174041
plunging! t_interp:  8230240.863142436 t_traj:  8230238.707802095
plunging! t_interp:  8230240.863142436 t_traj:  8230239.785473769
plunging! t_interp:  8230240.863142436 t_traj:  8230240.854976531
plunging! t_interp:  8230240.863142436 t_traj:  8230240.84682043
plunging! t_interp:  8230240.863142436 t_traj:  8230240.8384847175
plunging! t_interp:  8230240.863142436 t_traj:  8230240.830531289
plunging! t_interp:  8230240.863142436 t_traj:  8230240.149096606
plunging! t_interp:  8230240.863142436 t_traj:  8230240.3276250865
plunging! t_interp:  8230240.863142436 t_traj:  8230240.506112847
plunging! t_interp:  8230240.863142436 t_traj:  8230240.684591521
plunging! t_interp:  8230240.863142436 t_traj:  8230237.835197996
plunging! t_interp:  8230240.863142436 t_traj:  8230238.592180487
plunging! t_interp:  8230240.863142436 t_traj:  8230239.34918298
plunging! t_interp:  8230240.863142436 t_traj:  8230240.106181214
plunging! t_interp:  8230240.863142436 t_traj:  8230240.596506968
plunging! t_interp:  8230240.863142436 t_traj:  8230240.662376656
plunging! t_interp:  8230240.863142436 t_traj:  8230240.729291961
plunging! t_interp:  8230240.863142436 t_traj:  8230240.796222088
plunging! t_interp:  8230240.863142436 t_traj:  8230239.92423347
plunging! t_interp:  8230240.863142436 t_traj:  8230238.985375253
plunging! t_interp:  8230240.863142436 t_traj:  8230238.046494651
plunging! t_interp:  8230240.863142436 t_traj:  8230237.107666137
plunging! t_interp:  8230240.863142436 t_traj:  8230240.814089901
plunging! t_interp:  8230240.863142436 t_traj:  8230240.765047379
plunging! t_interp:  8230240.863142436 t_traj:  8230240.71596671
plunging! t_interp:  8230240.863142436 t_traj:  8230240.666946605
Finished derivatives
Calculated Fisher is *atleast* positive-definite.
Time taken to compute FM is 9.347711086273193 seconds
    CV from_NMdev#1 it   2 lam=1.1e-03 ov=0.9936362 chi2=1.496e+03 rel=2.0e-02
Body is not plunging, Fisher should be stable.
waveform shape: (3, 6311629)
Computing SNR for parameters: (np.float64(1002550.0360863839), np.float64(4971.184380281851), np.float64(0.7049124232257226), np.float64(24.958864209734998), np.float64(0.24960143864557305), 1.0, 12.0, np.float64(0.7887497241694249), np.float64(1.0021556027956038), 1.0, 1.0471975511965976, np.float64(1.2020720489710757), 0.5, np.float64(0.8563445270756742), 0.95, False, False, False, True, 0.0, 0.0, np.float64(1.0195425534348652), np.float64(2.1473997625849672))
Waveform Generated. SNR: 341.791288547914
calculating Fisher matrix...
plunging! t_interp:  8230238.328226484 t_traj:  8230234.017530643
plunging! t_interp:  8230238.328226484 t_traj:  8230235.096238661
plunging! t_interp:  8230238.328226484 t_traj:  8230236.172883423
plunging! t_interp:  8230238.328226484 t_traj:  8230237.2505719615
plunging! t_interp:  8230238.328226484 t_traj:  8230238.320074509
plunging! t_interp:  8230238.328226484 t_traj:  8230238.311927728
plunging! t_interp:  8230238.328226484 t_traj:  8230238.303788693
plunging! t_interp:  8230238.328226484 t_traj:  8230238.29565839
plunging! t_interp:  8230238.328226484 t_traj:  8230237.614213789
plunging! t_interp:  8230238.328226484 t_traj:  8230237.7927231975
plunging! t_interp:  8230238.328226484 t_traj:  8230237.971216016
plunging! t_interp:  8230238.328226484 t_traj:  8230238.149676609
plunging! t_interp:  8230238.328226484 t_traj:  8230235.300289355
plunging! t_interp:  8230238.328226484 t_traj:  8230236.057301617
plunging! t_interp:  8230238.328226484 t_traj:  8230236.81423922
plunging! t_interp:  8230238.328226484 t_traj:  8230237.571218693
plunging! t_interp:  8230238.328226484 t_traj:  8230238.060536583
plunging! t_interp:  8230238.328226484 t_traj:  8230238.127166282
plunging! t_interp:  8230238.328226484 t_traj:  8230238.194373873
plunging! t_interp:  8230238.328226484 t_traj:  8230238.261332559
plunging! t_interp:  8230238.328226484 t_traj:  8230237.389326216
plunging! t_interp:  8230238.328226484 t_traj:  8230236.450471326
plunging! t_interp:  8230238.328226484 t_traj:  8230235.511301565
plunging! t_interp:  8230238.328226484 t_traj:  8230234.572727276
plunging! t_interp:  8230238.328226484 t_traj:  8230238.279975212
plunging! t_interp:  8230238.328226484 t_traj:  8230238.230133455
plunging! t_interp:  8230238.328226484 t_traj:  8230238.1808124725
plunging! t_interp:  8230238.328226484 t_traj:  8230238.132041535
Finished derivatives
Calculated Fisher is *atleast* positive-definite.
Time taken to compute FM is 9.13241171836853 seconds
    CV from_NMdev#1 it   3 lam=3.8e-04 ov=0.9937297 chi2=1.465e+03 rel=6.9e-02
Body is not plunging, Fisher should be stable.
waveform shape: (3, 6311629)
Computing SNR for parameters: (np.float64(1002550.0880120711), np.float64(4971.181882193296), np.float64(0.7049054256312625), np.float64(24.958868464053342), np.float64(0.2495983482781421), 1.0, 12.0, np.float64(0.7850984708123974), np.float64(0.9965785485679625), 1.0, 1.0471975511965976, np.float64(1.1934625428926915), 0.5, np.float64(0.8556744040496589), 0.95, False, False, False, True, 0.0, 0.0, np.float64(1.0195834433930389), np.float64(2.140609629379269))
Waveform Generated. SNR: 340.1662936256579
calculating Fisher matrix...
plunging! t_interp:  8230235.681729487 t_traj:  8230231.371054436
plunging! t_interp:  8230235.681729487 t_traj:  8230232.448730112
plunging! t_interp:  8230235.681729487 t_traj:  8230233.5264275335
plunging! t_interp:  8230235.681729487 t_traj:  8230234.604054691
plunging! t_interp:  8230235.681729487 t_traj:  8230235.673313668
plunging! t_interp:  8230235.681729487 t_traj:  8230235.665466033
plunging! t_interp:  8230235.681729487 t_traj:  8230235.657262937
plunging! t_interp:  8230235.681729487 t_traj:  8230235.649103171
plunging! t_interp:  8230235.681729487 t_traj:  8230234.967671448
plunging! t_interp:  8230235.681729487 t_traj:  8230235.147018464
plunging! t_interp:  8230235.681729487 t_traj:  8230235.324710888
plunging! t_interp:  8230235.681729487 t_traj:  8230235.504148118
plunging! t_interp:  8230235.681729487 t_traj:  8230232.653817835
plunging! t_interp:  8230235.681729487 t_traj:  8230233.410535554
plunging! t_interp:  8230235.681729487 t_traj:  8230234.167490888
plunging! t_interp:  8230235.681729487 t_traj:  8230234.924739731
plunging! t_interp:  8230235.681729487 t_traj:  8230235.414011799
plunging! t_interp:  8230235.681729487 t_traj:  8230235.4809752945
plunging! t_interp:  8230235.681729487 t_traj:  8230235.547886526
plunging! t_interp:  8230235.681729487 t_traj:  8230235.614784514
plunging! t_interp:  8230235.681729487 t_traj:  8230234.742872019
plunging! t_interp:  8230235.681729487 t_traj:  8230233.803990468
plunging! t_interp:  8230235.681729487 t_traj:  8230232.865091037
plunging! t_interp:  8230235.681729487 t_traj:  8230231.926202011
plunging! t_interp:  8230235.681729487 t_traj:  8230235.63268525
plunging! t_interp:  8230235.681729487 t_traj:  8230235.583650223
plunging! t_interp:  8230235.681729487 t_traj:  8230235.534569376
plunging! t_interp:  8230235.681729487 t_traj:  8230235.485554739
Finished derivatives
Calculated Fisher is *atleast* positive-definite.
Time taken to compute FM is 9.2808837890625 seconds
    CV from_NMdev#1 it   4 lam=4.8e-04 ov=0.9941475 chi2=1.364e+03 rel=2.4e-02
Body is not plunging, Fisher should be stable.
waveform shape: (3, 6311629)
Computing SNR for parameters: (np.float64(1002550.1778497273), np.float64(4971.179132933438), np.float64(0.7048981132942076), np.float64(24.95887685366923), np.float64(0.24959310080426775), 1.0, 12.0, np.float64(0.7853168624648148), np.float64(0.9972177380788132), 1.0, 1.0471975511965976, np.float64(1.1834666744784161), 0.5, np.float64(0.8449854544404473), 0.95, False, False, False, True, 0.0, 0.0, np.float64(1.0196311101968674), np.float64(2.135281290426014))
Waveform Generated. SNR: 340.30470444560257
calculating stable deltas...
plunging! t_interp:  8230235.211448329 t_traj:  8223684.669796343
plunging! t_interp:  8230235.211448329 t_traj:  8225322.060715698
plunging! t_interp:  8230235.211448329 t_traj:  8226959.614603607
plunging! t_interp:  8230235.211448329 t_traj:  8228597.331516733
plunging! t_interp:  8230235.211448329 t_traj:  8227934.893552618
plunging! t_interp:  8230235.211448329 t_traj:  8228509.942884613
plunging! t_interp:  8230235.211448329 t_traj:  8229085.012307611
plunging! t_interp:  8230235.211448329 t_traj:  8229660.101846583
plunging! t_interp:  8230235.211448329 t_traj:  8229427.489056313
plunging! t_interp:  8230235.211448329 t_traj:  8229629.415960179
plunging! t_interp:  8230235.211448329 t_traj:  8229831.346111093
plunging! t_interp:  8230235.211448329 t_traj:  8230033.277133536
plunging! t_interp:  8230235.211448329 t_traj:  8229951.59983508
plunging! t_interp:  8230235.211448329 t_traj:  8230022.502215852
plunging! t_interp:  8230235.211448329 t_traj:  8230093.405137952
plunging! t_interp:  8230235.211448329 t_traj:  8230164.308112135
plunging! t_interp:  8230235.211448329 t_traj:  8230135.629493284
plunging! t_interp:  8230235.211448329 t_traj:  8230160.52494566
plunging! t_interp:  8230235.211448329 t_traj:  8230185.42035141
plunging! t_interp:  8230235.211448329 t_traj:  8230210.315851978
plunging! t_interp:  8230235.211448329 t_traj:  8230200.246202663
plunging! t_interp:  8230235.211448329 t_traj:  8230208.987189649
plunging! t_interp:  8230235.211448329 t_traj:  8230217.72959986
plunging! t_interp:  8230235.211448329 t_traj:  8230226.470142228
plunging! t_interp:  8230235.211448329 t_traj:  8230222.93446534
plunging! t_interp:  8230235.211448329 t_traj:  8230226.003728935
plunging! t_interp:  8230235.211448329 t_traj:  8230229.072939077
plunging! t_interp:  8230235.211448329 t_traj:  8230232.142141302
plunging! t_interp:  8230235.211448329 t_traj:  8230230.900742174
plunging! t_interp:  8230235.211448329 t_traj:  8230231.978406943
plunging! t_interp:  8230235.211448329 t_traj:  8230233.055769868
plunging! t_interp:  8230235.211448329 t_traj:  8230234.133783509
plunging! t_interp:  8230235.211448329 t_traj:  8230233.697833133
plunging! t_interp:  8230235.211448329 t_traj:  8230234.07621913
plunging! t_interp:  8230235.211448329 t_traj:  8230234.45462911
plunging! t_interp:  8230235.211448329 t_traj:  8230234.832992789
plunging! t_interp:  8230235.211448329 t_traj:  8230234.679970368
plunging! t_interp:  8230235.211448329 t_traj:  8230234.812826416
plunging! t_interp:  8230235.211448329 t_traj:  8230234.945694014
plunging! t_interp:  8230235.211448329 t_traj:  8230235.079479212
plunging! t_interp:  8230235.211448329 t_traj:  8230235.024826582
plunging! t_interp:  8230235.211448329 t_traj:  8230235.071214191
plunging! t_interp:  8230235.211448329 t_traj:  8230235.118121981
plunging! t_interp:  8230235.211448329 t_traj:  8230235.164751182
plunging! t_interp:  8230235.211448329 t_traj:  8230235.14589988
plunging! t_interp:  8230235.211448329 t_traj:  8230235.162286969
plunging! t_interp:  8230235.211448329 t_traj:  8230235.178695295
plunging! t_interp:  8230235.211448329 t_traj:  8230235.195014651
plunging! t_interp:  8230235.211448329 t_traj:  8229420.355035137
plunging! t_interp:  8230235.211448329 t_traj:  8228605.661563208
plunging! t_interp:  8230235.211448329 t_traj:  8227791.131047482
plunging! t_interp:  8230235.211448329 t_traj:  8226976.763312115
plunging! t_interp:  8230235.211448329 t_traj:  8229949.081185921
plunging! t_interp:  8230235.211448329 t_traj:  8229662.970981556
plunging! t_interp:  8230235.211448329 t_traj:  8229376.880865154
plunging! t_interp:  8230235.211448329 t_traj:  8229090.810902103
plunging! t_interp:  8230235.211448329 t_traj:  8230134.743309958
plunging! t_interp:  8230235.211448329 t_traj:  8230034.277673044
plunging! t_interp:  8230235.211448329 t_traj:  8229933.814546211
plunging! t_interp:  8230235.211448329 t_traj:  8229833.353840652
plunging! t_interp:  8230235.211448329 t_traj:  8230199.934540341
plunging! t_interp:  8230235.211448329 t_traj:  8230164.6585631715
plunging! t_interp:  8230235.211448329 t_traj:  8230129.382636974
plunging! t_interp:  8230235.211448329 t_traj:  8230094.107032646
plunging! t_interp:  8230235.211448329 t_traj:  8230222.825078147
plunging! t_interp:  8230235.211448329 t_traj:  8230210.438805173
plunging! t_interp:  8230235.211448329 t_traj:  8230198.052601384
plunging! t_interp:  8230235.211448329 t_traj:  8230185.666398031
plunging! t_interp:  8230235.211448329 t_traj:  8230230.862366336
plunging! t_interp:  8230235.211448329 t_traj:  8230226.513274035
plunging! t_interp:  8230235.211448329 t_traj:  8230222.164215381
plunging! t_interp:  8230235.211448329 t_traj:  8230217.815180591
plunging! t_interp:  8230235.211448329 t_traj:  8230233.684395444
plunging! t_interp:  8230235.211448329 t_traj:  8230232.1570232725
plunging! t_interp:  8230235.211448329 t_traj:  8230230.630271336
plunging! t_interp:  8230235.211448329 t_traj:  8230229.103246423
plunging! t_interp:  8230235.211448329 t_traj:  8230234.675278028
plunging! t_interp:  8230235.211448329 t_traj:  8230234.139073023
plunging! t_interp:  8230235.211448329 t_traj:  8230233.6028381325
plunging! t_interp:  8230235.211448329 t_traj:  8230233.066704838
plunging! t_interp:  8230235.211448329 t_traj:  8230235.023121896
plunging! t_interp:  8230235.211448329 t_traj:  8230234.834887323
plunging! t_interp:  8230235.211448329 t_traj:  8230234.646606452
plunging! t_interp:  8230235.211448329 t_traj:  8230234.458403395
plunging! t_interp:  8230235.211448329 t_traj:  8230235.146237182
plunging! t_interp:  8230235.211448329 t_traj:  8230235.079209961
plunging! t_interp:  8230235.211448329 t_traj:  8230235.013100341
plunging! t_interp:  8230235.211448329 t_traj:  8230234.9470022665
plunging! t_interp:  8230235.211448329 t_traj:  8230235.188191187
plunging! t_interp:  8230235.211448329 t_traj:  8230235.165001994
plunging! t_interp:  8230235.211448329 t_traj:  8230235.141534204
plunging! t_interp:  8230235.211448329 t_traj:  8230235.1185866
plunging! t_interp:  8230235.211448329 t_traj:  8230235.203244885
plunging! t_interp:  8230235.211448329 t_traj:  8230235.195155764
plunging! t_interp:  8230235.211448329 t_traj:  8230235.186977672
plunging! t_interp:  8230235.211448329 t_traj:  8230235.1788208205
plunging! t_interp:  8230235.211448329 t_traj:  8229854.1709471475
plunging! t_interp:  8230235.211448329 t_traj:  8229949.432050189
plunging! t_interp:  8230235.211448329 t_traj:  8230044.692486175
plunging! t_interp:  8230235.211448329 t_traj:  8230139.952294796
plunging! t_interp:  8230235.211448329 t_traj:  8230101.422036754
plunging! t_interp:  8230235.211448329 t_traj:  8230134.869471149
plunging! t_interp:  8230235.211448329 t_traj:  8230168.316908244
plunging! t_interp:  8230235.211448329 t_traj:  8230201.764188834
plunging! t_interp:  8230235.211448329 t_traj:  8230188.235208027
plunging! t_interp:  8230235.211448329 t_traj:  8230199.979517998
plunging! t_interp:  8230235.211448329 t_traj:  8230211.723476213
plunging! t_interp:  8230235.211448329 t_traj:  8230223.467485752
plunging! t_interp:  8230235.211448329 t_traj:  8230218.717291861
plunging! t_interp:  8230235.211448329 t_traj:  8230222.840824599
plunging! t_interp:  8230235.211448329 t_traj:  8230226.964397597
plunging! t_interp:  8230235.211448329 t_traj:  8230231.087604138
plunging! t_interp:  8230235.211448329 t_traj:  8230229.42003156
plunging! t_interp:  8230235.211448329 t_traj:  8230230.867879682
plunging! t_interp:  8230235.211448329 t_traj:  8230232.315710519
plunging! t_interp:  8230235.211448329 t_traj:  8230233.763606242
plunging! t_interp:  8230235.211448329 t_traj:  8230233.177921792
plunging! t_interp:  8230235.211448329 t_traj:  8230233.686329862
plunging! t_interp:  8230235.211448329 t_traj:  8230234.194698332
plunging! t_interp:  8230235.211448329 t_traj:  8230234.70303507
plunging! t_interp:  8230235.211448329 t_traj:  8230234.497474041
plunging! t_interp:  8230235.211448329 t_traj:  8230234.67595607
plunging! t_interp:  8230235.211448329 t_traj:  8230234.854419919
plunging! t_interp:  8230235.211448329 t_traj:  8230235.032906326
plunging! t_interp:  8230235.211448329 t_traj:  8230234.960723583
plunging! t_interp:  8230235.211448329 t_traj:  8230235.02336054
plunging! t_interp:  8230235.211448329 t_traj:  8230235.0858594
plunging! t_interp:  8230235.211448329 t_traj:  8230235.148712217
plunging! t_interp:  8230235.211448329 t_traj:  8230235.123186168
plunging! t_interp:  8230235.211448329 t_traj:  8230235.145415241
plunging! t_interp:  8230235.211448329 t_traj:  8230235.168334652
plunging! t_interp:  8230235.211448329 t_traj:  8230235.189402408
plunging! t_interp:  8230235.211448329 t_traj:  8230235.180518691
plunging! t_interp:  8230235.211448329 t_traj:  8230235.18827588
plunging! t_interp:  8230235.211448329 t_traj:  8230235.195986828
plunging! t_interp:  8230235.211448329 t_traj:  8230235.203736606
plunging! t_interp:  8230235.211448329 t_traj:  8230235.200569506
plunging! t_interp:  8230235.211448329 t_traj:  8230235.203279949
plunging! t_interp:  8230235.211448329 t_traj:  8230235.205977507
plunging! t_interp:  8230235.211448329 t_traj:  8230235.208699941
plunging! t_interp:  8230235.211448329 t_traj:  8230235.207623386
plunging! t_interp:  8230235.211448329 t_traj:  8230235.208579704
plunging! t_interp:  8230235.211448329 t_traj:  8230235.210305006
plunging! t_interp:  8230235.211448329 t_traj:  8230235.2104592435
plunging! t_interp:  8230235.211448329 t_traj:  8217135.858707966
plunging! t_interp:  8230235.211448329 t_traj:  8220409.237314873
plunging! t_interp:  8230235.211448329 t_traj:  8223683.588574519
plunging! t_interp:  8230235.211448329 t_traj:  8226958.913404121
plunging! t_interp:  8230235.211448329 t_traj:  8225634.003697394
plunging! t_interp:  8230235.211448329 t_traj:  8226784.125658994
plunging! t_interp:  8230235.211448329 t_traj:  8227934.367220601
plunging! t_interp:  8230235.211448329 t_traj:  8229084.729274517
plunging! t_interp:  8230235.211448329 t_traj:  8228619.42044126
plunging! t_interp:  8230235.211448329 t_traj:  8229023.346004514
plunging! t_interp:  8230235.211448329 t_traj:  8229427.286323881
plunging! t_interp:  8230235.211448329 t_traj:  8229831.2415118925
plunging! t_interp:  8230235.211448329 t_traj:  8229667.849298604
plunging! t_interp:  8230235.211448329 t_traj:  8229809.687071552
plunging! t_interp:  8230235.211448329 t_traj:  8229951.526686618
plunging! t_interp:  8230235.211448329 t_traj:  8230093.368150866
plunging! t_interp:  8230235.211448329 t_traj:  8230035.996370548
plunging! t_interp:  8230235.211448329 t_traj:  8230085.799768424
plunging! t_interp:  8230235.211448329 t_traj:  8230135.603481044
plunging! t_interp:  8230235.211448329 t_traj:  8230185.40731778
plunging! t_interp:  8230235.211448329 t_traj:  8230165.262755525
plunging! t_interp:  8230235.211448329 t_traj:  8230182.749903814
plunging! t_interp:  8230235.211448329 t_traj:  8230200.236840369
plunging! t_interp:  8230235.211448329 t_traj:  8230217.725110564
plunging! t_interp:  8230235.211448329 t_traj:  8230210.651063626
plunging! t_interp:  8230235.211448329 t_traj:  8230216.791177612
plunging! t_interp:  8230235.211448329 t_traj:  8230222.931224145
plunging! t_interp:  8230235.211448329 t_traj:  8230229.071362675
plunging! t_interp:  8230235.211448329 t_traj:  8230226.587766675
plunging! t_interp:  8230235.211448329 t_traj:  8230228.743713542
plunging! t_interp:  8230235.211448329 t_traj:  8230230.89959271
plunging! t_interp:  8230235.211448329 t_traj:  8230233.055503501
plunging! t_interp:  8230235.211448329 t_traj:  8230232.183489223
plunging! t_interp:  8230235.211448329 t_traj:  8230232.941393088
plunging! t_interp:  8230235.211448329 t_traj:  8230233.697465473
plunging! t_interp:  8230235.211448329 t_traj:  8230234.4544293
plunging! t_interp:  8230235.211448329 t_traj:  8230234.148271292
plunging! t_interp:  8230235.211448329 t_traj:  8230234.414079927
plunging! t_interp:  8230235.211448329 t_traj:  8230234.679852099
plunging! t_interp:  8230235.211448329 t_traj:  8230234.945616683
plunging! t_interp:  8230235.211448329 t_traj:  8230234.838136419
plunging! t_interp:  8230235.211448329 t_traj:  8230234.931417839
plunging! t_interp:  8230235.211448329 t_traj:  8230235.02477733
plunging! t_interp:  8230235.211448329 t_traj:  8230235.118139818
plunging! t_interp:  8230235.211448329 t_traj:  8230235.080349469
plunging! t_interp:  8230235.211448329 t_traj:  8230235.113120943
plunging! t_interp:  8230235.211448329 t_traj:  8230235.145912201
plunging! t_interp:  8230235.211448329 t_traj:  8230235.178611975
plunging! t_interp:  8230235.211448329 t_traj:  8230092.403894315
plunging! t_interp:  8230235.211448329 t_traj:  8230128.098217836
plunging! t_interp:  8230235.211448329 t_traj:  8230163.797569246
plunging! t_interp:  8230235.211448329 t_traj:  8230199.50197768
plunging! t_interp:  8230235.211448329 t_traj:  8230185.0598069765
plunging! t_interp:  8230235.211448329 t_traj:  8230197.596754004
plunging! t_interp:  8230235.211448329 t_traj:  8230210.13434828
plunging! t_interp:  8230235.211448329 t_traj:  8230222.672588184
plunging! t_interp:  8230235.211448329 t_traj:  8230217.601087287
plunging! t_interp:  8230235.211448329 t_traj:  8230222.003563231
plunging! t_interp:  8230235.211448329 t_traj:  8230226.406132728
plunging! t_interp:  8230235.211448329 t_traj:  8230230.808512132
plunging! t_interp:  8230235.211448329 t_traj:  8230229.027959177
plunging! t_interp:  8230235.211448329 t_traj:  8230230.573837072
plunging! t_interp:  8230235.211448329 t_traj:  8230232.119525223
plunging! t_interp:  8230235.211448329 t_traj:  8230233.665494492
plunging! t_interp:  8230235.211448329 t_traj:  8230233.04023573
plunging! t_interp:  8230235.211448329 t_traj:  8230233.582781875
plunging! t_interp:  8230235.211448329 t_traj:  8230234.125633148
plunging! t_interp:  8230235.211448329 t_traj:  8230234.668639762
plunging! t_interp:  8230235.211448329 t_traj:  8230234.449087277
plunging! t_interp:  8230235.211448329 t_traj:  8230234.639666466
plunging! t_interp:  8230235.211448329 t_traj:  8230234.830228062
plunging! t_interp:  8230235.211448329 t_traj:  8230235.020837929
plunging! t_interp:  8230235.211448329 t_traj:  8230234.944610282
plunging! t_interp:  8230235.211448329 t_traj:  8230235.01063001
plunging! t_interp:  8230235.211448329 t_traj:  8230235.077253848
plunging! t_interp:  8230235.211448329 t_traj:  8230235.1444834275
plunging! t_interp:  8230235.211448329 t_traj:  8230235.117156255
plunging! t_interp:  8230235.211448329 t_traj:  8230235.140976987
plunging! t_interp:  8230235.211448329 t_traj:  8230235.164418699
plunging! t_interp:  8230235.211448329 t_traj:  8230235.187643601
plunging! t_interp:  8230235.211448329 t_traj:  8230235.178208808
plunging! t_interp:  8230235.211448329 t_traj:  8230235.186656712
plunging! t_interp:  8230235.211448329 t_traj:  8230235.194888241
plunging! t_interp:  8230235.211448329 t_traj:  8230235.203182831
plunging! t_interp:  8230235.211448329 t_traj:  8230235.199838993
plunging! t_interp:  8230235.211448329 t_traj:  8230235.202396061
plunging! t_interp:  8230235.211448329 t_traj:  8230235.205600315
plunging! t_interp:  8230235.211448329 t_traj:  8230235.208527198
plunging! t_interp:  8230235.211448329 t_traj:  8230235.207312005
plunging! t_interp:  8230235.211448329 t_traj:  8230235.20837503
plunging! t_interp:  8230235.211448329 t_traj:  8230235.20937592
plunging! t_interp:  8230235.211448329 t_traj:  8230235.210437114
plunging! t_interp:  8230235.211448329 t_traj:  8230235.210035918
plunging! t_interp:  8230235.211448329 t_traj:  8230235.210385967
plunging! t_interp:  8230235.211448329 t_traj:  8230235.210704255
plunging! t_interp:  8230235.211448329 t_traj:  8230235.211072087
plunging! t_interp:  8230235.211448329 t_traj:  8226172.824194964
plunging! t_interp:  8230235.211448329 t_traj:  8222114.460449079
plunging! t_interp:  8230235.211448329 t_traj:  8218060.114012074
plunging! t_interp:  8230235.211448329 t_traj:  8214009.779191201
plunging! t_interp:  8230235.211448329 t_traj:  8228808.370646334
plunging! t_interp:  8230235.211448329 t_traj:  8227382.026415518
plunging! t_interp:  8230235.211448329 t_traj:  8225956.1783856815
plunging! t_interp:  8230235.211448329 t_traj:  8224530.826134079
plunging! t_interp:  8230235.211448329 t_traj:  8229734.163687314
plunging! t_interp:  8230235.211448329 t_traj:  8229233.177237051
plunging! t_interp:  8230235.211448329 t_traj:  8228732.251944662
plunging! t_interp:  8230235.211448329 t_traj:  8228231.387875934
plunging! t_interp:  8230235.211448329 t_traj:  8230059.276770666
plunging! t_interp:  8230235.211448329 t_traj:  8229883.350135308
plunging! t_interp:  8230235.211448329 t_traj:  8229707.430482939
plunging! t_interp:  8230235.211448329 t_traj:  8229531.518938787
plunging! t_interp:  8230235.211448329 t_traj:  8230173.436602113
plunging! t_interp:  8230235.211448329 t_traj:  8230111.663502235
plunging! t_interp:  8230235.211448329 t_traj:  8230049.889763277
plunging! t_interp:  8230235.211448329 t_traj:  8229988.117747123
plunging! t_interp:  8230235.211448329 t_traj:  8230213.520994008
plunging! t_interp:  8230235.211448329 t_traj:  8230191.83065294
plunging! t_interp:  8230235.211448329 t_traj:  8230170.140446124
plunging! t_interp:  8230235.211448329 t_traj:  8230148.45039974
plunging! t_interp:  8230235.211448329 t_traj:  8230227.595480103
plunging! t_interp:  8230235.211448329 t_traj:  8230219.979561297
plunging! t_interp:  8230235.211448329 t_traj:  8230212.363648294
plunging! t_interp:  8230235.211448329 t_traj:  8230204.747727145
plunging! t_interp:  8230235.211448329 t_traj:  8230232.537324879
plunging! t_interp:  8230235.211448329 t_traj:  8230229.863210635
plunging! t_interp:  8230235.211448329 t_traj:  8230227.189096335
plunging! t_interp:  8230235.211448329 t_traj:  8230224.515002818
plunging! t_interp:  8230235.211448329 t_traj:  8230234.272439304
plunging! t_interp:  8230235.211448329 t_traj:  8230233.333538828
plunging! t_interp:  8230235.211448329 t_traj:  8230232.394622194
plunging! t_interp:  8230235.211448329 t_traj:  8230231.455689643
plunging! t_interp:  8230235.211448329 t_traj:  8230234.881731005
plunging! t_interp:  8230235.211448329 t_traj:  8230234.552080571
plunging! t_interp:  8230235.211448329 t_traj:  8230234.222433581
plunging! t_interp:  8230235.211448329 t_traj:  8230233.892746071
plunging! t_interp:  8230235.211448329 t_traj:  8230235.0956387
plunging! t_interp:  8230235.211448329 t_traj:  8230234.979875266
plunging! t_interp:  8230235.211448329 t_traj:  8230234.864165729
plunging! t_interp:  8230235.211448329 t_traj:  8230234.748412692
plunging! t_interp:  8230235.211448329 t_traj:  8230235.170813942
plunging! t_interp:  8230235.211448329 t_traj:  8230235.130109879
plunging! t_interp:  8230235.211448329 t_traj:  8230235.089494625
plunging! t_interp:  8230235.211448329 t_traj:  8230235.048828491
plunging! t_interp:  8230235.211448329 t_traj:  8230161.889275571
plunging! t_interp:  8230235.211448329 t_traj:  8230088.634076361
plunging! t_interp:  8230235.211448329 t_traj:  8230015.445516024
plunging! t_interp:  8230235.211448329 t_traj:  8229942.323644816
plunging! t_interp:  8230235.211448329 t_traj:  8230209.459009413
plunging! t_interp:  8230235.211448329 t_traj:  8230183.7156359535
plunging! t_interp:  8230235.211448329 t_traj:  8230157.978961605
plunging! t_interp:  8230235.211448329 t_traj:  8230132.25124194
plunging! t_interp:  8230235.211448329 t_traj:  8230226.168300833
plunging! t_interp:  8230235.211448329 t_traj:  8230217.126030067
plunging! t_interp:  8230235.211448329 t_traj:  8230208.085154505
plunging! t_interp:  8230235.211448329 t_traj:  8230199.0451045735
plunging! t_interp:  8230235.211448329 t_traj:  8230232.036127758
plunging! t_interp:  8230235.211448329 t_traj:  8230228.860876789
plunging! t_interp:  8230235.211448329 t_traj:  8230225.6858533025
plunging! t_interp:  8230235.211448329 t_traj:  8230222.510911378
plunging! t_interp:  8230235.211448329 t_traj:  8230234.096470166
plunging! t_interp:  8230235.211448329 t_traj:  8230232.981573286
plunging! t_interp:  8230235.211448329 t_traj:  8230231.866671492
plunging! t_interp:  8230235.211448329 t_traj:  8230230.751783999
plunging! t_interp:  8230235.211448329 t_traj:  8230234.819944111
plunging! t_interp:  8230235.211448329 t_traj:  8230234.428479124
plunging! t_interp:  8230235.211448329 t_traj:  8230234.0370435575
plunging! t_interp:  8230235.211448329 t_traj:  8230233.645519634
plunging! t_interp:  8230235.211448329 t_traj:  8230235.073980496
plunging! t_interp:  8230235.211448329 t_traj:  8230234.936520697
plunging! t_interp:  8230235.211448329 t_traj:  8230234.799049971
plunging! t_interp:  8230235.211448329 t_traj:  8230234.661578743
plunging! t_interp:  8230235.211448329 t_traj:  8230235.163174933
plunging! t_interp:  8230235.211448329 t_traj:  8230235.114642242
plunging! t_interp:  8230235.211448329 t_traj:  8230235.06660824
plunging! t_interp:  8230235.211448329 t_traj:  8230235.01837584
plunging! t_interp:  8230235.211448329 t_traj:  8230235.194266551
plunging! t_interp:  8230235.211448329 t_traj:  8230235.177529819
plunging! t_interp:  8230235.211448329 t_traj:  8230235.160577751
plunging! t_interp:  8230235.211448329 t_traj:  8230235.143614216
plunging! t_interp:  8230235.211448329 t_traj:  8230235.2054970525
plunging! t_interp:  8230235.211448329 t_traj:  8230235.199474569
plunging! t_interp:  8230235.211448329 t_traj:  8230235.193571627
plunging! t_interp:  8230235.211448329 t_traj:  8230235.187654485
plunging! t_interp:  8230235.211448329 t_traj:  8230235.209308174
plunging! t_interp:  8230235.211448329 t_traj:  8230235.20723837
plunging! t_interp:  8230235.211448329 t_traj:  8230235.205162108
plunging! t_interp:  8230235.211448329 t_traj:  8230235.20304292
plunging! t_interp:  8230235.211448329 t_traj:  8230235.210682067
plunging! t_interp:  8230235.211448329 t_traj:  8230235.209952896
plunging! t_interp:  8230235.211448329 t_traj:  8230235.209224111
plunging! t_interp:  8230235.211448329 t_traj:  8230235.208486325
Time taken to compute stable deltas is 92.28015327453613 seconds
calculating Fisher matrix...
plunging! t_interp:  8230235.211448329 t_traj:  8230233.697833133
plunging! t_interp:  8230235.211448329 t_traj:  8230234.07621913
plunging! t_interp:  8230235.211448329 t_traj:  8230234.45462911
plunging! t_interp:  8230235.211448329 t_traj:  8230234.832992789
plunging! t_interp:  8230235.211448329 t_traj:  8230234.675278028
plunging! t_interp:  8230235.211448329 t_traj:  8230234.139073023
plunging! t_interp:  8230235.211448329 t_traj:  8230233.6028381325
plunging! t_interp:  8230235.211448329 t_traj:  8230233.066704838
plunging! t_interp:  8230235.211448329 t_traj:  8230234.497474041
plunging! t_interp:  8230235.211448329 t_traj:  8230234.67595607
plunging! t_interp:  8230235.211448329 t_traj:  8230234.854419919
plunging! t_interp:  8230235.211448329 t_traj:  8230235.032906326
plunging! t_interp:  8230235.211448329 t_traj:  8230234.148271292
plunging! t_interp:  8230235.211448329 t_traj:  8230234.414079927
plunging! t_interp:  8230235.211448329 t_traj:  8230234.679852099
plunging! t_interp:  8230235.211448329 t_traj:  8230234.945616683
plunging! t_interp:  8230235.211448329 t_traj:  8230234.449087277
plunging! t_interp:  8230235.211448329 t_traj:  8230234.639666466
plunging! t_interp:  8230235.211448329 t_traj:  8230234.830228062
plunging! t_interp:  8230235.211448329 t_traj:  8230235.020837929
plunging! t_interp:  8230235.211448329 t_traj:  8230235.0956387
plunging! t_interp:  8230235.211448329 t_traj:  8230234.979875266
plunging! t_interp:  8230235.211448329 t_traj:  8230234.864165729
plunging! t_interp:  8230235.211448329 t_traj:  8230234.748412692
plunging! t_interp:  8230235.211448329 t_traj:  8230235.073980496
plunging! t_interp:  8230235.211448329 t_traj:  8230234.936520697
plunging! t_interp:  8230235.211448329 t_traj:  8230234.799049971
plunging! t_interp:  8230235.211448329 t_traj:  8230234.661578743
Finished derivatives
Calculated Fisher is *atleast* positive-definite.
Time taken to compute FM is 8.290216207504272 seconds
    CV from_NMdev#1 it   5 lam=1.3e-03 ov=0.9942907 chi2=1.331e+03 rel=7.5e-03
Body is not plunging, Fisher should be stable.
waveform shape: (3, 6311629)
Computing SNR for parameters: (np.float64(1002550.2563685735), np.float64(4971.178747262276), np.float64(0.7048958152245883), np.float64(24.958877746206007), np.float64(0.2495922584681907), 1.0, 12.0, np.float64(0.7850470746774273), np.float64(0.9967909630187679), 1.0, 1.0471975511965976, np.float64(1.1848775166821137), 0.5, np.float64(0.8421439406243343), 0.95, False, False, False, True, 0.0, 0.0, np.float64(1.0196150164438667), np.float64(2.1337525312065546))
Waveform Generated. SNR: 340.18153601668035
calculating Fisher matrix...
plunging! t_interp:  8230235.154170407 t_traj:  8230233.6405076925
plunging! t_interp:  8230235.154170407 t_traj:  8230234.019038543
plunging! t_interp:  8230235.154170407 t_traj:  8230234.397461713
plunging! t_interp:  8230235.154170407 t_traj:  8230234.77551163
plunging! t_interp:  8230235.154170407 t_traj:  8230234.618003585
plunging! t_interp:  8230235.154170407 t_traj:  8230234.08188559
plunging! t_interp:  8230235.154170407 t_traj:  8230233.54563665
plunging! t_interp:  8230235.154170407 t_traj:  8230233.009505432
plunging! t_interp:  8230235.154170407 t_traj:  8230234.440223639
plunging! t_interp:  8230235.154170407 t_traj:  8230234.618706475
plunging! t_interp:  8230235.154170407 t_traj:  8230234.797213106
plunging! t_interp:  8230235.154170407 t_traj:  8230234.97658106
plunging! t_interp:  8230235.154170407 t_traj:  8230234.091064448
plunging! t_interp:  8230235.154170407 t_traj:  8230234.356824307
plunging! t_interp:  8230235.154170407 t_traj:  8230234.622601522
plunging! t_interp:  8230235.154170407 t_traj:  8230234.888454928
plunging! t_interp:  8230235.154170407 t_traj:  8230234.392672238
plunging! t_interp:  8230235.154170407 t_traj:  8230234.582326381
plunging! t_interp:  8230235.154170407 t_traj:  8230234.773014627
plunging! t_interp:  8230235.154170407 t_traj:  8230234.963604495
plunging! t_interp:  8230235.154170407 t_traj:  8230235.038458007
plunging! t_interp:  8230235.154170407 t_traj:  8230234.922701569
plunging! t_interp:  8230235.154170407 t_traj:  8230234.806919821
plunging! t_interp:  8230235.154170407 t_traj:  8230234.691168346
plunging! t_interp:  8230235.154170407 t_traj:  8230235.016778799
plunging! t_interp:  8230235.154170407 t_traj:  8230234.879291595
plunging! t_interp:  8230235.154170407 t_traj:  8230234.7418328915
plunging! t_interp:  8230235.154170407 t_traj:  8230234.604357098
Finished derivatives
Calculated Fisher is *atleast* positive-definite.
Time taken to compute FM is 9.35174822807312 seconds
    CV from_NMdev#1 it   6 lam=3.4e-03 ov=0.9943333 chi2=1.321e+03 rel=2.2e-03
Body is not plunging, Fisher should be stable.
waveform shape: (3, 6311629)
Computing SNR for parameters: (np.float64(1002550.2852980685), np.float64(4971.178605475332), np.float64(0.7048949538637975), np.float64(24.958878075240058), np.float64(0.2495919414518949), 1.0, 12.0, np.float64(0.7850113228682978), np.float64(0.9967903931764672), 1.0, 1.0471975511965976, np.float64(1.1851857275502746), 0.5, np.float64(0.8416550819311337), 0.95, False, False, False, True, 0.0, 0.0, np.float64(1.0196091170654917), np.float64(2.133222869885728))
Waveform Generated. SNR: 340.1722660962728
calculating Fisher matrix...
plunging! t_interp:  8230235.091581274 t_traj:  8230233.577204557
plunging! t_interp:  8230235.091581274 t_traj:  8230233.955638926
plunging! t_interp:  8230235.091581274 t_traj:  8230234.3339851
plunging! t_interp:  8230235.091581274 t_traj:  8230234.712351377
plunging! t_interp:  8230235.091581274 t_traj:  8230234.554621395
plunging! t_interp:  8230235.091581274 t_traj:  8230234.0184125
plunging! t_interp:  8230235.091581274 t_traj:  8230233.482228512
plunging! t_interp:  8230235.091581274 t_traj:  8230232.946046713
plunging! t_interp:  8230235.091581274 t_traj:  8230234.376771455
plunging! t_interp:  8230235.091581274 t_traj:  8230234.555258173
plunging! t_interp:  8230235.091581274 t_traj:  8230234.733744318
plunging! t_interp:  8230235.091581274 t_traj:  8230234.912279441
plunging! t_interp:  8230235.091581274 t_traj:  8230234.027646293
plunging! t_interp:  8230235.091581274 t_traj:  8230234.2933928175
plunging! t_interp:  8230235.091581274 t_traj:  8230234.559179586
plunging! t_interp:  8230235.091581274 t_traj:  8230234.824973616
plunging! t_interp:  8230235.091581274 t_traj:  8230234.328466355
plunging! t_interp:  8230235.091581274 t_traj:  8230234.518960704
plunging! t_interp:  8230235.091581274 t_traj:  8230234.709597641
plunging! t_interp:  8230235.091581274 t_traj:  8230234.901025711
plunging! t_interp:  8230235.091581274 t_traj:  8230234.97502185
plunging! t_interp:  8230235.091581274 t_traj:  8230234.859262192
plunging! t_interp:  8230235.091581274 t_traj:  8230234.743498672
plunging! t_interp:  8230235.091581274 t_traj:  8230234.627771912
plunging! t_interp:  8230235.091581274 t_traj:  8230234.953345063
plunging! t_interp:  8230235.091581274 t_traj:  8230234.815855104
plunging! t_interp:  8230235.091581274 t_traj:  8230234.678443696
plunging! t_interp:  8230235.091581274 t_traj:  8230234.540942134
Finished derivatives
Calculated Fisher is *atleast* positive-definite.
Time taken to compute FM is 9.408254623413086 seconds
    CV from_NMdev#1 it   7 lam=2.3e-03 ov=0.9943460 chi2=1.318e+03 rel=3.2e-03
Body is not plunging, Fisher should be stable.
waveform shape: (3, 6311629)
Computing SNR for parameters: (np.float64(1002550.32828583), np.float64(4971.178386144119), np.float64(0.7048937098831809), np.float64(24.95887856697287), np.float64(0.24959145359440543), 1.0, 12.0, np.float64(0.7849804882707627), np.float64(0.9968236994273901), 1.0, 1.0471975511965976, np.float64(1.1852312315940567), 0.5, np.float64(0.8412673850865414), 0.95, False, False, False, True, 0.0, 0.0, np.float64(1.0195999264985949), np.float64(2.1325570518273547))
Waveform Generated. SNR: 340.16804824234123
calculating Fisher matrix...
plunging! t_interp:  8230235.0141764935 t_traj:  8230233.500628193
plunging! t_interp:  8230235.0141764935 t_traj:  8230233.879031791
plunging! t_interp:  8230235.0141764935 t_traj:  8230234.25745383
plunging! t_interp:  8230235.0141764935 t_traj:  8230234.635808302
plunging! t_interp:  8230235.0141764935 t_traj:  8230234.478030586
plunging! t_interp:  8230235.0141764935 t_traj:  8230233.941878308
plunging! t_interp:  8230235.0141764935 t_traj:  8230233.405653104
plunging! t_interp:  8230235.0141764935 t_traj:  8230232.869281956
plunging! t_interp:  8230235.0141764935 t_traj:  8230234.299900896
plunging! t_interp:  8230235.0141764935 t_traj:  8230234.478684303
plunging! t_interp:  8230235.0141764935 t_traj:  8230234.657183272
plunging! t_interp:  8230235.0141764935 t_traj:  8230234.835697261
plunging! t_interp:  8230235.0141764935 t_traj:  8230233.951012495
plunging! t_interp:  8230235.0141764935 t_traj:  8230234.216803862
plunging! t_interp:  8230235.0141764935 t_traj:  8230234.482601299
plunging! t_interp:  8230235.0141764935 t_traj:  8230234.748401891
plunging! t_interp:  8230235.0141764935 t_traj:  8230234.251843686
plunging! t_interp:  8230235.0141764935 t_traj:  8230234.442453015
plunging! t_interp:  8230235.0141764935 t_traj:  8230234.633057164
plunging! t_interp:  8230235.0141764935 t_traj:  8230234.823636089
plunging! t_interp:  8230235.0141764935 t_traj:  8230234.898169982
plunging! t_interp:  8230235.0141764935 t_traj:  8230234.782693387
plunging! t_interp:  8230235.0141764935 t_traj:  8230234.66690427
plunging! t_interp:  8230235.0141764935 t_traj:  8230234.5511769205
plunging! t_interp:  8230235.0141764935 t_traj:  8230234.876538711
plunging! t_interp:  8230235.0141764935 t_traj:  8230234.739290167
plunging! t_interp:  8230235.0141764935 t_traj:  8230234.601838681
plunging! t_interp:  8230235.0141764935 t_traj:  8230234.464390007
Finished derivatives
Calculated Fisher is *atleast* positive-definite.
Time taken to compute FM is 9.425209045410156 seconds
    CV from_NMdev#1 it   8 lam=4.8e-02 ov=0.9943644 chi2=1.313e+03 rel=1.5e-04
Body is not plunging, Fisher should be stable.
waveform shape: (3, 6311629)
Computing SNR for parameters: (np.float64(1002550.330309533), np.float64(4971.178375623242), np.float64(0.7048936519662851), np.float64(24.95887859017446), np.float64(0.2495914307408023), 1.0, 12.0, np.float64(0.7849799690368154), np.float64(0.9968301684058267), 1.0, 1.0471975511965976, np.float64(1.185229488953713), 0.5, np.float64(0.8412750932645392), 0.95, False, False, False, True, 0.0, 0.0, np.float64(1.0195994897851952), np.float64(2.1325265639563136))
Waveform Generated. SNR: 340.16861562807804
calculating Fisher matrix...
plunging! t_interp:  8230235.011913388 t_traj:  8230233.498359014
plunging! t_interp:  8230235.011913388 t_traj:  8230233.876674732
plunging! t_interp:  8230235.011913388 t_traj:  8230234.255111185
plunging! t_interp:  8230235.011913388 t_traj:  8230234.633513417
plunging! t_interp:  8230235.011913388 t_traj:  8230234.476505915
plunging! t_interp:  8230235.011913388 t_traj:  8230233.939505337
plunging! t_interp:  8230235.011913388 t_traj:  8230233.403388653
plunging! t_interp:  8230235.011913388 t_traj:  8230232.867201258
plunging! t_interp:  8230235.011913388 t_traj:  8230234.29793502
plunging! t_interp:  8230235.011913388 t_traj:  8230234.476374708
plunging! t_interp:  8230235.011913388 t_traj:  8230234.654677561
plunging! t_interp:  8230235.011913388 t_traj:  8230234.833392799
plunging! t_interp:  8230235.011913388 t_traj:  8230233.948692089
plunging! t_interp:  8230235.011913388 t_traj:  8230234.214495406
plunging! t_interp:  8230235.011913388 t_traj:  8230234.480320629
plunging! t_interp:  8230235.011913388 t_traj:  8230234.746020277
plunging! t_interp:  8230235.011913388 t_traj:  8230234.249565681
plunging! t_interp:  8230235.011913388 t_traj:  8230234.440116174
plunging! t_interp:  8230235.011913388 t_traj:  8230234.630734138
plunging! t_interp:  8230235.011913388 t_traj:  8230234.821085356
plunging! t_interp:  8230235.011913388 t_traj:  8230234.896170791
plunging! t_interp:  8230235.011913388 t_traj:  8230234.780372967
plunging! t_interp:  8230235.011913388 t_traj:  8230234.664603574
plunging! t_interp:  8230235.011913388 t_traj:  8230234.548842537
plunging! t_interp:  8230235.011913388 t_traj:  8230234.87442223
plunging! t_interp:  8230235.011913388 t_traj:  8230234.736662227
plunging! t_interp:  8230235.011913388 t_traj:  8230234.599522021
plunging! t_interp:  8230235.011913388 t_traj:  8230234.462003715
Finished derivatives
Calculated Fisher is *atleast* positive-definite.
Time taken to compute FM is 9.398326635360718 seconds
    CV from_NMdev#1 it   9 lam=1.6e-02 ov=0.9943652 chi2=1.313e+03 rel=4.6e-04
Body is not plunging, Fisher should be stable.
waveform shape: (3, 6311629)
Computing SNR for parameters: (np.float64(1002550.3363429412), np.float64(4971.178344303002), np.float64(0.7048934783353173), np.float64(24.958878659327095), np.float64(0.24959136177863597), 1.0, 12.0, np.float64(0.7849774903240606), np.float64(0.9968348060576981), 1.0, 1.0471975511965976, np.float64(1.1852211224997564), 0.5, np.float64(0.8412167952891139), 0.95, False, False, False, True, 0.0, 0.0, np.float64(1.0195981804663217), np.float64(2.1324381566248096))
Waveform Generated. SNR: 340.1685552577981
calculating stable deltas...
plunging! t_interp:  8230235.001834828 t_traj:  8223684.461272463
plunging! t_interp:  8230235.001834828 t_traj:  8225321.851901936
plunging! t_interp:  8230235.001834828 t_traj:  8226959.405556829
plunging! t_interp:  8230235.001834828 t_traj:  8228597.122201989
plunging! t_interp:  8230235.001834828 t_traj:  8227934.684370082
plunging! t_interp:  8230235.001834828 t_traj:  8228509.7335688695
plunging! t_interp:  8230235.001834828 t_traj:  8229084.802912618
plunging! t_interp:  8230235.001834828 t_traj:  8229659.89232812
plunging! t_interp:  8230235.001834828 t_traj:  8229427.279619405
plunging! t_interp:  8230235.001834828 t_traj:  8229629.206505973
plunging! t_interp:  8230235.001834828 t_traj:  8229831.135778624
plunging! t_interp:  8230235.001834828 t_traj:  8230033.068455921
plunging! t_interp:  8230235.001834828 t_traj:  8229951.390606252
plunging! t_interp:  8230235.001834828 t_traj:  8230022.292927435
plunging! t_interp:  8230235.001834828 t_traj:  8230093.195567595
plunging! t_interp:  8230235.001834828 t_traj:  8230164.098571241
plunging! t_interp:  8230235.001834828 t_traj:  8230135.419916341
plunging! t_interp:  8230235.001834828 t_traj:  8230160.315346865
plunging! t_interp:  8230235.001834828 t_traj:  8230185.210772457
plunging! t_interp:  8230235.001834828 t_traj:  8230210.106248323
plunging! t_interp:  8230235.001834828 t_traj:  8230200.03663439
plunging! t_interp:  8230235.001834828 t_traj:  8230208.777940788
plunging! t_interp:  8230235.001834828 t_traj:  8230217.519219474
plunging! t_interp:  8230235.001834828 t_traj:  8230226.260311796
plunging! t_interp:  8230235.001834828 t_traj:  8230222.7257272545
plunging! t_interp:  8230235.001834828 t_traj:  8230225.794110988
plunging! t_interp:  8230235.001834828 t_traj:  8230228.863365813
plunging! t_interp:  8230235.001834828 t_traj:  8230231.932574974
plunging! t_interp:  8230235.001834828 t_traj:  8230230.691194887
plunging! t_interp:  8230235.001834828 t_traj:  8230231.768832152
plunging! t_interp:  8230235.001834828 t_traj:  8230232.846507986
plunging! t_interp:  8230235.001834828 t_traj:  8230233.92417741
plunging! t_interp:  8230235.001834828 t_traj:  8230233.488285562
plunging! t_interp:  8230235.001834828 t_traj:  8230233.8666601265
plunging! t_interp:  8230235.001834828 t_traj:  8230234.245066919
plunging! t_interp:  8230235.001834828 t_traj:  8230234.623443925
plunging! t_interp:  8230235.001834828 t_traj:  8230234.470358461
plunging! t_interp:  8230235.001834828 t_traj:  8230234.603249117
plunging! t_interp:  8230235.001834828 t_traj:  8230234.736111375
plunging! t_interp:  8230235.001834828 t_traj:  8230234.869787895
plunging! t_interp:  8230235.001834828 t_traj:  8230234.815241277
plunging! t_interp:  8230235.001834828 t_traj:  8230234.861903461
plunging! t_interp:  8230235.001834828 t_traj:  8230234.908566747
plunging! t_interp:  8230235.001834828 t_traj:  8230234.9551663
plunging! t_interp:  8230235.001834828 t_traj:  8230234.937148883
plunging! t_interp:  8230235.001834828 t_traj:  8230234.952481033
plunging! t_interp:  8230235.001834828 t_traj:  8230234.969079132
plunging! t_interp:  8230235.001834828 t_traj:  8230234.985476069
plunging! t_interp:  8230235.001834828 t_traj:  8229420.14568106
plunging! t_interp:  8230235.001834828 t_traj:  8228605.452462878
plunging! t_interp:  8230235.001834828 t_traj:  8227790.922201124
plunging! t_interp:  8230235.001834828 t_traj:  8226976.554753262
plunging! t_interp:  8230235.001834828 t_traj:  8229948.871341117
plunging! t_interp:  8230235.001834828 t_traj:  8229662.7616014965
plunging! t_interp:  8230235.001834828 t_traj:  8229376.671540287
plunging! t_interp:  8230235.001834828 t_traj:  8229090.60165283
plunging! t_interp:  8230235.001834828 t_traj:  8230134.5337605635
plunging! t_interp:  8230235.001834828 t_traj:  8230034.0681585
plunging! t_interp:  8230235.001834828 t_traj:  8229933.605026087
plunging! t_interp:  8230235.001834828 t_traj:  8229833.1443693405
plunging! t_interp:  8230235.001834828 t_traj:  8230199.724938047
plunging! t_interp:  8230235.001834828 t_traj:  8230164.449040562
plunging! t_interp:  8230235.001834828 t_traj:  8230129.173079902
plunging! t_interp:  8230235.001834828 t_traj:  8230093.897153994
plunging! t_interp:  8230235.001834828 t_traj:  8230222.615532019
plunging! t_interp:  8230235.001834828 t_traj:  8230210.229256132
plunging! t_interp:  8230235.001834828 t_traj:  8230197.842994201
plunging! t_interp:  8230235.001834828 t_traj:  8230185.4568365235
plunging! t_interp:  8230235.001834828 t_traj:  8230230.652744873
plunging! t_interp:  8230235.001834828 t_traj:  8230226.303657738
plunging! t_interp:  8230235.001834828 t_traj:  8230221.954661136
plunging! t_interp:  8230235.001834828 t_traj:  8230217.60553284
plunging! t_interp:  8230235.001834828 t_traj:  8230233.474766141
plunging! t_interp:  8230235.001834828 t_traj:  8230231.947747989
plunging! t_interp:  8230235.001834828 t_traj:  8230230.420675112
plunging! t_interp:  8230235.001834828 t_traj:  8230228.893659961
plunging! t_interp:  8230235.001834828 t_traj:  8230234.465671913
plunging! t_interp:  8230235.001834828 t_traj:  8230233.929469013
plunging! t_interp:  8230235.001834828 t_traj:  8230233.3932872275
plunging! t_interp:  8230235.001834828 t_traj:  8230232.85713851
plunging! t_interp:  8230235.001834828 t_traj:  8230234.813573022
plunging! t_interp:  8230235.001834828 t_traj:  8230234.625325126
plunging! t_interp:  8230235.001834828 t_traj:  8230234.437047431
plunging! t_interp:  8230235.001834828 t_traj:  8230234.248801976
plunging! t_interp:  8230235.001834828 t_traj:  8230234.936545867
plunging! t_interp:  8230235.001834828 t_traj:  8230234.869627319
plunging! t_interp:  8230235.001834828 t_traj:  8230234.803523035
plunging! t_interp:  8230235.001834828 t_traj:  8230234.737390355
plunging! t_interp:  8230235.001834828 t_traj:  8230234.978606302
plunging! t_interp:  8230235.001834828 t_traj:  8230234.9554467555
plunging! t_interp:  8230235.001834828 t_traj:  8230234.932223473
plunging! t_interp:  8230235.001834828 t_traj:  8230234.9090012945
plunging! t_interp:  8230235.001834828 t_traj:  8230234.993706302
plunging! t_interp:  8230235.001834828 t_traj:  8230234.985539601
plunging! t_interp:  8230235.001834828 t_traj:  8230234.977171738
plunging! t_interp:  8230235.001834828 t_traj:  8230234.97006982
plunging! t_interp:  8230235.001834828 t_traj:  8229853.963472405
plunging! t_interp:  8230235.001834828 t_traj:  8229949.224038416
plunging! t_interp:  8230235.001834828 t_traj:  8230044.483956104
plunging! t_interp:  8230235.001834828 t_traj:  8230139.743233792
plunging! t_interp:  8230235.001834828 t_traj:  8230101.213133577
plunging! t_interp:  8230235.001834828 t_traj:  8230134.6604317175
plunging! t_interp:  8230235.001834828 t_traj:  8230168.107440299
plunging! t_interp:  8230235.001834828 t_traj:  8230201.554754642
plunging! t_interp:  8230235.001834828 t_traj:  8230188.0259245485
plunging! t_interp:  8230235.001834828 t_traj:  8230199.770159892
plunging! t_interp:  8230235.001834828 t_traj:  8230211.514053404
plunging! t_interp:  8230235.001834828 t_traj:  8230223.257914356
plunging! t_interp:  8230235.001834828 t_traj:  8230218.507469735
plunging! t_interp:  8230235.001834828 t_traj:  8230222.631365867
plunging! t_interp:  8230235.001834828 t_traj:  8230226.7548130425
plunging! t_interp:  8230235.001834828 t_traj:  8230230.878316694
plunging! t_interp:  8230235.001834828 t_traj:  8230229.210451771
plunging! t_interp:  8230235.001834828 t_traj:  8230230.658305042
plunging! t_interp:  8230235.001834828 t_traj:  8230232.106108358
plunging! t_interp:  8230235.001834828 t_traj:  8230233.553993435
plunging! t_interp:  8230235.001834828 t_traj:  8230232.96834264
plunging! t_interp:  8230235.001834828 t_traj:  8230233.476778343
plunging! t_interp:  8230235.001834828 t_traj:  8230233.985087137
plunging! t_interp:  8230235.001834828 t_traj:  8230234.493471894
plunging! t_interp:  8230235.001834828 t_traj:  8230234.287877252
plunging! t_interp:  8230235.001834828 t_traj:  8230234.466357038
plunging! t_interp:  8230235.001834828 t_traj:  8230234.644534291
plunging! t_interp:  8230235.001834828 t_traj:  8230234.824242349
plunging! t_interp:  8230235.001834828 t_traj:  8230234.751138206
plunging! t_interp:  8230235.001834828 t_traj:  8230234.813786564
plunging! t_interp:  8230235.001834828 t_traj:  8230234.876495317
plunging! t_interp:  8230235.001834828 t_traj:  8230234.939164403
plunging! t_interp:  8230235.001834828 t_traj:  8230234.913813661
plunging! t_interp:  8230235.001834828 t_traj:  8230234.935558899
plunging! t_interp:  8230235.001834828 t_traj:  8230234.957818159
plunging! t_interp:  8230235.001834828 t_traj:  8230234.97982971
plunging! t_interp:  8230235.001834828 t_traj:  8230234.970928172
plunging! t_interp:  8230235.001834828 t_traj:  8230234.978648575
plunging! t_interp:  8230235.001834828 t_traj:  8230234.986349426
plunging! t_interp:  8230235.001834828 t_traj:  8230234.994077117
plunging! t_interp:  8230235.001834828 t_traj:  8230234.991023645
plunging! t_interp:  8230235.001834828 t_traj:  8230234.993707509
plunging! t_interp:  8230235.001834828 t_traj:  8230234.996395816
plunging! t_interp:  8230235.001834828 t_traj:  8230234.9991074875
plunging! t_interp:  8230235.001834828 t_traj:  8230234.998002628
plunging! t_interp:  8230235.001834828 t_traj:  8230234.998953357
plunging! t_interp:  8230235.001834828 t_traj:  8230234.9999401355
plunging! t_interp:  8230235.001834828 t_traj:  8230235.000891195
plunging! t_interp:  8230235.001834828 t_traj:  8217135.645342045
plunging! t_interp:  8230235.001834828 t_traj:  8220409.024823771
plunging! t_interp:  8230235.001834828 t_traj:  8223683.3772750655
plunging! t_interp:  8230235.001834828 t_traj:  8226958.70289926
plunging! t_interp:  8230235.001834828 t_traj:  8225633.792527375
plunging! t_interp:  8230235.001834828 t_traj:  8226783.915061424
plunging! t_interp:  8230235.001834828 t_traj:  8227934.157281587
plunging! t_interp:  8230235.001834828 t_traj:  8229084.519550723
plunging! t_interp:  8230235.001834828 t_traj:  8228619.210389341
plunging! t_interp:  8230235.001834828 t_traj:  8229023.1360953
plunging! t_interp:  8230235.001834828 t_traj:  8229427.076531574
plunging! t_interp:  8230235.001834828 t_traj:  8229831.031761303
plunging! t_interp:  8230235.001834828 t_traj:  8229667.639475072
plunging! t_interp:  8230235.001834828 t_traj:  8229809.477341569
plunging! t_interp:  8230235.001834828 t_traj:  8229951.317035271
plunging! t_interp:  8230235.001834828 t_traj:  8230093.15851323
plunging! t_interp:  8230235.001834828 t_traj:  8230035.786740121
plunging! t_interp:  8230235.001834828 t_traj:  8230085.590133763
plunging! t_interp:  8230235.001834828 t_traj:  8230135.393831489
plunging! t_interp:  8230235.001834828 t_traj:  8230185.197685526
plunging! t_interp:  8230235.001834828 t_traj:  8230165.053206992
plunging! t_interp:  8230235.001834828 t_traj:  8230182.5402443325
plunging! t_interp:  8230235.001834828 t_traj:  8230200.027446495
plunging! t_interp:  8230235.001834828 t_traj:  8230217.514641286
plunging! t_interp:  8230235.001834828 t_traj:  8230210.4414641475
plunging! t_interp:  8230235.001834828 t_traj:  8230216.581523449
plunging! t_interp:  8230235.001834828 t_traj:  8230222.721673079
plunging! t_interp:  8230235.001834828 t_traj:  8230228.861740577
plunging! t_interp:  8230235.001834828 t_traj:  8230226.378182694
plunging! t_interp:  8230235.001834828 t_traj:  8230228.534105615
plunging! t_interp:  8230235.001834828 t_traj:  8230230.690008597
plunging! t_interp:  8230235.001834828 t_traj:  8230232.845621513
plunging! t_interp:  8230235.001834828 t_traj:  8230231.973907686
plunging! t_interp:  8230235.001834828 t_traj:  8230232.730894258
plunging! t_interp:  8230235.001834828 t_traj:  8230233.4886590615
plunging! t_interp:  8230235.001834828 t_traj:  8230234.244837592
plunging! t_interp:  8230235.001834828 t_traj:  8230233.938656999
plunging! t_interp:  8230235.001834828 t_traj:  8230234.204442612
plunging! t_interp:  8230235.001834828 t_traj:  8230234.470245881
plunging! t_interp:  8230235.001834828 t_traj:  8230234.73573009
plunging! t_interp:  8230235.001834828 t_traj:  8230234.6285057375
plunging! t_interp:  8230235.001834828 t_traj:  8230234.721831507
plunging! t_interp:  8230235.001834828 t_traj:  8230234.815198217
plunging! t_interp:  8230235.001834828 t_traj:  8230234.90854229
plunging! t_interp:  8230235.001834828 t_traj:  8230234.870765357
plunging! t_interp:  8230235.001834828 t_traj:  8230234.903497136
plunging! t_interp:  8230235.001834828 t_traj:  8230234.93626809
plunging! t_interp:  8230235.001834828 t_traj:  8230234.9687972125
plunging! t_interp:  8230235.001834828 t_traj:  8230092.1958056055
plunging! t_interp:  8230235.001834828 t_traj:  8230127.889731863
plunging! t_interp:  8230235.001834828 t_traj:  8230163.588765267
plunging! t_interp:  8230235.001834828 t_traj:  8230199.293674312
plunging! t_interp:  8230235.001834828 t_traj:  8230184.850694303
plunging! t_interp:  8230235.001834828 t_traj:  8230197.387578538
plunging! t_interp:  8230235.001834828 t_traj:  8230209.925042052
plunging! t_interp:  8230235.001834828 t_traj:  8230222.4631280145
plunging! t_interp:  8230235.001834828 t_traj:  8230217.391467468
plunging! t_interp:  8230235.001834828 t_traj:  8230221.79390443
plunging! t_interp:  8230235.001834828 t_traj:  8230226.196588442
plunging! t_interp:  8230235.001834828 t_traj:  8230230.599175255
plunging! t_interp:  8230235.001834828 t_traj:  8230228.818426739
plunging! t_interp:  8230235.001834828 t_traj:  8230230.364262161
plunging! t_interp:  8230235.001834828 t_traj:  8230231.910128658
plunging! t_interp:  8230235.001834828 t_traj:  8230233.455953894
plunging! t_interp:  8230235.001834828 t_traj:  8230232.830679602
plunging! t_interp:  8230235.001834828 t_traj:  8230233.373438906
plunging! t_interp:  8230235.001834828 t_traj:  8230233.916274225
plunging! t_interp:  8230235.001834828 t_traj:  8230234.459046124
plunging! t_interp:  8230235.001834828 t_traj:  8230234.239493079
plunging! t_interp:  8230235.001834828 t_traj:  8230234.430088119
plunging! t_interp:  8230235.001834828 t_traj:  8230234.621562241
plunging! t_interp:  8230235.001834828 t_traj:  8230234.811242305
plunging! t_interp:  8230235.001834828 t_traj:  8230234.734165914
plunging! t_interp:  8230235.001834828 t_traj:  8230234.801061313
plunging! t_interp:  8230235.001834828 t_traj:  8230234.868036809
plunging! t_interp:  8230235.001834828 t_traj:  8230234.934602702
plunging! t_interp:  8230235.001834828 t_traj:  8230234.907858824
plunging! t_interp:  8230235.001834828 t_traj:  8230234.931137352
plunging! t_interp:  8230235.001834828 t_traj:  8230234.954849907
plunging! t_interp:  8230235.001834828 t_traj:  8230234.978292882
plunging! t_interp:  8230235.001834828 t_traj:  8230234.968865542
plunging! t_interp:  8230235.001834828 t_traj:  8230234.977072452
plunging! t_interp:  8230235.001834828 t_traj:  8230234.985341119
plunging! t_interp:  8230235.001834828 t_traj:  8230234.993591127
plunging! t_interp:  8230235.001834828 t_traj:  8230234.99022208
plunging! t_interp:  8230235.001834828 t_traj:  8230234.9931459995
plunging! t_interp:  8230235.001834828 t_traj:  8230234.996029557
plunging! t_interp:  8230235.001834828 t_traj:  8230234.9989729
plunging! t_interp:  8230235.001834828 t_traj:  8230234.997767546
plunging! t_interp:  8230235.001834828 t_traj:  8230234.998789197
plunging! t_interp:  8230235.001834828 t_traj:  8230234.999834105
plunging! t_interp:  8230235.001834828 t_traj:  8230235.000818327
plunging! t_interp:  8230235.001834828 t_traj:  8230235.00039206
plunging! t_interp:  8230235.001834828 t_traj:  8230235.00076137
plunging! t_interp:  8230235.001834828 t_traj:  8230235.000979339
plunging! t_interp:  8230235.001834828 t_traj:  8226172.745829657
plunging! t_interp:  8230235.001834828 t_traj:  8222114.512980632
plunging! t_interp:  8230235.001834828 t_traj:  8218060.297321378
plunging! t_interp:  8230235.001834828 t_traj:  8214010.092907655
plunging! t_interp:  8230235.001834828 t_traj:  8228808.207181169
plunging! t_interp:  8230235.001834828 t_traj:  8227381.90896844
plunging! t_interp:  8230235.001834828 t_traj:  8225956.107807193
plunging! t_interp:  8230235.001834828 t_traj:  8224530.800997023
plunging! t_interp:  8230235.001834828 t_traj:  8229733.970299143
plunging! t_interp:  8230235.001834828 t_traj:  8229232.999971636
plunging! t_interp:  8230235.001834828 t_traj:  8228732.090946744
plunging! t_interp:  8230235.001834828 t_traj:  8228231.243059275
plunging! t_interp:  8230235.001834828 t_traj:  8230059.073079886
plunging! t_interp:  8230235.001834828 t_traj:  8229883.151921586
plunging! t_interp:  8230235.001834828 t_traj:  8229707.238238591
plunging! t_interp:  8230235.001834828 t_traj:  8229531.332088435
plunging! t_interp:  8230235.001834828 t_traj:  8230173.229014181
plunging! t_interp:  8230235.001834828 t_traj:  8230111.457120609
plunging! t_interp:  8230235.001834828 t_traj:  8230049.686157747
plunging! t_interp:  8230235.001834828 t_traj:  8229987.916155297
plunging! t_interp:  8230235.001834828 t_traj:  8230213.312119854
plunging! t_interp:  8230235.001834828 t_traj:  8230191.622286889
plunging! t_interp:  8230235.001834828 t_traj:  8230169.932985946
plunging! t_interp:  8230235.001834828 t_traj:  8230148.243605096
plunging! t_interp:  8230235.001834828 t_traj:  8230227.386154653
plunging! t_interp:  8230235.001834828 t_traj:  8230219.770256897
plunging! t_interp:  8230235.001834828 t_traj:  8230212.154801646
plunging! t_interp:  8230235.001834828 t_traj:  8230204.539149795
plunging! t_interp:  8230235.001834828 t_traj:  8230232.327853706
plunging! t_interp:  8230235.001834828 t_traj:  8230229.653740297
plunging! t_interp:  8230235.001834828 t_traj:  8230226.979810925
plunging! t_interp:  8230235.001834828 t_traj:  8230224.305745619
plunging! t_interp:  8230235.001834828 t_traj:  8230234.062945873
plunging! t_interp:  8230235.001834828 t_traj:  8230233.124031563
plunging! t_interp:  8230235.001834828 t_traj:  8230232.185114606
plunging! t_interp:  8230235.001834828 t_traj:  8230231.246184798
plunging! t_interp:  8230235.001834828 t_traj:  8230234.672182322
plunging! t_interp:  8230235.001834828 t_traj:  8230234.342508579
plunging! t_interp:  8230235.001834828 t_traj:  8230234.0128422575
plunging! t_interp:  8230235.001834828 t_traj:  8230233.6831736015
plunging! t_interp:  8230235.001834828 t_traj:  8230234.886104181
plunging! t_interp:  8230235.001834828 t_traj:  8230234.770339759
plunging! t_interp:  8230235.001834828 t_traj:  8230234.654579577
plunging! t_interp:  8230235.001834828 t_traj:  8230234.538859147
plunging! t_interp:  8230235.001834828 t_traj:  8230234.961189859
plunging! t_interp:  8230235.001834828 t_traj:  8230234.92053519
plunging! t_interp:  8230235.001834828 t_traj:  8230234.87990477
plunging! t_interp:  8230235.001834828 t_traj:  8230234.839250245
plunging! t_interp:  8230235.001834828 t_traj:  8230161.777671881
plunging! t_interp:  8230235.001834828 t_traj:  8230088.620123987
plunging! t_interp:  8230235.001834828 t_traj:  8230015.5291736275
plunging! t_interp:  8230235.001834828 t_traj:  8229942.504616468
plunging! t_interp:  8230235.001834828 t_traj:  8230209.283819423
plunging! t_interp:  8230235.001834828 t_traj:  8230183.5740396585
plunging! t_interp:  8230235.001834828 t_traj:  8230157.872143853
plunging! t_interp:  8230235.001834828 t_traj:  8230132.179140089
plunging! t_interp:  8230235.001834828 t_traj:  8230225.970822686
plunging! t_interp:  8230235.001834828 t_traj:  8230216.940806694
plunging! t_interp:  8230235.001834828 t_traj:  8230207.911511314
plunging! t_interp:  8230235.001834828 t_traj:  8230198.883822389
plunging! t_interp:  8230235.001834828 t_traj:  8230231.830767142
plunging! t_interp:  8230235.001834828 t_traj:  8230228.659774739
plunging! t_interp:  8230235.001834828 t_traj:  8230225.488694944
plunging! t_interp:  8230235.001834828 t_traj:  8230222.318224452
plunging! t_interp:  8230235.001834828 t_traj:  8230233.888181434
plunging! t_interp:  8230235.001834828 t_traj:  8230232.774942555
plunging! t_interp:  8230235.001834828 t_traj:  8230231.6615391355
plunging! t_interp:  8230235.001834828 t_traj:  8230230.548145792
plunging! t_interp:  8230235.001834828 t_traj:  8230234.610858631
plunging! t_interp:  8230235.001834828 t_traj:  8230234.2199327685
plunging! t_interp:  8230235.001834828 t_traj:  8230233.828978213
plunging! t_interp:  8230235.001834828 t_traj:  8230233.438004862
plunging! t_interp:  8230235.001834828 t_traj:  8230234.864550623
plunging! t_interp:  8230235.001834828 t_traj:  8230234.727293054
plunging! t_interp:  8230235.001834828 t_traj:  8230234.590027795
plunging! t_interp:  8230235.001834828 t_traj:  8230234.452759092
plunging! t_interp:  8230235.001834828 t_traj:  8230234.953635566
plunging! t_interp:  8230235.001834828 t_traj:  8230234.905444875
plunging! t_interp:  8230235.001834828 t_traj:  8230234.8572327085
plunging! t_interp:  8230235.001834828 t_traj:  8230234.809038551
plunging! t_interp:  8230235.001834828 t_traj:  8230234.984917735
plunging! t_interp:  8230235.001834828 t_traj:  8230234.967998355
plunging! t_interp:  8230235.001834828 t_traj:  8230234.951039833
plunging! t_interp:  8230235.001834828 t_traj:  8230234.93414223
plunging! t_interp:  8230235.001834828 t_traj:  8230234.995888749
plunging! t_interp:  8230235.001834828 t_traj:  8230234.98999444
plunging! t_interp:  8230235.001834828 t_traj:  8230234.984017967
plunging! t_interp:  8230235.001834828 t_traj:  8230234.978043013
plunging! t_interp:  8230235.001834828 t_traj:  8230234.999728524
plunging! t_interp:  8230235.001834828 t_traj:  8230234.997684259
plunging! t_interp:  8230235.001834828 t_traj:  8230234.995573362
plunging! t_interp:  8230235.001834828 t_traj:  8230234.993193605
plunging! t_interp:  8230235.001834828 t_traj:  8230235.001101236
plunging! t_interp:  8230235.001834828 t_traj:  8230235.000370301
plunging! t_interp:  8230235.001834828 t_traj:  8230234.999623852
plunging! t_interp:  8230235.001834828 t_traj:  8230234.998890752
Time taken to compute stable deltas is 91.8656051158905 seconds
calculating Fisher matrix...
plunging! t_interp:  8230235.001834828 t_traj:  8230233.488285562
plunging! t_interp:  8230235.001834828 t_traj:  8230233.8666601265
plunging! t_interp:  8230235.001834828 t_traj:  8230234.245066919
plunging! t_interp:  8230235.001834828 t_traj:  8230234.623443925
plunging! t_interp:  8230235.001834828 t_traj:  8230234.813573022
plunging! t_interp:  8230235.001834828 t_traj:  8230234.625325126
plunging! t_interp:  8230235.001834828 t_traj:  8230234.437047431
plunging! t_interp:  8230235.001834828 t_traj:  8230234.248801976
plunging! t_interp:  8230235.001834828 t_traj:  8230234.913813661
plunging! t_interp:  8230235.001834828 t_traj:  8230234.935558899
plunging! t_interp:  8230235.001834828 t_traj:  8230234.957818159
plunging! t_interp:  8230235.001834828 t_traj:  8230234.97982971
plunging! t_interp:  8230235.001834828 t_traj:  8230231.973907686
plunging! t_interp:  8230235.001834828 t_traj:  8230232.730894258
plunging! t_interp:  8230235.001834828 t_traj:  8230233.4886590615
plunging! t_interp:  8230235.001834828 t_traj:  8230234.244837592
plunging! t_interp:  8230235.001834828 t_traj:  8230232.830679602
plunging! t_interp:  8230235.001834828 t_traj:  8230233.373438906
plunging! t_interp:  8230235.001834828 t_traj:  8230233.916274225
plunging! t_interp:  8230235.001834828 t_traj:  8230234.459046124
plunging! t_interp:  8230235.001834828 t_traj:  8230234.672182322
plunging! t_interp:  8230235.001834828 t_traj:  8230234.342508579
plunging! t_interp:  8230235.001834828 t_traj:  8230234.0128422575
plunging! t_interp:  8230235.001834828 t_traj:  8230233.6831736015
plunging! t_interp:  8230235.001834828 t_traj:  8230234.864550623
plunging! t_interp:  8230235.001834828 t_traj:  8230234.727293054
plunging! t_interp:  8230235.001834828 t_traj:  8230234.590027795
plunging! t_interp:  8230235.001834828 t_traj:  8230234.452759092
Finished derivatives
Calculated Fisher is *atleast* positive-definite.
Time taken to compute FM is 8.603790044784546 seconds
    CV from_NMdev#1 it  10 lam=7.7e-01 ov=0.9943678 chi2=1.313e+03 rel=1.7e-05
Body is not plunging, Fisher should be stable.
waveform shape: (3, 6311629)
Computing SNR for parameters: (np.float64(1002550.3366253305), np.float64(4971.178342840167), np.float64(0.7048934701969666), np.float64(24.958878662566217), np.float64(0.24959135854318457), 1.0, 12.0, np.float64(0.7849774334940594), np.float64(0.9968355909525455), 1.0, 1.0471975511965976, np.float64(1.1852205795454185), 0.5, np.float64(0.8412161505006189), 0.95, False, False, False, True, 0.0, 0.0, np.float64(1.019598119382677), np.float64(2.1324340456516797))
Waveform Generated. SNR: 340.16861188121874
calculating Fisher matrix...
plunging! t_interp:  8230235.001296451 t_traj:  8230233.487724035
plunging! t_interp:  8230235.001296451 t_traj:  8230233.866136585
plunging! t_interp:  8230235.001296451 t_traj:  8230234.244578526
plunging! t_interp:  8230235.001296451 t_traj:  8230234.622902558
plunging! t_interp:  8230235.001296451 t_traj:  8230234.813031661
plunging! t_interp:  8230235.001296451 t_traj:  8230234.624805622
plunging! t_interp:  8230235.001296451 t_traj:  8230234.436524435
plunging! t_interp:  8230235.001296451 t_traj:  8230234.248240448
plunging! t_interp:  8230235.001296451 t_traj:  8230234.913290434
plunging! t_interp:  8230235.001296451 t_traj:  8230234.935277179
plunging! t_interp:  8230235.001296451 t_traj:  8230234.957307666
plunging! t_interp:  8230235.001296451 t_traj:  8230234.979315574
plunging! t_interp:  8230235.001296451 t_traj:  8230231.973440276
plunging! t_interp:  8230235.001296451 t_traj:  8230232.730340066
plunging! t_interp:  8230235.001296451 t_traj:  8230233.487328956
plunging! t_interp:  8230235.001296451 t_traj:  8230234.244340532
plunging! t_interp:  8230235.001296451 t_traj:  8230232.830190516
plunging! t_interp:  8230235.001296451 t_traj:  8230233.37296164
plunging! t_interp:  8230235.001296451 t_traj:  8230233.915745666
plunging! t_interp:  8230235.001296451 t_traj:  8230234.458571362
plunging! t_interp:  8230235.001296451 t_traj:  8230234.671651133
plunging! t_interp:  8230235.001296451 t_traj:  8230234.342000404
plunging! t_interp:  8230235.001296451 t_traj:  8230234.012287975
plunging! t_interp:  8230235.001296451 t_traj:  8230233.682647407
plunging! t_interp:  8230235.001296451 t_traj:  8230234.864041953
plunging! t_interp:  8230235.001296451 t_traj:  8230234.726782697
plunging! t_interp:  8230235.001296451 t_traj:  8230234.5895097945
plunging! t_interp:  8230235.001296451 t_traj:  8230234.452229831
Finished derivatives
Calculated Fisher is *atleast* positive-definite.
Time taken to compute FM is 9.461633920669556 seconds
    CV from_NMdev#1 it  11 lam=2.6e-01 ov=0.9943679 chi2=1.313e+03 rel=2.9e-05
Body is not plunging, Fisher should be stable.
waveform shape: (3, 6311629)
Computing SNR for parameters: (np.float64(1002550.3370069227), np.float64(4971.178340860666), np.float64(0.7048934592158724), np.float64(24.95887866694751), np.float64(0.24959135417796027), 1.0, 12.0, np.float64(0.7849773376002069), np.float64(0.9968360533628798), 1.0, 1.0471975511965976, np.float64(1.1852198156469824), 0.5, np.float64(0.8412130080845186), 0.95, False, False, False, True, 0.0, 0.0, np.float64(1.0195980366727004), np.float64(2.1324284886821463))
Waveform Generated. SNR: 340.16864296027387
calculating Fisher matrix...
plunging! t_interp:  8230235.0006509125 t_traj:  8230233.4870972475
plunging! t_interp:  8230235.0006509125 t_traj:  8230233.866280627
plunging! t_interp:  8230235.0006509125 t_traj:  8230234.243897764
plunging! t_interp:  8230235.0006509125 t_traj:  8230234.6222625915
plunging! t_interp:  8230235.0006509125 t_traj:  8230234.812391693
plunging! t_interp:  8230235.0006509125 t_traj:  8230234.624143947
plunging! t_interp:  8230235.0006509125 t_traj:  8230234.436667935
plunging! t_interp:  8230235.0006509125 t_traj:  8230234.247613658
plunging! t_interp:  8230235.0006509125 t_traj:  8230234.912650537
plunging! t_interp:  8230235.0006509125 t_traj:  8230234.934637416
plunging! t_interp:  8230235.0006509125 t_traj:  8230234.956624817
plunging! t_interp:  8230235.0006509125 t_traj:  8230234.978648835
plunging! t_interp:  8230235.0006509125 t_traj:  8230231.972741072
plunging! t_interp:  8230235.0006509125 t_traj:  8230232.729734623
plunging! t_interp:  8230235.0006509125 t_traj:  8230233.486748138
plunging! t_interp:  8230235.0006509125 t_traj:  8230234.2436972195
plunging! t_interp:  8230235.0006509125 t_traj:  8230232.829544286
plunging! t_interp:  8230235.0006509125 t_traj:  8230233.372311685
plunging! t_interp:  8230235.0006509125 t_traj:  8230233.915133936
plunging! t_interp:  8230235.0006509125 t_traj:  8230234.457876451
plunging! t_interp:  8230235.0006509125 t_traj:  8230234.671010755
plunging! t_interp:  8230235.0006509125 t_traj:  8230234.341341958
plunging! t_interp:  8230235.0006509125 t_traj:  8230234.011673618
plunging! t_interp:  8230235.0006509125 t_traj:  8230233.682014491
plunging! t_interp:  8230235.0006509125 t_traj:  8230234.863398461
plunging! t_interp:  8230235.0006509125 t_traj:  8230234.72583069
plunging! t_interp:  8230235.0006509125 t_traj:  8230234.588852023
plunging! t_interp:  8230235.0006509125 t_traj:  8230234.451593387
Finished derivatives
Calculated Fisher is *atleast* positive-definite.
Time taken to compute FM is 9.787197828292847 seconds
    CV from_NMdev#1 it  12 lam=6.8e-01 ov=0.9943681 chi2=1.312e+03 rel=1.1e-05
Body is not plunging, Fisher should be stable.
waveform shape: (3, 6311629)
Computing SNR for parameters: (np.float64(1002550.3371501239), np.float64(4971.178340117613), np.float64(0.7048934550859579), np.float64(24.95887866859143), np.float64(0.24959135254222878), 1.0, 12.0, np.float64(0.7849772974765722), np.float64(0.9968362182402775), 1.0, 1.0471975511965976, np.float64(1.185219513544279), 0.5, np.float64(0.8412118334375764), 0.95, False, False, False, True, 0.0, 0.0, np.float64(1.0195980056289302), np.float64(2.1324264054428004))
Waveform Generated. SNR: 340.16864925377797
calculating Fisher matrix...
plunging! t_interp:  8230235.000430437 t_traj:  8230233.486859372
plunging! t_interp:  8230235.000430437 t_traj:  8230233.865236558
plunging! t_interp:  8230235.000430437 t_traj:  8230234.243648695
plunging! t_interp:  8230235.000430437 t_traj:  8230234.622009614
plunging! t_interp:  8230235.000430437 t_traj:  8230234.812138716
plunging! t_interp:  8230235.000430437 t_traj:  8230234.623906904
plunging! t_interp:  8230235.000430437 t_traj:  8230234.4356238665
plunging! t_interp:  8230235.000430437 t_traj:  8230234.247343436
plunging! t_interp:  8230235.000430437 t_traj:  8230234.912367827
plunging! t_interp:  8230235.000430437 t_traj:  8230234.934409244
plunging! t_interp:  8230235.000430437 t_traj:  8230234.956402921
plunging! t_interp:  8230235.000430437 t_traj:  8230234.978398742
plunging! t_interp:  8230235.000430437 t_traj:  8230231.972189993
plunging! t_interp:  8230235.000430437 t_traj:  8230232.729455022
plunging! t_interp:  8230235.000430437 t_traj:  8230233.486434909
plunging! t_interp:  8230235.000430437 t_traj:  8230234.243319571
plunging! t_interp:  8230235.000430437 t_traj:  8230232.829274606
plunging! t_interp:  8230235.000430437 t_traj:  8230233.372064542
plunging! t_interp:  8230235.000430437 t_traj:  8230233.914876128
plunging! t_interp:  8230235.000430437 t_traj:  8230234.457632834
plunging! t_interp:  8230235.000430437 t_traj:  8230234.670753681
plunging! t_interp:  8230235.000430437 t_traj:  8230234.341111828
plunging! t_interp:  8230235.000430437 t_traj:  8230234.0122125335
plunging! t_interp:  8230235.000430437 t_traj:  8230233.681758246
plunging! t_interp:  8230235.000430437 t_traj:  8230234.86318317
plunging! t_interp:  8230235.000430437 t_traj:  8230234.725880399
plunging! t_interp:  8230235.000430437 t_traj:  8230234.588630373
plunging! t_interp:  8230235.000430437 t_traj:  8230234.451319586
Finished derivatives
Calculated Fisher is *atleast* positive-definite.
Time taken to compute FM is 9.886598348617554 seconds
    CV from_NMdev#1 it  13 lam=4.5e-01 ov=0.9943681 chi2=1.312e+03 rel=1.6e-05
Body is not plunging, Fisher should be stable.
waveform shape: (3, 6311629)
Computing SNR for parameters: (np.float64(1002550.337364751), np.float64(4971.178339004623), np.float64(0.704893448922487), np.float64(24.958878671053043), np.float64(0.24959135008338626), 1.0, 12.0, np.float64(0.7849772394292838), np.float64(0.9968364367853803), 1.0, 1.0471975511965976, np.float64(1.1852191036238944), 0.5, np.float64(0.8412098398446521), 0.95, False, False, False, True, 0.0, 0.0, np.float64(1.0195979591164939), np.float64(2.132423291531642))
Waveform Generated. SNR: 340.1686634512813
calculating Fisher matrix...
plunging! t_interp:  8230235.000025111 t_traj:  8230233.486543778
plunging! t_interp:  8230235.000025111 t_traj:  8230233.864835974
plunging! t_interp:  8230235.000025111 t_traj:  8230234.243234756
plunging! t_interp:  8230235.000025111 t_traj:  8230234.621673896
plunging! t_interp:  8230235.000025111 t_traj:  8230234.811802999
plunging! t_interp:  8230235.000025111 t_traj:  8230234.623492962
plunging! t_interp:  8230235.000025111 t_traj:  8230234.435279005
plunging! t_interp:  8230235.000025111 t_traj:  8230234.247008976
plunging! t_interp:  8230235.000025111 t_traj:  8230234.912035075
plunging! t_interp:  8230235.000025111 t_traj:  8230234.934041543
plunging! t_interp:  8230235.000025111 t_traj:  8230234.9560648445
plunging! t_interp:  8230235.000025111 t_traj:  8230234.978070324
plunging! t_interp:  8230235.000025111 t_traj:  8230231.972105598
plunging! t_interp:  8230235.000025111 t_traj:  8230232.729108728
plunging! t_interp:  8230235.000025111 t_traj:  8230233.4861103725
plunging! t_interp:  8230235.000025111 t_traj:  8230234.243064517
plunging! t_interp:  8230235.000025111 t_traj:  8230232.829790914
plunging! t_interp:  8230235.000025111 t_traj:  8230233.371722739
plunging! t_interp:  8230235.000025111 t_traj:  8230233.914535742
plunging! t_interp:  8230235.000025111 t_traj:  8230234.457231294
plunging! t_interp:  8230235.000025111 t_traj:  8230234.67035628
plunging! t_interp:  8230235.000025111 t_traj:  8230234.3407475
plunging! t_interp:  8230235.000025111 t_traj:  8230234.011027922
plunging! t_interp:  8230235.000025111 t_traj:  8230233.681395355
plunging! t_interp:  8230235.000025111 t_traj:  8230234.862788343
plunging! t_interp:  8230235.000025111 t_traj:  8230234.725231887
plunging! t_interp:  8230235.000025111 t_traj:  8230234.588215813
plunging! t_interp:  8230235.000025111 t_traj:  8230234.450981777
Finished derivatives
Calculated Fisher is *atleast* positive-definite.
Time taken to compute FM is 9.557045221328735 seconds
    CV from_NMdev#1 it  14 lam=9.7e+00 ov=0.9943682 chi2=1.312e+03 rel=7.7e-07
Body is not plunging, Fisher should be stable.
waveform shape: (3, 6311629)
Computing SNR for parameters: (np.float64(1002550.3373748487), np.float64(4971.178338952024), np.float64(0.7048934486339238), np.float64(24.958878671169014), np.float64(0.24959134996855661), 1.0, 12.0, np.float64(0.7849772348953138), np.float64(0.99683644768507), 1.0, 1.0471975511965976, np.float64(1.1852190763990278), 0.5, np.float64(0.8412097528122301), 0.95, False, False, False, True, 0.0, 0.0, np.float64(1.0195979569177316), np.float64(2.13242314417542))
Waveform Generated. SNR: 340.1686639025398
calculating stable deltas...
plunging! t_interp:  8230235.000021169 t_traj:  8223684.459491042
plunging! t_interp:  8230235.000021169 t_traj:  8225321.850143224
plunging! t_interp:  8230235.000021169 t_traj:  8226959.4037648095
plunging! t_interp:  8230235.000021169 t_traj:  8228597.120410944
plunging! t_interp:  8230235.000021169 t_traj:  8227934.68258349
plunging! t_interp:  8230235.000021169 t_traj:  8228509.731831373
plunging! t_interp:  8230235.000021169 t_traj:  8229084.801102285
plunging! t_interp:  8230235.000021169 t_traj:  8229659.890266281
plunging! t_interp:  8230235.000021169 t_traj:  8229427.277848965
plunging! t_interp:  8230235.000021169 t_traj:  8229629.2046847725
plunging! t_interp:  8230235.000021169 t_traj:  8229831.134000452
plunging! t_interp:  8230235.000021169 t_traj:  8230033.065755008
plunging! t_interp:  8230235.000021169 t_traj:  8229951.388787203
plunging! t_interp:  8230235.000021169 t_traj:  8230022.2911297865
plunging! t_interp:  8230235.000021169 t_traj:  8230093.193782827
plunging! t_interp:  8230235.000021169 t_traj:  8230164.09649346
plunging! t_interp:  8230235.000021169 t_traj:  8230135.417926947
plunging! t_interp:  8230235.000021169 t_traj:  8230160.313600598
plunging! t_interp:  8230235.000021169 t_traj:  8230185.209002213
plunging! t_interp:  8230235.000021169 t_traj:  8230210.104475965
plunging! t_interp:  8230235.000021169 t_traj:  8230200.034902113
plunging! t_interp:  8230235.000021169 t_traj:  8230208.776140827
plunging! t_interp:  8230235.000021169 t_traj:  8230217.517422157
plunging! t_interp:  8230235.000021169 t_traj:  8230226.258650808
plunging! t_interp:  8230235.000021169 t_traj:  8230222.723131135
plunging! t_interp:  8230235.000021169 t_traj:  8230225.792339925
plunging! t_interp:  8230235.000021169 t_traj:  8230228.861564149
plunging! t_interp:  8230235.000021169 t_traj:  8230231.930834762
plunging! t_interp:  8230235.000021169 t_traj:  8230230.689345783
plunging! t_interp:  8230235.000021169 t_traj:  8230231.767045599
plunging! t_interp:  8230235.000021169 t_traj:  8230232.84467945
plunging! t_interp:  8230235.000021169 t_traj:  8230233.922386681
plunging! t_interp:  8230235.000021169 t_traj:  8230233.486495989
plunging! t_interp:  8230235.000021169 t_traj:  8230233.864875069
plunging! t_interp:  8230235.000021169 t_traj:  8230234.244124366
plunging! t_interp:  8230235.000021169 t_traj:  8230234.621662726
plunging! t_interp:  8230235.000021169 t_traj:  8230234.468603045
plunging! t_interp:  8230235.000021169 t_traj:  8230234.601449758
plunging! t_interp:  8230235.000021169 t_traj:  8230234.734336591
plunging! t_interp:  8230235.000021169 t_traj:  8230234.867197629
plunging! t_interp:  8230235.000021169 t_traj:  8230234.81346921
plunging! t_interp:  8230235.000021169 t_traj:  8230234.860101401
plunging! t_interp:  8230235.000021169 t_traj:  8230234.906720967
plunging! t_interp:  8230235.000021169 t_traj:  8230234.95343001
plunging! t_interp:  8230235.000021169 t_traj:  8230234.934510208
plunging! t_interp:  8230235.000021169 t_traj:  8230234.950876292
plunging! t_interp:  8230235.000021169 t_traj:  8230234.967323577
plunging! t_interp:  8230235.000021169 t_traj:  8230234.98366944
plunging! t_interp:  8230235.000021169 t_traj:  8229420.143629282
plunging! t_interp:  8230235.000021169 t_traj:  8228605.4507490685
plunging! t_interp:  8230235.000021169 t_traj:  8227790.920377708
plunging! t_interp:  8230235.000021169 t_traj:  8226976.552952422
plunging! t_interp:  8230235.000021169 t_traj:  8229948.869853977
plunging! t_interp:  8230235.000021169 t_traj:  8229662.759770607
plunging! t_interp:  8230235.000021169 t_traj:  8229376.669763764
plunging! t_interp:  8230235.000021169 t_traj:  8229090.5998609625
plunging! t_interp:  8230235.000021169 t_traj:  8230134.532719079
plunging! t_interp:  8230235.000021169 t_traj:  8230034.066327489
plunging! t_interp:  8230235.000021169 t_traj:  8229933.603222585
plunging! t_interp:  8230235.000021169 t_traj:  8229833.142562058
plunging! t_interp:  8230235.000021169 t_traj:  8230199.724308787
plunging! t_interp:  8230235.000021169 t_traj:  8230164.447243614
plunging! t_interp:  8230235.000021169 t_traj:  8230129.171306654
plunging! t_interp:  8230235.000021169 t_traj:  8230093.895461768
plunging! t_interp:  8230235.000021169 t_traj:  8230222.613701019
plunging! t_interp:  8230235.000021169 t_traj:  8230210.2274459805
plunging! t_interp:  8230235.000021169 t_traj:  8230197.84124338
plunging! t_interp:  8230235.000021169 t_traj:  8230185.45501199
plunging! t_interp:  8230235.000021169 t_traj:  8230230.650941237
plunging! t_interp:  8230235.000021169 t_traj:  8230226.301754815
plunging! t_interp:  8230235.000021169 t_traj:  8230221.952814531
plunging! t_interp:  8230235.000021169 t_traj:  8230217.603752263
plunging! t_interp:  8230235.000021169 t_traj:  8230233.47297777
plunging! t_interp:  8230235.000021169 t_traj:  8230231.946745883
plunging! t_interp:  8230235.000021169 t_traj:  8230230.41891885
plunging! t_interp:  8230235.000021169 t_traj:  8230228.891860418
plunging! t_interp:  8230235.000021169 t_traj:  8230234.463881188
plunging! t_interp:  8230235.000021169 t_traj:  8230233.927736919
plunging! t_interp:  8230235.000021169 t_traj:  8230233.391496808
plunging! t_interp:  8230235.000021169 t_traj:  8230232.855335844
plunging! t_interp:  8230235.000021169 t_traj:  8230234.811791831
plunging! t_interp:  8230235.000021169 t_traj:  8230234.624382571
plunging! t_interp:  8230235.000021169 t_traj:  8230234.435262378
plunging! t_interp:  8230235.000021169 t_traj:  8230234.2470124
plunging! t_interp:  8230235.000021169 t_traj:  8230234.933955602
plunging! t_interp:  8230235.000021169 t_traj:  8230234.867852538
plunging! t_interp:  8230235.000021169 t_traj:  8230234.801723678
plunging! t_interp:  8230235.000021169 t_traj:  8230234.735634942
plunging! t_interp:  8230235.000021169 t_traj:  8230234.976870012
plunging! t_interp:  8230235.000021169 t_traj:  8230234.953600974
plunging! t_interp:  8230235.000021169 t_traj:  8230234.930421413
plunging! t_interp:  8230235.000021169 t_traj:  8230234.907229229
plunging! t_interp:  8230235.000021169 t_traj:  8230234.991899676
plunging! t_interp:  8230235.000021169 t_traj:  8230234.983784044
plunging! t_interp:  8230235.000021169 t_traj:  8230234.9755669935
plunging! t_interp:  8230235.000021169 t_traj:  8230234.967431144
plunging! t_interp:  8230235.000021169 t_traj:  8229853.9616623465
plunging! t_interp:  8230235.000021169 t_traj:  8229949.222303785
plunging! t_interp:  8230235.000021169 t_traj:  8230044.482198208
plunging! t_interp:  8230235.000021169 t_traj:  8230139.741478603
plunging! t_interp:  8230235.000021169 t_traj:  8230101.211341367
plunging! t_interp:  8230235.000021169 t_traj:  8230134.658639814
plunging! t_interp:  8230235.000021169 t_traj:  8230168.105871908
plunging! t_interp:  8230235.000021169 t_traj:  8230201.553038328
plunging! t_interp:  8230235.000021169 t_traj:  8230188.024464002
plunging! t_interp:  8230235.000021169 t_traj:  8230199.768327797
plunging! t_interp:  8230235.000021169 t_traj:  8230211.51224416
plunging! t_interp:  8230235.000021169 t_traj:  8230223.256144132
plunging! t_interp:  8230235.000021169 t_traj:  8230218.5060247285
plunging! t_interp:  8230235.000021169 t_traj:  8230222.629520746
plunging! t_interp:  8230235.000021169 t_traj:  8230226.753048263
plunging! t_interp:  8230235.000021169 t_traj:  8230230.8765392
plunging! t_interp:  8230235.000021169 t_traj:  8230229.208716058
plunging! t_interp:  8230235.000021169 t_traj:  8230230.656518922
plunging! t_interp:  8230235.000021169 t_traj:  8230232.10437007
plunging! t_interp:  8230235.000021169 t_traj:  8230233.552998721
plunging! t_interp:  8230235.000021169 t_traj:  8230232.966621997
plunging! t_interp:  8230235.000021169 t_traj:  8230233.474975693
plunging! t_interp:  8230235.000021169 t_traj:  8230233.98331405
plunging! t_interp:  8230235.000021169 t_traj:  8230234.491684252
plunging! t_interp:  8230235.000021169 t_traj:  8230234.286058604
plunging! t_interp:  8230235.000021169 t_traj:  8230234.464564331
plunging! t_interp:  8230235.000021169 t_traj:  8230234.643050826
plunging! t_interp:  8230235.000021169 t_traj:  8230234.821590514
plunging! t_interp:  8230235.000021169 t_traj:  8230234.749380338
plunging! t_interp:  8230235.000021169 t_traj:  8230234.812011824
plunging! t_interp:  8230235.000021169 t_traj:  8230234.874655654
plunging! t_interp:  8230235.000021169 t_traj:  8230234.93738252
plunging! t_interp:  8230235.000021169 t_traj:  8230234.912019744
plunging! t_interp:  8230235.000021169 t_traj:  8230234.93401696
plunging! t_interp:  8230235.000021169 t_traj:  8230234.956035491
plunging! t_interp:  8230235.000021169 t_traj:  8230234.978015472
plunging! t_interp:  8230235.000021169 t_traj:  8230234.969103803
plunging! t_interp:  8230235.000021169 t_traj:  8230234.976843228
plunging! t_interp:  8230235.000021169 t_traj:  8230234.984602044
plunging! t_interp:  8230235.000021169 t_traj:  8230234.992337256
plunging! t_interp:  8230235.000021169 t_traj:  8230234.989169423
plunging! t_interp:  8230235.000021169 t_traj:  8230234.991883561
plunging! t_interp:  8230235.000021169 t_traj:  8230234.994614717
plunging! t_interp:  8230235.000021169 t_traj:  8230234.997297654
plunging! t_interp:  8230235.000021169 t_traj:  8230234.996237674
plunging! t_interp:  8230235.000021169 t_traj:  8230234.997162776
plunging! t_interp:  8230235.000021169 t_traj:  8230234.998119182
plunging! t_interp:  8230235.000021169 t_traj:  8230234.999907456
plunging! t_interp:  8230235.000021169 t_traj:  8217135.643509565
plunging! t_interp:  8230235.000021169 t_traj:  8220409.023010364
plunging! t_interp:  8230235.000021169 t_traj:  8223683.375459719
plunging! t_interp:  8230235.000021169 t_traj:  8226958.701078978
plunging! t_interp:  8230235.000021169 t_traj:  8225633.791042984
plunging! t_interp:  8230235.000021169 t_traj:  8226783.913249504
plunging! t_interp:  8230235.000021169 t_traj:  8227934.155498589
plunging! t_interp:  8230235.000021169 t_traj:  8229084.517756841
plunging! t_interp:  8230235.000021169 t_traj:  8228619.208595683
plunging! t_interp:  8230235.000021169 t_traj:  8229023.13426727
plunging! t_interp:  8230235.000021169 t_traj:  8229427.074722261
plunging! t_interp:  8230235.000021169 t_traj:  8229831.029955484
plunging! t_interp:  8230235.000021169 t_traj:  8229667.637735741
plunging! t_interp:  8230235.000021169 t_traj:  8229809.475574187
plunging! t_interp:  8230235.000021169 t_traj:  8229951.315204666
plunging! t_interp:  8230235.000021169 t_traj:  8230093.156729078
plunging! t_interp:  8230235.000021169 t_traj:  8230035.784939576
plunging! t_interp:  8230235.000021169 t_traj:  8230085.588400343
plunging! t_interp:  8230235.000021169 t_traj:  8230135.392028876
plunging! t_interp:  8230235.000021169 t_traj:  8230185.195929859
plunging! t_interp:  8230235.000021169 t_traj:  8230165.051399642
plunging! t_interp:  8230235.000021169 t_traj:  8230182.538237526
plunging! t_interp:  8230235.000021169 t_traj:  8230200.025646593
plunging! t_interp:  8230235.000021169 t_traj:  8230217.512564724
plunging! t_interp:  8230235.000021169 t_traj:  8230210.43968127
plunging! t_interp:  8230235.000021169 t_traj:  8230216.579764149
plunging! t_interp:  8230235.000021169 t_traj:  8230222.719850683
plunging! t_interp:  8230235.000021169 t_traj:  8230228.859949804
plunging! t_interp:  8230235.000021169 t_traj:  8230226.376132343
plunging! t_interp:  8230235.000021169 t_traj:  8230228.532349533
plunging! t_interp:  8230235.000021169 t_traj:  8230230.687972809
plunging! t_interp:  8230235.000021169 t_traj:  8230232.844141517
plunging! t_interp:  8230235.000021169 t_traj:  8230231.972133256
plunging! t_interp:  8230235.000021169 t_traj:  8230232.729087422
plunging! t_interp:  8230235.000021169 t_traj:  8230233.48607128
plunging! t_interp:  8230235.000021169 t_traj:  8230234.243098086
plunging! t_interp:  8230235.000021169 t_traj:  8230233.936862161
plunging! t_interp:  8230235.000021169 t_traj:  8230234.202710298
plunging! t_interp:  8230235.000021169 t_traj:  8230234.4684591275
plunging! t_interp:  8230235.000021169 t_traj:  8230234.734253981
plunging! t_interp:  8230235.000021169 t_traj:  8230234.6267388575
plunging! t_interp:  8230235.000021169 t_traj:  8230234.720066783
plunging! t_interp:  8230235.000021169 t_traj:  8230234.813409114
plunging! t_interp:  8230235.000021169 t_traj:  8230234.906702329
plunging! t_interp:  8230235.000021169 t_traj:  8230234.8689464275
plunging! t_interp:  8230235.000021169 t_traj:  8230234.901728933
plunging! t_interp:  8230235.000021169 t_traj:  8230234.934480758
plunging! t_interp:  8230235.000021169 t_traj:  8230234.96727887
plunging! t_interp:  8230235.000021169 t_traj:  8230092.1940415045
plunging! t_interp:  8230235.000021169 t_traj:  8230127.887960746
plunging! t_interp:  8230235.000021169 t_traj:  8230163.586976295
plunging! t_interp:  8230235.000021169 t_traj:  8230199.29096306
plunging! t_interp:  8230235.000021169 t_traj:  8230184.848915164
plunging! t_interp:  8230235.000021169 t_traj:  8230197.385752837
plunging! t_interp:  8230235.000021169 t_traj:  8230209.923287191
plunging! t_interp:  8230235.000021169 t_traj:  8230222.461314507
plunging! t_interp:  8230235.000021169 t_traj:  8230217.389824421
plunging! t_interp:  8230235.000021169 t_traj:  8230221.7923508035
plunging! t_interp:  8230235.000021169 t_traj:  8230226.1948282765
plunging! t_interp:  8230235.000021169 t_traj:  8230230.597393752
plunging! t_interp:  8230235.000021169 t_traj:  8230228.816631015
plunging! t_interp:  8230235.000021169 t_traj:  8230230.36248341
plunging! t_interp:  8230235.000021169 t_traj:  8230231.908318762
plunging! t_interp:  8230235.000021169 t_traj:  8230233.454225334
plunging! t_interp:  8230235.000021169 t_traj:  8230232.828931578
plunging! t_interp:  8230235.000021169 t_traj:  8230233.371694651
plunging! t_interp:  8230235.000021169 t_traj:  8230233.914477426
plunging! t_interp:  8230235.000021169 t_traj:  8230234.457254325
plunging! t_interp:  8230235.000021169 t_traj:  8230234.237711493
plunging! t_interp:  8230235.000021169 t_traj:  8230234.428299456
plunging! t_interp:  8230235.000021169 t_traj:  8230234.618886453
plunging! t_interp:  8230235.000021169 t_traj:  8230234.809253046
plunging! t_interp:  8230235.000021169 t_traj:  8230234.732362865
plunging! t_interp:  8230235.000021169 t_traj:  8230234.799303888
plunging! t_interp:  8230235.000021169 t_traj:  8230234.866211851
plunging! t_interp:  8230235.000021169 t_traj:  8230234.933139791
plunging! t_interp:  8230235.000021169 t_traj:  8230234.9060726445
plunging! t_interp:  8230235.000021169 t_traj:  8230234.929547035
plunging! t_interp:  8230235.000021169 t_traj:  8230234.95305973
plunging! t_interp:  8230235.000021169 t_traj:  8230234.977428457
plunging! t_interp:  8230235.000021169 t_traj:  8230234.967080646
plunging! t_interp:  8230235.000021169 t_traj:  8230234.975306873
plunging! t_interp:  8230235.000021169 t_traj:  8230234.983558125
plunging! t_interp:  8230235.000021169 t_traj:  8230234.991773276
plunging! t_interp:  8230235.000021169 t_traj:  8230234.988419339
plunging! t_interp:  8230235.000021169 t_traj:  8230234.991358272
plunging! t_interp:  8230235.000021169 t_traj:  8230234.994251676
plunging! t_interp:  8230235.000021169 t_traj:  8230234.997148954
plunging! t_interp:  8230235.000021169 t_traj:  8230234.995989373
plunging! t_interp:  8230235.000021169 t_traj:  8230234.996961929
plunging! t_interp:  8230235.000021169 t_traj:  8230234.998012839
plunging! t_interp:  8230235.000021169 t_traj:  8230234.999029756
plunging! t_interp:  8230235.000021169 t_traj:  8230234.998615412
plunging! t_interp:  8230235.000021169 t_traj:  8230234.999775764
plunging! t_interp:  8230235.000021169 t_traj:  8230234.999335405
plunging! t_interp:  8230235.000021169 t_traj:  8230234.999358275
plunging! t_interp:  8230235.000021169 t_traj:  8226172.744917186
plunging! t_interp:  8230235.000021169 t_traj:  8222114.512953798
plunging! t_interp:  8230235.000021169 t_traj:  8218060.298208812
plunging! t_interp:  8230235.000021169 t_traj:  8214010.094713273
plunging! t_interp:  8230235.000021169 t_traj:  8228808.205670926
plunging! t_interp:  8230235.000021169 t_traj:  8227381.907825025
plunging! t_interp:  8230235.000021169 t_traj:  8225956.106152502
plunging! t_interp:  8230235.000021169 t_traj:  8224530.8004867975
plunging! t_interp:  8230235.000021169 t_traj:  8229733.968578451
plunging! t_interp:  8230235.000021169 t_traj:  8229232.998431459
plunging! t_interp:  8230235.000021169 t_traj:  8228732.089429622
plunging! t_interp:  8230235.000021169 t_traj:  8228231.241644954
plunging! t_interp:  8230235.000021169 t_traj:  8230059.071340847
plunging! t_interp:  8230235.000021169 t_traj:  8229883.150151538
plunging! t_interp:  8230235.000021169 t_traj:  8229707.236534562
plunging! t_interp:  8230235.000021169 t_traj:  8229531.33045565
plunging! t_interp:  8230235.000021169 t_traj:  8230173.227252432
plunging! t_interp:  8230235.000021169 t_traj:  8230111.455346576
plunging! t_interp:  8230235.000021169 t_traj:  8230049.6844542045
plunging! t_interp:  8230235.000021169 t_traj:  8229987.914414904
plunging! t_interp:  8230235.000021169 t_traj:  8230213.310313284
plunging! t_interp:  8230235.000021169 t_traj:  8230191.620718969
plunging! t_interp:  8230235.000021169 t_traj:  8230169.931203873
plunging! t_interp:  8230235.000021169 t_traj:  8230148.241557295
plunging! t_interp:  8230235.000021169 t_traj:  8230227.384357131
plunging! t_interp:  8230235.000021169 t_traj:  8230219.768672348
plunging! t_interp:  8230235.000021169 t_traj:  8230212.152995203
plunging! t_interp:  8230235.000021169 t_traj:  8230204.537379188
plunging! t_interp:  8230235.000021169 t_traj:  8230232.325997235
plunging! t_interp:  8230235.000021169 t_traj:  8230229.651989279
plunging! t_interp:  8230235.000021169 t_traj:  8230226.978004913
plunging! t_interp:  8230235.000021169 t_traj:  8230224.304029813
plunging! t_interp:  8230235.000021169 t_traj:  8230234.061136925
plunging! t_interp:  8230235.000021169 t_traj:  8230233.123011525
plunging! t_interp:  8230235.000021169 t_traj:  8230232.1833477765
plunging! t_interp:  8230235.000021169 t_traj:  8230231.2444451405
plunging! t_interp:  8230235.000021169 t_traj:  8230234.670378929
plunging! t_interp:  8230235.000021169 t_traj:  8230234.3407248985
plunging! t_interp:  8230235.000021169 t_traj:  8230234.011039736
plunging! t_interp:  8230235.000021169 t_traj:  8230233.681349518
plunging! t_interp:  8230235.000021169 t_traj:  8230234.884273645
plunging! t_interp:  8230235.000021169 t_traj:  8230234.768519168
plunging! t_interp:  8230235.000021169 t_traj:  8230234.652791386
plunging! t_interp:  8230235.000021169 t_traj:  8230234.537079481
plunging! t_interp:  8230235.000021169 t_traj:  8230234.959382469
plunging! t_interp:  8230235.000021169 t_traj:  8230234.919514425
plunging! t_interp:  8230235.000021169 t_traj:  8230234.878134409
plunging! t_interp:  8230235.000021169 t_traj:  8230234.837183878
plunging! t_interp:  8230235.000021169 t_traj:  8230161.7763644345
plunging! t_interp:  8230235.000021169 t_traj:  8230088.619389632
plunging! t_interp:  8230235.000021169 t_traj:  8230015.528928016
plunging! t_interp:  8230235.000021169 t_traj:  8229942.504899274
plunging! t_interp:  8230235.000021169 t_traj:  8230209.28223497
plunging! t_interp:  8230235.000021169 t_traj:  8230183.572664905
plunging! t_interp:  8230235.000021169 t_traj:  8230157.87128763
plunging! t_interp:  8230235.000021169 t_traj:  8230132.178077751
plunging! t_interp:  8230235.000021169 t_traj:  8230225.969087856
plunging! t_interp:  8230235.000021169 t_traj:  8230216.939155757
plunging! t_interp:  8230235.000021169 t_traj:  8230207.910202111
plunging! t_interp:  8230235.000021169 t_traj:  8230198.88227628
plunging! t_interp:  8230235.000021169 t_traj:  8230231.829779578
plunging! t_interp:  8230235.000021169 t_traj:  8230228.658099973
plunging! t_interp:  8230235.000021169 t_traj:  8230225.487264585
plunging! t_interp:  8230235.000021169 t_traj:  8230222.316570319
plunging! t_interp:  8230235.000021169 t_traj:  8230233.886583611
plunging! t_interp:  8230235.000021169 t_traj:  8230232.77320507
plunging! t_interp:  8230235.000021169 t_traj:  8230231.659765132
plunging! t_interp:  8230235.000021169 t_traj:  8230230.546403935
plunging! t_interp:  8230235.000021169 t_traj:  8230234.608814374
plunging! t_interp:  8230235.000021169 t_traj:  8230234.218147131
plunging! t_interp:  8230235.000021169 t_traj:  8230233.827183273
plunging! t_interp:  8230235.000021169 t_traj:  8230233.436255162
plunging! t_interp:  8230235.000021169 t_traj:  8230234.862777499
plunging! t_interp:  8230235.000021169 t_traj:  8230234.725548847
plunging! t_interp:  8230235.000021169 t_traj:  8230234.588278695
plunging! t_interp:  8230235.000021169 t_traj:  8230234.45188646
plunging! t_interp:  8230235.000021169 t_traj:  8230234.951825493
plunging! t_interp:  8230235.000021169 t_traj:  8230234.903661234
plunging! t_interp:  8230235.000021169 t_traj:  8230234.855468266
plunging! t_interp:  8230235.000021169 t_traj:  8230234.807253393
plunging! t_interp:  8230235.000021169 t_traj:  8230234.983119422
plunging! t_interp:  8230235.000021169 t_traj:  8230234.966202522
plunging! t_interp:  8230235.000021169 t_traj:  8230234.949064845
plunging! t_interp:  8230235.000021169 t_traj:  8230234.932323447
plunging! t_interp:  8230235.000021169 t_traj:  8230234.994052212
plunging! t_interp:  8230235.000021169 t_traj:  8230234.98813594
plunging! t_interp:  8230235.000021169 t_traj:  8230234.982183694
plunging! t_interp:  8230235.000021169 t_traj:  8230234.976312936
plunging! t_interp:  8230235.000021169 t_traj:  8230234.9979442805
plunging! t_interp:  8230235.000021169 t_traj:  8230234.995872521
plunging! t_interp:  8230235.000021169 t_traj:  8230234.993796695
plunging! t_interp:  8230235.000021169 t_traj:  8230234.991745863
plunging! t_interp:  8230235.000021169 t_traj:  8230234.999316134
plunging! t_interp:  8230235.000021169 t_traj:  8230234.998576787
plunging! t_interp:  8230235.000021169 t_traj:  8230234.99785698
plunging! t_interp:  8230235.000021169 t_traj:  8230234.997119964
Time taken to compute stable deltas is 96.52539372444153 seconds
calculating Fisher matrix...
plunging! t_interp:  8230235.000021169 t_traj:  8230230.689345783
plunging! t_interp:  8230235.000021169 t_traj:  8230231.767045599
plunging! t_interp:  8230235.000021169 t_traj:  8230232.84467945
plunging! t_interp:  8230235.000021169 t_traj:  8230233.922386681
plunging! t_interp:  8230235.000021169 t_traj:  8230234.463881188
plunging! t_interp:  8230235.000021169 t_traj:  8230233.927736919
plunging! t_interp:  8230235.000021169 t_traj:  8230233.391496808
plunging! t_interp:  8230235.000021169 t_traj:  8230232.855335844
plunging! t_interp:  8230235.000021169 t_traj:  8230232.966621997
plunging! t_interp:  8230235.000021169 t_traj:  8230233.474975693
plunging! t_interp:  8230235.000021169 t_traj:  8230233.98331405
plunging! t_interp:  8230235.000021169 t_traj:  8230234.491684252
plunging! t_interp:  8230235.000021169 t_traj:  8230234.6267388575
plunging! t_interp:  8230235.000021169 t_traj:  8230234.720066783
plunging! t_interp:  8230235.000021169 t_traj:  8230234.813409114
plunging! t_interp:  8230235.000021169 t_traj:  8230234.906702329
plunging! t_interp:  8230235.000021169 t_traj:  8230232.828931578
plunging! t_interp:  8230235.000021169 t_traj:  8230233.371694651
plunging! t_interp:  8230235.000021169 t_traj:  8230233.914477426
plunging! t_interp:  8230235.000021169 t_traj:  8230234.457254325
plunging! t_interp:  8230235.000021169 t_traj:  8230234.061136925
plunging! t_interp:  8230235.000021169 t_traj:  8230233.123011525
plunging! t_interp:  8230235.000021169 t_traj:  8230232.1833477765
plunging! t_interp:  8230235.000021169 t_traj:  8230231.2444451405
plunging! t_interp:  8230235.000021169 t_traj:  8230234.862777499
plunging! t_interp:  8230235.000021169 t_traj:  8230234.725548847
plunging! t_interp:  8230235.000021169 t_traj:  8230234.588278695
plunging! t_interp:  8230235.000021169 t_traj:  8230234.45188646
Finished derivatives
Calculated Fisher is *atleast* positive-definite.
Time taken to compute FM is 8.758125066757202 seconds
    CV from_NMdev#1 it  15 lam=3.3e+03 ov=0.9943682 chi2=1.312e+03 rel=2.3e-07
Body is not plunging, Fisher should be stable.
waveform shape: (3, 6311629)
Computing SNR for parameters: (np.float64(1002550.3373748782), np.float64(4971.1783389518705), np.float64(0.7048934486330775), np.float64(24.95887867116935), np.float64(0.2495913499682201), 1.0, 12.0, np.float64(0.7849772348805603), np.float64(0.9968364477370099), 1.0, 1.0471975511965976, np.float64(1.185219076324394), 0.5, np.float64(0.8412097525563933), 0.95, False, False, False, True, 0.0, 0.0, np.float64(1.0195979569112954), np.float64(2.132423143744532))
Waveform Generated. SNR: 340.168676196422
calculating Fisher matrix...
plunging! t_interp:  8230235.000034542 t_traj:  8230230.689370683
plunging! t_interp:  8230235.000034542 t_traj:  8230231.767030972
plunging! t_interp:  8230235.000034542 t_traj:  8230232.844693464
plunging! t_interp:  8230235.000034542 t_traj:  8230233.922375243
plunging! t_interp:  8230235.000034542 t_traj:  8230234.463869749
plunging! t_interp:  8230235.000034542 t_traj:  8230233.927697987
plunging! t_interp:  8230235.000034542 t_traj:  8230233.391243237
plunging! t_interp:  8230235.000034542 t_traj:  8230232.855342216
plunging! t_interp:  8230235.000034542 t_traj:  8230232.966583006
plunging! t_interp:  8230235.000034542 t_traj:  8230233.474928242
plunging! t_interp:  8230235.000034542 t_traj:  8230233.983323693
plunging! t_interp:  8230235.000034542 t_traj:  8230234.491684648
plunging! t_interp:  8230235.000034542 t_traj:  8230234.626748816
plunging! t_interp:  8230235.000034542 t_traj:  8230234.720085265
plunging! t_interp:  8230235.000034542 t_traj:  8230234.813424975
plunging! t_interp:  8230235.000034542 t_traj:  8230234.906727933
plunging! t_interp:  8230235.000034542 t_traj:  8230232.82891898
plunging! t_interp:  8230235.000034542 t_traj:  8230233.371670115
plunging! t_interp:  8230235.000034542 t_traj:  8230233.915398208
plunging! t_interp:  8230235.000034542 t_traj:  8230234.457253305
plunging! t_interp:  8230235.000034542 t_traj:  8230234.061145674
plunging! t_interp:  8230235.000034542 t_traj:  8230233.122041518
plunging! t_interp:  8230235.000034542 t_traj:  8230232.183387275
plunging! t_interp:  8230235.000034542 t_traj:  8230231.244135326
plunging! t_interp:  8230235.000034542 t_traj:  8230234.863630612
plunging! t_interp:  8230235.000034542 t_traj:  8230234.725462589
plunging! t_interp:  8230235.000034542 t_traj:  8230234.588246788
plunging! t_interp:  8230235.000034542 t_traj:  8230234.4509422835
Finished derivatives
Calculated Fisher is *atleast* positive-definite.
Time taken to compute FM is 9.600459098815918 seconds
    CV from_NMdev#1 it  16 lam=1.1e+06 ov=0.9943682 chi2=1.312e+03 rel=2.2e-06
Body is not plunging, Fisher should be stable.
waveform shape: (3, 6311629)
Computing SNR for parameters: (np.float64(1002550.3373748781), np.float64(4971.1783389518705), np.float64(0.704893448633075), np.float64(24.95887867116935), np.float64(0.2495913499682191), 1.0, 12.0, np.float64(0.7849772348805106), np.float64(0.996836447737112), 1.0, 1.0471975511965976, np.float64(1.1852190763241892), 0.5, np.float64(0.8412097525557454), 0.95, False, False, False, True, 0.0, 0.0, np.float64(1.0195979569113927), np.float64(2.1324231437432744))
Waveform Generated. SNR: 340.1686686736744
calculating Fisher matrix...
plunging! t_interp:  8230235.000836231 t_traj:  8230230.689361941
plunging! t_interp:  8230235.000836231 t_traj:  8230231.767017919
plunging! t_interp:  8230235.000836231 t_traj:  8230232.844707451
plunging! t_interp:  8230235.000836231 t_traj:  8230233.922372321
plunging! t_interp:  8230235.000836231 t_traj:  8230234.463878922
plunging! t_interp:  8230235.000836231 t_traj:  8230233.9276589
plunging! t_interp:  8230235.000836231 t_traj:  8230233.391219317
plunging! t_interp:  8230235.000836231 t_traj:  8230232.855331964
plunging! t_interp:  8230235.000836231 t_traj:  8230232.966557202
plunging! t_interp:  8230235.000836231 t_traj:  8230233.4749448355
plunging! t_interp:  8230235.000836231 t_traj:  8230233.9833213035
plunging! t_interp:  8230235.000836231 t_traj:  8230234.491681253
plunging! t_interp:  8230235.000836231 t_traj:  8230234.626703826
plunging! t_interp:  8230235.000836231 t_traj:  8230234.720073375
plunging! t_interp:  8230235.000836231 t_traj:  8230234.813397153
plunging! t_interp:  8230235.000836231 t_traj:  8230234.906716041
plunging! t_interp:  8230235.000836231 t_traj:  8230232.828658295
plunging! t_interp:  8230235.000836231 t_traj:  8230233.371703411
plunging! t_interp:  8230235.000836231 t_traj:  8230233.914486746
plunging! t_interp:  8230235.000836231 t_traj:  8230234.457231842
plunging! t_interp:  8230235.000836231 t_traj:  8230234.061141939
plunging! t_interp:  8230235.000836231 t_traj:  8230233.122249709
plunging! t_interp:  8230235.000836231 t_traj:  8230232.183360044
plunging! t_interp:  8230235.000836231 t_traj:  8230231.244439512
plunging! t_interp:  8230235.000836231 t_traj:  8230234.862757961
plunging! t_interp:  8230235.000836231 t_traj:  8230234.725486161
plunging! t_interp:  8230235.000836231 t_traj:  8230234.588268277
plunging! t_interp:  8230235.000836231 t_traj:  8230234.450925729
Finished derivatives
Calculated Fisher is *atleast* positive-definite.
Time taken to compute FM is 9.528257608413696 seconds
    CV from_NMdev#1 it  17 lam=7.5e+05 ov=0.9943682 chi2=1.312e+03 rel=1.9e-06
Body is not plunging, Fisher should be stable.
waveform shape: (3, 6311629)
Computing SNR for parameters: (np.float64(1002550.3373748779), np.float64(4971.17833895187), np.float64(0.704893448633071), np.float64(24.95887867116935), np.float64(0.2495913499682175), 1.0, 12.0, np.float64(0.7849772348810277), np.float64(0.9968364477374222), 1.0, 1.0471975511965976, np.float64(1.1852190763267063), 0.5, np.float64(0.8412097525558211), 0.95, False, False, False, True, 0.0, 0.0, np.float64(1.0195979569115456), np.float64(2.1324231437419336))
Waveform Generated. SNR: 340.168683377272
calculating Fisher matrix...
plunging! t_interp:  8230235.000044499 t_traj:  8230230.689367326
plunging! t_interp:  8230235.000044499 t_traj:  8230231.767050577
plunging! t_interp:  8230235.000044499 t_traj:  8230232.844715956
plunging! t_interp:  8230235.000044499 t_traj:  8230233.923245096
plunging! t_interp:  8230235.000044499 t_traj:  8230234.464739602
plunging! t_interp:  8230235.000044499 t_traj:  8230233.927698247
plunging! t_interp:  8230235.000044499 t_traj:  8230233.391527152
plunging! t_interp:  8230235.000044499 t_traj:  8230232.8553125765
plunging! t_interp:  8230235.000044499 t_traj:  8230232.9663060475
plunging! t_interp:  8230235.000044499 t_traj:  8230233.47495729
plunging! t_interp:  8230235.000044499 t_traj:  8230233.9831143
plunging! t_interp:  8230235.000044499 t_traj:  8230234.491652665
plunging! t_interp:  8230235.000044499 t_traj:  8230234.626702953
plunging! t_interp:  8230235.000044499 t_traj:  8230234.720060634
plunging! t_interp:  8230235.000044499 t_traj:  8230234.813384181
plunging! t_interp:  8230235.000044499 t_traj:  8230234.906732599
plunging! t_interp:  8230235.000044499 t_traj:  8230232.828929314
plunging! t_interp:  8230235.000044499 t_traj:  8230233.371701589
plunging! t_interp:  8230235.000044499 t_traj:  8230233.9145073695
plunging! t_interp:  8230235.000044499 t_traj:  8230234.456941771
plunging! t_interp:  8230235.000044499 t_traj:  8230234.061148403
plunging! t_interp:  8230235.000044499 t_traj:  8230233.122201371
plunging! t_interp:  8230235.000044499 t_traj:  8230232.183359
plunging! t_interp:  8230235.000044499 t_traj:  8230231.244143973
plunging! t_interp:  8230235.000044499 t_traj:  8230234.862767856
plunging! t_interp:  8230235.000044499 t_traj:  8230234.7254576385
plunging! t_interp:  8230235.000044499 t_traj:  8230234.5882293815
plunging! t_interp:  8230235.000044499 t_traj:  8230234.451966882
Finished derivatives
Calculated Fisher is *atleast* positive-definite.
Time taken to compute FM is 9.508785486221313 seconds
    CV from_NMdev#1 it  18 lam=1.6e+07 ov=0.9943683 chi2=1.312e+03 rel=3.7e-09
Body is not plunging, Fisher should be stable.
waveform shape: (3, 6311629)
Computing SNR for parameters: (np.float64(1002550.3373748779), np.float64(4971.17833895187), np.float64(0.7048934486330708), np.float64(24.95887867116935), np.float64(0.24959134996821744), 1.0, 12.0, np.float64(0.784977234881025), np.float64(0.9968364477374365), 1.0, 1.0471975511965976, np.float64(1.1852190763266905), 0.5, np.float64(0.8412097525558022), 0.95, False, False, False, True, 0.0, 0.0, np.float64(1.0195979569115443), np.float64(2.132423143741845))
Waveform Generated. SNR: 340.168683349713
calculating Fisher matrix...
plunging! t_interp:  8230235.000051199 t_traj:  8230230.689404568
plunging! t_interp:  8230235.000051199 t_traj:  8230231.767080725
plunging! t_interp:  8230235.000051199 t_traj:  8230232.84470034
plunging! t_interp:  8230235.000051199 t_traj:  8230233.922377779
plunging! t_interp:  8230235.000051199 t_traj:  8230234.4638722865
plunging! t_interp:  8230235.000051199 t_traj:  8230233.927692344
plunging! t_interp:  8230235.000051199 t_traj:  8230233.391265976
plunging! t_interp:  8230235.000051199 t_traj:  8230232.855350766
plunging! t_interp:  8230235.000051199 t_traj:  8230232.966581795
plunging! t_interp:  8230235.000051199 t_traj:  8230233.474952076
plunging! t_interp:  8230235.000051199 t_traj:  8230233.9830431705
plunging! t_interp:  8230235.000051199 t_traj:  8230234.491713826
plunging! t_interp:  8230235.000051199 t_traj:  8230234.626732762
plunging! t_interp:  8230235.000051199 t_traj:  8230234.720061698
plunging! t_interp:  8230235.000051199 t_traj:  8230234.813372495
plunging! t_interp:  8230235.000051199 t_traj:  8230234.906729178
plunging! t_interp:  8230235.000051199 t_traj:  8230232.828888633
plunging! t_interp:  8230235.000051199 t_traj:  8230233.371709833
plunging! t_interp:  8230235.000051199 t_traj:  8230233.914512699
plunging! t_interp:  8230235.000051199 t_traj:  8230234.457299872
plunging! t_interp:  8230235.000051199 t_traj:  8230234.061143144
plunging! t_interp:  8230235.000051199 t_traj:  8230233.122290041
plunging! t_interp:  8230235.000051199 t_traj:  8230232.18333799
plunging! t_interp:  8230235.000051199 t_traj:  8230231.244452667
plunging! t_interp:  8230235.000051199 t_traj:  8230234.86277639
plunging! t_interp:  8230235.000051199 t_traj:  8230234.725532051
plunging! t_interp:  8230235.000051199 t_traj:  8230234.588236863
plunging! t_interp:  8230235.000051199 t_traj:  8230234.45094758
Finished derivatives
Calculated Fisher is *atleast* positive-definite.
Time taken to compute FM is 9.474644422531128 seconds
    CV from_NMdev#1 it  19 lam=1.5e+147 ov=0.9943683 chi2=1.312e+03 rel=0.0e+00
    NM  nfev=1308 ov 0.9943683 -> 0.9943831 (accepted=True)
Body is not plunging, Fisher should be stable.
waveform shape: (3, 6311629)
Computing SNR for parameters: (np.float64(1002550.3757212687), np.float64(4971.179752976176), np.float64(0.7048941688091044), np.float64(24.958878678982593), np.float64(0.24958889437300671), 1.0, 12.0, np.float64(0.7833052415467407), np.float64(0.999056694487916), 1.0, 1.0471975511965976, np.float64(1.177020635991614), 0.5, np.float64(0.8352709545044575), 0.95, False, False, False, True, 0.0, 0.0, np.float64(1.019490597944928), np.float64(2.132495565577396))
Waveform Generated. SNR: 339.9338619136416
calculating stable deltas...
plunging! t_interp:  8230235.033140313 t_traj:  8223684.49405242
plunging! t_interp:  8230235.033140313 t_traj:  8225321.884499614
plunging! t_interp:  8230235.033140313 t_traj:  8226959.437743914
plunging! t_interp:  8230235.033140313 t_traj:  8228597.153961412
plunging! t_interp:  8230235.033140313 t_traj:  8227934.716046358
plunging! t_interp:  8230235.033140313 t_traj:  8228509.765356245
plunging! t_interp:  8230235.033140313 t_traj:  8229084.83452209
plunging! t_interp:  8230235.033140313 t_traj:  8229659.923801021
plunging! t_interp:  8230235.033140313 t_traj:  8229427.311173867
plunging! t_interp:  8230235.033140313 t_traj:  8229629.237741107
plunging! t_interp:  8230235.033140313 t_traj:  8229831.16700159
plunging! t_interp:  8230235.033140313 t_traj:  8230033.098979421
plunging! t_interp:  8230235.033140313 t_traj:  8229951.421957249
plunging! t_interp:  8230235.033140313 t_traj:  8230022.325090002
plunging! t_interp:  8230235.033140313 t_traj:  8230093.226996913
plunging! t_interp:  8230235.033140313 t_traj:  8230164.129858162
plunging! t_interp:  8230235.033140313 t_traj:  8230135.451313498
plunging! t_interp:  8230235.033140313 t_traj:  8230160.346399249
plunging! t_interp:  8230235.033140313 t_traj:  8230185.243052335
plunging! t_interp:  8230235.033140313 t_traj:  8230210.1376038445
plunging! t_interp:  8230235.033140313 t_traj:  8230200.067947944
plunging! t_interp:  8230235.033140313 t_traj:  8230208.80927336
plunging! t_interp:  8230235.033140313 t_traj:  8230217.550555785
plunging! t_interp:  8230235.033140313 t_traj:  8230226.291858748
plunging! t_interp:  8230235.033140313 t_traj:  8230222.756177968
plunging! t_interp:  8230235.033140313 t_traj:  8230225.825424385
plunging! t_interp:  8230235.033140313 t_traj:  8230228.894690691
plunging! t_interp:  8230235.033140313 t_traj:  8230231.963932353
plunging! t_interp:  8230235.033140313 t_traj:  8230230.722524145
plunging! t_interp:  8230235.033140313 t_traj:  8230231.8001557635
plunging! t_interp:  8230235.033140313 t_traj:  8230232.877806454
plunging! t_interp:  8230235.033140313 t_traj:  8230233.9554932965
plunging! t_interp:  8230235.033140313 t_traj:  8230233.519580626
plunging! t_interp:  8230235.033140313 t_traj:  8230233.897954295
plunging! t_interp:  8230235.033140313 t_traj:  8230234.276345823
plunging! t_interp:  8230235.033140313 t_traj:  8230234.654769354
plunging! t_interp:  8230235.033140313 t_traj:  8230234.501459026
plunging! t_interp:  8230235.033140313 t_traj:  8230234.634544336
plunging! t_interp:  8230235.033140313 t_traj:  8230234.767431265
plunging! t_interp:  8230235.033140313 t_traj:  8230234.900279532
plunging! t_interp:  8230235.033140313 t_traj:  8230234.846590065
plunging! t_interp:  8230235.033140313 t_traj:  8230234.893219786
plunging! t_interp:  8230235.033140313 t_traj:  8230234.940622542
plunging! t_interp:  8230235.033140313 t_traj:  8230234.986511025
plunging! t_interp:  8230235.033140313 t_traj:  8230234.9675916685
plunging! t_interp:  8230235.033140313 t_traj:  8230234.984016097
plunging! t_interp:  8230235.033140313 t_traj:  8230235.000409436
plunging! t_interp:  8230235.033140313 t_traj:  8230235.016810592
plunging! t_interp:  8230235.033140313 t_traj:  8229420.177406219
plunging! t_interp:  8230235.033140313 t_traj:  8228605.484620666
plunging! t_interp:  8230235.033140313 t_traj:  8227790.954792579
plunging! t_interp:  8230235.033140313 t_traj:  8226976.587772546
plunging! t_interp:  8230235.033140313 t_traj:  8229948.903097811
plunging! t_interp:  8230235.033140313 t_traj:  8229662.793167785
plunging! t_interp:  8230235.033140313 t_traj:  8229376.703372993
plunging! t_interp:  8230235.033140313 t_traj:  8229090.633575328
plunging! t_interp:  8230235.033140313 t_traj:  8230134.565134571
plunging! t_interp:  8230235.033140313 t_traj:  8230034.099560514
plunging! t_interp:  8230235.033140313 t_traj:  8229933.636496315
plunging! t_interp:  8230235.033140313 t_traj:  8229833.175927946
plunging! t_interp:  8230235.033140313 t_traj:  8230199.756663106
plunging! t_interp:  8230235.033140313 t_traj:  8230164.4812728185
plunging! t_interp:  8230235.033140313 t_traj:  8230129.204473306
plunging! t_interp:  8230235.033140313 t_traj:  8230093.928849447
plunging! t_interp:  8230235.033140313 t_traj:  8230222.646864842
plunging! t_interp:  8230235.033140313 t_traj:  8230210.260638618
plunging! t_interp:  8230235.033140313 t_traj:  8230197.874087052
plunging! t_interp:  8230235.033140313 t_traj:  8230185.488151775
plunging! t_interp:  8230235.033140313 t_traj:  8230230.684908596
plunging! t_interp:  8230235.033140313 t_traj:  8230226.335001174
plunging! t_interp:  8230235.033140313 t_traj:  8230221.9859572295
plunging! t_interp:  8230235.033140313 t_traj:  8230217.636904919
plunging! t_interp:  8230235.033140313 t_traj:  8230233.506126225
plunging! t_interp:  8230235.033140313 t_traj:  8230231.979111381
plunging! t_interp:  8230235.033140313 t_traj:  8230230.452065502
plunging! t_interp:  8230235.033140313 t_traj:  8230228.924999829
plunging! t_interp:  8230235.033140313 t_traj:  8230234.496987805
plunging! t_interp:  8230235.033140313 t_traj:  8230233.9608445065
plunging! t_interp:  8230235.033140313 t_traj:  8230233.424605679
plunging! t_interp:  8230235.033140313 t_traj:  8230232.8884640215
plunging! t_interp:  8230235.033140313 t_traj:  8230234.844898458
plunging! t_interp:  8230235.033140313 t_traj:  8230234.656604032
plunging! t_interp:  8230235.033140313 t_traj:  8230234.468381416
plunging! t_interp:  8230235.033140313 t_traj:  8230234.280107892
plunging! t_interp:  8230235.033140313 t_traj:  8230234.967037506
plunging! t_interp:  8230235.033140313 t_traj:  8230234.90094721
plunging! t_interp:  8230235.033140313 t_traj:  8230234.834818258
plunging! t_interp:  8230235.033140313 t_traj:  8230234.76849092
plunging! t_interp:  8230235.033140313 t_traj:  8230235.009951028
plunging! t_interp:  8230235.033140313 t_traj:  8230234.987502552
plunging! t_interp:  8230235.033140313 t_traj:  8230234.963523584
plunging! t_interp:  8230235.033140313 t_traj:  8230234.940350084
plunging! t_interp:  8230235.033140313 t_traj:  8230235.025040827
plunging! t_interp:  8230235.033140313 t_traj:  8230235.016869904
plunging! t_interp:  8230235.033140313 t_traj:  8230235.008706801
plunging! t_interp:  8230235.033140313 t_traj:  8230235.000512611
plunging! t_interp:  8230235.033140313 t_traj:  8229853.994547166
plunging! t_interp:  8230235.033140313 t_traj:  8229949.25519279
plunging! t_interp:  8230235.033140313 t_traj:  8230044.515210643
plunging! t_interp:  8230235.033140313 t_traj:  8230139.774225125
plunging! t_interp:  8230235.033140313 t_traj:  8230101.244385686
plunging! t_interp:  8230235.033140313 t_traj:  8230134.691749504
plunging! t_interp:  8230235.033140313 t_traj:  8230168.139807699
plunging! t_interp:  8230235.033140313 t_traj:  8230201.5860934155
plunging! t_interp:  8230235.033140313 t_traj:  8230188.057206517
plunging! t_interp:  8230235.033140313 t_traj:  8230199.801466537
plunging! t_interp:  8230235.033140313 t_traj:  8230211.5453358665
plunging! t_interp:  8230235.033140313 t_traj:  8230223.289256423
plunging! t_interp:  8230235.033140313 t_traj:  8230218.539122457
plunging! t_interp:  8230235.033140313 t_traj:  8230222.66261371
plunging! t_interp:  8230235.033140313 t_traj:  8230226.786117097
plunging! t_interp:  8230235.033140313 t_traj:  8230230.909653846
plunging! t_interp:  8230235.033140313 t_traj:  8230229.241802729
plunging! t_interp:  8230235.033140313 t_traj:  8230230.689628267
plunging! t_interp:  8230235.033140313 t_traj:  8230232.137487125
plunging! t_interp:  8230235.033140313 t_traj:  8230233.585307604
plunging! t_interp:  8230235.033140313 t_traj:  8230232.999700637
plunging! t_interp:  8230235.033140313 t_traj:  8230233.508068764
plunging! t_interp:  8230235.033140313 t_traj:  8230234.016436854
plunging! t_interp:  8230235.033140313 t_traj:  8230234.524793909
plunging! t_interp:  8230235.033140313 t_traj:  8230234.319170875
plunging! t_interp:  8230235.033140313 t_traj:  8230234.497658495
plunging! t_interp:  8230235.033140313 t_traj:  8230234.676129933
plunging! t_interp:  8230235.033140313 t_traj:  8230234.854640545
plunging! t_interp:  8230235.033140313 t_traj:  8230234.782459541
plunging! t_interp:  8230235.033140313 t_traj:  8230234.845128775
plunging! t_interp:  8230235.033140313 t_traj:  8230234.907813664
plunging! t_interp:  8230235.033140313 t_traj:  8230234.970462412
plunging! t_interp:  8230235.033140313 t_traj:  8230234.945126437
plunging! t_interp:  8230235.033140313 t_traj:  8230234.967116098
plunging! t_interp:  8230235.033140313 t_traj:  8230234.989151605
plunging! t_interp:  8230235.033140313 t_traj:  8230235.010883384
plunging! t_interp:  8230235.033140313 t_traj:  8230235.002254873
plunging! t_interp:  8230235.033140313 t_traj:  8230235.009956014
plunging! t_interp:  8230235.033140313 t_traj:  8230235.017714898
plunging! t_interp:  8230235.033140313 t_traj:  8230235.025445789
plunging! t_interp:  8230235.033140313 t_traj:  8230235.022275575
plunging! t_interp:  8230235.033140313 t_traj:  8230235.025034602
plunging! t_interp:  8230235.033140313 t_traj:  8230235.027733072
plunging! t_interp:  8230235.033140313 t_traj:  8230235.03048116
plunging! t_interp:  8230235.033140313 t_traj:  8230235.029334218
plunging! t_interp:  8230235.033140313 t_traj:  8230235.0303441435
plunging! t_interp:  8230235.033140313 t_traj:  8230235.031261349
plunging! t_interp:  8230235.033140313 t_traj:  8230235.032218669
plunging! t_interp:  8230235.033140313 t_traj:  8217135.678473118
plunging! t_interp:  8230235.033140313 t_traj:  8220409.056820518
plunging! t_interp:  8230235.033140313 t_traj:  8223683.409039167
plunging! t_interp:  8230235.033140313 t_traj:  8226958.734439474
plunging! t_interp:  8230235.033140313 t_traj:  8225633.824459677
plunging! t_interp:  8230235.033140313 t_traj:  8226783.946598705
plunging! t_interp:  8230235.033140313 t_traj:  8227934.188746935
plunging! t_interp:  8230235.033140313 t_traj:  8229084.550991489
plunging! t_interp:  8230235.033140313 t_traj:  8228619.24184934
plunging! t_interp:  8230235.033140313 t_traj:  8229023.167480046
plunging! t_interp:  8230235.033140313 t_traj:  8229427.107913337
plunging! t_interp:  8230235.033140313 t_traj:  8229831.063104733
plunging! t_interp:  8230235.033140313 t_traj:  8229667.670545626
plunging! t_interp:  8230235.033140313 t_traj:  8229809.508495458
plunging! t_interp:  8230235.033140313 t_traj:  8229951.348356361
plunging! t_interp:  8230235.033140313 t_traj:  8230093.189894498
plunging! t_interp:  8230235.033140313 t_traj:  8230035.818038994
plunging! t_interp:  8230235.033140313 t_traj:  8230085.621486615
plunging! t_interp:  8230235.033140313 t_traj:  8230135.424887719
plunging! t_interp:  8230235.033140313 t_traj:  8230185.229070051
plunging! t_interp:  8230235.033140313 t_traj:  8230165.084519246
plunging! t_interp:  8230235.033140313 t_traj:  8230182.5716641415
plunging! t_interp:  8230235.033140313 t_traj:  8230200.05878926
plunging! t_interp:  8230235.033140313 t_traj:  8230217.545940719
plunging! t_interp:  8230235.033140313 t_traj:  8230210.47277269
plunging! t_interp:  8230235.033140313 t_traj:  8230216.612844155
plunging! t_interp:  8230235.033140313 t_traj:  8230222.752973498
plunging! t_interp:  8230235.033140313 t_traj:  8230228.89310534
plunging! t_interp:  8230235.033140313 t_traj:  8230226.4095217725
plunging! t_interp:  8230235.033140313 t_traj:  8230228.565421916
plunging! t_interp:  8230235.033140313 t_traj:  8230230.721361856
plunging! t_interp:  8230235.033140313 t_traj:  8230232.877219135
plunging! t_interp:  8230235.033140313 t_traj:  8230232.005203839
plunging! t_interp:  8230235.033140313 t_traj:  8230232.762198705
plunging! t_interp:  8230235.033140313 t_traj:  8230233.519173301
plunging! t_interp:  8230235.033140313 t_traj:  8230234.276221235
plunging! t_interp:  8230235.033140313 t_traj:  8230233.969967505
plunging! t_interp:  8230235.033140313 t_traj:  8230234.235817483
plunging! t_interp:  8230235.033140313 t_traj:  8230234.501559193
plunging! t_interp:  8230235.033140313 t_traj:  8230234.767162686
plunging! t_interp:  8230235.033140313 t_traj:  8230234.659872545
plunging! t_interp:  8230235.033140313 t_traj:  8230234.753229186
plunging! t_interp:  8230235.033140313 t_traj:  8230234.846501189
plunging! t_interp:  8230235.033140313 t_traj:  8230234.939844484
plunging! t_interp:  8230235.033140313 t_traj:  8230234.902054764
plunging! t_interp:  8230235.033140313 t_traj:  8230234.934898458
plunging! t_interp:  8230235.033140313 t_traj:  8230234.967588748
plunging! t_interp:  8230235.033140313 t_traj:  8230235.000386353
plunging! t_interp:  8230235.033140313 t_traj:  8230092.230525983
plunging! t_interp:  8230235.033140313 t_traj:  8230127.923669267
plunging! t_interp:  8230235.033140313 t_traj:  8230163.621495556
plunging! t_interp:  8230235.033140313 t_traj:  8230199.324934785
plunging! t_interp:  8230235.033140313 t_traj:  8230184.883270336
plunging! t_interp:  8230235.033140313 t_traj:  8230197.419713118
plunging! t_interp:  8230235.033140313 t_traj:  8230209.956955622
plunging! t_interp:  8230235.033140313 t_traj:  8230222.494715337
plunging! t_interp:  8230235.033140313 t_traj:  8230217.423429713
plunging! t_interp:  8230235.033140313 t_traj:  8230221.825711921
plunging! t_interp:  8230235.033140313 t_traj:  8230226.228144716
plunging! t_interp:  8230235.033140313 t_traj:  8230230.630597471
plunging! t_interp:  8230235.033140313 t_traj:  8230228.84988082
plunging! t_interp:  8230235.033140313 t_traj:  8230230.395433539
plunging! t_interp:  8230235.033140313 t_traj:  8230231.941485265
plunging! t_interp:  8230235.033140313 t_traj:  8230233.487330376
plunging! t_interp:  8230235.033140313 t_traj:  8230232.862074147
plunging! t_interp:  8230235.033140313 t_traj:  8230233.404852536
plunging! t_interp:  8230235.033140313 t_traj:  8230233.9476629235
plunging! t_interp:  8230235.033140313 t_traj:  8230234.491292151
plunging! t_interp:  8230235.033140313 t_traj:  8230234.270841512
plunging! t_interp:  8230235.033140313 t_traj:  8230234.461399012
plunging! t_interp:  8230235.033140313 t_traj:  8230234.652018203
plunging! t_interp:  8230235.033140313 t_traj:  8230234.8425842775
plunging! t_interp:  8230235.033140313 t_traj:  8230234.765470325
plunging! t_interp:  8230235.033140313 t_traj:  8230234.832411577
plunging! t_interp:  8230235.033140313 t_traj:  8230234.899334669
plunging! t_interp:  8230235.033140313 t_traj:  8230234.96716709
plunging! t_interp:  8230235.033140313 t_traj:  8230234.939152849
plunging! t_interp:  8230235.033140313 t_traj:  8230234.962703022
plunging! t_interp:  8230235.033140313 t_traj:  8230234.986161487
plunging! t_interp:  8230235.033140313 t_traj:  8230235.009637451
plunging! t_interp:  8230235.033140313 t_traj:  8230235.000182351
plunging! t_interp:  8230235.033140313 t_traj:  8230235.0084086675
plunging! t_interp:  8230235.033140313 t_traj:  8230235.016672785
plunging! t_interp:  8230235.033140313 t_traj:  8230235.024945711
plunging! t_interp:  8230235.033140313 t_traj:  8230235.021575314
plunging! t_interp:  8230235.033140313 t_traj:  8230235.024459371
plunging! t_interp:  8230235.033140313 t_traj:  8230235.027391294
plunging! t_interp:  8230235.033140313 t_traj:  8230235.030248279
plunging! t_interp:  8230235.033140313 t_traj:  8230235.029106833
plunging! t_interp:  8230235.033140313 t_traj:  8230235.0298893815
plunging! t_interp:  8230235.033140313 t_traj:  8230235.031138075
plunging! t_interp:  8230235.033140313 t_traj:  8230235.032082683
plunging! t_interp:  8230235.033140313 t_traj:  8230235.031742268
plunging! t_interp:  8230235.033140313 t_traj:  8230235.032098542
plunging! t_interp:  8230235.033140313 t_traj:  8230235.032434832
plunging! t_interp:  8230235.033140313 t_traj:  8230235.032776141
plunging! t_interp:  8230235.033140313 t_traj:  8226173.201415273
plunging! t_interp:  8230235.033140313 t_traj:  8222115.392467858
plunging! t_interp:  8230235.033140313 t_traj:  8218061.599705445
plunging! t_interp:  8230235.033140313 t_traj:  8214011.818185293
plunging! t_interp:  8230235.033140313 t_traj:  8228808.387636558
plunging! t_interp:  8230235.033140313 t_traj:  8227382.238558393
plunging! t_interp:  8230235.033140313 t_traj:  8225956.585489575
plunging! t_interp:  8230235.033140313 t_traj:  8224531.428347048
plunging! t_interp:  8230235.033140313 t_traj:  8229734.054041051
plunging! t_interp:  8230235.033140313 t_traj:  8229233.13603583
plunging! t_interp:  8230235.033140313 t_traj:  8228732.279329259
plunging! t_interp:  8230235.033140313 t_traj:  8228231.483815702
plunging! t_interp:  8230235.033140313 t_traj:  8230059.122804229
plunging! t_interp:  8230235.033140313 t_traj:  8229883.219995328
plunging! t_interp:  8230235.033140313 t_traj:  8229707.324724487
plunging! t_interp:  8230235.033140313 t_traj:  8229531.437043835
plunging! t_interp:  8230235.033140313 t_traj:  8230173.266802605
plunging! t_interp:  8230235.033140313 t_traj:  8230111.501384326
plunging! t_interp:  8230235.033140313 t_traj:  8230049.736781724
plunging! t_interp:  8230235.033140313 t_traj:  8229987.97328365
plunging! t_interp:  8230235.033140313 t_traj:  8230213.345680555
plunging! t_interp:  8230235.033140313 t_traj:  8230191.658358131
plunging! t_interp:  8230235.033140313 t_traj:  8230169.9711198015
plunging! t_interp:  8230235.033140313 t_traj:  8230148.284015703
plunging! t_interp:  8230235.033140313 t_traj:  8230227.418248997
plunging! t_interp:  8230235.033140313 t_traj:  8230219.803425861
plunging! t_interp:  8230235.033140313 t_traj:  8230212.188512507
plunging! t_interp:  8230235.033140313 t_traj:  8230204.573666523
plunging! t_interp:  8230235.033140313 t_traj:  8230232.359408022
plunging! t_interp:  8230235.033140313 t_traj:  8230229.685698459
plunging! t_interp:  8230235.033140313 t_traj:  8230227.011936064
plunging! t_interp:  8230235.033140313 t_traj:  8230224.338214827
plunging! t_interp:  8230235.033140313 t_traj:  8230234.094381703
plunging! t_interp:  8230235.033140313 t_traj:  8230233.156402555
plunging! t_interp:  8230235.033140313 t_traj:  8230232.216770422
plunging! t_interp:  8230235.033140313 t_traj:  8230231.278839767
plunging! t_interp:  8230235.033140313 t_traj:  8230234.703572076
plunging! t_interp:  8230235.033140313 t_traj:  8230234.373891197
plunging! t_interp:  8230235.033140313 t_traj:  8230234.04430104
plunging! t_interp:  8230235.033140313 t_traj:  8230233.71435594
plunging! t_interp:  8230235.033140313 t_traj:  8230234.917086519
plunging! t_interp:  8230235.033140313 t_traj:  8230234.801688391
plunging! t_interp:  8230235.033140313 t_traj:  8230234.685966731
plunging! t_interp:  8230235.033140313 t_traj:  8230234.570187434
plunging! t_interp:  8230235.033140313 t_traj:  8230234.992250277
plunging! t_interp:  8230235.033140313 t_traj:  8230234.95187134
plunging! t_interp:  8230235.033140313 t_traj:  8230234.911288335
plunging! t_interp:  8230235.033140313 t_traj:  8230234.8706179615
plunging! t_interp:  8230235.033140313 t_traj:  8230161.80861579
plunging! t_interp:  8230235.033140313 t_traj:  8230088.650749789
plunging! t_interp:  8230235.033140313 t_traj:  8230015.559308441
plunging! t_interp:  8230235.033140313 t_traj:  8229942.534525503
plunging! t_interp:  8230235.033140313 t_traj:  8230209.315038671
plunging! t_interp:  8230235.033140313 t_traj:  8230183.605111328
plunging! t_interp:  8230235.033140313 t_traj:  8230157.903467911
plunging! t_interp:  8230235.033140313 t_traj:  8230132.209961842
plunging! t_interp:  8230235.033140313 t_traj:  8230226.002085121
plunging! t_interp:  8230235.033140313 t_traj:  8230216.972052385
plunging! t_interp:  8230235.033140313 t_traj:  8230207.943037067
plunging! t_interp:  8230235.033140313 t_traj:  8230198.914954146
plunging! t_interp:  8230235.033140313 t_traj:  8230231.862072196
plunging! t_interp:  8230235.033140313 t_traj:  8230228.691067219
plunging! t_interp:  8230235.033140313 t_traj:  8230225.520228244
plunging! t_interp:  8230235.033140313 t_traj:  8230222.349524883
plunging! t_interp:  8230235.033140313 t_traj:  8230233.919755238
plunging! t_interp:  8230235.033140313 t_traj:  8230232.806245806
plunging! t_interp:  8230235.033140313 t_traj:  8230231.692855587
plunging! t_interp:  8230235.033140313 t_traj:  8230230.5794875985
plunging! t_interp:  8230235.033140313 t_traj:  8230234.64218431
plunging! t_interp:  8230235.033140313 t_traj:  8230234.251044109
plunging! t_interp:  8230235.033140313 t_traj:  8230233.860296903
plunging! t_interp:  8230235.033140313 t_traj:  8230233.469358803
plunging! t_interp:  8230235.033140313 t_traj:  8230234.895887852
plunging! t_interp:  8230235.033140313 t_traj:  8230234.758609695
plunging! t_interp:  8230235.033140313 t_traj:  8230234.621322721
plunging! t_interp:  8230235.033140313 t_traj:  8230234.484060825
plunging! t_interp:  8230235.033140313 t_traj:  8230234.984927021
plunging! t_interp:  8230235.033140313 t_traj:  8230234.936771744
plunging! t_interp:  8230235.033140313 t_traj:  8230234.888565408
plunging! t_interp:  8230235.033140313 t_traj:  8230234.840366854
plunging! t_interp:  8230235.033140313 t_traj:  8230235.016279645
plunging! t_interp:  8230235.033140313 t_traj:  8230234.999300216
plunging! t_interp:  8230235.033140313 t_traj:  8230234.982382476
plunging! t_interp:  8230235.033140313 t_traj:  8230234.965258966
plunging! t_interp:  8230235.033140313 t_traj:  8230235.027218971
plunging! t_interp:  8230235.033140313 t_traj:  8230235.021276355
plunging! t_interp:  8230235.033140313 t_traj:  8230235.015327602
plunging! t_interp:  8230235.033140313 t_traj:  8230235.009393709
plunging! t_interp:  8230235.033140313 t_traj:  8230235.031020505
plunging! t_interp:  8230235.033140313 t_traj:  8230235.029032681
plunging! t_interp:  8230235.033140313 t_traj:  8230235.026869865
plunging! t_interp:  8230235.033140313 t_traj:  8230235.024782322
plunging! t_interp:  8230235.033140313 t_traj:  8230235.032428087
plunging! t_interp:  8230235.033140313 t_traj:  8230235.031671645
plunging! t_interp:  8230235.033140313 t_traj:  8230235.030954824
plunging! t_interp:  8230235.033140313 t_traj:  8230235.030242765
Time taken to compute stable deltas is 91.3597571849823 seconds
calculating Fisher matrix...
plunging! t_interp:  8230235.033140313 t_traj:  8230230.722524145
plunging! t_interp:  8230235.033140313 t_traj:  8230231.8001557635
plunging! t_interp:  8230235.033140313 t_traj:  8230232.877806454
plunging! t_interp:  8230235.033140313 t_traj:  8230233.9554932965
plunging! t_interp:  8230235.033140313 t_traj:  8230234.496987805
plunging! t_interp:  8230235.033140313 t_traj:  8230233.9608445065
plunging! t_interp:  8230235.033140313 t_traj:  8230233.424605679
plunging! t_interp:  8230235.033140313 t_traj:  8230232.8884640215
plunging! t_interp:  8230235.033140313 t_traj:  8230234.319170875
plunging! t_interp:  8230235.033140313 t_traj:  8230234.497658495
plunging! t_interp:  8230235.033140313 t_traj:  8230234.676129933
plunging! t_interp:  8230235.033140313 t_traj:  8230234.854640545
plunging! t_interp:  8230235.033140313 t_traj:  8230232.005203839
plunging! t_interp:  8230235.033140313 t_traj:  8230232.762198705
plunging! t_interp:  8230235.033140313 t_traj:  8230233.519173301
plunging! t_interp:  8230235.033140313 t_traj:  8230234.276221235
plunging! t_interp:  8230235.033140313 t_traj:  8230235.000182351
plunging! t_interp:  8230235.033140313 t_traj:  8230235.0084086675
plunging! t_interp:  8230235.033140313 t_traj:  8230235.016672785
plunging! t_interp:  8230235.033140313 t_traj:  8230235.024945711
plunging! t_interp:  8230235.033140313 t_traj:  8230234.703572076
plunging! t_interp:  8230235.033140313 t_traj:  8230234.373891197
plunging! t_interp:  8230235.033140313 t_traj:  8230234.04430104
plunging! t_interp:  8230235.033140313 t_traj:  8230233.71435594
plunging! t_interp:  8230235.033140313 t_traj:  8230234.895887852
plunging! t_interp:  8230235.033140313 t_traj:  8230234.758609695
plunging! t_interp:  8230235.033140313 t_traj:  8230234.621322721
plunging! t_interp:  8230235.033140313 t_traj:  8230234.484060825
Finished derivatives
Calculated Fisher is *atleast* positive-definite.
Time taken to compute FM is 8.834095239639282 seconds
    CV from_NMdev#2 it   0 lam=3.3e-03 ov=0.9943831 chi2=1.309e+03 rel=3.7e-03
Body is not plunging, Fisher should be stable.
waveform shape: (3, 6311629)
Computing SNR for parameters: (np.float64(1002550.4058507858), np.float64(4971.179641040621), np.float64(0.7048932247384406), np.float64(24.958879011088488), np.float64(0.249588647833267), 1.0, 12.0, np.float64(0.7845586758902012), np.float64(0.9973978678398562), 1.0, 1.0471975511965976, np.float64(1.1724273720341678), 0.5, np.float64(0.8317227094366837), 0.95, False, False, False, True, 0.0, 0.0, np.float64(1.0194859969535324), np.float64(2.1315218220108765))
Waveform Generated. SNR: 340.10995094286574
calculating Fisher matrix...
plunging! t_interp:  8230235.034293423 t_traj:  8230230.723627846
plunging! t_interp:  8230235.034293423 t_traj:  8230231.801288531
plunging! t_interp:  8230235.034293423 t_traj:  8230232.8789753495
plunging! t_interp:  8230235.034293423 t_traj:  8230233.956653068
plunging! t_interp:  8230235.034293423 t_traj:  8230234.498126296
plunging! t_interp:  8230235.034293423 t_traj:  8230233.961978428
plunging! t_interp:  8230235.034293423 t_traj:  8230233.425771372
plunging! t_interp:  8230235.034293423 t_traj:  8230232.8895692825
plunging! t_interp:  8230235.034293423 t_traj:  8230234.320292224
plunging! t_interp:  8230235.034293423 t_traj:  8230234.498771297
plunging! t_interp:  8230235.034293423 t_traj:  8230234.677286624
plunging! t_interp:  8230235.034293423 t_traj:  8230234.855806863
plunging! t_interp:  8230235.034293423 t_traj:  8230232.00608363
plunging! t_interp:  8230235.034293423 t_traj:  8230232.763361071
plunging! t_interp:  8230235.034293423 t_traj:  8230233.520330642
plunging! t_interp:  8230235.034293423 t_traj:  8230234.277294664
plunging! t_interp:  8230235.034293423 t_traj:  8230235.001245323
plunging! t_interp:  8230235.034293423 t_traj:  8230235.009548168
plunging! t_interp:  8230235.034293423 t_traj:  8230235.01781519
plunging! t_interp:  8230235.034293423 t_traj:  8230235.026900755
plunging! t_interp:  8230235.034293423 t_traj:  8230234.704643265
plunging! t_interp:  8230235.034293423 t_traj:  8230234.375004788
plunging! t_interp:  8230235.034293423 t_traj:  8230234.045430041
plunging! t_interp:  8230235.034293423 t_traj:  8230233.715798912
plunging! t_interp:  8230235.034293423 t_traj:  8230234.896987781
plunging! t_interp:  8230235.034293423 t_traj:  8230234.759716499
plunging! t_interp:  8230235.034293423 t_traj:  8230234.622498664
plunging! t_interp:  8230235.034293423 t_traj:  8230234.485199712
Finished derivatives
Calculated Fisher is *atleast* positive-definite.
Time taken to compute FM is 9.615996599197388 seconds
    CV from_NMdev#2 it   1 lam=6.6e-03 ov=0.9944040 chi2=1.304e+03 rel=1.7e-03
Body is not plunging, Fisher should be stable.
waveform shape: (3, 6311629)
Computing SNR for parameters: (np.float64(1002550.3936863526), np.float64(4971.179148803857), np.float64(0.704892291558955), np.float64(24.958878785201033), np.float64(0.24958832197896372), 1.0, 12.0, np.float64(0.7850912755854843), np.float64(0.9972249098181554), 1.0, 1.0471975511965976, np.float64(1.1716011479492567), 0.5, np.float64(0.8315120041335494), 0.95, False, False, False, True, 0.0, 0.0, np.float64(1.0194655699769961), np.float64(2.129830784376367))
Waveform Generated. SNR: 340.2426654690051
calculating Fisher matrix...
plunging! t_interp:  8230235.013773312 t_traj:  8230230.7031067
plunging! t_interp:  8230235.013773312 t_traj:  8230231.780753286
plunging! t_interp:  8230235.013773312 t_traj:  8230232.858483323
plunging! t_interp:  8230235.013773312 t_traj:  8230233.936101905
plunging! t_interp:  8230235.013773312 t_traj:  8230234.477588318
plunging! t_interp:  8230235.013773312 t_traj:  8230233.941472171
plunging! t_interp:  8230235.013773312 t_traj:  8230233.406056213
plunging! t_interp:  8230235.013773312 t_traj:  8230232.8687516255
plunging! t_interp:  8230235.013773312 t_traj:  8230234.299786706
plunging! t_interp:  8230235.013773312 t_traj:  8230234.478001276
plunging! t_interp:  8230235.013773312 t_traj:  8230234.656831261
plunging! t_interp:  8230235.013773312 t_traj:  8230234.8352685375
plunging! t_interp:  8230235.013773312 t_traj:  8230231.98587177
plunging! t_interp:  8230235.013773312 t_traj:  8230232.742883458
plunging! t_interp:  8230235.013773312 t_traj:  8230233.499872749
plunging! t_interp:  8230235.013773312 t_traj:  8230234.256820479
plunging! t_interp:  8230235.013773312 t_traj:  8230234.980505681
plunging! t_interp:  8230235.013773312 t_traj:  8230234.98902827
plunging! t_interp:  8230235.013773312 t_traj:  8230234.99728361
plunging! t_interp:  8230235.013773312 t_traj:  8230235.00528206
plunging! t_interp:  8230235.013773312 t_traj:  8230234.684140399
plunging! t_interp:  8230235.013773312 t_traj:  8230234.35453389
plunging! t_interp:  8230235.013773312 t_traj:  8230234.0249030255
plunging! t_interp:  8230235.013773312 t_traj:  8230233.695301043
plunging! t_interp:  8230235.013773312 t_traj:  8230234.876468107
plunging! t_interp:  8230235.013773312 t_traj:  8230234.739247753
plunging! t_interp:  8230235.013773312 t_traj:  8230234.6019440135
plunging! t_interp:  8230235.013773312 t_traj:  8230234.464703537
Finished derivatives
Calculated Fisher is *atleast* positive-definite.
Time taken to compute FM is 9.736417055130005 seconds
    CV from_NMdev#2 it   2 lam=2.9e-01 ov=0.9944140 chi2=1.302e+03 rel=2.3e-04
Body is not plunging, Fisher should be stable.
waveform shape: (3, 6311629)
Computing SNR for parameters: (np.float64(1002550.3945154671), np.float64(4971.179144410136), np.float64(0.7048922722256471), np.float64(24.958878794686495), np.float64(0.24958831682698573), 1.0, 12.0, np.float64(0.7850454586498279), np.float64(0.9970159554162515), 1.0, 1.0471975511965976, np.float64(1.1715427708805526), 0.5, np.float64(0.8314155787163566), 0.95, False, False, False, True, 0.0, 0.0, np.float64(1.0194653883989433), np.float64(2.129808532074668))
Waveform Generated. SNR: 340.20638832031926
calculating Fisher matrix...
plunging! t_interp:  8230235.028343345 t_traj:  8230230.71770137
plunging! t_interp:  8230235.028343345 t_traj:  8230231.795352271
plunging! t_interp:  8230235.028343345 t_traj:  8230232.873046127
plunging! t_interp:  8230235.028343345 t_traj:  8230233.950690838
plunging! t_interp:  8230235.028343345 t_traj:  8230234.4921852555
plunging! t_interp:  8230235.028343345 t_traj:  8230233.956034971
plunging! t_interp:  8230235.028343345 t_traj:  8230233.419834136
plunging! t_interp:  8230235.028343345 t_traj:  8230232.88368005
plunging! t_interp:  8230235.028343345 t_traj:  8230234.314387978
plunging! t_interp:  8230235.028343345 t_traj:  8230234.492893045
plunging! t_interp:  8230235.028343345 t_traj:  8230234.67141218
plunging! t_interp:  8230235.028343345 t_traj:  8230234.8498801915
plunging! t_interp:  8230235.028343345 t_traj:  8230232.000467436
plunging! t_interp:  8230235.028343345 t_traj:  8230232.75742302
plunging! t_interp:  8230235.028343345 t_traj:  8230233.514392864
plunging! t_interp:  8230235.028343345 t_traj:  8230234.271405822
plunging! t_interp:  8230235.028343345 t_traj:  8230234.995331588
plunging! t_interp:  8230235.028343345 t_traj:  8230235.003370161
plunging! t_interp:  8230235.028343345 t_traj:  8230235.011917462
plunging! t_interp:  8230235.028343345 t_traj:  8230235.020150812
plunging! t_interp:  8230235.028343345 t_traj:  8230234.698737489
plunging! t_interp:  8230235.028343345 t_traj:  8230234.369129407
plunging! t_interp:  8230235.028343345 t_traj:  8230234.039492555
plunging! t_interp:  8230235.028343345 t_traj:  8230233.709855367
plunging! t_interp:  8230235.028343345 t_traj:  8230234.8910831595
plunging! t_interp:  8230235.028343345 t_traj:  8230234.753843614
plunging! t_interp:  8230235.028343345 t_traj:  8230234.616518461
plunging! t_interp:  8230235.028343345 t_traj:  8230234.4790712455
Finished derivatives
Calculated Fisher is *atleast* positive-definite.
Time taken to compute FM is 9.353188514709473 seconds
    CV from_NMdev#2 it   3 lam=9.7e-02 ov=0.9944151 chi2=1.302e+03 rel=1.5e-04
Body is not plunging, Fisher should be stable.
waveform shape: (3, 6311629)
Computing SNR for parameters: (np.float64(1002550.3953383943), np.float64(4971.17914249601), np.float64(0.7048922382844137), np.float64(24.958878803521568), np.float64(0.24958830629769466), 1.0, 12.0, np.float64(0.7850140645843913), np.float64(0.9969268438404087), 1.0, 1.0471975511965976, np.float64(1.1714508206634968), 0.5, np.float64(0.8312568523950347), 0.95, False, False, False, True, 0.0, 0.0, np.float64(1.019465309120084), np.float64(2.1297861463217957))
Waveform Generated. SNR: 340.1881232307333
calculating Fisher matrix...
plunging! t_interp:  8230235.006475132 t_traj:  8230230.695790352
plunging! t_interp:  8230235.006475132 t_traj:  8230231.773498957
plunging! t_interp:  8230235.006475132 t_traj:  8230232.851148688
plunging! t_interp:  8230235.006475132 t_traj:  8230233.928810807
plunging! t_interp:  8230235.006475132 t_traj:  8230234.470305228
plunging! t_interp:  8230235.006475132 t_traj:  8230233.934137528
plunging! t_interp:  8230235.006475132 t_traj:  8230233.3979810905
plunging! t_interp:  8230235.006475132 t_traj:  8230232.861779653
plunging! t_interp:  8230235.006475132 t_traj:  8230234.292164634
plunging! t_interp:  8230235.006475132 t_traj:  8230234.470961724
plunging! t_interp:  8230235.006475132 t_traj:  8230234.649161058
plunging! t_interp:  8230235.006475132 t_traj:  8230234.827990673
plunging! t_interp:  8230235.006475132 t_traj:  8230231.978534767
plunging! t_interp:  8230235.006475132 t_traj:  8230232.735507905
plunging! t_interp:  8230235.006475132 t_traj:  8230233.492493996
plunging! t_interp:  8230235.006475132 t_traj:  8230234.249491956
plunging! t_interp:  8230235.006475132 t_traj:  8230234.973175065
plunging! t_interp:  8230235.006475132 t_traj:  8230234.981705699
plunging! t_interp:  8230235.006475132 t_traj:  8230234.989984417
plunging! t_interp:  8230235.006475132 t_traj:  8230234.998193902
plunging! t_interp:  8230235.006475132 t_traj:  8230234.676564158
plunging! t_interp:  8230235.006475132 t_traj:  8230234.347211705
plunging! t_interp:  8230235.006475132 t_traj:  8230234.017374841
plunging! t_interp:  8230235.006475132 t_traj:  8230233.687916705
plunging! t_interp:  8230235.006475132 t_traj:  8230234.868877493
plunging! t_interp:  8230235.006475132 t_traj:  8230234.731929039
plunging! t_interp:  8230235.006475132 t_traj:  8230234.594647291
plunging! t_interp:  8230235.006475132 t_traj:  8230234.457354887
Finished derivatives
Calculated Fisher is *atleast* positive-definite.
Time taken to compute FM is 8.63277816772461 seconds
    CV from_NMdev#2 it   4 lam=2.1e+00 ov=0.9944160 chi2=1.301e+03 rel=1.0e-05
Body is not plunging, Fisher should be stable.
waveform shape: (3, 6311629)
Computing SNR for parameters: (np.float64(1002550.3952332463), np.float64(4971.179142311446), np.float64(0.7048922368148187), np.float64(24.958878804047526), np.float64(0.24958830589037254), 1.0, 12.0, np.float64(0.7850123354578287), np.float64(0.9969234953735895), 1.0, 1.0471975511965976, np.float64(1.171444373182561), 0.5, np.float64(0.8312489819575949), 0.95, False, False, False, True, 0.0, 0.0, np.float64(1.0194653014970239), np.float64(2.1297847814070576))
Waveform Generated. SNR: 340.18732089393006
calculating stable deltas...
plunging! t_interp:  8230235.003956872 t_traj:  8223684.465847035
plunging! t_interp:  8230235.003956872 t_traj:  8225321.855845788
plunging! t_interp:  8230235.003956872 t_traj:  8226959.40887345
plunging! t_interp:  8230235.003956872 t_traj:  8228597.124972585
plunging! t_interp:  8230235.003956872 t_traj:  8227934.687332224
plunging! t_interp:  8230235.003956872 t_traj:  8228509.73635065
plunging! t_interp:  8230235.003956872 t_traj:  8229084.805425705
plunging! t_interp:  8230235.003956872 t_traj:  8229659.894698116
plunging! t_interp:  8230235.003956872 t_traj:  8229427.282093723
plunging! t_interp:  8230235.003956872 t_traj:  8229629.208815528
plunging! t_interp:  8230235.003956872 t_traj:  8229831.138018685
plunging! t_interp:  8230235.003956872 t_traj:  8230033.069767854
plunging! t_interp:  8230235.003956872 t_traj:  8229951.392814441
plunging! t_interp:  8230235.003956872 t_traj:  8230022.294862837
plunging! t_interp:  8230235.003956872 t_traj:  8230093.197766113
plunging! t_interp:  8230235.003956872 t_traj:  8230164.100666343
plunging! t_interp:  8230235.003956872 t_traj:  8230135.4220677465
plunging! t_interp:  8230235.003956872 t_traj:  8230160.317154309
plunging! t_interp:  8230235.003956872 t_traj:  8230185.213771151
plunging! t_interp:  8230235.003956872 t_traj:  8230210.108414643
plunging! t_interp:  8230235.003956872 t_traj:  8230200.038763311
plunging! t_interp:  8230235.003956872 t_traj:  8230208.779769527
plunging! t_interp:  8230235.003956872 t_traj:  8230217.521396821
plunging! t_interp:  8230235.003956872 t_traj:  8230226.262660199
plunging! t_interp:  8230235.003956872 t_traj:  8230222.726994576
plunging! t_interp:  8230235.003956872 t_traj:  8230225.7962348135
plunging! t_interp:  8230235.003956872 t_traj:  8230228.865473691
plunging! t_interp:  8230235.003956872 t_traj:  8230231.9347107485
plunging! t_interp:  8230235.003956872 t_traj:  8230230.6933127185
plunging! t_interp:  8230235.003956872 t_traj:  8230231.770952962
plunging! t_interp:  8230235.003956872 t_traj:  8230232.848617779
plunging! t_interp:  8230235.003956872 t_traj:  8230233.926315153
plunging! t_interp:  8230235.003956872 t_traj:  8230233.490386429
plunging! t_interp:  8230235.003956872 t_traj:  8230233.868785495
plunging! t_interp:  8230235.003956872 t_traj:  8230234.248099236
plunging! t_interp:  8230235.003956872 t_traj:  8230234.625575652
plunging! t_interp:  8230235.003956872 t_traj:  8230234.472522397
plunging! t_interp:  8230235.003956872 t_traj:  8230234.605372969
plunging! t_interp:  8230235.003956872 t_traj:  8230234.738267484
plunging! t_interp:  8230235.003956872 t_traj:  8230234.87108959
plunging! t_interp:  8230235.003956872 t_traj:  8230234.817090963
plunging! t_interp:  8230235.003956872 t_traj:  8230234.864032429
plunging! t_interp:  8230235.003956872 t_traj:  8230234.910616227
plunging! t_interp:  8230235.003956872 t_traj:  8230234.957296994
plunging! t_interp:  8230235.003956872 t_traj:  8230234.938399391
plunging! t_interp:  8230235.003956872 t_traj:  8230234.954801366
plunging! t_interp:  8230235.003956872 t_traj:  8230234.971204483
plunging! t_interp:  8230235.003956872 t_traj:  8230234.98757025
plunging! t_interp:  8230235.003956872 t_traj:  8229420.149286625
plunging! t_interp:  8230235.003956872 t_traj:  8228605.455792587
plunging! t_interp:  8230235.003956872 t_traj:  8227790.926144327
plunging! t_interp:  8230235.003956872 t_traj:  8226976.559315023
plunging! t_interp:  8230235.003956872 t_traj:  8229948.874028954
plunging! t_interp:  8230235.003956872 t_traj:  8229662.76414158
plunging! t_interp:  8230235.003956872 t_traj:  8229376.674041763
plunging! t_interp:  8230235.003956872 t_traj:  8229090.604641637
plunging! t_interp:  8230235.003956872 t_traj:  8230134.535962003
plunging! t_interp:  8230235.003956872 t_traj:  8230034.071217985
plunging! t_interp:  8230235.003956872 t_traj:  8229933.607402303
plunging! t_interp:  8230235.003956872 t_traj:  8229833.146781885
plunging! t_interp:  8230235.003956872 t_traj:  8230199.727438622
plunging! t_interp:  8230235.003956872 t_traj:  8230164.4509975575
plunging! t_interp:  8230235.003956872 t_traj:  8230129.175305183
plunging! t_interp:  8230235.003956872 t_traj:  8230093.899686405
plunging! t_interp:  8230235.003956872 t_traj:  8230222.617652563
plunging! t_interp:  8230235.003956872 t_traj:  8230210.23214795
plunging! t_interp:  8230235.003956872 t_traj:  8230197.845204225
plunging! t_interp:  8230235.003956872 t_traj:  8230185.458992371
plunging! t_interp:  8230235.003956872 t_traj:  8230230.654861794
plunging! t_interp:  8230235.003956872 t_traj:  8230226.305824913
plunging! t_interp:  8230235.003956872 t_traj:  8230221.956760886
plunging! t_interp:  8230235.003956872 t_traj:  8230217.608729811
plunging! t_interp:  8230235.003956872 t_traj:  8230233.476920685
plunging! t_interp:  8230235.003956872 t_traj:  8230231.949830268
plunging! t_interp:  8230235.003956872 t_traj:  8230230.422811915
plunging! t_interp:  8230235.003956872 t_traj:  8230228.8957966445
plunging! t_interp:  8230235.003956872 t_traj:  8230234.467771947
plunging! t_interp:  8230235.003956872 t_traj:  8230233.931591843
plunging! t_interp:  8230235.003956872 t_traj:  8230233.395453371
plunging! t_interp:  8230235.003956872 t_traj:  8230232.860049884
plunging! t_interp:  8230235.003956872 t_traj:  8230234.8157047555
plunging! t_interp:  8230235.003956872 t_traj:  8230234.627428941
plunging! t_interp:  8230235.003956872 t_traj:  8230234.439138342
plunging! t_interp:  8230235.003956872 t_traj:  8230234.250879253
plunging! t_interp:  8230235.003956872 t_traj:  8230234.937847566
plunging! t_interp:  8230235.003956872 t_traj:  8230234.871783432
plunging! t_interp:  8230235.003956872 t_traj:  8230234.805646894
plunging! t_interp:  8230235.003956872 t_traj:  8230234.739554292
plunging! t_interp:  8230235.003956872 t_traj:  8230234.980736998
plunging! t_interp:  8230235.003956872 t_traj:  8230234.957496238
plunging! t_interp:  8230235.003956872 t_traj:  8230234.934352441
plunging! t_interp:  8230235.003956872 t_traj:  8230234.910850979
plunging! t_interp:  8230235.003956872 t_traj:  8230234.995800488
plunging! t_interp:  8230235.003956872 t_traj:  8230234.987664954
plunging! t_interp:  8230235.003956872 t_traj:  8230234.97949207
plunging! t_interp:  8230235.003956872 t_traj:  8230234.971320331
plunging! t_interp:  8230235.003956872 t_traj:  8229853.966175043
plunging! t_interp:  8230235.003956872 t_traj:  8229949.226607863
plunging! t_interp:  8230235.003956872 t_traj:  8230044.486350849
plunging! t_interp:  8230235.003956872 t_traj:  8230139.745497428
plunging! t_interp:  8230235.003956872 t_traj:  8230101.215481028
plunging! t_interp:  8230235.003956872 t_traj:  8230134.662736101
plunging! t_interp:  8230235.003956872 t_traj:  8230168.10987844
plunging! t_interp:  8230235.003956872 t_traj:  8230201.556997046
plunging! t_interp:  8230235.003956872 t_traj:  8230188.028442168
plunging! t_interp:  8230235.003956872 t_traj:  8230199.772349677
plunging! t_interp:  8230235.003956872 t_traj:  8230211.516200679
plunging! t_interp:  8230235.003956872 t_traj:  8230223.260083326
plunging! t_interp:  8230235.003956872 t_traj:  8230218.509945515
plunging! t_interp:  8230235.003956872 t_traj:  8230222.633453537
plunging! t_interp:  8230235.003956872 t_traj:  8230226.756949379
plunging! t_interp:  8230235.003956872 t_traj:  8230230.880240531
plunging! t_interp:  8230235.003956872 t_traj:  8230229.212619032
plunging! t_interp:  8230235.003956872 t_traj:  8230230.660470732
plunging! t_interp:  8230235.003956872 t_traj:  8230232.108264271
plunging! t_interp:  8230235.003956872 t_traj:  8230233.556860675
plunging! t_interp:  8230235.003956872 t_traj:  8230232.971367231
plunging! t_interp:  8230235.003956872 t_traj:  8230233.478867595
plunging! t_interp:  8230235.003956872 t_traj:  8230233.987202401
plunging! t_interp:  8230235.003956872 t_traj:  8230234.495591436
plunging! t_interp:  8230235.003956872 t_traj:  8230234.289961501
plunging! t_interp:  8230235.003956872 t_traj:  8230234.468504985
plunging! t_interp:  8230235.003956872 t_traj:  8230234.646966526
plunging! t_interp:  8230235.003956872 t_traj:  8230234.8254692145
plunging! t_interp:  8230235.003956872 t_traj:  8230234.753297941
plunging! t_interp:  8230235.003956872 t_traj:  8230234.815906386
plunging! t_interp:  8230235.003956872 t_traj:  8230234.878599163
plunging! t_interp:  8230235.003956872 t_traj:  8230234.941267423
plunging! t_interp:  8230235.003956872 t_traj:  8230234.915922696
plunging! t_interp:  8230235.003956872 t_traj:  8230234.937942072
plunging! t_interp:  8230235.003956872 t_traj:  8230234.959953408
plunging! t_interp:  8230235.003956872 t_traj:  8230234.9819308715
plunging! t_interp:  8230235.003956872 t_traj:  8230234.973031462
plunging! t_interp:  8230235.003956872 t_traj:  8230234.980773007
plunging! t_interp:  8230235.003956872 t_traj:  8230234.988510046
plunging! t_interp:  8230235.003956872 t_traj:  8230234.996220199
plunging! t_interp:  8230235.003956872 t_traj:  8230234.993067049
plunging! t_interp:  8230235.003956872 t_traj:  8230234.995793972
plunging! t_interp:  8230235.003956872 t_traj:  8230234.998211804
plunging! t_interp:  8230235.003956872 t_traj:  8230235.001235869
plunging! t_interp:  8230235.003956872 t_traj:  8230235.00012236
plunging! t_interp:  8230235.003956872 t_traj:  8230235.001047406
plunging! t_interp:  8230235.003956872 t_traj:  8230235.002051426
plunging! t_interp:  8230235.003956872 t_traj:  8230235.002998698
plunging! t_interp:  8230235.003956872 t_traj:  8217135.646617738
plunging! t_interp:  8230235.003956872 t_traj:  8220409.026299447
plunging! t_interp:  8230235.003956872 t_traj:  8223683.378991906
plunging! t_interp:  8230235.003956872 t_traj:  8226958.704840537
plunging! t_interp:  8230235.003956872 t_traj:  8225633.794625446
plunging! t_interp:  8230235.003956872 t_traj:  8226783.916966359
plunging! t_interp:  8230235.003956872 t_traj:  8227934.158984099
plunging! t_interp:  8230235.003956872 t_traj:  8229084.521564946
plunging! t_interp:  8230235.003956872 t_traj:  8228619.212412705
plunging! t_interp:  8230235.003956872 t_traj:  8229023.137879051
plunging! t_interp:  8230235.003956872 t_traj:  8229427.078598543
plunging! t_interp:  8230235.003956872 t_traj:  8229831.033870123
plunging! t_interp:  8230235.003956872 t_traj:  8229667.641585562
plunging! t_interp:  8230235.003956872 t_traj:  8229809.479117393
plunging! t_interp:  8230235.003956872 t_traj:  8229951.319099203
plunging! t_interp:  8230235.003956872 t_traj:  8230093.160635723
plunging! t_interp:  8230235.003956872 t_traj:  8230035.788750508
plunging! t_interp:  8230235.003956872 t_traj:  8230085.592298551
plunging! t_interp:  8230235.003956872 t_traj:  8230135.395951459
plunging! t_interp:  8230235.003956872 t_traj:  8230185.1998695675
plunging! t_interp:  8230235.003956872 t_traj:  8230165.055331744
plunging! t_interp:  8230235.003956872 t_traj:  8230182.542456345
plunging! t_interp:  8230235.003956872 t_traj:  8230200.0295228325
plunging! t_interp:  8230235.003956872 t_traj:  8230217.516726072
plunging! t_interp:  8230235.003956872 t_traj:  8230210.443586935
plunging! t_interp:  8230235.003956872 t_traj:  8230216.583637939
plunging! t_interp:  8230235.003956872 t_traj:  8230222.72375453
plunging! t_interp:  8230235.003956872 t_traj:  8230228.863850104
plunging! t_interp:  8230235.003956872 t_traj:  8230226.380370652
plunging! t_interp:  8230235.003956872 t_traj:  8230228.536245083
plunging! t_interp:  8230235.003956872 t_traj:  8230230.69213509
plunging! t_interp:  8230235.003956872 t_traj:  8230232.848059515
plunging! t_interp:  8230235.003956872 t_traj:  8230231.976030951
plunging! t_interp:  8230235.003956872 t_traj:  8230232.732974228
plunging! t_interp:  8230235.003956872 t_traj:  8230233.489987214
plunging! t_interp:  8230235.003956872 t_traj:  8230234.2469544755
plunging! t_interp:  8230235.003956872 t_traj:  8230233.940796876
plunging! t_interp:  8230235.003956872 t_traj:  8230234.206557851
plunging! t_interp:  8230235.003956872 t_traj:  8230234.472379103
plunging! t_interp:  8230235.003956872 t_traj:  8230234.738155212
plunging! t_interp:  8230235.003956872 t_traj:  8230234.630636778
plunging! t_interp:  8230235.003956872 t_traj:  8230234.72383567
plunging! t_interp:  8230235.003956872 t_traj:  8230234.817341811
plunging! t_interp:  8230235.003956872 t_traj:  8230234.910641732
plunging! t_interp:  8230235.003956872 t_traj:  8230234.87288402
plunging! t_interp:  8230235.003956872 t_traj:  8230234.905691887
plunging! t_interp:  8230235.003956872 t_traj:  8230234.938419421
plunging! t_interp:  8230235.003956872 t_traj:  8230234.970861312
plunging! t_interp:  8230235.003956872 t_traj:  8230092.201342828
plunging! t_interp:  8230235.003956872 t_traj:  8230127.894108696
plunging! t_interp:  8230235.003956872 t_traj:  8230163.592561611
plunging! t_interp:  8230235.003956872 t_traj:  8230199.295775138
plunging! t_interp:  8230235.003956872 t_traj:  8230184.854060528
plunging! t_interp:  8230235.003956872 t_traj:  8230197.390558148
plunging! t_interp:  8230235.003956872 t_traj:  8230209.92769466
plunging! t_interp:  8230235.003956872 t_traj:  8230222.465514309
plunging! t_interp:  8230235.003956872 t_traj:  8230217.394192604
plunging! t_interp:  8230235.003956872 t_traj:  8230221.796542967
plunging! t_interp:  8230235.003956872 t_traj:  8230226.198945512
plunging! t_interp:  8230235.003956872 t_traj:  8230230.601383785
plunging! t_interp:  8230235.003956872 t_traj:  8230228.820699079
plunging! t_interp:  8230235.003956872 t_traj:  8230230.366509911
plunging! t_interp:  8230235.003956872 t_traj:  8230231.912339041
plunging! t_interp:  8230235.003956872 t_traj:  8230233.458133217
plunging! t_interp:  8230235.003956872 t_traj:  8230232.832841482
plunging! t_interp:  8230235.003956872 t_traj:  8230233.375673911
plunging! t_interp:  8230235.003956872 t_traj:  8230233.918433142
plunging! t_interp:  8230235.003956872 t_traj:  8230234.461187948
plunging! t_interp:  8230235.003956872 t_traj:  8230234.241652938
plunging! t_interp:  8230235.003956872 t_traj:  8230234.432230439
plunging! t_interp:  8230235.003956872 t_traj:  8230234.622774951
plunging! t_interp:  8230235.003956872 t_traj:  8230234.813366298
plunging! t_interp:  8230235.003956872 t_traj:  8230234.736329517
plunging! t_interp:  8230235.003956872 t_traj:  8230234.803224491
plunging! t_interp:  8230235.003956872 t_traj:  8230234.870128621
plunging! t_interp:  8230235.003956872 t_traj:  8230234.937032386
plunging! t_interp:  8230235.003956872 t_traj:  8230234.909971977
plunging! t_interp:  8230235.003956872 t_traj:  8230234.9334757365
plunging! t_interp:  8230235.003956872 t_traj:  8230234.956971414
plunging! t_interp:  8230235.003956872 t_traj:  8230234.98043531
plunging! t_interp:  8230235.003956872 t_traj:  8230234.970740844
plunging! t_interp:  8230235.003956872 t_traj:  8230234.979113873
plunging! t_interp:  8230235.003956872 t_traj:  8230234.98747988
plunging! t_interp:  8230235.003956872 t_traj:  8230234.995738765
plunging! t_interp:  8230235.003956872 t_traj:  8230234.99236248
plunging! t_interp:  8230235.003956872 t_traj:  8230234.995252144
plunging! t_interp:  8230235.003956872 t_traj:  8230234.998150619
plunging! t_interp:  8230235.003956872 t_traj:  8230235.001037785
plunging! t_interp:  8230235.003956872 t_traj:  8230234.999928907
plunging! t_interp:  8230235.003956872 t_traj:  8230235.000939133
plunging! t_interp:  8230235.003956872 t_traj:  8230235.001926068
plunging! t_interp:  8230235.003956872 t_traj:  8230235.00292896
plunging! t_interp:  8230235.003956872 t_traj:  8230235.002524617
plunging! t_interp:  8230235.003956872 t_traj:  8230235.00285336
plunging! t_interp:  8230235.003956872 t_traj:  8230235.003249488
plunging! t_interp:  8230235.003956872 t_traj:  8230235.003584978
plunging! t_interp:  8230235.003956872 t_traj:  8226173.273013261
plunging! t_interp:  8230235.003956872 t_traj:  8222115.564245938
plunging! t_interp:  8230235.003956872 t_traj:  8218061.871590599
plunging! t_interp:  8230235.003956872 t_traj:  8214012.189123005
plunging! t_interp:  8230235.003956872 t_traj:  8228808.393793016
plunging! t_interp:  8230235.003956872 t_traj:  8227382.279953004
plunging! t_interp:  8230235.003956872 t_traj:  8225956.662233712
plunging! t_interp:  8230235.003956872 t_traj:  8224531.54031385
plunging! t_interp:  8230235.003956872 t_traj:  8229734.037167129
plunging! t_interp:  8230235.003956872 t_traj:  8229233.131471045
plunging! t_interp:  8230235.003956872 t_traj:  8228732.287354572
plunging! t_interp:  8230235.003956872 t_traj:  8228231.504198097
plunging! t_interp:  8230235.003956872 t_traj:  8230059.097938441
plunging! t_interp:  8230235.003956872 t_traj:  8229883.199534307
plunging! t_interp:  8230235.003956872 t_traj:  8229707.308582113
plunging! t_interp:  8230235.003956872 t_traj:  8229531.425194319
plunging! t_interp:  8230235.003956872 t_traj:  8230173.238866987
plunging! t_interp:  8230235.003956872 t_traj:  8230111.475233329
plunging! t_interp:  8230235.003956872 t_traj:  8230049.712255922
plunging! t_interp:  8230235.003956872 t_traj:  8229987.950211766
plunging! t_interp:  8230235.003956872 t_traj:  8230213.317051363
plunging! t_interp:  8230235.003956872 t_traj:  8230191.630225169
plunging! t_interp:  8230235.003956872 t_traj:  8230169.943521447
plunging! t_interp:  8230235.003956872 t_traj:  8230148.256951101
plunging! t_interp:  8230235.003956872 t_traj:  8230227.389279253
plunging! t_interp:  8230235.003956872 t_traj:  8230219.774583996
plunging! t_interp:  8230235.003956872 t_traj:  8230212.15956372
plunging! t_interp:  8230235.003956872 t_traj:  8230204.545244272
plunging! t_interp:  8230235.003956872 t_traj:  8230232.33031163
plunging! t_interp:  8230235.003956872 t_traj:  8230229.656592295
plunging! t_interp:  8230235.003956872 t_traj:  8230226.98294827
plunging! t_interp:  8230235.003956872 t_traj:  8230224.309278032
plunging! t_interp:  8230235.003956872 t_traj:  8230234.065175948
plunging! t_interp:  8230235.003956872 t_traj:  8230233.126123027
plunging! t_interp:  8230235.003956872 t_traj:  8230232.187615376
plunging! t_interp:  8230235.003956872 t_traj:  8230231.2488229275
plunging! t_interp:  8230235.003956872 t_traj:  8230234.674284403
plunging! t_interp:  8230235.003956872 t_traj:  8230234.344708436
plunging! t_interp:  8230235.003956872 t_traj:  8230234.015054366
plunging! t_interp:  8230235.003956872 t_traj:  8230233.685482757
plunging! t_interp:  8230235.003956872 t_traj:  8230234.888257138
plunging! t_interp:  8230235.003956872 t_traj:  8230234.772454051
plunging! t_interp:  8230235.003956872 t_traj:  8230234.656722923
plunging! t_interp:  8230235.003956872 t_traj:  8230234.54100981
plunging! t_interp:  8230235.003956872 t_traj:  8230234.963327078
plunging! t_interp:  8230235.003956872 t_traj:  8230234.922683322
plunging! t_interp:  8230235.003956872 t_traj:  8230234.882015911
plunging! t_interp:  8230235.003956872 t_traj:  8230234.841385319
plunging! t_interp:  8230235.003956872 t_traj:  8230161.872044219
plunging! t_interp:  8230235.003956872 t_traj:  8230088.806606817
plunging! t_interp:  8230235.003956872 t_traj:  8230015.807530135
plunging! t_interp:  8230235.003956872 t_traj:  8229942.874733325
plunging! t_interp:  8230235.003956872 t_traj:  8230209.318371351
plunging! t_interp:  8230235.003956872 t_traj:  8230183.640959334
plunging! t_interp:  8230235.003956872 t_traj:  8230157.9717640225
plunging! t_interp:  8230235.003956872 t_traj:  8230132.3108051345
plunging! t_interp:  8230235.003956872 t_traj:  8230225.98429942
plunging! t_interp:  8230235.003956872 t_traj:  8230216.965661627
plunging! t_interp:  8230235.003956872 t_traj:  8230207.948038705
plunging! t_interp:  8230235.003956872 t_traj:  8230198.93144786
plunging! t_interp:  8230235.003956872 t_traj:  8230231.836858858
plunging! t_interp:  8230235.003956872 t_traj:  8230228.669880402
plunging! t_interp:  8230235.003956872 t_traj:  8230225.503068989
plunging! t_interp:  8230235.003956872 t_traj:  8230222.336114969
plunging! t_interp:  8230235.003956872 t_traj:  8230233.891890311
plunging! t_interp:  8230235.003956872 t_traj:  8230232.779889945
plunging! t_interp:  8230235.003956872 t_traj:  8230231.66792147
plunging! t_interp:  8230235.003956872 t_traj:  8230230.555894928
plunging! t_interp:  8230235.003956872 t_traj:  8230234.613490532
plunging! t_interp:  8230235.003956872 t_traj:  8230234.223033435
plunging! t_interp:  8230235.003956872 t_traj:  8230233.832592947
plunging! t_interp:  8230235.003956872 t_traj:  8230233.442115733
plunging! t_interp:  8230235.003956872 t_traj:  8230234.866892679
plunging! t_interp:  8230235.003956872 t_traj:  8230234.72976154
plunging! t_interp:  8230235.003956872 t_traj:  8230234.592687697
plunging! t_interp:  8230235.003956872 t_traj:  8230234.455448601
plunging! t_interp:  8230235.003956872 t_traj:  8230234.955791847
plunging! t_interp:  8230235.003956872 t_traj:  8230234.9076870885
plunging! t_interp:  8230235.003956872 t_traj:  8230234.859575963
plunging! t_interp:  8230235.003956872 t_traj:  8230234.811407385
plunging! t_interp:  8230235.003956872 t_traj:  8230234.9870355455
plunging! t_interp:  8230235.003956872 t_traj:  8230234.970157676
plunging! t_interp:  8230235.003956872 t_traj:  8230234.953259516
plunging! t_interp:  8230235.003956872 t_traj:  8230234.936345992
plunging! t_interp:  8230235.003956872 t_traj:  8230234.998043378
plunging! t_interp:  8230235.003956872 t_traj:  8230234.9920931645
plunging! t_interp:  8230235.003956872 t_traj:  8230234.986116638
plunging! t_interp:  8230235.003956872 t_traj:  8230234.980230817
plunging! t_interp:  8230235.003956872 t_traj:  8230235.001864096
plunging! t_interp:  8230235.003956872 t_traj:  8230234.999790709
plunging! t_interp:  8230235.003956872 t_traj:  8230234.997691904
plunging! t_interp:  8230235.003956872 t_traj:  8230234.995579895
plunging! t_interp:  8230235.003956872 t_traj:  8230235.003253432
plunging! t_interp:  8230235.003956872 t_traj:  8230235.002466248
plunging! t_interp:  8230235.003956872 t_traj:  8230235.001738739
plunging! t_interp:  8230235.003956872 t_traj:  8230235.001058342
Time taken to compute stable deltas is 92.93118572235107 seconds
calculating Fisher matrix...
plunging! t_interp:  8230235.003956872 t_traj:  8230233.490386429
plunging! t_interp:  8230235.003956872 t_traj:  8230233.868785495
plunging! t_interp:  8230235.003956872 t_traj:  8230234.248099236
plunging! t_interp:  8230235.003956872 t_traj:  8230234.625575652
plunging! t_interp:  8230235.003956872 t_traj:  8230234.937847566
plunging! t_interp:  8230235.003956872 t_traj:  8230234.871783432
plunging! t_interp:  8230235.003956872 t_traj:  8230234.805646894
plunging! t_interp:  8230235.003956872 t_traj:  8230234.739554292
plunging! t_interp:  8230235.003956872 t_traj:  8230232.971367231
plunging! t_interp:  8230235.003956872 t_traj:  8230233.478867595
plunging! t_interp:  8230235.003956872 t_traj:  8230233.987202401
plunging! t_interp:  8230235.003956872 t_traj:  8230234.495591436
plunging! t_interp:  8230235.003956872 t_traj:  8230233.940796876
plunging! t_interp:  8230235.003956872 t_traj:  8230234.206557851
plunging! t_interp:  8230235.003956872 t_traj:  8230234.472379103
plunging! t_interp:  8230235.003956872 t_traj:  8230234.738155212
plunging! t_interp:  8230235.003956872 t_traj:  8230232.832841482
plunging! t_interp:  8230235.003956872 t_traj:  8230233.375673911
plunging! t_interp:  8230235.003956872 t_traj:  8230233.918433142
plunging! t_interp:  8230235.003956872 t_traj:  8230234.461187948
plunging! t_interp:  8230235.003956872 t_traj:  8230234.674284403
plunging! t_interp:  8230235.003956872 t_traj:  8230234.344708436
plunging! t_interp:  8230235.003956872 t_traj:  8230234.015054366
plunging! t_interp:  8230235.003956872 t_traj:  8230233.685482757
plunging! t_interp:  8230235.003956872 t_traj:  8230234.866892679
plunging! t_interp:  8230235.003956872 t_traj:  8230234.72976154
plunging! t_interp:  8230235.003956872 t_traj:  8230234.592687697
plunging! t_interp:  8230235.003956872 t_traj:  8230234.455448601
Finished derivatives
Calculated Fisher is *atleast* positive-definite.
Time taken to compute FM is 8.612205028533936 seconds
    CV from_NMdev#2 it   5 lam=6.9e-01 ov=0.9944160 chi2=1.301e+03 rel=3.2e-05
Body is not plunging, Fisher should be stable.
waveform shape: (3, 6311629)
Computing SNR for parameters: (np.float64(1002550.3953898082), np.float64(4971.179141601604), np.float64(0.7048922326089088), np.float64(24.95887880580894), np.float64(0.2495883012421286), 1.0, 12.0, np.float64(0.7850072917582384), np.float64(0.9969175298182947), 1.0, 1.0471975511965976, np.float64(1.1714216532961241), 0.5, np.float64(0.8312269869545372), 0.95, False, False, False, True, 0.0, 0.0, np.float64(1.01946527218645), np.float64(2.1297801606925506))
Waveform Generated. SNR: 340.1853208548007
calculating Fisher matrix...
plunging! t_interp:  8230235.000409739 t_traj:  8230233.486573106
plunging! t_interp:  8230235.000409739 t_traj:  8230233.865281935
plunging! t_interp:  8230235.000409739 t_traj:  8230234.243604037
plunging! t_interp:  8230235.000409739 t_traj:  8230234.622006693
plunging! t_interp:  8230235.000409739 t_traj:  8230234.9343019035
plunging! t_interp:  8230235.000409739 t_traj:  8230234.868209581
plunging! t_interp:  8230235.000409739 t_traj:  8230234.802103626
plunging! t_interp:  8230235.000409739 t_traj:  8230234.7360399915
plunging! t_interp:  8230235.000409739 t_traj:  8230232.966927602
plunging! t_interp:  8230235.000409739 t_traj:  8230233.475345154
plunging! t_interp:  8230235.000409739 t_traj:  8230233.983661429
plunging! t_interp:  8230235.000409739 t_traj:  8230234.492053919
plunging! t_interp:  8230235.000409739 t_traj:  8230233.938097487
plunging! t_interp:  8230235.000409739 t_traj:  8230234.202769656
plunging! t_interp:  8230235.000409739 t_traj:  8230234.469738105
plunging! t_interp:  8230235.000409739 t_traj:  8230234.735416252
plunging! t_interp:  8230235.000409739 t_traj:  8230232.829339534
plunging! t_interp:  8230235.000409739 t_traj:  8230233.37210334
plunging! t_interp:  8230235.000409739 t_traj:  8230233.914870292
plunging! t_interp:  8230235.000409739 t_traj:  8230234.45762205
plunging! t_interp:  8230235.000409739 t_traj:  8230234.670808739
plunging! t_interp:  8230235.000409739 t_traj:  8230234.341157777
plunging! t_interp:  8230235.000409739 t_traj:  8230234.012446541
plunging! t_interp:  8230235.000409739 t_traj:  8230233.681877695
plunging! t_interp:  8230235.000409739 t_traj:  8230234.863293745
plunging! t_interp:  8230235.000409739 t_traj:  8230234.726211881
plunging! t_interp:  8230235.000409739 t_traj:  8230234.589127698
plunging! t_interp:  8230235.000409739 t_traj:  8230234.452004625
Finished derivatives
Calculated Fisher is *atleast* positive-definite.
Time taken to compute FM is 10.289753675460815 seconds
    CV from_NMdev#2 it   6 lam=1.5e+01 ov=0.9944162 chi2=1.301e+03 rel=9.0e-07
Body is not plunging, Fisher should be stable.
waveform shape: (3, 6311629)
Computing SNR for parameters: (np.float64(1002550.3953969018), np.float64(4971.179141570956), np.float64(0.7048922324082725), np.float64(24.958878805888485), np.float64(0.24958830118854095), 1.0, 12.0, np.float64(0.7850070517511581), np.float64(0.9969171875381266), 1.0, 1.0471975511965976, np.float64(1.1714206382932293), 0.5, np.float64(0.8312261531122275), 0.95, False, False, False, True, 0.0, 0.0, np.float64(1.0194652709221101), np.float64(2.1297799534603286))
Waveform Generated. SNR: 340.1852207026045
calculating Fisher matrix...
plunging! t_interp:  8230235.000135996 t_traj:  8230233.486679794
plunging! t_interp:  8230235.000135996 t_traj:  8230233.8650011
plunging! t_interp:  8230235.000135996 t_traj:  8230234.243674712
plunging! t_interp:  8230235.000135996 t_traj:  8230234.622050956
plunging! t_interp:  8230235.000135996 t_traj:  8230234.934272934
plunging! t_interp:  8230235.000135996 t_traj:  8230234.868240201
plunging! t_interp:  8230235.000135996 t_traj:  8230234.80212483
plunging! t_interp:  8230235.000135996 t_traj:  8230234.736050924
plunging! t_interp:  8230235.000135996 t_traj:  8230232.966972298
plunging! t_interp:  8230235.000135996 t_traj:  8230233.475358382
plunging! t_interp:  8230235.000135996 t_traj:  8230233.983765588
plunging! t_interp:  8230235.000135996 t_traj:  8230234.492938268
plunging! t_interp:  8230235.000135996 t_traj:  8230233.937304762
plunging! t_interp:  8230235.000135996 t_traj:  8230234.203070492
plunging! t_interp:  8230235.000135996 t_traj:  8230234.468867935
plunging! t_interp:  8230235.000135996 t_traj:  8230234.734645084
plunging! t_interp:  8230235.000135996 t_traj:  8230232.8293894315
plunging! t_interp:  8230235.000135996 t_traj:  8230233.372160058
plunging! t_interp:  8230235.000135996 t_traj:  8230233.914940141
plunging! t_interp:  8230235.000135996 t_traj:  8230234.4576547295
plunging! t_interp:  8230235.000135996 t_traj:  8230234.670833634
plunging! t_interp:  8230235.000135996 t_traj:  8230234.341215474
plunging! t_interp:  8230235.000135996 t_traj:  8230234.0115868775
plunging! t_interp:  8230235.000135996 t_traj:  8230233.681938531
plunging! t_interp:  8230235.000135996 t_traj:  8230234.863327083
plunging! t_interp:  8230235.000135996 t_traj:  8230234.7262298
plunging! t_interp:  8230235.000135996 t_traj:  8230234.5891705835
plunging! t_interp:  8230235.000135996 t_traj:  8230234.452062708
Finished derivatives
Calculated Fisher is *atleast* positive-definite.
Time taken to compute FM is 9.717504501342773 seconds
    CV from_NMdev#2 it   7 lam=1.4e+141 ov=0.9944162 chi2=1.301e+03 rel=0.0e+00
======================================================================

[idx1] --- start = from_0PA (overlap 0.9675449) ---
Body is not plunging, Fisher should be stable.
waveform shape: (3, 6311629)
Computing SNR for parameters: (np.float64(998144.092), np.float64(1001.29945), np.float64(-0.499651156), np.float64(24.9922458), np.float64(0.0998840371), 1.0, 33.992306, np.float64(1.05172816), np.float64(0.79027957), 0.628318531, 0.523598776, np.float64(6.30880364), 0.2, np.float64(0.449650077), 0.95, False, False, False, True, 0.0, 0.0, np.float64(0.0), np.float64(0.0))
Waveform Generated. SNR: 20.784008091415114
calculating stable deltas...
plunging! t_interp:  31558144.999999996 t_traj:  31531139.267603856
plunging! t_interp:  31558144.999999996 t_traj:  31545006.677180123
minimum relative error is greater than 1% for dev_2. Fisher may be unstable!
Time taken to compute stable deltas is 65.78595304489136 seconds
calculating Fisher matrix...
Finished derivatives
Calculated Fisher is *atleast* positive-definite.
Time taken to compute FM is 6.1445348262786865 seconds
    CV from_0PA#1 it   0 lam=4.4e-03 ov=0.9675449 chi2=2.809e+01 rel=1.2e-05
Body is not plunging, Fisher should be stable.
waveform shape: (3, 6311629)
Computing SNR for parameters: (np.float64(998144.0900624958), np.float64(1001.2994504787813), np.float64(-0.4996511443402346), np.float64(24.99224578279584), np.float64(0.09988396101410618), 1.0, 33.992306, np.float64(1.0516922853735333), np.float64(0.7901801080346209), 0.628318531, 0.523598776, np.float64(6.309228661218657), 0.2, np.float64(0.4495698439081761), 0.95, False, False, False, True, 0.0, 0.0, np.float64(6.525511154832196e-07), np.float64(-0.007865320256589344))
Waveform Generated. SNR: 20.784709041319292
calculating Fisher matrix...
Finished derivatives
Calculated Fisher is *atleast* positive-definite.
Time taken to compute FM is 6.916887283325195 seconds
    CV from_0PA#1 it   1 lam=9.5e-02 ov=0.9675463 chi2=2.809e+01 rel=6.2e-07
Body is not plunging, Fisher should be stable.
waveform shape: (3, 6311629)
Computing SNR for parameters: (np.float64(998144.0900395), np.float64(1001.2994504048095), np.float64(-0.4996511435427003), np.float64(24.992245782711848), np.float64(0.09988395944971783), 1.0, 33.992306, np.float64(1.0516908134063114), np.float64(0.7901863274483106), 0.628318531, 0.523598776, np.float64(6.309230581388057), 0.2, np.float64(0.4495369972266242), 0.95, False, False, False, True, 0.0, 0.0, np.float64(5.851532879771791e-07), np.float64(-0.0077974329321775565))
Waveform Generated. SNR: 20.78466949490532
calculating Fisher matrix...
Finished derivatives
Calculated Fisher is *atleast* positive-definite.
Time taken to compute FM is 6.770395517349243 seconds
    CV from_0PA#1 it   2 lam=1.1e-01 ov=0.9675462 chi2=2.809e+01 rel=5.9e-07
Body is not plunging, Fisher should be stable.
waveform shape: (3, 6311629)
Computing SNR for parameters: (np.float64(998144.0897667545), np.float64(1001.2994506040641), np.float64(-0.49965114302398306), np.float64(24.99224578008142), np.float64(0.09988395006074376), 1.0, 33.992306, np.float64(1.0516845163577626), np.float64(0.7901733325251921), 0.628318531, 0.523598776, np.float64(6.309296811820582), 0.2, np.float64(0.44958454603472325), 0.95, False, False, False, True, 0.0, 0.0, np.float64(7.967501807663579e-07), np.float64(-0.008992394150195695))
Waveform Generated. SNR: 20.784769589103508
calculating Fisher matrix...
Finished derivatives
Calculated Fisher is *atleast* positive-definite.
Time taken to compute FM is 6.900644779205322 seconds
    CV from_0PA#1 it   3 lam=3.5e-02 ov=0.9675464 chi2=2.809e+01 rel=1.5e-06
Body is not plunging, Fisher should be stable.
waveform shape: (3, 6311629)
Computing SNR for parameters: (np.float64(998144.089579094), np.float64(1001.2994506311494), np.float64(-0.4996511417379026), np.float64(24.992245778440214), np.float64(0.09988394277077342), 1.0, 33.992306, np.float64(1.0516907308263348), np.float64(0.7901663492717679), 0.628318531, 0.523598776, np.float64(6.3093322033839625), 0.2, np.float64(0.44959859032819643), 0.95, False, False, False, True, 0.0, 0.0, np.float64(8.467982362891292e-07), np.float64(-0.00966176058300167))
Waveform Generated. SNR: 20.78486003539798
calculating Fisher matrix...
Finished derivatives
Calculated Fisher is *atleast* positive-definite.
Time taken to compute FM is 6.697438716888428 seconds
    CV from_0PA#1 it   4 lam=2.2e-01 ov=0.9675466 chi2=2.809e+01 rel=1.6e-07
Body is not plunging, Fisher should be stable.
waveform shape: (3, 6311629)
Computing SNR for parameters: (np.float64(998144.0895774937), np.float64(1001.2994504829652), np.float64(-0.4996511404767546), np.float64(24.992245778652933), np.float64(0.09988394152776257), 1.0, 33.992306, np.float64(1.0516909597332305), np.float64(0.7901672210312134), 0.628318531, 0.523598776, np.float64(6.309321366429551), 0.2, np.float64(0.44958840977244063), 0.95, False, False, False, True, 0.0, 0.0, np.float64(7.06579135045731e-07), np.float64(-0.00956067890020623))
Waveform Generated. SNR: 20.784826413352086
calculating stable deltas...
plunging! t_interp:  31558144.999999993 t_traj:  31531139.18415202
plunging! t_interp:  31558144.999999993 t_traj:  31545006.593852017
minimum relative error is greater than 1% for dev_1. Fisher may be unstable!
Time taken to compute stable deltas is 64.6301920413971 seconds
calculating Fisher matrix...
Finished derivatives
Calculated Fisher is *atleast* positive-definite.
Time taken to compute FM is 6.132527589797974 seconds
    CV from_0PA#1 it   5 lam=6.0e-01 ov=0.9675465 chi2=2.809e+01 rel=8.5e-07
Body is not plunging, Fisher should be stable.
waveform shape: (3, 6311629)
Computing SNR for parameters: (np.float64(998144.0895470183), np.float64(1001.2994505390955), np.float64(-0.4996511406852401), np.float64(24.99224577830884), np.float64(0.09988394081892629), 1.0, 33.992306, np.float64(1.0517054229891365), np.float64(0.7901645488059167), 0.628318531, 0.523598776, np.float64(6.309326659651833), 0.2, np.float64(0.4495940027427722), 0.95, False, False, False, True, 0.0, 0.0, np.float64(4.351589270496951e-07), np.float64(-0.009577243134934944))
Waveform Generated. SNR: 20.784903744408872
calculating Fisher matrix...
Finished derivatives
Calculated Fisher is *atleast* positive-definite.
Time taken to compute FM is 6.802387237548828 seconds
    CV from_0PA#1 it   6 lam=6.1e-01 ov=0.9675467 chi2=2.809e+01 rel=3.0e-07
Body is not plunging, Fisher should be stable.
waveform shape: (3, 6311629)
Computing SNR for parameters: (np.float64(998144.0895512021), np.float64(1001.2994504424091), np.float64(-0.4996511399394538), np.float64(24.992245778489416), np.float64(0.09988394009487578), 1.0, 33.992306, np.float64(1.0517146789972225), np.float64(0.7901710540911236), 0.628318531, 0.523598776, np.float64(6.309326839996995), 0.2, np.float64(0.4496141124806881), 0.95, False, False, False, True, 0.0, 0.0, np.float64(1.2287030163010697e-06), np.float64(-0.009723568355472315))
Waveform Generated. SNR: 20.784912051752286
calculating Fisher matrix...
Finished derivatives
Calculated Fisher is *atleast* positive-definite.
Time taken to compute FM is 6.857647180557251 seconds
    CV from_0PA#1 it   7 lam=1.3e+01 ov=0.9675467 chi2=2.809e+01 rel=5.6e-08
Body is not plunging, Fisher should be stable.
waveform shape: (3, 6311629)
Computing SNR for parameters: (np.float64(998144.0895509075), np.float64(1001.2994504418949), np.float64(-0.49965113993298205), np.float64(24.992245778487668), np.float64(0.09988394007805713), 1.0, 33.992306, np.float64(1.0517148394916094), np.float64(0.7901711088256773), 0.628318531, 0.523598776, np.float64(6.30932691846666), 0.2, np.float64(0.44961442594590734), 0.95, False, False, False, True, 0.0, 0.0, np.float64(1.2195116902039649e-06), np.float64(-0.009725267135804279))
Waveform Generated. SNR: 20.784910226287646
calculating Fisher matrix...
Finished derivatives
Calculated Fisher is *atleast* positive-definite.
Time taken to compute FM is 6.759143590927124 seconds
    CV from_0PA#1 it   8 lam=8.7e+00 ov=0.9675467 chi2=2.809e+01 rel=3.6e-08
Body is not plunging, Fisher should be stable.
waveform shape: (3, 6311629)
Computing SNR for parameters: (np.float64(998144.0895500497), np.float64(1001.2994504422121), np.float64(-0.4996511399288337), np.float64(24.992245778479855), np.float64(0.09988394004577124), 1.0, 33.992306, np.float64(1.0517150863962683), np.float64(0.790171131965678), 0.628318531, 0.523598776, np.float64(6.309327130681815), 0.2, np.float64(0.4496149309633277), 0.95, False, False, False, True, 0.0, 0.0, np.float64(1.1957694910439068e-06), np.float64(-0.009727476863174631))
Waveform Generated. SNR: 20.784907729330687
calculating Fisher matrix...
Finished derivatives
Calculated Fisher is *atleast* positive-definite.
Time taken to compute FM is 6.500744342803955 seconds
    CV from_0PA#1 it   9 lam=6.1e+06 ov=0.9675467 chi2=2.809e+01 rel=5.0e-08
Body is not plunging, Fisher should be stable.
waveform shape: (3, 6311629)
Computing SNR for parameters: (np.float64(998144.0895500497), np.float64(1001.2994504422121), np.float64(-0.4996511399288337), np.float64(24.992245778479855), np.float64(0.0998839400457712), 1.0, 33.992306, np.float64(1.0517150863966207), np.float64(0.7901711319657123), 0.628318531, 0.523598776, np.float64(6.309327130682118), 0.2, np.float64(0.44961493096402544), 0.95, False, False, False, True, 0.0, 0.0, np.float64(1.1957695079681153e-06), np.float64(-0.009727476865464655))
Waveform Generated. SNR: 20.784907276906697
calculating stable deltas...
plunging! t_interp:  31558144.999999993 t_traj:  31531139.173411157
plunging! t_interp:  31558144.999999993 t_traj:  31545006.583077844
minimum relative error is greater than 1% for dev_1. Fisher may be unstable!
Time taken to compute stable deltas is 66.08362817764282 seconds
calculating Fisher matrix...
Finished derivatives
Calculated Fisher is *atleast* positive-definite.
Time taken to compute FM is 6.4495158195495605 seconds
    CV from_0PA#1 it  10 lam=5.8e+146 ov=0.9675467 chi2=2.809e+01 rel=0.0e+00
    NM  nfev=1701 ov 0.9675467 -> 0.9675468 (accepted=True)
Body is not plunging, Fisher should be stable.
waveform shape: (3, 6311629)
Computing SNR for parameters: (np.float64(998144.0438883884), np.float64(1001.2994507734986), np.float64(-0.49965112988488974), np.float64(24.992246289240324), np.float64(0.09988396615286112), 1.0, 33.992306, np.float64(1.0518153336626954), np.float64(0.7902059364613847), 0.628318531, 0.523598776, np.float64(6.309340863270689), 0.2, np.float64(0.4492895201615367), 0.95, False, False, False, True, 0.0, 0.0, np.float64(4.4734431218309777e-07), np.float64(-0.011582564123484703))
Waveform Generated. SNR: 20.784907365430513
calculating stable deltas...
plunging! t_interp:  31558144.999999993 t_traj:  31531139.30492438
plunging! t_interp:  31558144.999999993 t_traj:  31545006.71394367
minimum relative error is greater than 1% for dev_1. Fisher may be unstable!
minimum relative error is greater than 1% for dev_2. Fisher may be unstable!
Time taken to compute stable deltas is 66.91864824295044 seconds
calculating Fisher matrix...
Finished derivatives
Calculated Fisher is *atleast* positive-definite.
Time taken to compute FM is 5.882611513137817 seconds
    CV from_0PA#2 it   0 lam=1.2e+11 ov=0.9675468 chi2=2.809e+01 rel=4.3e-13

[idx1] --- start = from_NMdev (overlap 0.9996457) ---
Body is not plunging, Fisher should be stable.
waveform shape: (3, 6311629)
Computing SNR for parameters: (np.float64(1001501.4641), np.float64(1000.0808), np.float64(-0.494049), np.float64(24.93842), np.float64(0.09938), 1.0, 33.992306, np.float64(1.047179), np.float64(0.786461), 0.628318531, 0.523598776, np.float64(6.442446), 0.2, np.float64(0.193227), 0.95, False, False, False, True, 0.0, 0.0, np.float64(-0.345109), np.float64(10.955755))
Waveform Generated. SNR: 20.841714317906593
calculating stable deltas...
startup
======================================================================

[idx0] --- start = from_0PA (overlap 0.9934510) ---
Body is plunging! Expect instabilities.
Removed last 6 hours of inspiral. New evolution time: 0.2601109441701356 years
waveform shape: (3, 6311629)
Computing SNR for parameters: (np.float64(1001761.99), np.float64(4995.11288), np.float64(0.703962258), np.float64(24.9674581), np.float64(0.249798441), 1.0, 12.0, np.float64(0.7861379), np.float64(1.00491369), 1.0, 1.0471975511965976, np.float64(0.989953388), 0.5, np.float64(0.642950551), 0.95, False, False, False, True, 0.0, 0.0, np.float64(0.0), np.float64(0.0))
Waveform Generated. SNR: 342.79622163034253
calculating stable deltas...
plunging! t_interp:  8230220.131258385 t_traj:  8223686.254428203
plunging! t_interp:  8230220.131258385 t_traj:  8225319.480386056
plunging! t_interp:  8230220.131258385 t_traj:  8226952.868510371
plunging! t_interp:  8230220.131258385 t_traj:  8228586.4188011475
plunging! t_interp:  8230220.131258385 t_traj:  8227925.666249618
plunging! t_interp:  8230220.131258385 t_traj:  8228499.252512852
plunging! t_interp:  8230220.131258385 t_traj:  8229072.858768723
plunging! t_interp:  8230220.131258385 t_traj:  8229646.485017235
plunging! t_interp:  8230220.131258385 t_traj:  8229414.46416096
plunging! t_interp:  8230220.131258385 t_traj:  8229615.877238138
plunging! t_interp:  8230220.131258385 t_traj:  8229817.2927801
plunging! t_interp:  8230220.131258385 t_traj:  8230018.710786851
plunging! t_interp:  8230220.131258385 t_traj:  8229937.241600579
plunging! t_interp:  8230220.131258385 t_traj:  8230007.963559224
plunging! t_interp:  8230220.131258385 t_traj:  8230078.68582174
plunging! t_interp:  8230220.131258385 t_traj:  8230149.4083881285
plunging! t_interp:  8230220.131258385 t_traj:  8230120.80272171
plunging! t_interp:  8230220.131258385 t_traj:  8230145.634799686
plunging! t_interp:  8230220.131258385 t_traj:  8230170.466915124
plunging! t_interp:  8230220.131258385 t_traj:  8230195.299068024
plunging! t_interp:  8230220.131258385 t_traj:  8230185.25503641
plunging! t_interp:  8230220.131258385 t_traj:  8230193.974084978
plunging! t_interp:  8230220.131258385 t_traj:  8230202.693138159
plunging! t_interp:  8230220.131258385 t_traj:  8230211.412195964
plunging! t_interp:  8230220.131258385 t_traj:  8230207.885539735
plunging! t_interp:  8230220.131258385 t_traj:  8230210.946968542
plunging! t_interp:  8230220.131258385 t_traj:  8230214.008397924
plunging! t_interp:  8230220.131258385 t_traj:  8230217.069827869
plunging! t_interp:  8230220.131258385 t_traj:  8230215.83155074
plunging! t_interp:  8230220.131258385 t_traj:  8230216.906477546
plunging! t_interp:  8230220.131258385 t_traj:  8230217.981404424
plunging! t_interp:  8230220.131258385 t_traj:  8230219.05633137
plunging! t_interp:  8230220.131258385 t_traj:  8230218.6215484645
plunging! t_interp:  8230220.131258385 t_traj:  8230218.998975933
plunging! t_interp:  8230220.131258385 t_traj:  8230219.376403408
plunging! t_interp:  8230220.131258385 t_traj:  8230219.753830894
plunging! t_interp:  8230220.131258385 t_traj:  8230219.601170272
plunging! t_interp:  8230220.131258385 t_traj:  8230219.733692297
plunging! t_interp:  8230220.131258385 t_traj:  8230219.8662143275
plunging! t_interp:  8230220.131258385 t_traj:  8230219.9987363545
plunging! t_interp:  8230220.131258385 t_traj:  8230219.945134285
plunging! t_interp:  8230220.131258385 t_traj:  8230219.991665308
plunging! t_interp:  8230220.131258385 t_traj:  8230220.038196333
plunging! t_interp:  8230220.131258385 t_traj:  8230220.084727361
plunging! t_interp:  8230220.131258385 t_traj:  8230220.065906647
plunging! t_interp:  8230220.131258385 t_traj:  8230220.08224458
plunging! t_interp:  8230220.131258385 t_traj:  8230220.098582516
plunging! t_interp:  8230220.131258385 t_traj:  8230220.11492045
plunging! t_interp:  8230220.131258385 t_traj:  8229409.440806167
plunging! t_interp:  8230220.131258385 t_traj:  8228598.91247177
plunging! t_interp:  8230220.131258385 t_traj:  8227788.546206572
plunging! t_interp:  8230220.131258385 t_traj:  8226978.34196198
plunging! t_interp:  8230220.131258385 t_traj:  8229935.46382584
plunging! t_interp:  8230220.131258385 t_traj:  8229650.8163838275
plunging! t_interp:  8230220.131258385 t_traj:  8229366.188930242
plunging! t_interp:  8230220.131258385 t_traj:  8229081.581462979
plunging! t_interp:  8230220.131258385 t_traj:  8230120.176787372
plunging! t_interp:  8230220.131258385 t_traj:  8230020.224781053
plunging! t_interp:  8230220.131258385 t_traj:  8229920.275239337
plunging! t_interp:  8230220.131258385 t_traj:  8229820.328162133
plunging! t_interp:  8230220.131258385 t_traj:  8230185.035046367
plunging! t_interp:  8230220.131258385 t_traj:  8230149.939138212
plunging! t_interp:  8230220.131258385 t_traj:  8230114.843533922
plunging! t_interp:  8230220.131258385 t_traj:  8230079.7482334925
plunging! t_interp:  8230220.131258385 t_traj:  8230207.808270819
plunging! t_interp:  8230220.131258385 t_traj:  8230195.485320709
plunging! t_interp:  8230220.131258385 t_traj:  8230183.162408063
plunging! t_interp:  8230220.131258385 t_traj:  8230170.839532879
plunging! t_interp:  8230220.131258385 t_traj:  8230215.804416907
plunging! t_interp:  8230220.131258385 t_traj:  8230211.47758005
plunging! t_interp:  8230220.131258385 t_traj:  8230207.15074781
plunging! t_interp:  8230220.131258385 t_traj:  8230202.823920186
plunging! t_interp:  8230220.131258385 t_traj:  8230218.612020858
plunging! t_interp:  8230220.131258385 t_traj:  8230217.092783893
plunging! t_interp:  8230220.131258385 t_traj:  8230215.573547507
plunging! t_interp:  8230220.131258385 t_traj:  8230214.054311686
plunging! t_interp:  8230220.131258385 t_traj:  8230219.597824892
plunging! t_interp:  8230220.131258385 t_traj:  8230219.064391474
plunging! t_interp:  8230220.131258385 t_traj:  8230218.530958125
plunging! t_interp:  8230220.131258385 t_traj:  8230217.9975248445
plunging! t_interp:  8230220.131258385 t_traj:  8230219.943959651
plunging! t_interp:  8230220.131258385 t_traj:  8230219.756660925
plunging! t_interp:  8230220.131258385 t_traj:  8230219.569362211
plunging! t_interp:  8230220.131258385 t_traj:  8230219.382063499
plunging! t_interp:  8230220.131258385 t_traj:  8230220.065494209
plunging! t_interp:  8230220.131258385 t_traj:  8230219.999730031
plunging! t_interp:  8230220.131258385 t_traj:  8230219.933965856
plunging! t_interp:  8230220.131258385 t_traj:  8230219.868201681
plunging! t_interp:  8230220.131258385 t_traj:  8230220.1081673205
plunging! t_interp:  8230220.131258385 t_traj:  8230220.0850762585
plunging! t_interp:  8230220.131258385 t_traj:  8230220.061985194
plunging! t_interp:  8230220.131258385 t_traj:  8230220.03889413
plunging! t_interp:  8230220.131258385 t_traj:  8230220.123150667
plunging! t_interp:  8230220.131258385 t_traj:  8230220.115042956
plunging! t_interp:  8230220.131258385 t_traj:  8230220.106935239
plunging! t_interp:  8230220.131258385 t_traj:  8230220.098827525
plunging! t_interp:  8230220.131258385 t_traj:  8229839.70479397
plunging! t_interp:  8230220.131258385 t_traj:  8229934.812344098
plunging! t_interp:  8230220.131258385 t_traj:  8230029.919319721
plunging! t_interp:  8230220.131258385 t_traj:  8230125.025593404
plunging! t_interp:  8230220.131258385 t_traj:  8230086.557421005
plunging! t_interp:  8230220.131258385 t_traj:  8230119.951010694
plunging! t_interp:  8230220.131258385 t_traj:  8230153.344506601
plunging! t_interp:  8230220.131258385 t_traj:  8230186.737894007
plunging! t_interp:  8230220.131258385 t_traj:  8230173.231090538
plunging! t_interp:  8230220.131258385 t_traj:  8230184.9561436605
plunging! t_interp:  8230220.131258385 t_traj:  8230196.681197437
plunging! t_interp:  8230220.131258385 t_traj:  8230208.406240175
plunging! t_interp:  8230220.131258385 t_traj:  8230203.663694342
plunging! t_interp:  8230220.131258385 t_traj:  8230207.780613441
plunging! t_interp:  8230220.131258385 t_traj:  8230211.897535513
plunging! t_interp:  8230220.131258385 t_traj:  8230216.014389657
plunging! t_interp:  8230220.131258385 t_traj:  8230214.349156991
plunging! t_interp:  8230220.131258385 t_traj:  8230215.794706746
plunging! t_interp:  8230220.131258385 t_traj:  8230217.240238725
plunging! t_interp:  8230220.131258385 t_traj:  8230218.685730543
plunging! t_interp:  8230220.131258385 t_traj:  8230218.101095021
plunging! t_interp:  8230220.131258385 t_traj:  8230218.608609056
plunging! t_interp:  8230220.131258385 t_traj:  8230219.116163432
plunging! t_interp:  8230220.131258385 t_traj:  8230219.623749095
plunging! t_interp:  8230220.131258385 t_traj:  8230219.418422555
plunging! t_interp:  8230220.131258385 t_traj:  8230219.59665986
plunging! t_interp:  8230220.131258385 t_traj:  8230219.7748497
plunging! t_interp:  8230220.131258385 t_traj:  8230219.953060646
plunging! t_interp:  8230220.131258385 t_traj:  8230219.880937108
plunging! t_interp:  8230220.131258385 t_traj:  8230219.943503986
plunging! t_interp:  8230220.131258385 t_traj:  8230220.006108163
plunging! t_interp:  8230220.131258385 t_traj:  8230220.068637864
plunging! t_interp:  8230220.131258385 t_traj:  8230220.043380276
plunging! t_interp:  8230220.131258385 t_traj:  8230220.065045639
plunging! t_interp:  8230220.131258385 t_traj:  8230220.087326346
plunging! t_interp:  8230220.131258385 t_traj:  8230220.109326886
plunging! t_interp:  8230220.131258385 t_traj:  8230220.100392375
plunging! t_interp:  8230220.131258385 t_traj:  8230220.108125796
plunging! t_interp:  8230220.131258385 t_traj:  8230220.115807807
plunging! t_interp:  8230220.131258385 t_traj:  8230220.123552793
plunging! t_interp:  8230220.131258385 t_traj:  8230220.120420912
plunging! t_interp:  8230220.131258385 t_traj:  8230220.123157244
plunging! t_interp:  8230220.131258385 t_traj:  8230220.1258728895
plunging! t_interp:  8230220.131258385 t_traj:  8230220.1285438435
plunging! t_interp:  8230220.131258385 t_traj:  8230220.127486055
plunging! t_interp:  8230220.131258385 t_traj:  8230220.128394579
plunging! t_interp:  8230220.131258385 t_traj:  8230220.129329875
plunging! t_interp:  8230220.131258385 t_traj:  8230220.130351932
plunging! t_interp:  8230220.131258385 t_traj:  8217119.912091711
plunging! t_interp:  8230220.131258385 t_traj:  8220393.507074763
plunging! t_interp:  8230220.131258385 t_traj:  8223668.075181665
plunging! t_interp:  8230220.131258385 t_traj:  8226943.616461985
plunging! t_interp:  8230220.131258385 t_traj:  8225618.619154049
plunging! t_interp:  8230220.131258385 t_traj:  8226768.817126994
plunging! t_interp:  8230220.131258385 t_traj:  8227919.134910014
plunging! t_interp:  8230220.131258385 t_traj:  8229069.573173648
plunging! t_interp:  8230220.131258385 t_traj:  8228604.233373325
plunging! t_interp:  8230220.131258385 t_traj:  8229008.185606998
plunging! t_interp:  8230220.131258385 t_traj:  8229412.152752386
plunging! t_interp:  8230220.131258385 t_traj:  8229816.134601315
plunging! t_interp:  8230220.131258385 t_traj:  8229652.73243072
plunging! t_interp:  8230220.131258385 t_traj:  8229794.578733681
plunging! t_interp:  8230220.131258385 t_traj:  8229936.42776235
plunging! t_interp:  8230220.131258385 t_traj:  8230078.278607775
plunging! t_interp:  8230220.131258385 t_traj:  8230020.90303109
plunging! t_interp:  8230220.131258385 t_traj:  8230070.709779434
plunging! t_interp:  8230220.131258385 t_traj:  8230120.5166664515
plunging! t_interp:  8230220.131258385 t_traj:  8230170.323860486
plunging! t_interp:  8230220.131258385 t_traj:  8230150.177672654
plunging! t_interp:  8230220.131258385 t_traj:  8230167.666248358
plunging! t_interp:  8230220.131258385 t_traj:  8230185.154541181
plunging! t_interp:  8230220.131258385 t_traj:  8230202.642911998
plunging! t_interp:  8230220.131258385 t_traj:  8230195.569275473
plunging! t_interp:  8230220.131258385 t_traj:  8230201.709777852
plunging! t_interp:  8230220.131258385 t_traj:  8230207.850264383
plunging! t_interp:  8230220.131258385 t_traj:  8230213.990755653
plunging! t_interp:  8230220.131258385 t_traj:  8230211.5070531275
plunging! t_interp:  8230220.131258385 t_traj:  8230213.663116538
plunging! t_interp:  8230220.131258385 t_traj:  8230215.819175746
plunging! t_interp:  8230220.131258385 t_traj:  8230217.97519563
plunging! t_interp:  8230220.131258385 t_traj:  8230217.103174856
plunging! t_interp:  8230220.131258385 t_traj:  8230217.860183227
plunging! t_interp:  8230220.131258385 t_traj:  8230218.617202724
plunging! t_interp:  8230220.131258385 t_traj:  8230219.374208644
plunging! t_interp:  8230220.131258385 t_traj:  8230219.068032439
plunging! t_interp:  8230220.131258385 t_traj:  8230219.33382562
plunging! t_interp:  8230220.131258385 t_traj:  8230219.599644559
plunging! t_interp:  8230220.131258385 t_traj:  8230219.865245629
plunging! t_interp:  8230220.131258385 t_traj:  8230219.757880181
plunging! t_interp:  8230220.131258385 t_traj:  8230219.851253791
plunging! t_interp:  8230220.131258385 t_traj:  8230219.944598744
plunging! t_interp:  8230220.131258385 t_traj:  8230220.03791699
plunging! t_interp:  8230220.131258385 t_traj:  8230220.000180499
plunging! t_interp:  8230220.131258385 t_traj:  8230220.032922874
plunging! t_interp:  8230220.131258385 t_traj:  8230220.065758598
plunging! t_interp:  8230220.131258385 t_traj:  8230220.098483137
plunging! t_interp:  8230220.131258385 t_traj:  8230076.6989801135
plunging! t_interp:  8230220.131258385 t_traj:  8230112.549462167
plunging! t_interp:  8230220.131258385 t_traj:  8230148.405029741
plunging! t_interp:  8230220.131258385 t_traj:  8230184.265605557
plunging! t_interp:  8230220.131258385 t_traj:  8230169.7601992125
plunging! t_interp:  8230220.131258385 t_traj:  8230182.352013371
plunging! t_interp:  8230220.131258385 t_traj:  8230194.944500522
plunging! t_interp:  8230220.131258385 t_traj:  8230207.5375719415
plunging! t_interp:  8230220.131258385 t_traj:  8230202.44389741
plunging! t_interp:  8230220.131258385 t_traj:  8230206.8656034
plunging! t_interp:  8230220.131258385 t_traj:  8230211.287391041
plunging! t_interp:  8230220.131258385 t_traj:  8230215.70910615
plunging! t_interp:  8230220.131258385 t_traj:  8230213.9207184715
plunging! t_interp:  8230220.131258385 t_traj:  8230215.473342254
plunging! t_interp:  8230220.131258385 t_traj:  8230217.025994831
plunging! t_interp:  8230220.131258385 t_traj:  8230218.578582105
plunging! t_interp:  8230220.131258385 t_traj:  8230217.950598181
plunging! t_interp:  8230220.131258385 t_traj:  8230218.4957807185
plunging! t_interp:  8230220.131258385 t_traj:  8230219.040945679
plunging! t_interp:  8230220.131258385 t_traj:  8230219.586076041
plunging! t_interp:  8230220.131258385 t_traj:  8230219.365590856
plunging! t_interp:  8230220.131258385 t_traj:  8230219.557046186
plunging! t_interp:  8230220.131258385 t_traj:  8230219.748222803
plunging! t_interp:  8230220.131258385 t_traj:  8230219.939868417
plunging! t_interp:  8230220.131258385 t_traj:  8230219.862413284
plunging! t_interp:  8230220.131258385 t_traj:  8230219.929655359
plunging! t_interp:  8230220.131258385 t_traj:  8230219.9968223
plunging! t_interp:  8230220.131258385 t_traj:  8230220.064052017
plunging! t_interp:  8230220.131258385 t_traj:  8230220.03683186
plunging! t_interp:  8230220.131258385 t_traj:  8230220.060439525
plunging! t_interp:  8230220.131258385 t_traj:  8230220.084035283
plunging! t_interp:  8230220.131258385 t_traj:  8230220.107671887
plunging! t_interp:  8230220.131258385 t_traj:  8230220.0981170405
plunging! t_interp:  8230220.131258385 t_traj:  8230220.106414532
plunging! t_interp:  8230220.131258385 t_traj:  8230220.114685661
plunging! t_interp:  8230220.131258385 t_traj:  8230220.123012038
plunging! t_interp:  8230220.131258385 t_traj:  8230220.119626803
plunging! t_interp:  8230220.131258385 t_traj:  8230220.122517718
plunging! t_interp:  8230220.131258385 t_traj:  8230220.125461394
plunging! t_interp:  8230220.131258385 t_traj:  8230220.128356863
plunging! t_interp:  8230220.131258385 t_traj:  8230220.127214372
plunging! t_interp:  8230220.131258385 t_traj:  8230220.128196878
plunging! t_interp:  8230220.131258385 t_traj:  8230220.129192488
plunging! t_interp:  8230220.131258385 t_traj:  8230220.130217041
plunging! t_interp:  8230220.131258385 t_traj:  8230220.1298376685
plunging! t_interp:  8230220.131258385 t_traj:  8230220.129889065
plunging! t_interp:  8230220.131258385 t_traj:  8230220.130547085
plunging! t_interp:  8230220.131258385 t_traj:  8230220.130928166
plunging! t_interp:  8230220.131258385 t_traj:  8230216.1029570475
plunging! t_interp:  8230220.131258385 t_traj:  8230212.074700436
plunging! t_interp:  8230220.131258385 t_traj:  8230208.046387053
plunging! t_interp:  8230220.131258385 t_traj:  8230204.018105966
plunging! t_interp:  8230220.131258385 t_traj:  8230218.71682046
plunging! t_interp:  8230220.131258385 t_traj:  8230217.302448308
plunging! t_interp:  8230220.131258385 t_traj:  8230215.88802743
plunging! t_interp:  8230220.131258385 t_traj:  8230214.474492548
plunging! t_interp:  8230220.131258385 t_traj:  8230219.634611151
plunging! t_interp:  8230220.131258385 t_traj:  8230219.137994707
plunging! t_interp:  8230220.131258385 t_traj:  8230218.641353948
plunging! t_interp:  8230220.131258385 t_traj:  8230218.1447548475
plunging! t_interp:  8230220.131258385 t_traj:  8230219.956893355
plunging! t_interp:  8230220.131258385 t_traj:  8230219.782228801
plunging! t_interp:  8230220.131258385 t_traj:  8230219.607930891
plunging! t_interp:  8230220.131258385 t_traj:  8230219.433744877
plunging! t_interp:  8230220.131258385 t_traj:  8230220.070041308
plunging! t_interp:  8230220.131258385 t_traj:  8230220.008819417
plunging! t_interp:  8230220.131258385 t_traj:  8230219.947567651
plunging! t_interp:  8230220.131258385 t_traj:  8230219.886352261
plunging! t_interp:  8230220.131258385 t_traj:  8230220.109728434
plunging! t_interp:  8230220.131258385 t_traj:  8230220.088266814
plunging! t_interp:  8230220.131258385 t_traj:  8230220.0667462675
plunging! t_interp:  8230220.131258385 t_traj:  8230220.045271353
plunging! t_interp:  8230220.131258385 t_traj:  8230220.123731274
plunging! t_interp:  8230220.131258385 t_traj:  8230220.116134456
plunging! t_interp:  8230220.131258385 t_traj:  8230220.1086152755
plunging! t_interp:  8230220.131258385 t_traj:  8230220.10107919
plunging! t_interp:  8230220.131258385 t_traj:  8230220.128612922
plunging! t_interp:  8230220.131258385 t_traj:  8230220.125932222
plunging! t_interp:  8230220.131258385 t_traj:  8230220.123287801
plunging! t_interp:  8230220.131258385 t_traj:  8230220.120660568
plunging! t_interp:  8230220.131258385 t_traj:  8230220.130311518
plunging! t_interp:  8230220.131258385 t_traj:  8230220.129408938
plunging! t_interp:  8230220.131258385 t_traj:  8230220.128468645
plunging! t_interp:  8230220.131258385 t_traj:  8230220.127281952
plunging! t_interp:  8230220.131258385 t_traj:  8230220.130963079
plunging! t_interp:  8230220.131258385 t_traj:  8230220.130612654
plunging! t_interp:  8230220.131258385 t_traj:  8230220.130280596
plunging! t_interp:  8230220.131258385 t_traj:  8230220.129933528
plunging! t_interp:  8230220.131258385 t_traj:  8230220.131142102
plunging! t_interp:  8230220.131258385 t_traj:  8230220.131029403
plunging! t_interp:  8230220.131258385 t_traj:  8230220.130947272
plunging! t_interp:  8230220.131258385 t_traj:  8230220.130792451
plunging! t_interp:  8230220.131258385 t_traj:  8230220.131219075
plunging! t_interp:  8230220.131258385 t_traj:  8230220.131172236
plunging! t_interp:  8230220.131258385 t_traj:  8230220.131131019
plunging! t_interp:  8230220.131258385 t_traj:  8230220.131075257
plunging! t_interp:  8230220.131258385 t_traj:  8230220.096286438
plunging! t_interp:  8230220.131258385 t_traj:  8230220.061335621
plunging! t_interp:  8230220.131258385 t_traj:  8230220.026420622
plunging! t_interp:  8230220.131258385 t_traj:  8230219.991464222
plunging! t_interp:  8230220.131258385 t_traj:  8230220.118954976
plunging! t_interp:  8230220.131258385 t_traj:  8230220.106734009
plunging! t_interp:  8230220.131258385 t_traj:  8230220.094467872
plunging! t_interp:  8230220.131258385 t_traj:  8230220.082161584
plunging! t_interp:  8230220.131258385 t_traj:  8230220.12674719
plunging! t_interp:  8230220.131258385 t_traj:  8230220.122656168
plunging! t_interp:  8230220.131258385 t_traj:  8230220.119077276
plunging! t_interp:  8230220.131258385 t_traj:  8230220.114025949
plunging! t_interp:  8230220.131258385 t_traj:  8230220.129723672
plunging! t_interp:  8230220.131258385 t_traj:  8230220.12827376
plunging! t_interp:  8230220.131258385 t_traj:  8230220.126734235
plunging! t_interp:  8230220.131258385 t_traj:  8230220.125212823
plunging! t_interp:  8230220.131258385 t_traj:  8230220.130714241
plunging! t_interp:  8230220.131258385 t_traj:  8230220.130935454
plunging! t_interp:  8230220.131258385 t_traj:  8230220.129677731
plunging! t_interp:  8230220.131258385 t_traj:  8230220.129121761
plunging! t_interp:  8230220.131258385 t_traj:  8230220.131050356
plunging! t_interp:  8230220.131258385 t_traj:  8230220.130921328
plunging! t_interp:  8230220.131258385 t_traj:  8230220.130718851
plunging! t_interp:  8230220.131258385 t_traj:  8230220.130484557
plunging! t_interp:  8230220.131258385 t_traj:  8230220.131208333
plunging! t_interp:  8230220.131258385 t_traj:  8230220.131188661
plunging! t_interp:  8230220.131258385 t_traj:  8230220.131127367
plunging! t_interp:  8230220.131258385 t_traj:  8230220.131030162
plunging! t_interp:  8230220.131258385 t_traj:  8230220.131009777
plunging! t_interp:  8230220.131258385 t_traj:  8230220.130984511
plunging! t_interp:  8230220.131258385 t_traj:  8230220.131193566
plunging! t_interp:  8230220.131258385 t_traj:  8230220.131193366
plunging! t_interp:  8230220.131258385 t_traj:  8230220.131169215
plunging! t_interp:  8230220.131258385 t_traj:  8230220.13124726
plunging! t_interp:  8230220.131258385 t_traj:  8230220.131224686
plunging! t_interp:  8230220.131258385 t_traj:  8230220.1312410785
plunging! t_interp:  8230220.131258385 t_traj:  8230220.131242614
plunging! t_interp:  8230220.131258385 t_traj:  8230220.131226923
plunging! t_interp:  8230220.131258385 t_traj:  8230220.131251506
plunging! t_interp:  8230220.131258385 t_traj:  8230220.13099646
plunging! t_interp:  8230220.131258385 t_traj:  8230220.13098567
plunging! t_interp:  8230220.131258385 t_traj:  8230220.131227419
plunging! t_interp:  8230220.131258385 t_traj:  8230220.131248303
plunging! t_interp:  8230220.131258385 t_traj:  8230220.131225101
plunging! t_interp:  8230220.131258385 t_traj:  8230220.131235875
Time taken to compute stable deltas is 100.50446081161499 seconds
calculating Fisher matrix...
plunging! t_interp:  8230220.131258385 t_traj:  8230219.601170272
plunging! t_interp:  8230220.131258385 t_traj:  8230219.733692297
plunging! t_interp:  8230220.131258385 t_traj:  8230219.8662143275
plunging! t_interp:  8230220.131258385 t_traj:  8230219.9987363545
plunging! t_interp:  8230220.131258385 t_traj:  8230219.943959651
plunging! t_interp:  8230220.131258385 t_traj:  8230219.756660925
plunging! t_interp:  8230220.131258385 t_traj:  8230219.569362211
plunging! t_interp:  8230220.131258385 t_traj:  8230219.382063499
plunging! t_interp:  8230220.131258385 t_traj:  8230219.418422555
plunging! t_interp:  8230220.131258385 t_traj:  8230219.59665986
plunging! t_interp:  8230220.131258385 t_traj:  8230219.7748497
plunging! t_interp:  8230220.131258385 t_traj:  8230219.953060646
plunging! t_interp:  8230220.131258385 t_traj:  8230217.103174856
plunging! t_interp:  8230220.131258385 t_traj:  8230217.860183227
plunging! t_interp:  8230220.131258385 t_traj:  8230218.617202724
plunging! t_interp:  8230220.131258385 t_traj:  8230219.374208644
plunging! t_interp:  8230220.131258385 t_traj:  8230219.365590856
plunging! t_interp:  8230220.131258385 t_traj:  8230219.557046186
plunging! t_interp:  8230220.131258385 t_traj:  8230219.748222803
plunging! t_interp:  8230220.131258385 t_traj:  8230219.939868417
plunging! t_interp:  8230220.131258385 t_traj:  8230220.070041308
plunging! t_interp:  8230220.131258385 t_traj:  8230220.008819417
plunging! t_interp:  8230220.131258385 t_traj:  8230219.947567651
plunging! t_interp:  8230220.131258385 t_traj:  8230219.886352261
plunging! t_interp:  8230220.131258385 t_traj:  8230220.118954976
plunging! t_interp:  8230220.131258385 t_traj:  8230220.106734009
plunging! t_interp:  8230220.131258385 t_traj:  8230220.094467872
plunging! t_interp:  8230220.131258385 t_traj:  8230220.082161584
Finished derivatives
Calculated Fisher is *atleast* positive-definite.
Time taken to compute FM is 9.045764923095703 seconds
    CV from_0PA#1 it   0 lam=7.8e-01 ov=0.9934510 chi2=1.536e+03 rel=1.0e-03
Body is not plunging, Fisher should be stable.
waveform shape: (3, 6311629)
Computing SNR for parameters: (np.float64(1001761.9922743476), np.float64(4995.112851842721), np.float64(0.7039622915446204), np.float64(24.967458159421398), np.float64(0.24979844446591679), 1.0, 12.0, np.float64(0.7864649736970518), np.float64(1.004277068294145), 1.0, 1.0471975511965976, np.float64(0.9915829172488124), 0.5, np.float64(0.6329950430289654), 0.95, False, False, False, True, 0.0, 0.0, np.float64(-1.1479765764054908e-06), np.float64(-2.115674144470412e-05))
Waveform Generated. SNR: 342.81957105261887
calculating Fisher matrix...
plunging! t_interp:  8230220.395977354 t_traj:  8230219.865902835
plunging! t_interp:  8230220.395977354 t_traj:  8230219.998412985
plunging! t_interp:  8230220.395977354 t_traj:  8230220.130909235
plunging! t_interp:  8230220.395977354 t_traj:  8230220.263457607
plunging! t_interp:  8230220.395977354 t_traj:  8230220.208684499
plunging! t_interp:  8230220.395977354 t_traj:  8230220.021413665
plunging! t_interp:  8230220.395977354 t_traj:  8230219.834082771
plunging! t_interp:  8230220.395977354 t_traj:  8230219.646786844
plunging! t_interp:  8230220.395977354 t_traj:  8230219.683149425
plunging! t_interp:  8230220.395977354 t_traj:  8230219.861066057
plunging! t_interp:  8230220.395977354 t_traj:  8230220.039563559
plunging! t_interp:  8230220.395977354 t_traj:  8230220.217804914
plunging! t_interp:  8230220.395977354 t_traj:  8230217.367865547
plunging! t_interp:  8230220.395977354 t_traj:  8230218.124892502
plunging! t_interp:  8230220.395977354 t_traj:  8230218.881923895
plunging! t_interp:  8230220.395977354 t_traj:  8230219.638982863
plunging! t_interp:  8230220.395977354 t_traj:  8230219.630352905
plunging! t_interp:  8230220.395977354 t_traj:  8230219.821728134
plunging! t_interp:  8230220.395977354 t_traj:  8230220.012944832
plunging! t_interp:  8230220.395977354 t_traj:  8230220.204555701
plunging! t_interp:  8230220.395977354 t_traj:  8230220.334717572
plunging! t_interp:  8230220.395977354 t_traj:  8230220.273521003
plunging! t_interp:  8230220.395977354 t_traj:  8230220.212092478
plunging! t_interp:  8230220.395977354 t_traj:  8230220.151042893
plunging! t_interp:  8230220.395977354 t_traj:  8230220.383708042
plunging! t_interp:  8230220.395977354 t_traj:  8230220.371451807
plunging! t_interp:  8230220.395977354 t_traj:  8230220.359187136
plunging! t_interp:  8230220.395977354 t_traj:  8230220.346934865
Finished derivatives
Calculated Fisher is *atleast* positive-definite.
Time taken to compute FM is 9.544795513153076 seconds
    CV from_0PA#1 it   1 lam=4.5e+01 ov=0.9934584 chi2=1.534e+03 rel=3.9e-05
Body is not plunging, Fisher should be stable.
waveform shape: (3, 6311629)
Computing SNR for parameters: (np.float64(1001761.9923048984), np.float64(4995.112851466187), np.float64(0.7039622919943985), np.float64(24.967458160249972), np.float64(0.24979844452305178), 1.0, 12.0, np.float64(0.7864692459426226), np.float64(1.004269257263039), 1.0, 1.0471975511965976, np.float64(0.9916041753636887), 0.5, np.float64(0.6328501466180506), 0.95, False, False, False, True, 0.0, 0.0, np.float64(-1.163306627641027e-06), np.float64(-2.1471534756152643e-05))
Waveform Generated. SNR: 342.8198838469538
calculating Fisher matrix...
plunging! t_interp:  8230220.399621711 t_traj:  8230219.869493683
plunging! t_interp:  8230220.399621711 t_traj:  8230220.002056896
plunging! t_interp:  8230220.399621711 t_traj:  8230220.134546798
plunging! t_interp:  8230220.399621711 t_traj:  8230220.267067811
plunging! t_interp:  8230220.399621711 t_traj:  8230220.21317991
plunging! t_interp:  8230220.399621711 t_traj:  8230220.024973356
plunging! t_interp:  8230220.399621711 t_traj:  8230219.83770934
plunging! t_interp:  8230220.399621711 t_traj:  8230219.650366795
plunging! t_interp:  8230220.399621711 t_traj:  8230219.686725545
plunging! t_interp:  8230220.399621711 t_traj:  8230219.864952254
plunging! t_interp:  8230220.399621711 t_traj:  8230220.042974479
plunging! t_interp:  8230220.399621711 t_traj:  8230220.22135928
plunging! t_interp:  8230220.399621711 t_traj:  8230217.371506716
plunging! t_interp:  8230220.399621711 t_traj:  8230218.1285012625
plunging! t_interp:  8230220.399621711 t_traj:  8230218.885514073
plunging! t_interp:  8230220.399621711 t_traj:  8230219.642364185
plunging! t_interp:  8230220.399621711 t_traj:  8230219.63396316
plunging! t_interp:  8230220.399621711 t_traj:  8230219.825344786
plunging! t_interp:  8230220.399621711 t_traj:  8230220.016747481
plunging! t_interp:  8230220.399621711 t_traj:  8230220.2081784895
plunging! t_interp:  8230220.399621711 t_traj:  8230220.33833596
plunging! t_interp:  8230220.399621711 t_traj:  8230220.277114601
plunging! t_interp:  8230220.399621711 t_traj:  8230220.215956075
plunging! t_interp:  8230220.399621711 t_traj:  8230220.154492412
plunging! t_interp:  8230220.399621711 t_traj:  8230220.38735428
plunging! t_interp:  8230220.399621711 t_traj:  8230220.375083733
plunging! t_interp:  8230220.399621711 t_traj:  8230220.362788158
plunging! t_interp:  8230220.399621711 t_traj:  8230220.350541033
Finished derivatives
Calculated Fisher is *atleast* positive-definite.
Time taken to compute FM is 9.55833888053894 seconds
    CV from_0PA#1 it   2 lam=1.5e+04 ov=0.9934586 chi2=1.534e+03 rel=9.6e-08
Body is not plunging, Fisher should be stable.
waveform shape: (3, 6311629)
Computing SNR for parameters: (np.float64(1001761.9923049313), np.float64(4995.112851465781), np.float64(0.7039622919948822), np.float64(24.967458160250406), np.float64(0.24979844452311287), 1.0, 12.0, np.float64(0.7864692505470597), np.float64(1.0042692486620992), 1.0, 1.0471975511965976, np.float64(0.9916041982589386), 0.5, np.float64(0.6328499902145249), 0.95, False, False, False, True, 0.0, 0.0, np.float64(-1.163323115207323e-06), np.float64(-2.1471871550336212e-05))
Waveform Generated. SNR: 342.8198836954484
calculating Fisher matrix...
plunging! t_interp:  8230220.399630594 t_traj:  8230219.869510849
plunging! t_interp:  8230220.399630594 t_traj:  8230220.002024633
plunging! t_interp:  8230220.399630594 t_traj:  8230220.134565166
plunging! t_interp:  8230220.399630594 t_traj:  8230220.267087016
plunging! t_interp:  8230220.399630594 t_traj:  8230220.212271782
plunging! t_interp:  8230220.399630594 t_traj:  8230220.024978606
plunging! t_interp:  8230220.399630594 t_traj:  8230219.837686211
plunging! t_interp:  8230220.399630594 t_traj:  8230219.650440702
plunging! t_interp:  8230220.399630594 t_traj:  8230219.68679182
plunging! t_interp:  8230220.399630594 t_traj:  8230219.8649598295
plunging! t_interp:  8230220.399630594 t_traj:  8230220.043180373
plunging! t_interp:  8230220.399630594 t_traj:  8230220.221398982
plunging! t_interp:  8230220.399630594 t_traj:  8230217.372300729
plunging! t_interp:  8230220.399630594 t_traj:  8230218.128504651
plunging! t_interp:  8230220.399630594 t_traj:  8230218.885548377
plunging! t_interp:  8230220.399630594 t_traj:  8230219.642573519
plunging! t_interp:  8230220.399630594 t_traj:  8230219.633903774
plunging! t_interp:  8230220.399630594 t_traj:  8230219.82531596
plunging! t_interp:  8230220.399630594 t_traj:  8230220.01676152
plunging! t_interp:  8230220.399630594 t_traj:  8230220.208222199
plunging! t_interp:  8230220.399630594 t_traj:  8230220.338372334
plunging! t_interp:  8230220.399630594 t_traj:  8230220.277151339
plunging! t_interp:  8230220.399630594 t_traj:  8230220.21594661
plunging! t_interp:  8230220.399630594 t_traj:  8230220.154676306
plunging! t_interp:  8230220.399630594 t_traj:  8230220.387299413
plunging! t_interp:  8230220.399630594 t_traj:  8230220.375065042
plunging! t_interp:  8230220.399630594 t_traj:  8230220.36277277
plunging! t_interp:  8230220.399630594 t_traj:  8230220.350519778
Finished derivatives
Calculated Fisher is *atleast* positive-definite.
Time taken to compute FM is 9.451501846313477 seconds
    CV from_0PA#1 it   3 lam=1.1e+10 ov=0.9934586 chi2=1.534e+03 rel=1.7e-11
    NM  nfev=1262 ov 0.9934586 -> 0.9938995 (accepted=True)
Body is not plunging, Fisher should be stable.
waveform shape: (3, 6311629)
Computing SNR for parameters: (np.float64(1001762.7055835425), np.float64(4995.125401114463), np.float64(0.7039619253723404), np.float64(24.967473264643406), np.float64(0.2497984258881201), 1.0, 12.0, np.float64(0.7874601093510156), np.float64(1.0043793366815748), 1.0, 1.0471975511965976, np.float64(0.9887781919089447), 0.5, np.float64(0.6647281938916391), 0.95, False, False, False, True, 0.0, 0.0, np.float64(0.00016553223913153817), np.float64(0.01215812319638289))
Waveform Generated. SNR: 343.15766580364823
calculating stable deltas...
plunging! t_interp:  8230219.994465438 t_traj:  8223686.113515717
plunging! t_interp:  8230219.994465438 t_traj:  8225319.340533949
plunging! t_interp:  8230219.994465438 t_traj:  8226952.730420252
plunging! t_interp:  8230219.994465438 t_traj:  8228586.280978419
plunging! t_interp:  8230219.994465438 t_traj:  8227925.528009516
plunging! t_interp:  8230219.994465438 t_traj:  8228499.114613157
plunging! t_interp:  8230219.994465438 t_traj:  8229072.720992955
plunging! t_interp:  8230219.994465438 t_traj:  8229646.347668222
plunging! t_interp:  8230219.994465438 t_traj:  8229414.326839915
plunging! t_interp:  8230219.994465438 t_traj:  8229615.740070931
plunging! t_interp:  8230219.994465438 t_traj:  8229817.155732078
plunging! t_interp:  8230219.994465438 t_traj:  8230018.573587481
plunging! t_interp:  8230219.994465438 t_traj:  8229937.104433926
plunging! t_interp:  8230219.994465438 t_traj:  8230007.826606129
plunging! t_interp:  8230219.994465438 t_traj:  8230078.548939983
plunging! t_interp:  8230219.994465438 t_traj:  8230149.271547864
plunging! t_interp:  8230219.994465438 t_traj:  8230120.665867738
plunging! t_interp:  8230219.994465438 t_traj:  8230145.497987194
plunging! t_interp:  8230219.994465438 t_traj:  8230170.33006311
plunging! t_interp:  8230219.994465438 t_traj:  8230195.161956929
plunging! t_interp:  8230219.994465438 t_traj:  8230185.118257502
plunging! t_interp:  8230219.994465438 t_traj:  8230193.837296429
plunging! t_interp:  8230219.994465438 t_traj:  8230202.556365066
plunging! t_interp:  8230219.994465438 t_traj:  8230211.275092308
plunging! t_interp:  8230219.994465438 t_traj:  8230207.748465792
plunging! t_interp:  8230219.994465438 t_traj:  8230210.810177687
plunging! t_interp:  8230219.994465438 t_traj:  8230213.871587579
plunging! t_interp:  8230219.994465438 t_traj:  8230216.933013285
plunging! t_interp:  8230219.994465438 t_traj:  8230215.694735841
plunging! t_interp:  8230219.994465438 t_traj:  8230216.7696929
plunging! t_interp:  8230219.994465438 t_traj:  8230217.844651548
plunging! t_interp:  8230219.994465438 t_traj:  8230218.919570366
plunging! t_interp:  8230219.994465438 t_traj:  8230218.484725682
plunging! t_interp:  8230219.994465438 t_traj:  8230218.862210694
plunging! t_interp:  8230219.994465438 t_traj:  8230219.239642051
plunging! t_interp:  8230219.994465438 t_traj:  8230219.617038607
plunging! t_interp:  8230219.994465438 t_traj:  8230219.464395703
plunging! t_interp:  8230219.994465438 t_traj:  8230219.5969000915
plunging! t_interp:  8230219.994465438 t_traj:  8230219.729397829
plunging! t_interp:  8230219.994465438 t_traj:  8230219.861914113
plunging! t_interp:  8230219.994465438 t_traj:  8230219.808339452
plunging! t_interp:  8230219.994465438 t_traj:  8230219.854863392
plunging! t_interp:  8230219.994465438 t_traj:  8230219.901404514
plunging! t_interp:  8230219.994465438 t_traj:  8230219.947913251
plunging! t_interp:  8230219.994465438 t_traj:  8230219.929112793
plunging! t_interp:  8230219.994465438 t_traj:  8230219.945450061
plunging! t_interp:  8230219.994465438 t_traj:  8230219.96170707
plunging! t_interp:  8230219.994465438 t_traj:  8230219.978099414
plunging! t_interp:  8230219.994465438 t_traj:  8229409.302960344
plunging! t_interp:  8230219.994465438 t_traj:  8228598.773586715
plunging! t_interp:  8230219.994465438 t_traj:  8227788.406264124
plunging! t_interp:  8230219.994465438 t_traj:  8226978.200716924
plunging! t_interp:  8230219.994465438 t_traj:  8229935.326705905
plunging! t_interp:  8230219.994465438 t_traj:  8229650.678849939
plunging! t_interp:  8230219.994465438 t_traj:  8229366.051003619
plunging! t_interp:  8230219.994465438 t_traj:  8229081.442867303
plunging! t_interp:  8230219.994465438 t_traj:  8230120.039893217
plunging! t_interp:  8230219.994465438 t_traj:  8230020.087759434
plunging! t_interp:  8230219.994465438 t_traj:  8229920.138872359
plunging! t_interp:  8230219.994465438 t_traj:  8229820.190866591
plunging! t_interp:  8230219.994465438 t_traj:  8230184.898176674
plunging! t_interp:  8230219.994465438 t_traj:  8230149.802262542
plunging! t_interp:  8230219.994465438 t_traj:  8230114.706581777
plunging! t_interp:  8230219.994465438 t_traj:  8230079.611242448
plunging! t_interp:  8230219.994465438 t_traj:  8230207.671460933
plunging! t_interp:  8230219.994465438 t_traj:  8230195.34852718
plunging! t_interp:  8230219.994465438 t_traj:  8230183.025303433
plunging! t_interp:  8230219.994465438 t_traj:  8230170.702674412
plunging! t_interp:  8230219.994465438 t_traj:  8230215.667313184
plunging! t_interp:  8230219.994465438 t_traj:  8230211.340806808
plunging! t_interp:  8230219.994465438 t_traj:  8230207.01391474
plunging! t_interp:  8230219.994465438 t_traj:  8230202.687143475
plunging! t_interp:  8230219.994465438 t_traj:  8230218.475206247
plunging! t_interp:  8230219.994465438 t_traj:  8230216.955973504
plunging! t_interp:  8230219.994465438 t_traj:  8230215.436756567
plunging! t_interp:  8230219.994465438 t_traj:  8230213.917237641
plunging! t_interp:  8230219.994465438 t_traj:  8230219.461063885
plunging! t_interp:  8230219.994465438 t_traj:  8230218.927638586
plunging! t_interp:  8230219.994465438 t_traj:  8230218.394173453
plunging! t_interp:  8230219.994465438 t_traj:  8230217.860709909
plunging! t_interp:  8230219.994465438 t_traj:  8230219.807167362
plunging! t_interp:  8230219.994465438 t_traj:  8230219.619899564
plunging! t_interp:  8230219.994465438 t_traj:  8230219.432596965
plunging! t_interp:  8230219.994465438 t_traj:  8230219.245240706
plunging! t_interp:  8230219.994465438 t_traj:  8230219.928671962
plunging! t_interp:  8230219.994465438 t_traj:  8230219.862913534
plunging! t_interp:  8230219.994465438 t_traj:  8230219.797173648
plunging! t_interp:  8230219.994465438 t_traj:  8230219.7314271135
plunging! t_interp:  8230219.994465438 t_traj:  8230219.971353213
plunging! t_interp:  8230219.994465438 t_traj:  8230219.948284443
plunging! t_interp:  8230219.994465438 t_traj:  8230219.925183277
plunging! t_interp:  8230219.994465438 t_traj:  8230219.9020993
plunging! t_interp:  8230219.994465438 t_traj:  8230219.986329636
plunging! t_interp:  8230219.994465438 t_traj:  8230219.978167509
plunging! t_interp:  8230219.994465438 t_traj:  8230219.970140719
plunging! t_interp:  8230219.994465438 t_traj:  8230219.962033669
plunging! t_interp:  8230219.994465438 t_traj:  8229839.5686575
plunging! t_interp:  8230219.994465438 t_traj:  8229934.67611718
plunging! t_interp:  8230219.994465438 t_traj:  8230029.7828915855
plunging! t_interp:  8230219.994465438 t_traj:  8230124.889005227
plunging! t_interp:  8230219.994465438 t_traj:  8230086.420874933
plunging! t_interp:  8230219.994465438 t_traj:  8230119.814396557
plunging! t_interp:  8230219.994465438 t_traj:  8230153.207846522
plunging! t_interp:  8230219.994465438 t_traj:  8230186.600880417
plunging! t_interp:  8230219.994465438 t_traj:  8230173.09440681
plunging! t_interp:  8230219.994465438 t_traj:  8230184.8202115735
plunging! t_interp:  8230219.994465438 t_traj:  8230196.544421165
plunging! t_interp:  8230219.994465438 t_traj:  8230208.269467589
plunging! t_interp:  8230219.994465438 t_traj:  8230203.526962407
plunging! t_interp:  8230219.994465438 t_traj:  8230207.643850038
plunging! t_interp:  8230219.994465438 t_traj:  8230211.760711246
plunging! t_interp:  8230219.994465438 t_traj:  8230215.877596096
plunging! t_interp:  8230219.994465438 t_traj:  8230214.212423186
plunging! t_interp:  8230219.994465438 t_traj:  8230215.657909549
plunging! t_interp:  8230219.994465438 t_traj:  8230217.103139413
plunging! t_interp:  8230219.994465438 t_traj:  8230218.548989663
plunging! t_interp:  8230219.994465438 t_traj:  8230217.96423262
plunging! t_interp:  8230219.994465438 t_traj:  8230218.471821116
plunging! t_interp:  8230219.994465438 t_traj:  8230218.97937748
plunging! t_interp:  8230219.994465438 t_traj:  8230219.486947019
plunging! t_interp:  8230219.994465438 t_traj:  8230219.281607658
plunging! t_interp:  8230219.994465438 t_traj:  8230219.459827474
plunging! t_interp:  8230219.994465438 t_traj:  8230219.638039153
plunging! t_interp:  8230219.994465438 t_traj:  8230219.816252892
plunging! t_interp:  8230219.994465438 t_traj:  8230219.744162914
plunging! t_interp:  8230219.994465438 t_traj:  8230219.806753371
plunging! t_interp:  8230219.994465438 t_traj:  8230219.869302264
plunging! t_interp:  8230219.994465438 t_traj:  8230219.931866734
plunging! t_interp:  8230219.994465438 t_traj:  8230219.906559552
plunging! t_interp:  8230219.994465438 t_traj:  8230219.9285522355
plunging! t_interp:  8230219.994465438 t_traj:  8230219.950537326
plunging! t_interp:  8230219.994465438 t_traj:  8230219.972496731
plunging! t_interp:  8230219.994465438 t_traj:  8230219.963617616
plunging! t_interp:  8230219.994465438 t_traj:  8230219.97132623
plunging! t_interp:  8230219.994465438 t_traj:  8230219.979056084
plunging! t_interp:  8230219.994465438 t_traj:  8230219.986734217
plunging! t_interp:  8230219.994465438 t_traj:  8230219.9836407555
plunging! t_interp:  8230219.994465438 t_traj:  8230219.986346424
plunging! t_interp:  8230219.994465438 t_traj:  8230219.989050171
plunging! t_interp:  8230219.994465438 t_traj:  8230219.991766942
plunging! t_interp:  8230219.994465438 t_traj:  8230219.990661501
plunging! t_interp:  8230219.994465438 t_traj:  8230219.991613327
plunging! t_interp:  8230219.994465438 t_traj:  8230219.9925607955
plunging! t_interp:  8230219.994465438 t_traj:  8230219.993527366
plunging! t_interp:  8230219.994465438 t_traj:  8217119.7758279815
plunging! t_interp:  8230219.994465438 t_traj:  8220393.370572065
plunging! t_interp:  8230219.994465438 t_traj:  8223667.938630588
plunging! t_interp:  8230219.994465438 t_traj:  8226943.47978712
plunging! t_interp:  8230219.994465438 t_traj:  8225618.482507237
plunging! t_interp:  8230219.994465438 t_traj:  8226768.680489218
plunging! t_interp:  8230219.994465438 t_traj:  8227918.99844965
plunging! t_interp:  8230219.994465438 t_traj:  8229069.4364750665
plunging! t_interp:  8230219.994465438 t_traj:  8228604.096618386
plunging! t_interp:  8230219.994465438 t_traj:  8229008.048933488
plunging! t_interp:  8230219.994465438 t_traj:  8229412.015935693
plunging! t_interp:  8230219.994465438 t_traj:  8229815.997803461
plunging! t_interp:  8230219.994465438 t_traj:  8229652.594772046
plunging! t_interp:  8230219.994465438 t_traj:  8229794.441965545
plunging! t_interp:  8230219.994465438 t_traj:  8229936.290946056
plunging! t_interp:  8230219.994465438 t_traj:  8230078.141796384
plunging! t_interp:  8230219.994465438 t_traj:  8230020.76626906
plunging! t_interp:  8230219.994465438 t_traj:  8230070.572975775
plunging! t_interp:  8230219.994465438 t_traj:  8230120.379899736
plunging! t_interp:  8230219.994465438 t_traj:  8230170.187035201
plunging! t_interp:  8230219.994465438 t_traj:  8230150.041155048
plunging! t_interp:  8230219.994465438 t_traj:  8230167.529465201
plunging! t_interp:  8230219.994465438 t_traj:  8230185.0177495135
plunging! t_interp:  8230219.994465438 t_traj:  8230202.506109224
plunging! t_interp:  8230219.994465438 t_traj:  8230195.43245274
plunging! t_interp:  8230219.994465438 t_traj:  8230201.572943212
plunging! t_interp:  8230219.994465438 t_traj:  8230207.71345007
plunging! t_interp:  8230219.994465438 t_traj:  8230213.85486433
plunging! t_interp:  8230219.994465438 t_traj:  8230211.370281616
plunging! t_interp:  8230219.994465438 t_traj:  8230213.526307853
plunging! t_interp:  8230219.994465438 t_traj:  8230215.682413065
plunging! t_interp:  8230219.994465438 t_traj:  8230217.838419121
plunging! t_interp:  8230219.994465438 t_traj:  8230216.966325059
plunging! t_interp:  8230219.994465438 t_traj:  8230217.723371939
plunging! t_interp:  8230219.994465438 t_traj:  8230218.48041845
plunging! t_interp:  8230219.994465438 t_traj:  8230219.237412131
plunging! t_interp:  8230219.994465438 t_traj:  8230218.931217964
plunging! t_interp:  8230219.994465438 t_traj:  8230219.197044257
plunging! t_interp:  8230219.994465438 t_traj:  8230219.4628887735
plunging! t_interp:  8230219.994465438 t_traj:  8230219.728665435
plunging! t_interp:  8230219.994465438 t_traj:  8230219.621112766
plunging! t_interp:  8230219.994465438 t_traj:  8230219.714480222
plunging! t_interp:  8230219.994465438 t_traj:  8230219.807795277
plunging! t_interp:  8230219.994465438 t_traj:  8230219.901165214
plunging! t_interp:  8230219.994465438 t_traj:  8230219.863412589
plunging! t_interp:  8230219.994465438 t_traj:  8230219.896158957
plunging! t_interp:  8230219.994465438 t_traj:  8230219.928721135
plunging! t_interp:  8230219.994465438 t_traj:  8230219.961707988
plunging! t_interp:  8230219.994465438 t_traj:  8230076.566006629
plunging! t_interp:  8230219.994465438 t_traj:  8230112.415493776
plunging! t_interp:  8230219.994465438 t_traj:  8230148.270074291
plunging! t_interp:  8230219.994465438 t_traj:  8230184.130494087
plunging! t_interp:  8230219.994465438 t_traj:  8230169.624746447
plunging! t_interp:  8230219.994465438 t_traj:  8230182.21624236
plunging! t_interp:  8230219.994465438 t_traj:  8230194.808326388
plunging! t_interp:  8230219.994465438 t_traj:  8230207.401078435
plunging! t_interp:  8230219.994465438 t_traj:  8230202.30757874
plunging! t_interp:  8230219.994465438 t_traj:  8230206.729182269
plunging! t_interp:  8230219.994465438 t_traj:  8230211.150835846
plunging! t_interp:  8230219.994465438 t_traj:  8230215.572665363
plunging! t_interp:  8230219.994465438 t_traj:  8230213.784110295
plunging! t_interp:  8230219.994465438 t_traj:  8230215.336677074
plunging! t_interp:  8230219.994465438 t_traj:  8230216.889309473
plunging! t_interp:  8230219.994465438 t_traj:  8230218.4418948805
plunging! t_interp:  8230219.994465438 t_traj:  8230217.813877249
plunging! t_interp:  8230219.994465438 t_traj:  8230218.359026984
plunging! t_interp:  8230219.994465438 t_traj:  8230218.904180079
plunging! t_interp:  8230219.994465438 t_traj:  8230219.449295615
plunging! t_interp:  8230219.994465438 t_traj:  8230219.229596988
plunging! t_interp:  8230219.994465438 t_traj:  8230219.419928354
plunging! t_interp:  8230219.994465438 t_traj:  8230219.611669181
plunging! t_interp:  8230219.994465438 t_traj:  8230219.803065108
plunging! t_interp:  8230219.994465438 t_traj:  8230219.725633509
plunging! t_interp:  8230219.994465438 t_traj:  8230219.7928516865
plunging! t_interp:  8230219.994465438 t_traj:  8230219.860021485
plunging! t_interp:  8230219.994465438 t_traj:  8230219.927281634
plunging! t_interp:  8230219.994465438 t_traj:  8230219.900059284
plunging! t_interp:  8230219.994465438 t_traj:  8230219.923687419
plunging! t_interp:  8230219.994465438 t_traj:  8230219.947281443
plunging! t_interp:  8230219.994465438 t_traj:  8230219.970902106
plunging! t_interp:  8230219.994465438 t_traj:  8230219.961350285
plunging! t_interp:  8230219.994465438 t_traj:  8230219.969612664
plunging! t_interp:  8230219.994465438 t_traj:  8230219.977893491
plunging! t_interp:  8230219.994465438 t_traj:  8230219.9861811865
plunging! t_interp:  8230219.994465438 t_traj:  8230219.982813201
plunging! t_interp:  8230219.994465438 t_traj:  8230219.98572295
plunging! t_interp:  8230219.994465438 t_traj:  8230219.988678542
plunging! t_interp:  8230219.994465438 t_traj:  8230219.991557812
plunging! t_interp:  8230219.994465438 t_traj:  8230219.990400821
plunging! t_interp:  8230219.994465438 t_traj:  8230219.991371124
plunging! t_interp:  8230219.994465438 t_traj:  8230219.992394549
plunging! t_interp:  8230219.994465438 t_traj:  8230219.993443443
plunging! t_interp:  8230219.994465438 t_traj:  8230219.993041773
plunging! t_interp:  8230219.994465438 t_traj:  8230219.993363427
plunging! t_interp:  8230219.994465438 t_traj:  8230219.993750843
plunging! t_interp:  8230219.994465438 t_traj:  8230219.9940719595
plunging! t_interp:  8230219.994465438 t_traj:  8230219.327662835
plunging! t_interp:  8230219.994465438 t_traj:  8230218.660825044
plunging! t_interp:  8230219.994465438 t_traj:  8230217.994031896
plunging! t_interp:  8230219.994465438 t_traj:  8230217.3272004435
plunging! t_interp:  8230219.994465438 t_traj:  8230219.7603069395
plunging! t_interp:  8230219.994465438 t_traj:  8230219.526212867
plunging! t_interp:  8230219.994465438 t_traj:  8230219.292072054
plunging! t_interp:  8230219.994465438 t_traj:  8230219.057919173
plunging! t_interp:  8230219.994465438 t_traj:  8230219.912234068
plunging! t_interp:  8230219.994465438 t_traj:  8230219.83005554
plunging! t_interp:  8230219.994465438 t_traj:  8230219.747855172
plunging! t_interp:  8230219.994465438 t_traj:  8230219.665603505
plunging! t_interp:  8230219.994465438 t_traj:  8230219.965641744
plunging! t_interp:  8230219.994465438 t_traj:  8230219.936708852
plunging! t_interp:  8230219.994465438 t_traj:  8230219.907871282
plunging! t_interp:  8230219.994465438 t_traj:  8230219.878994482
plunging! t_interp:  8230219.994465438 t_traj:  8230219.984372801
plunging! t_interp:  8230219.994465438 t_traj:  8230219.974202396
plunging! t_interp:  8230219.994465438 t_traj:  8230219.964046584
plunging! t_interp:  8230219.994465438 t_traj:  8230219.953907052
plunging! t_interp:  8230219.994465438 t_traj:  8230219.990881056
plunging! t_interp:  8230219.994465438 t_traj:  8230219.987334306
plunging! t_interp:  8230219.994465438 t_traj:  8230219.9837921085
plunging! t_interp:  8230219.994465438 t_traj:  8230219.980225419
plunging! t_interp:  8230219.994465438 t_traj:  8230219.993208913
plunging! t_interp:  8230219.994465438 t_traj:  8230219.991957251
plunging! t_interp:  8230219.994465438 t_traj:  8230219.990710078
plunging! t_interp:  8230219.994465438 t_traj:  8230219.989222405
plunging! t_interp:  8230219.994465438 t_traj:  8230219.994031534
plunging! t_interp:  8230219.994465438 t_traj:  8230219.993586282
plunging! t_interp:  8230219.994465438 t_traj:  8230219.993122053
plunging! t_interp:  8230219.994465438 t_traj:  8230219.992723356
plunging! t_interp:  8230219.994465438 t_traj:  8230219.994299152
plunging! t_interp:  8230219.994465438 t_traj:  8230219.994169987
plunging! t_interp:  8230219.994465438 t_traj:  8230219.99399604
plunging! t_interp:  8230219.994465438 t_traj:  8230219.993886097
plunging! t_interp:  8230219.994465438 t_traj:  8230219.994409718
plunging! t_interp:  8230219.994465438 t_traj:  8230219.994301461
plunging! t_interp:  8230219.994465438 t_traj:  8230219.994260787
plunging! t_interp:  8230219.994465438 t_traj:  8230219.994458612
plunging! t_interp:  8230219.994465438 t_traj:  8230219.994231908
plunging! t_interp:  8230219.994465438 t_traj:  8230219.994441832
plunging! t_interp:  8230219.994465438 t_traj:  8230219.99439593
plunging! t_interp:  8230219.994465438 t_traj:  8230219.994462271
plunging! t_interp:  8230219.994465438 t_traj:  8230219.994206537
plunging! t_interp:  8230219.994465438 t_traj:  8230219.994209941
plunging! t_interp:  8230219.994465438 t_traj:  8230219.994463014
plunging! t_interp:  8230219.994465438 t_traj:  8230219.994448942
plunging! t_interp:  8230219.994465438 t_traj:  8230219.569612263
plunging! t_interp:  8230219.994465438 t_traj:  8230219.14478113
plunging! t_interp:  8230219.994465438 t_traj:  8230218.7199343
plunging! t_interp:  8230219.994465438 t_traj:  8230218.29511155
plunging! t_interp:  8230219.994465438 t_traj:  8230219.845285343
plunging! t_interp:  8230219.994465438 t_traj:  8230219.696163348
plunging! t_interp:  8230219.994465438 t_traj:  8230219.546820036
plunging! t_interp:  8230219.994465438 t_traj:  8230219.397789959
plunging! t_interp:  8230219.994465438 t_traj:  8230219.942090066
plunging! t_interp:  8230219.994465438 t_traj:  8230219.8896851875
plunging! t_interp:  8230219.994465438 t_traj:  8230219.837305266
plunging! t_interp:  8230219.994465438 t_traj:  8230219.784965986
plunging! t_interp:  8230219.994465438 t_traj:  8230219.975815372
plunging! t_interp:  8230219.994465438 t_traj:  8230219.958492866
plunging! t_interp:  8230219.994465438 t_traj:  8230219.939298563
plunging! t_interp:  8230219.994465438 t_traj:  8230219.920916047
plunging! t_interp:  8230219.994465438 t_traj:  8230219.988048224
plunging! t_interp:  8230219.994465438 t_traj:  8230219.981548675
plunging! t_interp:  8230219.994465438 t_traj:  8230219.975091969
plunging! t_interp:  8230219.994465438 t_traj:  8230219.968388267
plunging! t_interp:  8230219.994465438 t_traj:  8230219.991948299
plunging! t_interp:  8230219.994465438 t_traj:  8230219.989950216
plunging! t_interp:  8230219.994465438 t_traj:  8230219.98764179
plunging! t_interp:  8230219.994465438 t_traj:  8230219.985188438
plunging! t_interp:  8230219.994465438 t_traj:  8230219.99363719
plunging! t_interp:  8230219.994465438 t_traj:  8230219.99289429
plunging! t_interp:  8230219.994465438 t_traj:  8230219.99280872
plunging! t_interp:  8230219.994465438 t_traj:  8230219.991284691
plunging! t_interp:  8230219.994465438 t_traj:  8230219.994162033
plunging! t_interp:  8230219.994465438 t_traj:  8230219.993907237
plunging! t_interp:  8230219.994465438 t_traj:  8230219.993637892
plunging! t_interp:  8230219.994465438 t_traj:  8230219.993379162
plunging! t_interp:  8230219.994465438 t_traj:  8230219.994374752
plunging! t_interp:  8230219.994465438 t_traj:  8230219.994203643
plunging! t_interp:  8230219.994465438 t_traj:  8230219.994045077
plunging! t_interp:  8230219.994465438 t_traj:  8230219.994132925
plunging! t_interp:  8230219.994465438 t_traj:  8230219.994422126
plunging! t_interp:  8230219.994465438 t_traj:  8230219.994364964
plunging! t_interp:  8230219.994465438 t_traj:  8230219.994348326
plunging! t_interp:  8230219.994465438 t_traj:  8230219.994455551
plunging! t_interp:  8230219.994465438 t_traj:  8230219.994440329
plunging! t_interp:  8230219.994465438 t_traj:  8230219.994390919
plunging! t_interp:  8230219.994465438 t_traj:  8230219.994345936
plunging! t_interp:  8230219.994465438 t_traj:  8230219.994459145
Time taken to compute stable deltas is 95.79613018035889 seconds
calculating Fisher matrix...
plunging! t_interp:  8230219.994465438 t_traj:  8230218.484725682
plunging! t_interp:  8230219.994465438 t_traj:  8230218.862210694
plunging! t_interp:  8230219.994465438 t_traj:  8230219.239642051
plunging! t_interp:  8230219.994465438 t_traj:  8230219.617038607
plunging! t_interp:  8230219.994465438 t_traj:  8230219.807167362
plunging! t_interp:  8230219.994465438 t_traj:  8230219.619899564
plunging! t_interp:  8230219.994465438 t_traj:  8230219.432596965
plunging! t_interp:  8230219.994465438 t_traj:  8230219.245240706
plunging! t_interp:  8230219.994465438 t_traj:  8230219.281607658
plunging! t_interp:  8230219.994465438 t_traj:  8230219.459827474
plunging! t_interp:  8230219.994465438 t_traj:  8230219.638039153
plunging! t_interp:  8230219.994465438 t_traj:  8230219.816252892
plunging! t_interp:  8230219.994465438 t_traj:  8230218.931217964
plunging! t_interp:  8230219.994465438 t_traj:  8230219.197044257
plunging! t_interp:  8230219.994465438 t_traj:  8230219.4628887735
plunging! t_interp:  8230219.994465438 t_traj:  8230219.728665435
plunging! t_interp:  8230219.994465438 t_traj:  8230219.229596988
plunging! t_interp:  8230219.994465438 t_traj:  8230219.419928354
plunging! t_interp:  8230219.994465438 t_traj:  8230219.611669181
plunging! t_interp:  8230219.994465438 t_traj:  8230219.803065108
plunging! t_interp:  8230219.994465438 t_traj:  8230219.7603069395
plunging! t_interp:  8230219.994465438 t_traj:  8230219.526212867
plunging! t_interp:  8230219.994465438 t_traj:  8230219.292072054
plunging! t_interp:  8230219.994465438 t_traj:  8230219.057919173
plunging! t_interp:  8230219.994465438 t_traj:  8230219.845285343
plunging! t_interp:  8230219.994465438 t_traj:  8230219.696163348
plunging! t_interp:  8230219.994465438 t_traj:  8230219.546820036
plunging! t_interp:  8230219.994465438 t_traj:  8230219.397789959
Finished derivatives
Calculated Fisher is *atleast* positive-definite.
Time taken to compute FM is 8.57646918296814 seconds
    CV from_0PA#2 it   0 lam=1.1e+02 ov=0.9938995 chi2=1.433e+03 rel=3.4e-05
Body is not plunging, Fisher should be stable.
waveform shape: (3, 6311629)
Computing SNR for parameters: (np.float64(1001762.7056043975), np.float64(4995.125400870171), np.float64(0.7039619256863485), np.float64(24.96747326491326), np.float64(0.24979842602329128), 1.0, 12.0, np.float64(0.787459929893328), np.float64(1.0043785745655769), 1.0, 1.0471975511965976, np.float64(0.9887775093510345), 0.5, np.float64(0.6646799014430436), 0.95, False, False, False, True, 0.0, 0.0, np.float64(0.00016552233312014055), np.float64(0.012157607952808434))
Waveform Generated. SNR: 343.157539152503
calculating Fisher matrix...
plunging! t_interp:  8230219.996730486 t_traj:  8230218.487026562
plunging! t_interp:  8230219.996730486 t_traj:  8230218.864458525
plunging! t_interp:  8230219.996730486 t_traj:  8230219.24190585
plunging! t_interp:  8230219.996730486 t_traj:  8230219.6193302
plunging! t_interp:  8230219.996730486 t_traj:  8230219.809458956
plunging! t_interp:  8230219.996730486 t_traj:  8230219.622163358
plunging! t_interp:  8230219.996730486 t_traj:  8230219.434844792
plunging! t_interp:  8230219.996730486 t_traj:  8230219.247541586
plunging! t_interp:  8230219.996730486 t_traj:  8230219.283944581
plunging! t_interp:  8230219.996730486 t_traj:  8230219.462135236
plunging! t_interp:  8230219.996730486 t_traj:  8230219.640302371
plunging! t_interp:  8230219.996730486 t_traj:  8230219.818581114
plunging! t_interp:  8230219.996730486 t_traj:  8230218.933535719
plunging! t_interp:  8230219.996730486 t_traj:  8230219.199307343
plunging! t_interp:  8230219.996730486 t_traj:  8230219.4651506785
plunging! t_interp:  8230219.996730486 t_traj:  8230219.730919456
plunging! t_interp:  8230219.996730486 t_traj:  8230219.231054672
plunging! t_interp:  8230219.996730486 t_traj:  8230219.422516898
plunging! t_interp:  8230219.996730486 t_traj:  8230219.613896416
plunging! t_interp:  8230219.996730486 t_traj:  8230219.805351836
plunging! t_interp:  8230219.996730486 t_traj:  8230219.762600159
plunging! t_interp:  8230219.996730486 t_traj:  8230219.528499634
plunging! t_interp:  8230219.996730486 t_traj:  8230219.2952177655
plunging! t_interp:  8230219.996730486 t_traj:  8230219.060269529
plunging! t_interp:  8230219.996730486 t_traj:  8230219.847553447
plunging! t_interp:  8230219.996730486 t_traj:  8230219.698455547
plunging! t_interp:  8230219.996730486 t_traj:  8230219.549227943
plunging! t_interp:  8230219.996730486 t_traj:  8230219.400049197
Finished derivatives
Calculated Fisher is *atleast* positive-definite.
Time taken to compute FM is 9.343012571334839 seconds
    CV from_0PA#2 it   1 lam=2.9e+02 ov=0.9938997 chi2=1.433e+03 rel=2.0e-05
Body is not plunging, Fisher should be stable.
waveform shape: (3, 6311629)
Computing SNR for parameters: (np.float64(1001762.70561216), np.float64(4995.125400779204), np.float64(0.7039619258032666), np.float64(24.967473265013705), np.float64(0.24979842607345512), 1.0, 12.0, np.float64(0.7874598651384467), np.float64(1.004378288358403), 1.0, 1.0471975511965976, np.float64(0.9887772645594427), 0.5, np.float64(0.6646618107470511), 0.95, False, False, False, True, 0.0, 0.0, np.float64(0.00016551864425280767), np.float64(0.012157416775340827))
Waveform Generated. SNR: 343.15756102315333
calculating Fisher matrix...
plunging! t_interp:  8230219.997606815 t_traj:  8230218.487926821
plunging! t_interp:  8230219.997606815 t_traj:  8230218.865322847
plunging! t_interp:  8230219.997606815 t_traj:  8230219.242754095
plunging! t_interp:  8230219.997606815 t_traj:  8230219.620156265
plunging! t_interp:  8230219.997606815 t_traj:  8230219.810285024
plunging! t_interp:  8230219.997606815 t_traj:  8230219.623011609
plunging! t_interp:  8230219.997606815 t_traj:  8230219.435709119
plunging! t_interp:  8230219.997606815 t_traj:  8230219.248441849
plunging! t_interp:  8230219.997606815 t_traj:  8230219.284767195
plunging! t_interp:  8230219.997606815 t_traj:  8230219.463005956
plunging! t_interp:  8230219.997606815 t_traj:  8230219.641230505
plunging! t_interp:  8230219.997606815 t_traj:  8230219.819371365
plunging! t_interp:  8230219.997606815 t_traj:  8230218.934168235
plunging! t_interp:  8230219.997606815 t_traj:  8230219.199896093
plunging! t_interp:  8230219.997606815 t_traj:  8230219.466002488
plunging! t_interp:  8230219.997606815 t_traj:  8230219.731778324
plunging! t_interp:  8230219.997606815 t_traj:  8230219.231934823
plunging! t_interp:  8230219.997606815 t_traj:  8230219.423380097
plunging! t_interp:  8230219.997606815 t_traj:  8230219.614793843
plunging! t_interp:  8230219.997606815 t_traj:  8230219.8062034855
plunging! t_interp:  8230219.997606815 t_traj:  8230219.763476214
plunging! t_interp:  8230219.997606815 t_traj:  8230219.529209328
plunging! t_interp:  8230219.997606815 t_traj:  8230219.295126734
plunging! t_interp:  8230219.997606815 t_traj:  8230219.060786782
plunging! t_interp:  8230219.997606815 t_traj:  8230219.848427757
plunging! t_interp:  8230219.997606815 t_traj:  8230219.699260912
plunging! t_interp:  8230219.997606815 t_traj:  8230219.550096998
plunging! t_interp:  8230219.997606815 t_traj:  8230219.400928259
Finished derivatives
Calculated Fisher is *atleast* positive-definite.
Time taken to compute FM is 9.335170030593872 seconds
    CV from_0PA#2 it   2 lam=5.6e+02 ov=0.9938998 chi2=1.433e+03 rel=1.3e-05
Body is not plunging, Fisher should be stable.
waveform shape: (3, 6311629)
Computing SNR for parameters: (np.float64(1001762.7056236629), np.float64(4995.125400644287), np.float64(0.7039619259761465), np.float64(24.96747326516259), np.float64(0.24979842614746733), 1.0, 12.0, np.float64(0.787459773959756), np.float64(1.004377858869375), 1.0, 1.0471975511965976, np.float64(0.9887769234859956), 0.5, np.float64(0.6646347258975166), 0.95, False, False, False, True, 0.0, 0.0, np.float64(0.00016551317208410461), np.float64(0.012157134777392858))
Waveform Generated. SNR: 343.1574387816485
calculating Fisher matrix...
plunging! t_interp:  8230219.998854702 t_traj:  8230218.489124669
plunging! t_interp:  8230219.998854702 t_traj:  8230218.866618206
plunging! t_interp:  8230219.998854702 t_traj:  8230219.244028586
plunging! t_interp:  8230219.998854702 t_traj:  8230219.621405696
plunging! t_interp:  8230219.998854702 t_traj:  8230219.811534451
plunging! t_interp:  8230219.998854702 t_traj:  8230219.6242860975
plunging! t_interp:  8230219.998854702 t_traj:  8230219.437004474
plunging! t_interp:  8230219.998854702 t_traj:  8230219.249639698
plunging! t_interp:  8230219.998854702 t_traj:  8230219.286065497
plunging! t_interp:  8230219.998854702 t_traj:  8230219.464214948
plunging! t_interp:  8230219.998854702 t_traj:  8230219.642469082
plunging! t_interp:  8230219.998854702 t_traj:  8230219.8206548225
plunging! t_interp:  8230219.998854702 t_traj:  8230218.935617609
plunging! t_interp:  8230219.998854702 t_traj:  8230219.201449907
plunging! t_interp:  8230219.998854702 t_traj:  8230219.467217828
plunging! t_interp:  8230219.998854702 t_traj:  8230219.733072692
plunging! t_interp:  8230219.998854702 t_traj:  8230219.232908421
plunging! t_interp:  8230219.998854702 t_traj:  8230219.424632288
plunging! t_interp:  8230219.998854702 t_traj:  8230219.616048858
plunging! t_interp:  8230219.998854702 t_traj:  8230219.807455223
plunging! t_interp:  8230219.998854702 t_traj:  8230219.764767217
plunging! t_interp:  8230219.998854702 t_traj:  8230219.530609289
plunging! t_interp:  8230219.998854702 t_traj:  8230219.296478703
plunging! t_interp:  8230219.998854702 t_traj:  8230219.062369092
plunging! t_interp:  8230219.998854702 t_traj:  8230219.849413967
plunging! t_interp:  8230219.998854702 t_traj:  8230219.700538197
plunging! t_interp:  8230219.998854702 t_traj:  8230219.551332291
plunging! t_interp:  8230219.998854702 t_traj:  8230219.402182846
Finished derivatives
Calculated Fisher is *atleast* positive-definite.
Time taken to compute FM is 9.34574818611145 seconds
    CV from_0PA#2 it   3 lam=3.7e+02 ov=0.9938999 chi2=1.433e+03 rel=1.3e-05
Body is not plunging, Fisher should be stable.
waveform shape: (3, 6311629)
Computing SNR for parameters: (np.float64(1001762.7056296174), np.float64(4995.125400574417), np.float64(0.7039619260660182), np.float64(24.96747326523968), np.float64(0.24979842618569106), 1.0, 12.0, np.float64(0.7874597278470269), np.float64(1.0043776342004445), 1.0, 1.0471975511965976, np.float64(0.9887767525975594), 0.5, np.float64(0.6646206371602992), 0.95, False, False, False, True, 0.0, 0.0, np.float64(0.0001655103379787702), np.float64(0.012156989169197113))
Waveform Generated. SNR: 343.15746189864706
calculating Fisher matrix...
plunging! t_interp:  8230219.999277713 t_traj:  8230218.489810211
plunging! t_interp:  8230219.999277713 t_traj:  8230218.866986356
plunging! t_interp:  8230219.999277713 t_traj:  8230219.24446592
plunging! t_interp:  8230219.999277713 t_traj:  8230219.622130639
plunging! t_interp:  8230219.999277713 t_traj:  8230219.812259395
plunging! t_interp:  8230219.999277713 t_traj:  8230219.624723434
plunging! t_interp:  8230219.999277713 t_traj:  8230219.437372627
plunging! t_interp:  8230219.999277713 t_traj:  8230219.250325236
plunging! t_interp:  8230219.999277713 t_traj:  8230219.28666702
plunging! t_interp:  8230219.999277713 t_traj:  8230219.465670645
plunging! t_interp:  8230219.999277713 t_traj:  8230219.643092271
plunging! t_interp:  8230219.999277713 t_traj:  8230219.8213093
plunging! t_interp:  8230219.999277713 t_traj:  8230218.936317332
plunging! t_interp:  8230219.999277713 t_traj:  8230219.20212834
plunging! t_interp:  8230219.999277713 t_traj:  8230219.467885967
plunging! t_interp:  8230219.999277713 t_traj:  8230219.7337084925
plunging! t_interp:  8230219.999277713 t_traj:  8230219.233854132
plunging! t_interp:  8230219.999277713 t_traj:  8230219.42528379
plunging! t_interp:  8230219.999277713 t_traj:  8230219.616687321
plunging! t_interp:  8230219.999277713 t_traj:  8230219.808092306
plunging! t_interp:  8230219.999277713 t_traj:  8230219.765373924
plunging! t_interp:  8230219.999277713 t_traj:  8230219.53126609
plunging! t_interp:  8230219.999277713 t_traj:  8230219.297095595
plunging! t_interp:  8230219.999277713 t_traj:  8230219.063022942
plunging! t_interp:  8230219.999277713 t_traj:  8230219.850096809
plunging! t_interp:  8230219.999277713 t_traj:  8230219.701174557
plunging! t_interp:  8230219.999277713 t_traj:  8230219.55199075
plunging! t_interp:  8230219.999277713 t_traj:  8230219.402852473
Finished derivatives
Calculated Fisher is *atleast* positive-definite.
Time taken to compute FM is 9.777840614318848 seconds
    CV from_0PA#2 it   4 lam=1.3e+05 ov=0.9939000 chi2=1.433e+03 rel=3.4e-06
Body is not plunging, Fisher should be stable.
waveform shape: (3, 6311629)
Computing SNR for parameters: (np.float64(1001762.7056296349), np.float64(4995.125400574212), np.float64(0.7039619260662816), np.float64(24.967473265239907), np.float64(0.2497984261858033), 1.0, 12.0, np.float64(0.787459727711471), np.float64(1.0043776335441406), 1.0, 1.0471975511965976, np.float64(0.9887767520919514), 0.5, np.float64(0.6646205958709811), 0.95, False, False, False, True, 0.0, 0.0, np.float64(0.00016551032966522161), np.float64(0.012156988741647008))
Waveform Generated. SNR: 343.1574619423464
calculating stable deltas...
plunging! t_interp:  8230219.999512274 t_traj:  8223686.118593396
plunging! t_interp:  8230219.999512274 t_traj:  8225319.345551495
plunging! t_interp:  8230219.999512274 t_traj:  8226952.734405268
plunging! t_interp:  8230219.999512274 t_traj:  8228586.28604334
plunging! t_interp:  8230219.999512274 t_traj:  8227925.533060621
plunging! t_interp:  8230219.999512274 t_traj:  8228499.119661991
plunging! t_interp:  8230219.999512274 t_traj:  8229072.726318718
plunging! t_interp:  8230219.999512274 t_traj:  8229646.35261854
plunging! t_interp:  8230219.999512274 t_traj:  8229414.331919587
plunging! t_interp:  8230219.999512274 t_traj:  8229615.7451272365
plunging! t_interp:  8230219.999512274 t_traj:  8229817.160790251
plunging! t_interp:  8230219.999512274 t_traj:  8230018.578897222
plunging! t_interp:  8230219.999512274 t_traj:  8229937.109651424
plunging! t_interp:  8230219.999512274 t_traj:  8230007.831688434
plunging! t_interp:  8230219.999512274 t_traj:  8230078.554000186
plunging! t_interp:  8230219.999512274 t_traj:  8230149.276607271
plunging! t_interp:  8230219.999512274 t_traj:  8230120.670920649
plunging! t_interp:  8230219.999512274 t_traj:  8230145.503006329
plunging! t_interp:  8230219.999512274 t_traj:  8230170.335185368
plunging! t_interp:  8230219.999512274 t_traj:  8230195.167038253
plunging! t_interp:  8230219.999512274 t_traj:  8230185.122967483
plunging! t_interp:  8230219.999512274 t_traj:  8230193.8423311785
plunging! t_interp:  8230219.999512274 t_traj:  8230202.561362152
plunging! t_interp:  8230219.999512274 t_traj:  8230211.280450243
plunging! t_interp:  8230219.999512274 t_traj:  8230207.753761269
plunging! t_interp:  8230219.999512274 t_traj:  8230210.815197297
plunging! t_interp:  8230219.999512274 t_traj:  8230213.876693317
plunging! t_interp:  8230219.999512274 t_traj:  8230216.9380872
plunging! t_interp:  8230219.999512274 t_traj:  8230215.699779711
plunging! t_interp:  8230219.999512274 t_traj:  8230216.774719556
plunging! t_interp:  8230219.999512274 t_traj:  8230217.84963721
plunging! t_interp:  8230219.999512274 t_traj:  8230218.924596735
plunging! t_interp:  8230219.999512274 t_traj:  8230218.489805362
plunging! t_interp:  8230219.999512274 t_traj:  8230218.867274976
plunging! t_interp:  8230219.999512274 t_traj:  8230219.2447002325
plunging! t_interp:  8230219.999512274 t_traj:  8230219.622074797
plunging! t_interp:  8230219.999512274 t_traj:  8230219.469408201
plunging! t_interp:  8230219.999512274 t_traj:  8230219.601956029
plunging! t_interp:  8230219.999512274 t_traj:  8230219.734452915
plunging! t_interp:  8230219.999512274 t_traj:  8230219.866698765
plunging! t_interp:  8230219.999512274 t_traj:  8230219.813403027
plunging! t_interp:  8230219.999512274 t_traj:  8230219.85992766
plunging! t_interp:  8230219.999512274 t_traj:  8230219.906466383
plunging! t_interp:  8230219.999512274 t_traj:  8230219.953001485
plunging! t_interp:  8230219.999512274 t_traj:  8230219.934153925
plunging! t_interp:  8230219.999512274 t_traj:  8230219.950488964
plunging! t_interp:  8230219.999512274 t_traj:  8230219.966827662
plunging! t_interp:  8230219.999512274 t_traj:  8230219.982922785
plunging! t_interp:  8230219.999512274 t_traj:  8229409.308021319
plunging! t_interp:  8230219.999512274 t_traj:  8228598.778643917
plunging! t_interp:  8230219.999512274 t_traj:  8227788.411329221
plunging! t_interp:  8230219.999512274 t_traj:  8226978.206024645
plunging! t_interp:  8230219.999512274 t_traj:  8229935.331699428
plunging! t_interp:  8230219.999512274 t_traj:  8229650.683884259
plunging! t_interp:  8230219.999512274 t_traj:  8229366.056059188
plunging! t_interp:  8230219.999512274 t_traj:  8229081.448225544
plunging! t_interp:  8230219.999512274 t_traj:  8230120.044959484
plunging! t_interp:  8230219.999512274 t_traj:  8230020.0927746445
plunging! t_interp:  8230219.999512274 t_traj:  8229920.143139115
plunging! t_interp:  8230219.999512274 t_traj:  8229820.196724038
plunging! t_interp:  8230219.999512274 t_traj:  8230184.903235797
plunging! t_interp:  8230219.999512274 t_traj:  8230149.807320737
plunging! t_interp:  8230219.999512274 t_traj:  8230114.711678365
plunging! t_interp:  8230219.999512274 t_traj:  8230079.61634153
plunging! t_interp:  8230219.999512274 t_traj:  8230207.676508908
plunging! t_interp:  8230219.999512274 t_traj:  8230195.353541225
plunging! t_interp:  8230219.999512274 t_traj:  8230183.030624797
plunging! t_interp:  8230219.999512274 t_traj:  8230170.707741174
plunging! t_interp:  8230219.999512274 t_traj:  8230215.672671119
plunging! t_interp:  8230219.999512274 t_traj:  8230211.345803901
plunging! t_interp:  8230219.999512274 t_traj:  8230207.01897739
plunging! t_interp:  8230219.999512274 t_traj:  8230202.692205728
plunging! t_interp:  8230219.999512274 t_traj:  8230218.4802801665
plunging! t_interp:  8230219.999512274 t_traj:  8230216.961079243
plunging! t_interp:  8230219.999512274 t_traj:  8230215.44177619
plunging! t_interp:  8230219.999512274 t_traj:  8230213.9225328
plunging! t_interp:  8230219.999512274 t_traj:  8230219.466090253
plunging! t_interp:  8230219.999512274 t_traj:  8230218.932624249
plunging! t_interp:  8230219.999512274 t_traj:  8230218.399200114
plunging! t_interp:  8230219.999512274 t_traj:  8230217.865753787
plunging! t_interp:  8230219.999512274 t_traj:  8230219.812203554
plunging! t_interp:  8230219.999512274 t_traj:  8230219.624957744
plunging! t_interp:  8230219.999512274 t_traj:  8230219.437661248
plunging! t_interp:  8230219.999512274 t_traj:  8230219.250320389
plunging! t_interp:  8230219.999512274 t_traj:  8230219.9334566165
plunging! t_interp:  8230219.999512274 t_traj:  8230219.867968622
plunging! t_interp:  8230219.999512274 t_traj:  8230219.802229583
plunging! t_interp:  8230219.999512274 t_traj:  8230219.73643961
plunging! t_interp:  8230219.999512274 t_traj:  8230219.976441445
plunging! t_interp:  8230219.999512274 t_traj:  8230219.9533463055
plunging! t_interp:  8230219.999512274 t_traj:  8230219.930247549
plunging! t_interp:  8230219.999512274 t_traj:  8230219.907162877
plunging! t_interp:  8230219.999512274 t_traj:  8230219.9911530055
plunging! t_interp:  8230219.999512274 t_traj:  8230219.983288103
plunging! t_interp:  8230219.999512274 t_traj:  8230219.975179627
plunging! t_interp:  8230219.999512274 t_traj:  8230219.967074802
plunging! t_interp:  8230219.999512274 t_traj:  8229839.5737093715
plunging! t_interp:  8230219.999512274 t_traj:  8229934.681188341
plunging! t_interp:  8230219.999512274 t_traj:  8230029.787671103
plunging! t_interp:  8230219.999512274 t_traj:  8230124.894063687
plunging! t_interp:  8230219.999512274 t_traj:  8230086.425919397
plunging! t_interp:  8230219.999512274 t_traj:  8230119.819427819
plunging! t_interp:  8230219.999512274 t_traj:  8230153.212891361
plunging! t_interp:  8230219.999512274 t_traj:  8230186.606215622
plunging! t_interp:  8230219.999512274 t_traj:  8230173.099398646
plunging! t_interp:  8230219.999512274 t_traj:  8230184.824429975
plunging! t_interp:  8230219.999512274 t_traj:  8230196.549498392
plunging! t_interp:  8230219.999512274 t_traj:  8230208.274258653
plunging! t_interp:  8230219.999512274 t_traj:  8230203.532915996
plunging! t_interp:  8230219.999512274 t_traj:  8230207.648747844
plunging! t_interp:  8230219.999512274 t_traj:  8230211.765760044
plunging! t_interp:  8230219.999512274 t_traj:  8230215.882615722
plunging! t_interp:  8230219.999512274 t_traj:  8230214.217269134
plunging! t_interp:  8230219.999512274 t_traj:  8230215.662992633
plunging! t_interp:  8230219.999512274 t_traj:  8230217.108487289
plunging! t_interp:  8230219.999512274 t_traj:  8230218.553994676
plunging! t_interp:  8230219.999512274 t_traj:  8230217.96930211
plunging! t_interp:  8230219.999512274 t_traj:  8230218.476906425
plunging! t_interp:  8230219.999512274 t_traj:  8230218.984126528
plunging! t_interp:  8230219.999512274 t_traj:  8230219.4919840135
plunging! t_interp:  8230219.999512274 t_traj:  8230219.286670854
plunging! t_interp:  8230219.999512274 t_traj:  8230219.464922709
plunging! t_interp:  8230219.999512274 t_traj:  8230219.64311643
plunging! t_interp:  8230219.999512274 t_traj:  8230219.821323257
plunging! t_interp:  8230219.999512274 t_traj:  8230219.7492333045
plunging! t_interp:  8230219.999512274 t_traj:  8230219.811814387
plunging! t_interp:  8230219.999512274 t_traj:  8230219.874244064
plunging! t_interp:  8230219.999512274 t_traj:  8230219.936960709
plunging! t_interp:  8230219.999512274 t_traj:  8230219.9113325095
plunging! t_interp:  8230219.999512274 t_traj:  8230219.933596023
plunging! t_interp:  8230219.999512274 t_traj:  8230219.955614742
plunging! t_interp:  8230219.999512274 t_traj:  8230219.978306146
plunging! t_interp:  8230219.999512274 t_traj:  8230219.968351522
plunging! t_interp:  8230219.999512274 t_traj:  8230219.976114151
plunging! t_interp:  8230219.999512274 t_traj:  8230219.983811873
plunging! t_interp:  8230219.999512274 t_traj:  8230219.991815128
plunging! t_interp:  8230219.999512274 t_traj:  8230219.988684825
plunging! t_interp:  8230219.999512274 t_traj:  8230219.99136104
plunging! t_interp:  8230219.999512274 t_traj:  8230219.993850142
plunging! t_interp:  8230219.999512274 t_traj:  8230219.996785702
plunging! t_interp:  8230219.999512274 t_traj:  8230219.995723722
plunging! t_interp:  8230219.999512274 t_traj:  8230219.996643525
plunging! t_interp:  8230219.999512274 t_traj:  8230219.997612649
plunging! t_interp:  8230219.999512274 t_traj:  8230219.99854658
plunging! t_interp:  8230219.999512274 t_traj:  8217119.780825521
plunging! t_interp:  8230219.999512274 t_traj:  8220393.3757192725
plunging! t_interp:  8230219.999512274 t_traj:  8223667.943699785
plunging! t_interp:  8230219.999512274 t_traj:  8226943.484860686
plunging! t_interp:  8230219.999512274 t_traj:  8225618.487562676
plunging! t_interp:  8230219.999512274 t_traj:  8226768.685497516
plunging! t_interp:  8230219.999512274 t_traj:  8227919.003490652
plunging! t_interp:  8230219.999512274 t_traj:  8229069.441499568
plunging! t_interp:  8230219.999512274 t_traj:  8228604.1017186
plunging! t_interp:  8230219.999512274 t_traj:  8229008.053945717
plunging! t_interp:  8230219.999512274 t_traj:  8229412.020981022
plunging! t_interp:  8230219.999512274 t_traj:  8229816.002836081
plunging! t_interp:  8230219.999512274 t_traj:  8229652.599838264
plunging! t_interp:  8230219.999512274 t_traj:  8229794.447010398
plunging! t_interp:  8230219.999512274 t_traj:  8229936.296011278
plunging! t_interp:  8230219.999512274 t_traj:  8230078.146876021
plunging! t_interp:  8230219.999512274 t_traj:  8230020.77126167
plunging! t_interp:  8230219.999512274 t_traj:  8230070.577992
plunging! t_interp:  8230219.999512274 t_traj:  8230120.384983314
plunging! t_interp:  8230219.999512274 t_traj:  8230170.192093626
plunging! t_interp:  8230219.999512274 t_traj:  8230150.0462854495
plunging! t_interp:  8230219.999512274 t_traj:  8230167.534261083
plunging! t_interp:  8230219.999512274 t_traj:  8230185.022846586
plunging! t_interp:  8230219.999512274 t_traj:  8230202.5111763915
plunging! t_interp:  8230219.999512274 t_traj:  8230195.437531863
plunging! t_interp:  8230219.999512274 t_traj:  8230201.5780143235
plunging! t_interp:  8230219.999512274 t_traj:  8230207.718508457
plunging! t_interp:  8230219.999512274 t_traj:  8230213.85902184
plunging! t_interp:  8230219.999512274 t_traj:  8230211.37535579
plunging! t_interp:  8230219.999512274 t_traj:  8230213.531365495
plunging! t_interp:  8230219.999512274 t_traj:  8230215.687397763
plunging! t_interp:  8230219.999512274 t_traj:  8230217.843479751
plunging! t_interp:  8230219.999512274 t_traj:  8230216.971372635
plunging! t_interp:  8230219.999512274 t_traj:  8230217.728405985
plunging! t_interp:  8230219.999512274 t_traj:  8230218.485471404
plunging! t_interp:  8230219.999512274 t_traj:  8230219.242504899
plunging! t_interp:  8230219.999512274 t_traj:  8230218.936297772
plunging! t_interp:  8230219.999512274 t_traj:  8230219.201824293
plunging! t_interp:  8230219.999512274 t_traj:  8230219.467884497
plunging! t_interp:  8230219.999512274 t_traj:  8230219.733714597
plunging! t_interp:  8230219.999512274 t_traj:  8230219.626217884
plunging! t_interp:  8230219.999512274 t_traj:  8230219.719530884
plunging! t_interp:  8230219.999512274 t_traj:  8230219.81272615
plunging! t_interp:  8230219.999512274 t_traj:  8230219.906189658
plunging! t_interp:  8230219.999512274 t_traj:  8230219.868411474
plunging! t_interp:  8230219.999512274 t_traj:  8230219.901219655
plunging! t_interp:  8230219.999512274 t_traj:  8230219.9340224
plunging! t_interp:  8230219.999512274 t_traj:  8230219.966726169
plunging! t_interp:  8230219.999512274 t_traj:  8230076.571016479
plunging! t_interp:  8230219.999512274 t_traj:  8230112.420547392
plunging! t_interp:  8230219.999512274 t_traj:  8230148.275184231
plunging! t_interp:  8230219.999512274 t_traj:  8230184.134842869
plunging! t_interp:  8230219.999512274 t_traj:  8230169.62978134
plunging! t_interp:  8230219.999512274 t_traj:  8230182.22129551
plunging! t_interp:  8230219.999512274 t_traj:  8230194.813442238
plunging! t_interp:  8230219.999512274 t_traj:  8230207.406124726
plunging! t_interp:  8230219.999512274 t_traj:  8230202.312645082
plunging! t_interp:  8230219.999512274 t_traj:  8230206.734224699
plunging! t_interp:  8230219.999512274 t_traj:  8230211.1559116375
plunging! t_interp:  8230219.999512274 t_traj:  8230215.577593478
plunging! t_interp:  8230219.999512274 t_traj:  8230213.78917984
plunging! t_interp:  8230219.999512274 t_traj:  8230215.341729986
plunging! t_interp:  8230219.999512274 t_traj:  8230216.894356594
plunging! t_interp:  8230219.999512274 t_traj:  8230218.446929361
plunging! t_interp:  8230219.999512274 t_traj:  8230217.818956571
plunging! t_interp:  8230219.999512274 t_traj:  8230218.364048344
plunging! t_interp:  8230219.999512274 t_traj:  8230218.909207611
plunging! t_interp:  8230219.999512274 t_traj:  8230219.454382162
plunging! t_interp:  8230219.999512274 t_traj:  8230219.23367066
plunging! t_interp:  8230219.999512274 t_traj:  8230219.425256545
plunging! t_interp:  8230219.999512274 t_traj:  8230219.6166600725
plunging! t_interp:  8230219.999512274 t_traj:  8230219.808118893
plunging! t_interp:  8230219.999512274 t_traj:  8230219.730722334
plunging! t_interp:  8230219.999512274 t_traj:  8230219.7979318295
plunging! t_interp:  8230219.999512274 t_traj:  8230219.865077514
plunging! t_interp:  8230219.999512274 t_traj:  8230219.932319002
plunging! t_interp:  8230219.999512274 t_traj:  8230219.905119805
plunging! t_interp:  8230219.999512274 t_traj:  8230219.928704322
plunging! t_interp:  8230219.999512274 t_traj:  8230219.952323968
plunging! t_interp:  8230219.999512274 t_traj:  8230219.975930006
plunging! t_interp:  8230219.999512274 t_traj:  8230219.966378504
plunging! t_interp:  8230219.999512274 t_traj:  8230219.974662896
plunging! t_interp:  8230219.999512274 t_traj:  8230219.982922874
plunging! t_interp:  8230219.999512274 t_traj:  8230219.991241068
plunging! t_interp:  8230219.999512274 t_traj:  8230219.987863723
plunging! t_interp:  8230219.999512274 t_traj:  8230219.990589895
plunging! t_interp:  8230219.999512274 t_traj:  8230219.99369589
plunging! t_interp:  8230219.999512274 t_traj:  8230219.996594804
plunging! t_interp:  8230219.999512274 t_traj:  8230219.995421521
plunging! t_interp:  8230219.999512274 t_traj:  8230219.99620208
plunging! t_interp:  8230219.999512274 t_traj:  8230219.997439501
plunging! t_interp:  8230219.999512274 t_traj:  8230219.998481466
plunging! t_interp:  8230219.999512274 t_traj:  8230219.998115863
plunging! t_interp:  8230219.999512274 t_traj:  8230219.998445798
plunging! t_interp:  8230219.999512274 t_traj:  8230219.998843598
plunging! t_interp:  8230219.999512274 t_traj:  8230219.999162813
plunging! t_interp:  8230219.999512274 t_traj:  8230219.333636661
plunging! t_interp:  8230219.999512274 t_traj:  8230218.66605036
plunging! t_interp:  8230219.999512274 t_traj:  8230217.99935026
plunging! t_interp:  8230219.999512274 t_traj:  8230217.332335334
plunging! t_interp:  8230219.999512274 t_traj:  8230219.765216411
plunging! t_interp:  8230219.999512274 t_traj:  8230219.531352583
plunging! t_interp:  8230219.999512274 t_traj:  8230219.297206962
plunging! t_interp:  8230219.999512274 t_traj:  8230219.062919486
plunging! t_interp:  8230219.999512274 t_traj:  8230219.917318434
plunging! t_interp:  8230219.999512274 t_traj:  8230219.835129284
plunging! t_interp:  8230219.999512274 t_traj:  8230219.752925026
plunging! t_interp:  8230219.999512274 t_traj:  8230219.670706334
plunging! t_interp:  8230219.999512274 t_traj:  8230219.970662832
plunging! t_interp:  8230219.999512274 t_traj:  8230219.941801512
plunging! t_interp:  8230219.999512274 t_traj:  8230219.912918095
plunging! t_interp:  8230219.999512274 t_traj:  8230219.884073003
plunging! t_interp:  8230219.999512274 t_traj:  8230219.989359922
plunging! t_interp:  8230219.999512274 t_traj:  8230219.979227844
plunging! t_interp:  8230219.999512274 t_traj:  8230219.969100274
plunging! t_interp:  8230219.999512274 t_traj:  8230219.9589547245
plunging! t_interp:  8230219.999512274 t_traj:  8230219.9959609965
plunging! t_interp:  8230219.999512274 t_traj:  8230219.992411181
plunging! t_interp:  8230219.999512274 t_traj:  8230219.988814928
plunging! t_interp:  8230219.999512274 t_traj:  8230219.985293838
plunging! t_interp:  8230219.999512274 t_traj:  8230219.998243504
plunging! t_interp:  8230219.999512274 t_traj:  8230219.996819742
plunging! t_interp:  8230219.999512274 t_traj:  8230219.995750851
plunging! t_interp:  8230219.999512274 t_traj:  8230219.994255196
plunging! t_interp:  8230219.999512274 t_traj:  8230219.99904969
plunging! t_interp:  8230219.999512274 t_traj:  8230219.998647726
plunging! t_interp:  8230219.999512274 t_traj:  8230219.998176565
plunging! t_interp:  8230219.999512274 t_traj:  8230219.9985337285
plunging! t_interp:  8230219.999512274 t_traj:  8230219.99939892
plunging! t_interp:  8230219.999512274 t_traj:  8230219.999213096
plunging! t_interp:  8230219.999512274 t_traj:  8230219.999068321
plunging! t_interp:  8230219.999512274 t_traj:  8230219.998878931
plunging! t_interp:  8230219.999512274 t_traj:  8230219.999417435
plunging! t_interp:  8230219.999512274 t_traj:  8230219.9993716115
plunging! t_interp:  8230219.999512274 t_traj:  8230219.999297758
plunging! t_interp:  8230219.999512274 t_traj:  8230219.9993192
plunging! t_interp:  8230219.999512274 t_traj:  8230219.999454691
plunging! t_interp:  8230219.999512274 t_traj:  8230219.999326469
plunging! t_interp:  8230219.999512274 t_traj:  8230219.999502111
plunging! t_interp:  8230219.999512274 t_traj:  8230219.999495955
plunging! t_interp:  8230219.999512274 t_traj:  8230219.575530781
plunging! t_interp:  8230219.999512274 t_traj:  8230219.149954633
plunging! t_interp:  8230219.999512274 t_traj:  8230218.725124137
plunging! t_interp:  8230219.999512274 t_traj:  8230218.300326929
plunging! t_interp:  8230219.999512274 t_traj:  8230219.85035226
plunging! t_interp:  8230219.999512274 t_traj:  8230219.701207738
plunging! t_interp:  8230219.999512274 t_traj:  8230219.552055322
plunging! t_interp:  8230219.999512274 t_traj:  8230219.402891907
plunging! t_interp:  8230219.999512274 t_traj:  8230219.947005438
plunging! t_interp:  8230219.999512274 t_traj:  8230219.894772398
plunging! t_interp:  8230219.999512274 t_traj:  8230219.842401306
plunging! t_interp:  8230219.999512274 t_traj:  8230219.790005858
plunging! t_interp:  8230219.999512274 t_traj:  8230219.981162372
plunging! t_interp:  8230219.999512274 t_traj:  8230219.962747265
plunging! t_interp:  8230219.999512274 t_traj:  8230219.944389407
plunging! t_interp:  8230219.999512274 t_traj:  8230219.9259681655
plunging! t_interp:  8230219.999512274 t_traj:  8230219.993067478
plunging! t_interp:  8230219.999512274 t_traj:  8230219.986578481
plunging! t_interp:  8230219.999512274 t_traj:  8230219.980154331
plunging! t_interp:  8230219.999512274 t_traj:  8230219.973663294
plunging! t_interp:  8230219.999512274 t_traj:  8230219.997225023
plunging! t_interp:  8230219.999512274 t_traj:  8230219.994975533
plunging! t_interp:  8230219.999512274 t_traj:  8230219.992698298
plunging! t_interp:  8230219.999512274 t_traj:  8230219.99043632
plunging! t_interp:  8230219.999512274 t_traj:  8230219.998723653
plunging! t_interp:  8230219.999512274 t_traj:  8230219.997934823
plunging! t_interp:  8230219.999512274 t_traj:  8230219.996861854
plunging! t_interp:  8230219.999512274 t_traj:  8230219.996338073
plunging! t_interp:  8230219.999512274 t_traj:  8230219.999235111
plunging! t_interp:  8230219.999512274 t_traj:  8230219.999004607
plunging! t_interp:  8230219.999512274 t_traj:  8230219.998693528
plunging! t_interp:  8230219.999512274 t_traj:  8230219.9984054975
plunging! t_interp:  8230219.999512274 t_traj:  8230219.999429818
plunging! t_interp:  8230219.999512274 t_traj:  8230219.999326122
plunging! t_interp:  8230219.999512274 t_traj:  8230219.999256142
plunging! t_interp:  8230219.999512274 t_traj:  8230219.999141295
plunging! t_interp:  8230219.999512274 t_traj:  8230219.999459867
plunging! t_interp:  8230219.999512274 t_traj:  8230219.999464609
plunging! t_interp:  8230219.999512274 t_traj:  8230219.999361027
plunging! t_interp:  8230219.999512274 t_traj:  8230219.999385057
plunging! t_interp:  8230219.999512274 t_traj:  8230219.999502441
plunging! t_interp:  8230219.999512274 t_traj:  8230219.999488263
plunging! t_interp:  8230219.999512274 t_traj:  8230219.999503125
plunging! t_interp:  8230219.999512274 t_traj:  8230219.999478895
plunging! t_interp:  8230219.999512274 t_traj:  8230219.999228693
plunging! t_interp:  8230219.999512274 t_traj:  8230219.999486559
Time taken to compute stable deltas is 93.88551378250122 seconds
calculating Fisher matrix...
plunging! t_interp:  8230219.999512274 t_traj:  8230219.813403027
plunging! t_interp:  8230219.999512274 t_traj:  8230219.85992766
plunging! t_interp:  8230219.999512274 t_traj:  8230219.906466383
plunging! t_interp:  8230219.999512274 t_traj:  8230219.953001485
plunging! t_interp:  8230219.999512274 t_traj:  8230219.812203554
plunging! t_interp:  8230219.999512274 t_traj:  8230219.624957744
plunging! t_interp:  8230219.999512274 t_traj:  8230219.437661248
plunging! t_interp:  8230219.999512274 t_traj:  8230219.250320389
plunging! t_interp:  8230219.999512274 t_traj:  8230219.7492333045
plunging! t_interp:  8230219.999512274 t_traj:  8230219.811814387
plunging! t_interp:  8230219.999512274 t_traj:  8230219.874244064
plunging! t_interp:  8230219.999512274 t_traj:  8230219.936960709
plunging! t_interp:  8230219.999512274 t_traj:  8230216.971372635
plunging! t_interp:  8230219.999512274 t_traj:  8230217.728405985
plunging! t_interp:  8230219.999512274 t_traj:  8230218.485471404
plunging! t_interp:  8230219.999512274 t_traj:  8230219.242504899
plunging! t_interp:  8230219.999512274 t_traj:  8230219.23367066
plunging! t_interp:  8230219.999512274 t_traj:  8230219.425256545
plunging! t_interp:  8230219.999512274 t_traj:  8230219.6166600725
plunging! t_interp:  8230219.999512274 t_traj:  8230219.808118893
plunging! t_interp:  8230219.999512274 t_traj:  8230219.970662832
plunging! t_interp:  8230219.999512274 t_traj:  8230219.941801512
plunging! t_interp:  8230219.999512274 t_traj:  8230219.912918095
plunging! t_interp:  8230219.999512274 t_traj:  8230219.884073003
plunging! t_interp:  8230219.999512274 t_traj:  8230219.85035226
plunging! t_interp:  8230219.999512274 t_traj:  8230219.701207738
plunging! t_interp:  8230219.999512274 t_traj:  8230219.552055322
plunging! t_interp:  8230219.999512274 t_traj:  8230219.402891907
Finished derivatives
Calculated Fisher is *atleast* positive-definite.
Time taken to compute FM is 8.520762205123901 seconds
    CV from_0PA#2 it   5 lam=1.2e+145 ov=0.9939000 chi2=1.433e+03 rel=0.0e+00

[idx0] --- start = from_NMdev (overlap 0.9919920) ---
Body is not plunging, Fisher should be stable.
waveform shape: (3, 6311629)
Computing SNR for parameters: (np.float64(1002549.4845), np.float64(4971.1853), np.float64(0.70493), np.float64(24.95886), np.float64(0.249606), 1.0, 12.0, np.float64(0.793182), np.float64(1.00533), 1.0, 1.0471975511965976, np.float64(1.184933), 0.5, np.float64(0.615905), 0.95, False, False, False, True, 0.0, 0.0, np.float64(1.019573), np.float64(2.170108))
Waveform Generated. SNR: 343.5193085823167
calculating stable deltas...
plunging! t_interp:  8230243.546359827 t_traj:  8223692.994384505
plunging! t_interp:  8230243.546359827 t_traj:  8225330.387872406
plunging! t_interp:  8230243.546359827 t_traj:  8226967.944367548
plunging! t_interp:  8230243.546359827 t_traj:  8228605.663828547
plunging! t_interp:  8230243.546359827 t_traj:  8227943.224850447
plunging! t_interp:  8230243.546359827 t_traj:  8228518.275101216
plunging! t_interp:  8230243.546359827 t_traj:  8229093.345385309
plunging! t_interp:  8230243.546359827 t_traj:  8229668.435839562
plunging! t_interp:  8230243.546359827 t_traj:  8229435.822718488
plunging! t_interp:  8230243.546359827 t_traj:  8229637.749927849
plunging! t_interp:  8230243.546359827 t_traj:  8229839.67960357
plunging! t_interp:  8230243.546359827 t_traj:  8230041.611688491
plunging! t_interp:  8230243.546359827 t_traj:  8229959.934587066
plunging! t_interp:  8230243.546359827 t_traj:  8230030.837057643
plunging! t_interp:  8230243.546359827 t_traj:  8230101.740648098
plunging! t_interp:  8230243.546359827 t_traj:  8230172.6426188
plunging! t_interp:  8230243.546359827 t_traj:  8230143.964249308
plunging! t_interp:  8230243.546359827 t_traj:  8230168.859728833
plunging! t_interp:  8230243.546359827 t_traj:  8230193.755227404
plunging! t_interp:  8230243.546359827 t_traj:  8230218.650761442
plunging! t_interp:  8230243.546359827 t_traj:  8230208.581096711
plunging! t_interp:  8230243.546359827 t_traj:  8230217.322409061
plunging! t_interp:  8230243.546359827 t_traj:  8230226.063692194
plunging! t_interp:  8230243.546359827 t_traj:  8230234.805012761
plunging! t_interp:  8230243.546359827 t_traj:  8230231.269384575
plunging! t_interp:  8230243.546359827 t_traj:  8230234.338596074
plunging! t_interp:  8230243.546359827 t_traj:  8230237.407890947
plunging! t_interp:  8230243.546359827 t_traj:  8230240.477082204
plunging! t_interp:  8230243.546359827 t_traj:  8230239.235643533
plunging! t_interp:  8230243.546359827 t_traj:  8230240.313315986
plunging! t_interp:  8230243.546359827 t_traj:  8230241.3910065
plunging! t_interp:  8230243.546359827 t_traj:  8230242.468460617
plunging! t_interp:  8230243.546359827 t_traj:  8230242.032763106
plunging! t_interp:  8230243.546359827 t_traj:  8230242.411176194
plunging! t_interp:  8230243.546359827 t_traj:  8230242.789554479
plunging! t_interp:  8230243.546359827 t_traj:  8230243.167944967
plunging! t_interp:  8230243.546359827 t_traj:  8230243.014594233
plunging! t_interp:  8230243.546359827 t_traj:  8230243.147759989
plunging! t_interp:  8230243.546359827 t_traj:  8230243.280665819
plunging! t_interp:  8230243.546359827 t_traj:  8230243.4135315195
plunging! t_interp:  8230243.546359827 t_traj:  8230243.359778509
plunging! t_interp:  8230243.546359827 t_traj:  8230243.406395006
plunging! t_interp:  8230243.546359827 t_traj:  8230243.453050184
plunging! t_interp:  8230243.546359827 t_traj:  8230243.499675368
plunging! t_interp:  8230243.546359827 t_traj:  8230243.480835867
plunging! t_interp:  8230243.546359827 t_traj:  8230243.497226993
plunging! t_interp:  8230243.546359827 t_traj:  8230243.513634264
plunging! t_interp:  8230243.546359827 t_traj:  8230243.529969613
plunging! t_interp:  8230243.546359827 t_traj:  8229428.688230097
plunging! t_interp:  8230243.546359827 t_traj:  8228613.993013405
plunging! t_interp:  8230243.546359827 t_traj:  8227799.460679899
plunging! t_interp:  8230243.546359827 t_traj:  8226985.091252475
plunging! t_interp:  8230243.546359827 t_traj:  8229957.415468732
plunging! t_interp:  8230243.546359827 t_traj:  8229671.304633557
plunging! t_interp:  8230243.546359827 t_traj:  8229385.213941857
plunging! t_interp:  8230243.546359827 t_traj:  8229099.14336517
plunging! t_interp:  8230243.546359827 t_traj:  8230143.078043727
plunging! t_interp:  8230243.546359827 t_traj:  8230042.61220996
plunging! t_interp:  8230243.546359827 t_traj:  8229942.148786424
plunging! t_interp:  8230243.546359827 t_traj:  8229841.687886032
plunging! t_interp:  8230243.546359827 t_traj:  8230208.269716811
plunging! t_interp:  8230243.546359827 t_traj:  8230172.993380076
plunging! t_interp:  8230243.546359827 t_traj:  8230137.717327589
plunging! t_interp:  8230243.546359827 t_traj:  8230102.441337455
plunging! t_interp:  8230243.546359827 t_traj:  8230231.159979495
plunging! t_interp:  8230243.546359827 t_traj:  8230218.7737151375
plunging! t_interp:  8230243.546359827 t_traj:  8230206.387472836
plunging! t_interp:  8230243.546359827 t_traj:  8230194.001200104
plunging! t_interp:  8230243.546359827 t_traj:  8230239.197254751
plunging! t_interp:  8230243.546359827 t_traj:  8230234.848156842
plunging! t_interp:  8230243.546359827 t_traj:  8230230.499096914
plunging! t_interp:  8230243.546359827 t_traj:  8230226.150040438
plunging! t_interp:  8230243.546359827 t_traj:  8230242.019300861
plunging! t_interp:  8230243.546359827 t_traj:  8230240.492261685
plunging! t_interp:  8230243.546359827 t_traj:  8230238.96522077
plunging! t_interp:  8230243.546359827 t_traj:  8230237.438044641
plunging! t_interp:  8230243.546359827 t_traj:  8230243.009955684
plunging! t_interp:  8230243.546359827 t_traj:  8230242.4739878485
plunging! t_interp:  8230243.546359827 t_traj:  8230241.937854014
plunging! t_interp:  8230243.546359827 t_traj:  8230241.401611769
plunging! t_interp:  8230243.546359827 t_traj:  8230243.358074264
plunging! t_interp:  8230243.546359827 t_traj:  8230243.169813076
plunging! t_interp:  8230243.546359827 t_traj:  8230242.981354265
plunging! t_interp:  8230243.546359827 t_traj:  8230242.793095308
plunging! t_interp:  8230243.546359827 t_traj:  8230243.48028956
plunging! t_interp:  8230243.546359827 t_traj:  8230243.414181905
plunging! t_interp:  8230243.546359827 t_traj:  8230243.348034116
plunging! t_interp:  8230243.546359827 t_traj:  8230243.281626403
plunging! t_interp:  8230243.546359827 t_traj:  8230243.523115398
plunging! t_interp:  8230243.546359827 t_traj:  8230243.49993024
plunging! t_interp:  8230243.546359827 t_traj:  8230243.4767150935
plunging! t_interp:  8230243.546359827 t_traj:  8230243.453538623
plunging! t_interp:  8230243.546359827 t_traj:  8230243.538199853
plunging! t_interp:  8230243.546359827 t_traj:  8230243.53009475
plunging! t_interp:  8230243.546359827 t_traj:  8230243.521917721
plunging! t_interp:  8230243.546359827 t_traj:  8230243.513756844
plunging! t_interp:  8230243.546359827 t_traj:  8229862.491145084
plunging! t_interp:  8230243.546359827 t_traj:  8229957.755939282
plunging! t_interp:  8230243.546359827 t_traj:  8230053.020070028
plunging! t_interp:  8230243.546359827 t_traj:  8230148.283574609
plunging! t_interp:  8230243.546359827 t_traj:  8230109.751431061
plunging! t_interp:  8230243.546359827 t_traj:  8230143.200544713
plunging! t_interp:  8230243.546359827 t_traj:  8230176.6491963435
plunging! t_interp:  8230243.546359827 t_traj:  8230210.097835552
plunging! t_interp:  8230243.546359827 t_traj:  8230196.56866617
plunging! t_interp:  8230243.546359827 t_traj:  8230208.313097722
plunging! t_interp:  8230243.546359827 t_traj:  8230220.057457642
plunging! t_interp:  8230243.546359827 t_traj:  8230231.801981017
plunging! t_interp:  8230243.546359827 t_traj:  8230227.051595279
plunging! t_interp:  8230243.546359827 t_traj:  8230231.175327544
plunging! t_interp:  8230243.546359827 t_traj:  8230235.2989888005
plunging! t_interp:  8230243.546359827 t_traj:  8230239.422662272
plunging! t_interp:  8230243.546359827 t_traj:  8230237.754694742
plunging! t_interp:  8230243.546359827 t_traj:  8230239.202644701
plunging! t_interp:  8230243.546359827 t_traj:  8230240.650527574
plunging! t_interp:  8230243.546359827 t_traj:  8230242.098457391
plunging! t_interp:  8230243.546359827 t_traj:  8230241.512761551
plunging! t_interp:  8230243.546359827 t_traj:  8230242.021190723
plunging! t_interp:  8230243.546359827 t_traj:  8230242.529547317
plunging! t_interp:  8230243.546359827 t_traj:  8230243.0379997445
plunging! t_interp:  8230243.546359827 t_traj:  8230242.832324851
plunging! t_interp:  8230243.546359827 t_traj:  8230243.010842402
plunging! t_interp:  8230243.546359827 t_traj:  8230243.189376801
plunging! t_interp:  8230243.546359827 t_traj:  8230243.367884514
plunging! t_interp:  8230243.546359827 t_traj:  8230243.295664917
plunging! t_interp:  8230243.546359827 t_traj:  8230243.359222868
plunging! t_interp:  8230243.546359827 t_traj:  8230243.420739661
plunging! t_interp:  8230243.546359827 t_traj:  8230243.4836748745
plunging! t_interp:  8230243.546359827 t_traj:  8230243.458321953
plunging! t_interp:  8230243.546359827 t_traj:  8230243.480322683
plunging! t_interp:  8230243.546359827 t_traj:  8230243.5023355605
plunging! t_interp:  8230243.546359827 t_traj:  8230243.524355794
plunging! t_interp:  8230243.546359827 t_traj:  8230243.515453359
plunging! t_interp:  8230243.546359827 t_traj:  8230243.522874537
plunging! t_interp:  8230243.546359827 t_traj:  8230243.530867415
plunging! t_interp:  8230243.546359827 t_traj:  8230243.538641546
plunging! t_interp:  8230243.546359827 t_traj:  8230243.535509902
plunging! t_interp:  8230243.546359827 t_traj:  8230243.538212005
plunging! t_interp:  8230243.546359827 t_traj:  8230243.540918017
plunging! t_interp:  8230243.546359827 t_traj:  8230243.54361343
plunging! t_interp:  8230243.546359827 t_traj:  8230243.542545907
plunging! t_interp:  8230243.546359827 t_traj:  8230243.543486031
plunging! t_interp:  8230243.546359827 t_traj:  8230243.544454374
plunging! t_interp:  8230243.546359827 t_traj:  8230243.545427117
plunging! t_interp:  8230243.546359827 t_traj:  8217144.209442046
plunging! t_interp:  8230243.546359827 t_traj:  8220417.584040929
plunging! t_interp:  8230243.546359827 t_traj:  8223691.931574775
plunging! t_interp:  8230243.546359827 t_traj:  8226967.252287125
plunging! t_interp:  8230243.546359827 t_traj:  8225642.344208595
plunging! t_interp:  8230243.546359827 t_traj:  8226792.4647406405
plunging! t_interp:  8230243.546359827 t_traj:  8227942.705255217
plunging! t_interp:  8230243.546359827 t_traj:  8229093.06578374
plunging! t_interp:  8230243.546359827 t_traj:  8228627.75729116
plunging! t_interp:  8230243.546359827 t_traj:  8229031.682368633
plunging! t_interp:  8230243.546359827 t_traj:  8229435.622237131
plunging! t_interp:  8230243.546359827 t_traj:  8229839.57691349
plunging! t_interp:  8230243.546359827 t_traj:  8229676.184865099
plunging! t_interp:  8230243.546359827 t_traj:  8229818.022489269
plunging! t_interp:  8230243.546359827 t_traj:  8229959.861976168
plunging! t_interp:  8230243.546359827 t_traj:  8230101.704179877
plunging! t_interp:  8230243.546359827 t_traj:  8230044.331562042
plunging! t_interp:  8230243.546359827 t_traj:  8230094.1348835435
plunging! t_interp:  8230243.546359827 t_traj:  8230143.938504455
plunging! t_interp:  8230243.546359827 t_traj:  8230193.7423090525
plunging! t_interp:  8230243.546359827 t_traj:  8230173.597790704
plunging! t_interp:  8230243.546359827 t_traj:  8230191.084896473
plunging! t_interp:  8230243.546359827 t_traj:  8230208.571992569
plunging! t_interp:  8230243.546359827 t_traj:  8230226.059171896
plunging! t_interp:  8230243.546359827 t_traj:  8230218.986023108
plunging! t_interp:  8230243.546359827 t_traj:  8230225.126099772
plunging! t_interp:  8230243.546359827 t_traj:  8230231.266182164
plunging! t_interp:  8230243.546359827 t_traj:  8230237.4062100295
plunging! t_interp:  8230243.546359827 t_traj:  8230234.9227739535
plunging! t_interp:  8230243.546359827 t_traj:  8230237.079415107
plunging! t_interp:  8230243.546359827 t_traj:  8230239.234269066
plunging! t_interp:  8230243.546359827 t_traj:  8230241.390457468
plunging! t_interp:  8230243.546359827 t_traj:  8230240.518440132
plunging! t_interp:  8230243.546359827 t_traj:  8230241.275392649
plunging! t_interp:  8230243.546359827 t_traj:  8230242.032393232
plunging! t_interp:  8230243.546359827 t_traj:  8230242.789376644
plunging! t_interp:  8230243.546359827 t_traj:  8230242.483187158
plunging! t_interp:  8230243.546359827 t_traj:  8230242.748977827
plunging! t_interp:  8230243.546359827 t_traj:  8230243.014762331
plunging! t_interp:  8230243.546359827 t_traj:  8230243.280527811
plunging! t_interp:  8230243.546359827 t_traj:  8230243.173094735
plunging! t_interp:  8230243.546359827 t_traj:  8230243.266378636
plunging! t_interp:  8230243.546359827 t_traj:  8230243.359688063
plunging! t_interp:  8230243.546359827 t_traj:  8230243.453062763
plunging! t_interp:  8230243.546359827 t_traj:  8230243.415285569
plunging! t_interp:  8230243.546359827 t_traj:  8230243.448027582
plunging! t_interp:  8230243.546359827 t_traj:  8230243.480818233
plunging! t_interp:  8230243.546359827 t_traj:  8230243.513579971
plunging! t_interp:  8230243.546359827 t_traj:  8230100.731581127
plunging! t_interp:  8230243.546359827 t_traj:  8230136.427762765
plunging! t_interp:  8230243.546359827 t_traj:  8230172.128946949
plunging! t_interp:  8230243.546359827 t_traj:  8230207.835085222
plunging! t_interp:  8230243.546359827 t_traj:  8230193.392176636
plunging! t_interp:  8230243.546359827 t_traj:  8230205.9297811575
plunging! t_interp:  8230243.546359827 t_traj:  8230218.468030707
plunging! t_interp:  8230243.546359827 t_traj:  8230231.006869621
plunging! t_interp:  8230243.546359827 t_traj:  8230225.935130503
plunging! t_interp:  8230243.546359827 t_traj:  8230230.33778738
plunging! t_interp:  8230243.546359827 t_traj:  8230234.740563837
plunging! t_interp:  8230243.546359827 t_traj:  8230239.14343772
plunging! t_interp:  8230243.546359827 t_traj:  8230237.362583941
plunging! t_interp:  8230243.546359827 t_traj:  8230238.908513246
plunging! t_interp:  8230243.546359827 t_traj:  8230240.454455057
plunging! t_interp:  8230243.546359827 t_traj:  8230242.000375534
plunging! t_interp:  8230243.546359827 t_traj:  8230241.37509187
plunging! t_interp:  8230243.546359827 t_traj:  8230241.917589881
plunging! t_interp:  8230243.546359827 t_traj:  8230242.460712604
plunging! t_interp:  8230243.546359827 t_traj:  8230243.003255254
plunging! t_interp:  8230243.546359827 t_traj:  8230242.783925102
plunging! t_interp:  8230243.546359827 t_traj:  8230242.974569994
plunging! t_interp:  8230243.546359827 t_traj:  8230243.165161201
plunging! t_interp:  8230243.546359827 t_traj:  8230243.355768069
plunging! t_interp:  8230243.546359827 t_traj:  8230243.278701312
plunging! t_interp:  8230243.546359827 t_traj:  8230243.3455599565
plunging! t_interp:  8230243.546359827 t_traj:  8230243.412490739
plunging! t_interp:  8230243.546359827 t_traj:  8230243.47943793
plunging! t_interp:  8230243.546359827 t_traj:  8230243.453285972
plunging! t_interp:  8230243.546359827 t_traj:  8230243.475863521
plunging! t_interp:  8230243.546359827 t_traj:  8230243.499361804
plunging! t_interp:  8230243.546359827 t_traj:  8230243.522811348
plunging! t_interp:  8230243.546359827 t_traj:  8230243.5133521
plunging! t_interp:  8230243.546359827 t_traj:  8230243.521599668
plunging! t_interp:  8230243.546359827 t_traj:  8230243.529838963
plunging! t_interp:  8230243.546359827 t_traj:  8230243.537766407
plunging! t_interp:  8230243.546359827 t_traj:  8230243.53477568
plunging! t_interp:  8230243.546359827 t_traj:  8230243.537631968
plunging! t_interp:  8230243.546359827 t_traj:  8230243.540552454
plunging! t_interp:  8230243.546359827 t_traj:  8230243.54345932
plunging! t_interp:  8230243.546359827 t_traj:  8230243.542261279
plunging! t_interp:  8230243.546359827 t_traj:  8230243.543297701
plunging! t_interp:  8230243.546359827 t_traj:  8230243.544350462
plunging! t_interp:  8230243.546359827 t_traj:  8230243.5453456035
plunging! t_interp:  8230243.546359827 t_traj:  8230243.544932336
plunging! t_interp:  8230243.546359827 t_traj:  8230243.545277638
plunging! t_interp:  8230243.546359827 t_traj:  8230243.5456466265
plunging! t_interp:  8230243.546359827 t_traj:  8230243.545999646
plunging! t_interp:  8230243.546359827 t_traj:  8226181.382327215
plunging! t_interp:  8230243.546359827 t_traj:  8222123.241703075
plunging! t_interp:  8230243.546359827 t_traj:  8218069.1179068545
plunging! t_interp:  8230243.546359827 t_traj:  8214019.005182263
plunging! t_interp:  8230243.546359827 t_traj:  8228816.784078088
plunging! t_interp:  8230243.546359827 t_traj:  8227390.518326861
plunging! t_interp:  8230243.546359827 t_traj:  8225964.748668592
plunging! t_interp:  8230243.546359827 t_traj:  8224539.475000757
plunging! t_interp:  8230243.546359827 t_traj:  8229742.526173591
plunging! t_interp:  8230243.546359827 t_traj:  8229241.56729357
plunging! t_interp:  8230243.546359827 t_traj:  8228740.6695459
plunging! t_interp:  8230243.546359827 t_traj:  8228239.833066191
plunging! t_interp:  8230243.546359827 t_traj:  8230067.62159309
plunging! t_interp:  8230243.546359827 t_traj:  8229891.704126546
plunging! t_interp:  8230243.546359827 t_traj:  8229715.794711109
plunging! t_interp:  8230243.546359827 t_traj:  8229539.892394413
plunging! t_interp:  8230243.546359827 t_traj:  8230181.774930292
plunging! t_interp:  8230243.546359827 t_traj:  8230120.004440479
plunging! t_interp:  8230243.546359827 t_traj:  8230058.234907368
plunging! t_interp:  8230243.546359827 t_traj:  8229996.466300558
plunging! t_interp:  8230243.546359827 t_traj:  8230221.857128021
plunging! t_interp:  8230243.546359827 t_traj:  8230200.167988231
plunging! t_interp:  8230243.546359827 t_traj:  8230178.479025233
plunging! t_interp:  8230243.546359827 t_traj:  8230156.790098868
plunging! t_interp:  8230243.546359827 t_traj:  8230235.930835254
plunging! t_interp:  8230243.546359827 t_traj:  8230228.315317881
plunging! t_interp:  8230243.546359827 t_traj:  8230220.699564287
plunging! t_interp:  8230243.546359827 t_traj:  8230213.08437059
plunging! t_interp:  8230243.546359827 t_traj:  8230240.872394553
plunging! t_interp:  8230243.546359827 t_traj:  8230238.19842807
plunging! t_interp:  8230243.546359827 t_traj:  8230235.52448858
plunging! t_interp:  8230243.546359827 t_traj:  8230232.850536434
plunging! t_interp:  8230243.546359827 t_traj:  8230242.607508415
plunging! t_interp:  8230243.546359827 t_traj:  8230241.668600731
plunging! t_interp:  8230243.546359827 t_traj:  8230240.729684497
plunging! t_interp:  8230243.546359827 t_traj:  8230239.790837967
plunging! t_interp:  8230243.546359827 t_traj:  8230243.216725907
plunging! t_interp:  8230243.546359827 t_traj:  8230242.887045895
plunging! t_interp:  8230243.546359827 t_traj:  8230242.557417033
plunging! t_interp:  8230243.546359827 t_traj:  8230242.227691314
plunging! t_interp:  8230243.546359827 t_traj:  8230243.430278282
plunging! t_interp:  8230243.546359827 t_traj:  8230243.314857907
plunging! t_interp:  8230243.546359827 t_traj:  8230243.199108721
plunging! t_interp:  8230243.546359827 t_traj:  8230243.083349025
plunging! t_interp:  8230243.546359827 t_traj:  8230243.505414357
plunging! t_interp:  8230243.546359827 t_traj:  8230243.465032736
plunging! t_interp:  8230243.546359827 t_traj:  8230243.424392514
plunging! t_interp:  8230243.546359827 t_traj:  8230243.383782474
plunging! t_interp:  8230243.546359827 t_traj:  8230169.0307118725
plunging! t_interp:  8230243.546359827 t_traj:  8230094.58487587
plunging! t_interp:  8230243.546359827 t_traj:  8230020.207260251
plunging! t_interp:  8230243.546359827 t_traj:  8229945.897452926
plunging! t_interp:  8230243.546359827 t_traj:  8230217.374647707
plunging! t_interp:  8230243.546359827 t_traj:  8230191.211383501
plunging! t_interp:  8230243.546359827 t_traj:  8230165.056671797
plunging! t_interp:  8230243.546359827 t_traj:  8230138.910479967
plunging! t_interp:  8230243.546359827 t_traj:  8230234.35597116
plunging! t_interp:  8230243.546359827 t_traj:  8230225.166669182
plunging! t_interp:  8230243.546359827 t_traj:  8230215.978387829
plunging! t_interp:  8230243.546359827 t_traj:  8230206.791182189
plunging! t_interp:  8230243.546359827 t_traj:  8230240.319309896
plunging! t_interp:  8230243.546359827 t_traj:  8230237.093202335
plunging! t_interp:  8230243.546359827 t_traj:  8230233.865638172
plunging! t_interp:  8230243.546359827 t_traj:  8230230.6389359115
plunging! t_interp:  8230243.546359827 t_traj:  8230242.413237232
plunging! t_interp:  8230243.546359827 t_traj:  8230241.280190683
plunging! t_interp:  8230243.546359827 t_traj:  8230240.147097614
plunging! t_interp:  8230243.546359827 t_traj:  8230239.014094575
plunging! t_interp:  8230243.546359827 t_traj:  8230243.148516737
plunging! t_interp:  8230243.546359827 t_traj:  8230242.750642978
plunging! t_interp:  8230243.546359827 t_traj:  8230242.352836767
plunging! t_interp:  8230243.546359827 t_traj:  8230241.954959081
plunging! t_interp:  8230243.546359827 t_traj:  8230243.406672551
plunging! t_interp:  8230243.546359827 t_traj:  8230243.266957391
plunging! t_interp:  8230243.546359827 t_traj:  8230243.127277121
plunging! t_interp:  8230243.546359827 t_traj:  8230242.987563796
plunging! t_interp:  8230243.546359827 t_traj:  8230243.497298329
plunging! t_interp:  8230243.546359827 t_traj:  8230243.44827321
plunging! t_interp:  8230243.546359827 t_traj:  8230243.399215353
plunging! t_interp:  8230243.546359827 t_traj:  8230243.350144909
plunging! t_interp:  8230243.546359827 t_traj:  8230243.529144685
plunging! t_interp:  8230243.546359827 t_traj:  8230243.51191734
plunging! t_interp:  8230243.546359827 t_traj:  8230243.494715543
plunging! t_interp:  8230243.546359827 t_traj:  8230243.477465918
plunging! t_interp:  8230243.546359827 t_traj:  8230243.540289748
plunging! t_interp:  8230243.546359827 t_traj:  8230243.535048372
plunging! t_interp:  8230243.546359827 t_traj:  8230243.528201734
plunging! t_interp:  8230243.546359827 t_traj:  8230243.522145896
plunging! t_interp:  8230243.546359827 t_traj:  8230243.544258416
plunging! t_interp:  8230243.546359827 t_traj:  8230243.54211649
plunging! t_interp:  8230243.546359827 t_traj:  8230243.539910162
plunging! t_interp:  8230243.546359827 t_traj:  8230243.537841645
plunging! t_interp:  8230243.546359827 t_traj:  8230243.545590405
plunging! t_interp:  8230243.546359827 t_traj:  8230243.5448718155
plunging! t_interp:  8230243.546359827 t_traj:  8230243.544156778
plunging! t_interp:  8230243.546359827 t_traj:  8230243.54336354
Time taken to compute stable deltas is 97.19234657287598 seconds
calculating Fisher matrix...
plunging! t_interp:  8230243.546359827 t_traj:  8230239.235643533
plunging! t_interp:  8230243.546359827 t_traj:  8230240.313315986
plunging! t_interp:  8230243.546359827 t_traj:  8230241.3910065
plunging! t_interp:  8230243.546359827 t_traj:  8230242.468460617
plunging! t_interp:  8230243.546359827 t_traj:  8230243.538199853
plunging! t_interp:  8230243.546359827 t_traj:  8230243.53009475
plunging! t_interp:  8230243.546359827 t_traj:  8230243.521917721
plunging! t_interp:  8230243.546359827 t_traj:  8230243.513756844
plunging! t_interp:  8230243.546359827 t_traj:  8230242.832324851
plunging! t_interp:  8230243.546359827 t_traj:  8230243.010842402
plunging! t_interp:  8230243.546359827 t_traj:  8230243.189376801
plunging! t_interp:  8230243.546359827 t_traj:  8230243.367884514
plunging! t_interp:  8230243.546359827 t_traj:  8230240.518440132
plunging! t_interp:  8230243.546359827 t_traj:  8230241.275392649
plunging! t_interp:  8230243.546359827 t_traj:  8230242.032393232
plunging! t_interp:  8230243.546359827 t_traj:  8230242.789376644
plunging! t_interp:  8230243.546359827 t_traj:  8230243.278701312
plunging! t_interp:  8230243.546359827 t_traj:  8230243.3455599565
plunging! t_interp:  8230243.546359827 t_traj:  8230243.412490739
plunging! t_interp:  8230243.546359827 t_traj:  8230243.47943793
plunging! t_interp:  8230243.546359827 t_traj:  8230242.607508415
plunging! t_interp:  8230243.546359827 t_traj:  8230241.668600731
plunging! t_interp:  8230243.546359827 t_traj:  8230240.729684497
plunging! t_interp:  8230243.546359827 t_traj:  8230239.790837967
plunging! t_interp:  8230243.546359827 t_traj:  8230243.497298329
plunging! t_interp:  8230243.546359827 t_traj:  8230243.44827321
plunging! t_interp:  8230243.546359827 t_traj:  8230243.399215353
plunging! t_interp:  8230243.546359827 t_traj:  8230243.350144909
Finished derivatives
Calculated Fisher is *atleast* positive-definite.
Time taken to compute FM is 8.813009262084961 seconds
    CV from_NMdev#1 it   0 lam=3.3e-03 ov=0.9919920 chi2=1.884e+03 rel=1.9e-01
Body is not plunging, Fisher should be stable.
waveform shape: (3, 6311629)
Computing SNR for parameters: (np.float64(1002549.5001844189), np.float64(4971.185449598533), np.float64(0.7049279804887834), np.float64(24.95886005106075), np.float64(0.24960585209742905), 1.0, 12.0, np.float64(0.7919551128475487), np.float64(1.006608165196792), 1.0, 1.0471975511965976, np.float64(1.1838626532487146), 0.5, np.float64(0.8312380121865811), 0.95, False, False, False, True, 0.0, 0.0, np.float64(1.019587627866048), np.float64(2.1661583011260443))
Waveform Generated. SNR: 343.30278150142647
calculating Fisher matrix...
plunging! t_interp:  8230241.457406005 t_traj:  8230237.146746048
plunging! t_interp:  8230241.457406005 t_traj:  8230238.224386658
plunging! t_interp:  8230241.457406005 t_traj:  8230239.302059406
plunging! t_interp:  8230241.457406005 t_traj:  8230240.379762397
plunging! t_interp:  8230241.457406005 t_traj:  8230241.4489698345
plunging! t_interp:  8230241.457406005 t_traj:  8230241.441139945
plunging! t_interp:  8230241.457406005 t_traj:  8230241.43375684
plunging! t_interp:  8230241.457406005 t_traj:  8230241.424836728
plunging! t_interp:  8230241.457406005 t_traj:  8230240.743358814
plunging! t_interp:  8230241.457406005 t_traj:  8230240.921866822
plunging! t_interp:  8230241.457406005 t_traj:  8230241.100212402
plunging! t_interp:  8230241.457406005 t_traj:  8230241.278934659
plunging! t_interp:  8230241.457406005 t_traj:  8230238.429495915
plunging! t_interp:  8230241.457406005 t_traj:  8230239.1864943225
plunging! t_interp:  8230241.457406005 t_traj:  8230239.943503227
plunging! t_interp:  8230241.457406005 t_traj:  8230240.700456421
plunging! t_interp:  8230241.457406005 t_traj:  8230241.189746324
plunging! t_interp:  8230241.457406005 t_traj:  8230241.256676093
plunging! t_interp:  8230241.457406005 t_traj:  8230241.323598222
plunging! t_interp:  8230241.457406005 t_traj:  8230241.390483953
plunging! t_interp:  8230241.457406005 t_traj:  8230240.518548497
plunging! t_interp:  8230241.457406005 t_traj:  8230239.579686143
plunging! t_interp:  8230241.457406005 t_traj:  8230238.640808278
plunging! t_interp:  8230241.457406005 t_traj:  8230237.701889566
plunging! t_interp:  8230241.457406005 t_traj:  8230241.408380648
plunging! t_interp:  8230241.457406005 t_traj:  8230241.359329268
plunging! t_interp:  8230241.457406005 t_traj:  8230241.310280669
plunging! t_interp:  8230241.457406005 t_traj:  8230241.261018766
Finished derivatives
Calculated Fisher is *atleast* positive-definite.
Time taken to compute FM is 9.634089708328247 seconds
    CV from_NMdev#1 it   1 lam=1.1e-03 ov=0.9935007 chi2=1.528e+03 rel=2.1e-02
Body is not plunging, Fisher should be stable.
waveform shape: (3, 6311629)
Computing SNR for parameters: (np.float64(1002549.618238823), np.float64(4971.185288396358), np.float64(0.7049233158259217), np.float64(24.95886124138805), np.float64(0.24960504003812387), 1.0, 12.0, np.float64(0.7919697387915675), np.float64(1.0065358442684929), 1.0, 1.0471975511965976, np.float64(1.1974158351751156), 0.5, np.float64(0.8514435486298333), 0.95, False, False, False, True, 0.0, 0.0, np.float64(1.0195797529375663), np.float64(2.1580030848638483))
Waveform Generated. SNR: 343.3060177087335
calculating Fisher matrix...
plunging! t_interp:  8230240.863142436 t_traj:  8230236.552471638
plunging! t_interp:  8230240.863142436 t_traj:  8230237.630174041
plunging! t_interp:  8230240.863142436 t_traj:  8230238.707802095
plunging! t_interp:  8230240.863142436 t_traj:  8230239.785473769
plunging! t_interp:  8230240.863142436 t_traj:  8230240.854976531
plunging! t_interp:  8230240.863142436 t_traj:  8230240.84682043
plunging! t_interp:  8230240.863142436 t_traj:  8230240.8384847175
plunging! t_interp:  8230240.863142436 t_traj:  8230240.830531289
plunging! t_interp:  8230240.863142436 t_traj:  8230240.149096606
plunging! t_interp:  8230240.863142436 t_traj:  8230240.3276250865
plunging! t_interp:  8230240.863142436 t_traj:  8230240.506112847
plunging! t_interp:  8230240.863142436 t_traj:  8230240.684591521
plunging! t_interp:  8230240.863142436 t_traj:  8230237.835197996
plunging! t_interp:  8230240.863142436 t_traj:  8230238.592180487
plunging! t_interp:  8230240.863142436 t_traj:  8230239.34918298
plunging! t_interp:  8230240.863142436 t_traj:  8230240.106181214
plunging! t_interp:  8230240.863142436 t_traj:  8230240.596506968
plunging! t_interp:  8230240.863142436 t_traj:  8230240.662376656
plunging! t_interp:  8230240.863142436 t_traj:  8230240.729291961
plunging! t_interp:  8230240.863142436 t_traj:  8230240.796222088
plunging! t_interp:  8230240.863142436 t_traj:  8230239.92423347
plunging! t_interp:  8230240.863142436 t_traj:  8230238.985375253
plunging! t_interp:  8230240.863142436 t_traj:  8230238.046494651
plunging! t_interp:  8230240.863142436 t_traj:  8230237.107666137
plunging! t_interp:  8230240.863142436 t_traj:  8230240.814089901
plunging! t_interp:  8230240.863142436 t_traj:  8230240.765047379
plunging! t_interp:  8230240.863142436 t_traj:  8230240.71596671
plunging! t_interp:  8230240.863142436 t_traj:  8230240.666946605
Finished derivatives
Calculated Fisher is *atleast* positive-definite.
Time taken to compute FM is 9.529722690582275 seconds
    CV from_NMdev#1 it   2 lam=1.1e-03 ov=0.9936362 chi2=1.496e+03 rel=2.0e-02
Body is not plunging, Fisher should be stable.
waveform shape: (3, 6311629)
Computing SNR for parameters: (np.float64(1002550.0360863839), np.float64(4971.184380281851), np.float64(0.7049124232257226), np.float64(24.958864209734998), np.float64(0.24960143864557305), 1.0, 12.0, np.float64(0.7887497241694249), np.float64(1.0021556027956038), 1.0, 1.0471975511965976, np.float64(1.2020720489710757), 0.5, np.float64(0.8563445270756742), 0.95, False, False, False, True, 0.0, 0.0, np.float64(1.0195425534348652), np.float64(2.1473997625849672))
Waveform Generated. SNR: 341.791288547914
calculating Fisher matrix...
plunging! t_interp:  8230238.328226484 t_traj:  8230234.017530643
plunging! t_interp:  8230238.328226484 t_traj:  8230235.096238661
plunging! t_interp:  8230238.328226484 t_traj:  8230236.172883423
plunging! t_interp:  8230238.328226484 t_traj:  8230237.2505719615
plunging! t_interp:  8230238.328226484 t_traj:  8230238.320074509
plunging! t_interp:  8230238.328226484 t_traj:  8230238.311927728
plunging! t_interp:  8230238.328226484 t_traj:  8230238.303788693
plunging! t_interp:  8230238.328226484 t_traj:  8230238.29565839
plunging! t_interp:  8230238.328226484 t_traj:  8230237.614213789
plunging! t_interp:  8230238.328226484 t_traj:  8230237.7927231975
plunging! t_interp:  8230238.328226484 t_traj:  8230237.971216016
plunging! t_interp:  8230238.328226484 t_traj:  8230238.149676609
plunging! t_interp:  8230238.328226484 t_traj:  8230235.300289355
plunging! t_interp:  8230238.328226484 t_traj:  8230236.057301617
plunging! t_interp:  8230238.328226484 t_traj:  8230236.81423922
plunging! t_interp:  8230238.328226484 t_traj:  8230237.571218693
plunging! t_interp:  8230238.328226484 t_traj:  8230238.060536583
plunging! t_interp:  8230238.328226484 t_traj:  8230238.127166282
plunging! t_interp:  8230238.328226484 t_traj:  8230238.194373873
plunging! t_interp:  8230238.328226484 t_traj:  8230238.261332559
plunging! t_interp:  8230238.328226484 t_traj:  8230237.389326216
plunging! t_interp:  8230238.328226484 t_traj:  8230236.450471326
plunging! t_interp:  8230238.328226484 t_traj:  8230235.511301565
plunging! t_interp:  8230238.328226484 t_traj:  8230234.572727276
plunging! t_interp:  8230238.328226484 t_traj:  8230238.279975212
plunging! t_interp:  8230238.328226484 t_traj:  8230238.230133455
plunging! t_interp:  8230238.328226484 t_traj:  8230238.1808124725
plunging! t_interp:  8230238.328226484 t_traj:  8230238.132041535
Finished derivatives
Calculated Fisher is *atleast* positive-definite.
Time taken to compute FM is 9.098714828491211 seconds
    CV from_NMdev#1 it   3 lam=3.8e-04 ov=0.9937297 chi2=1.465e+03 rel=6.9e-02
Body is not plunging, Fisher should be stable.
waveform shape: (3, 6311629)
Computing SNR for parameters: (np.float64(1002550.0880120711), np.float64(4971.181882193296), np.float64(0.7049054256312625), np.float64(24.958868464053342), np.float64(0.2495983482781421), 1.0, 12.0, np.float64(0.7850984708123974), np.float64(0.9965785485679625), 1.0, 1.0471975511965976, np.float64(1.1934625428926915), 0.5, np.float64(0.8556744040496589), 0.95, False, False, False, True, 0.0, 0.0, np.float64(1.0195834433930389), np.float64(2.140609629379269))
Waveform Generated. SNR: 340.1662936256579
calculating Fisher matrix...
plunging! t_interp:  8230235.681729487 t_traj:  8230231.371054436
plunging! t_interp:  8230235.681729487 t_traj:  8230232.448730112
plunging! t_interp:  8230235.681729487 t_traj:  8230233.5264275335
plunging! t_interp:  8230235.681729487 t_traj:  8230234.604054691
plunging! t_interp:  8230235.681729487 t_traj:  8230235.673313668
plunging! t_interp:  8230235.681729487 t_traj:  8230235.665466033
plunging! t_interp:  8230235.681729487 t_traj:  8230235.657262937
plunging! t_interp:  8230235.681729487 t_traj:  8230235.649103171
plunging! t_interp:  8230235.681729487 t_traj:  8230234.967671448
plunging! t_interp:  8230235.681729487 t_traj:  8230235.147018464
plunging! t_interp:  8230235.681729487 t_traj:  8230235.324710888
plunging! t_interp:  8230235.681729487 t_traj:  8230235.504148118
plunging! t_interp:  8230235.681729487 t_traj:  8230232.653817835
plunging! t_interp:  8230235.681729487 t_traj:  8230233.410535554
plunging! t_interp:  8230235.681729487 t_traj:  8230234.167490888
plunging! t_interp:  8230235.681729487 t_traj:  8230234.924739731
plunging! t_interp:  8230235.681729487 t_traj:  8230235.414011799
plunging! t_interp:  8230235.681729487 t_traj:  8230235.4809752945
plunging! t_interp:  8230235.681729487 t_traj:  8230235.547886526
plunging! t_interp:  8230235.681729487 t_traj:  8230235.614784514
plunging! t_interp:  8230235.681729487 t_traj:  8230234.742872019
plunging! t_interp:  8230235.681729487 t_traj:  8230233.803990468
plunging! t_interp:  8230235.681729487 t_traj:  8230232.865091037
plunging! t_interp:  8230235.681729487 t_traj:  8230231.926202011
plunging! t_interp:  8230235.681729487 t_traj:  8230235.63268525
plunging! t_interp:  8230235.681729487 t_traj:  8230235.583650223
plunging! t_interp:  8230235.681729487 t_traj:  8230235.534569376
plunging! t_interp:  8230235.681729487 t_traj:  8230235.485554739
Finished derivatives
Calculated Fisher is *atleast* positive-definite.
Time taken to compute FM is 9.267651796340942 seconds
    CV from_NMdev#1 it   4 lam=4.8e-04 ov=0.9941475 chi2=1.364e+03 rel=2.4e-02
Body is not plunging, Fisher should be stable.
waveform shape: (3, 6311629)
Computing SNR for parameters: (np.float64(1002550.1778497273), np.float64(4971.179132933438), np.float64(0.7048981132942076), np.float64(24.95887685366923), np.float64(0.24959310080426775), 1.0, 12.0, np.float64(0.7853168624648148), np.float64(0.9972177380788132), 1.0, 1.0471975511965976, np.float64(1.1834666744784161), 0.5, np.float64(0.8449854544404473), 0.95, False, False, False, True, 0.0, 0.0, np.float64(1.0196311101968674), np.float64(2.135281290426014))
Waveform Generated. SNR: 340.30470444560257
calculating stable deltas...
plunging! t_interp:  8230235.211448329 t_traj:  8223684.669796343
plunging! t_interp:  8230235.211448329 t_traj:  8225322.060715698
plunging! t_interp:  8230235.211448329 t_traj:  8226959.614603607
plunging! t_interp:  8230235.211448329 t_traj:  8228597.331516733
plunging! t_interp:  8230235.211448329 t_traj:  8227934.893552618
plunging! t_interp:  8230235.211448329 t_traj:  8228509.942884613
plunging! t_interp:  8230235.211448329 t_traj:  8229085.012307611
plunging! t_interp:  8230235.211448329 t_traj:  8229660.101846583
plunging! t_interp:  8230235.211448329 t_traj:  8229427.489056313
plunging! t_interp:  8230235.211448329 t_traj:  8229629.415960179
plunging! t_interp:  8230235.211448329 t_traj:  8229831.346111093
plunging! t_interp:  8230235.211448329 t_traj:  8230033.277133536
plunging! t_interp:  8230235.211448329 t_traj:  8229951.59983508
plunging! t_interp:  8230235.211448329 t_traj:  8230022.502215852
plunging! t_interp:  8230235.211448329 t_traj:  8230093.405137952
plunging! t_interp:  8230235.211448329 t_traj:  8230164.308112135
plunging! t_interp:  8230235.211448329 t_traj:  8230135.629493284
plunging! t_interp:  8230235.211448329 t_traj:  8230160.52494566
plunging! t_interp:  8230235.211448329 t_traj:  8230185.42035141
plunging! t_interp:  8230235.211448329 t_traj:  8230210.315851978
plunging! t_interp:  8230235.211448329 t_traj:  8230200.246202663
plunging! t_interp:  8230235.211448329 t_traj:  8230208.987189649
plunging! t_interp:  8230235.211448329 t_traj:  8230217.72959986
plunging! t_interp:  8230235.211448329 t_traj:  8230226.470142228
plunging! t_interp:  8230235.211448329 t_traj:  8230222.93446534
plunging! t_interp:  8230235.211448329 t_traj:  8230226.003728935
plunging! t_interp:  8230235.211448329 t_traj:  8230229.072939077
plunging! t_interp:  8230235.211448329 t_traj:  8230232.142141302
plunging! t_interp:  8230235.211448329 t_traj:  8230230.900742174
plunging! t_interp:  8230235.211448329 t_traj:  8230231.978406943
plunging! t_interp:  8230235.211448329 t_traj:  8230233.055769868
plunging! t_interp:  8230235.211448329 t_traj:  8230234.133783509
plunging! t_interp:  8230235.211448329 t_traj:  8230233.697833133
plunging! t_interp:  8230235.211448329 t_traj:  8230234.07621913
plunging! t_interp:  8230235.211448329 t_traj:  8230234.45462911
plunging! t_interp:  8230235.211448329 t_traj:  8230234.832992789
plunging! t_interp:  8230235.211448329 t_traj:  8230234.679970368
plunging! t_interp:  8230235.211448329 t_traj:  8230234.812826416
plunging! t_interp:  8230235.211448329 t_traj:  8230234.945694014
plunging! t_interp:  8230235.211448329 t_traj:  8230235.079479212
plunging! t_interp:  8230235.211448329 t_traj:  8230235.024826582
plunging! t_interp:  8230235.211448329 t_traj:  8230235.071214191
plunging! t_interp:  8230235.211448329 t_traj:  8230235.118121981
plunging! t_interp:  8230235.211448329 t_traj:  8230235.164751182
plunging! t_interp:  8230235.211448329 t_traj:  8230235.14589988
plunging! t_interp:  8230235.211448329 t_traj:  8230235.162286969
plunging! t_interp:  8230235.211448329 t_traj:  8230235.178695295
plunging! t_interp:  8230235.211448329 t_traj:  8230235.195014651
plunging! t_interp:  8230235.211448329 t_traj:  8229420.355035137
plunging! t_interp:  8230235.211448329 t_traj:  8228605.661563208
plunging! t_interp:  8230235.211448329 t_traj:  8227791.131047482
plunging! t_interp:  8230235.211448329 t_traj:  8226976.763312115
plunging! t_interp:  8230235.211448329 t_traj:  8229949.081185921
plunging! t_interp:  8230235.211448329 t_traj:  8229662.970981556
plunging! t_interp:  8230235.211448329 t_traj:  8229376.880865154
plunging! t_interp:  8230235.211448329 t_traj:  8229090.810902103
plunging! t_interp:  8230235.211448329 t_traj:  8230134.743309958
plunging! t_interp:  8230235.211448329 t_traj:  8230034.277673044
plunging! t_interp:  8230235.211448329 t_traj:  8229933.814546211
plunging! t_interp:  8230235.211448329 t_traj:  8229833.353840652
plunging! t_interp:  8230235.211448329 t_traj:  8230199.934540341
plunging! t_interp:  8230235.211448329 t_traj:  8230164.6585631715
plunging! t_interp:  8230235.211448329 t_traj:  8230129.382636974
plunging! t_interp:  8230235.211448329 t_traj:  8230094.107032646
plunging! t_interp:  8230235.211448329 t_traj:  8230222.825078147
plunging! t_interp:  8230235.211448329 t_traj:  8230210.438805173
plunging! t_interp:  8230235.211448329 t_traj:  8230198.052601384
plunging! t_interp:  8230235.211448329 t_traj:  8230185.666398031
plunging! t_interp:  8230235.211448329 t_traj:  8230230.862366336
plunging! t_interp:  8230235.211448329 t_traj:  8230226.513274035
plunging! t_interp:  8230235.211448329 t_traj:  8230222.164215381
plunging! t_interp:  8230235.211448329 t_traj:  8230217.815180591
plunging! t_interp:  8230235.211448329 t_traj:  8230233.684395444
plunging! t_interp:  8230235.211448329 t_traj:  8230232.1570232725
plunging! t_interp:  8230235.211448329 t_traj:  8230230.630271336
plunging! t_interp:  8230235.211448329 t_traj:  8230229.103246423
plunging! t_interp:  8230235.211448329 t_traj:  8230234.675278028
plunging! t_interp:  8230235.211448329 t_traj:  8230234.139073023
plunging! t_interp:  8230235.211448329 t_traj:  8230233.6028381325
plunging! t_interp:  8230235.211448329 t_traj:  8230233.066704838
plunging! t_interp:  8230235.211448329 t_traj:  8230235.023121896
plunging! t_interp:  8230235.211448329 t_traj:  8230234.834887323
plunging! t_interp:  8230235.211448329 t_traj:  8230234.646606452
plunging! t_interp:  8230235.211448329 t_traj:  8230234.458403395
plunging! t_interp:  8230235.211448329 t_traj:  8230235.146237182
plunging! t_interp:  8230235.211448329 t_traj:  8230235.079209961
plunging! t_interp:  8230235.211448329 t_traj:  8230235.013100341
plunging! t_interp:  8230235.211448329 t_traj:  8230234.9470022665
plunging! t_interp:  8230235.211448329 t_traj:  8230235.188191187
plunging! t_interp:  8230235.211448329 t_traj:  8230235.165001994
plunging! t_interp:  8230235.211448329 t_traj:  8230235.141534204
plunging! t_interp:  8230235.211448329 t_traj:  8230235.1185866
plunging! t_interp:  8230235.211448329 t_traj:  8230235.203244885
plunging! t_interp:  8230235.211448329 t_traj:  8230235.195155764
plunging! t_interp:  8230235.211448329 t_traj:  8230235.186977672
plunging! t_interp:  8230235.211448329 t_traj:  8230235.1788208205
plunging! t_interp:  8230235.211448329 t_traj:  8229854.1709471475
plunging! t_interp:  8230235.211448329 t_traj:  8229949.432050189
plunging! t_interp:  8230235.211448329 t_traj:  8230044.692486175
plunging! t_interp:  8230235.211448329 t_traj:  8230139.952294796
plunging! t_interp:  8230235.211448329 t_traj:  8230101.422036754
plunging! t_interp:  8230235.211448329 t_traj:  8230134.869471149
plunging! t_interp:  8230235.211448329 t_traj:  8230168.316908244
plunging! t_interp:  8230235.211448329 t_traj:  8230201.764188834
plunging! t_interp:  8230235.211448329 t_traj:  8230188.235208027
plunging! t_interp:  8230235.211448329 t_traj:  8230199.979517998
plunging! t_interp:  8230235.211448329 t_traj:  8230211.723476213
plunging! t_interp:  8230235.211448329 t_traj:  8230223.467485752
plunging! t_interp:  8230235.211448329 t_traj:  8230218.717291861
plunging! t_interp:  8230235.211448329 t_traj:  8230222.840824599
plunging! t_interp:  8230235.211448329 t_traj:  8230226.964397597
plunging! t_interp:  8230235.211448329 t_traj:  8230231.087604138
plunging! t_interp:  8230235.211448329 t_traj:  8230229.42003156
plunging! t_interp:  8230235.211448329 t_traj:  8230230.867879682
plunging! t_interp:  8230235.211448329 t_traj:  8230232.315710519
plunging! t_interp:  8230235.211448329 t_traj:  8230233.763606242
plunging! t_interp:  8230235.211448329 t_traj:  8230233.177921792
plunging! t_interp:  8230235.211448329 t_traj:  8230233.686329862
plunging! t_interp:  8230235.211448329 t_traj:  8230234.194698332
plunging! t_interp:  8230235.211448329 t_traj:  8230234.70303507
plunging! t_interp:  8230235.211448329 t_traj:  8230234.497474041
plunging! t_interp:  8230235.211448329 t_traj:  8230234.67595607
plunging! t_interp:  8230235.211448329 t_traj:  8230234.854419919
plunging! t_interp:  8230235.211448329 t_traj:  8230235.032906326
plunging! t_interp:  8230235.211448329 t_traj:  8230234.960723583
plunging! t_interp:  8230235.211448329 t_traj:  8230235.02336054
plunging! t_interp:  8230235.211448329 t_traj:  8230235.0858594
plunging! t_interp:  8230235.211448329 t_traj:  8230235.148712217
plunging! t_interp:  8230235.211448329 t_traj:  8230235.123186168
plunging! t_interp:  8230235.211448329 t_traj:  8230235.145415241
plunging! t_interp:  8230235.211448329 t_traj:  8230235.168334652
plunging! t_interp:  8230235.211448329 t_traj:  8230235.189402408
plunging! t_interp:  8230235.211448329 t_traj:  8230235.180518691
plunging! t_interp:  8230235.211448329 t_traj:  8230235.18827588
plunging! t_interp:  8230235.211448329 t_traj:  8230235.195986828
plunging! t_interp:  8230235.211448329 t_traj:  8230235.203736606
plunging! t_interp:  8230235.211448329 t_traj:  8230235.200569506
plunging! t_interp:  8230235.211448329 t_traj:  8230235.203279949
plunging! t_interp:  8230235.211448329 t_traj:  8230235.205977507
plunging! t_interp:  8230235.211448329 t_traj:  8230235.208699941
plunging! t_interp:  8230235.211448329 t_traj:  8230235.207623386
plunging! t_interp:  8230235.211448329 t_traj:  8230235.208579704
plunging! t_interp:  8230235.211448329 t_traj:  8230235.210305006
plunging! t_interp:  8230235.211448329 t_traj:  8230235.2104592435
plunging! t_interp:  8230235.211448329 t_traj:  8217135.858707966
plunging! t_interp:  8230235.211448329 t_traj:  8220409.237314873
plunging! t_interp:  8230235.211448329 t_traj:  8223683.588574519
plunging! t_interp:  8230235.211448329 t_traj:  8226958.913404121
plunging! t_interp:  8230235.211448329 t_traj:  8225634.003697394
plunging! t_interp:  8230235.211448329 t_traj:  8226784.125658994
plunging! t_interp:  8230235.211448329 t_traj:  8227934.367220601
plunging! t_interp:  8230235.211448329 t_traj:  8229084.729274517
plunging! t_interp:  8230235.211448329 t_traj:  8228619.42044126
plunging! t_interp:  8230235.211448329 t_traj:  8229023.346004514
plunging! t_interp:  8230235.211448329 t_traj:  8229427.286323881
plunging! t_interp:  8230235.211448329 t_traj:  8229831.2415118925
plunging! t_interp:  8230235.211448329 t_traj:  8229667.849298604
plunging! t_interp:  8230235.211448329 t_traj:  8229809.687071552
plunging! t_interp:  8230235.211448329 t_traj:  8229951.526686618
plunging! t_interp:  8230235.211448329 t_traj:  8230093.368150866
plunging! t_interp:  8230235.211448329 t_traj:  8230035.996370548
plunging! t_interp:  8230235.211448329 t_traj:  8230085.799768424
plunging! t_interp:  8230235.211448329 t_traj:  8230135.603481044
plunging! t_interp:  8230235.211448329 t_traj:  8230185.40731778
plunging! t_interp:  8230235.211448329 t_traj:  8230165.262755525
plunging! t_interp:  8230235.211448329 t_traj:  8230182.749903814
plunging! t_interp:  8230235.211448329 t_traj:  8230200.236840369
plunging! t_interp:  8230235.211448329 t_traj:  8230217.725110564
plunging! t_interp:  8230235.211448329 t_traj:  8230210.651063626
plunging! t_interp:  8230235.211448329 t_traj:  8230216.791177612
plunging! t_interp:  8230235.211448329 t_traj:  8230222.931224145
plunging! t_interp:  8230235.211448329 t_traj:  8230229.071362675
plunging! t_interp:  8230235.211448329 t_traj:  8230226.587766675
plunging! t_interp:  8230235.211448329 t_traj:  8230228.743713542
plunging! t_interp:  8230235.211448329 t_traj:  8230230.89959271
plunging! t_interp:  8230235.211448329 t_traj:  8230233.055503501
plunging! t_interp:  8230235.211448329 t_traj:  8230232.183489223
plunging! t_interp:  8230235.211448329 t_traj:  8230232.941393088
plunging! t_interp:  8230235.211448329 t_traj:  8230233.697465473
plunging! t_interp:  8230235.211448329 t_traj:  8230234.4544293
plunging! t_interp:  8230235.211448329 t_traj:  8230234.148271292
plunging! t_interp:  8230235.211448329 t_traj:  8230234.414079927
plunging! t_interp:  8230235.211448329 t_traj:  8230234.679852099
plunging! t_interp:  8230235.211448329 t_traj:  8230234.945616683
plunging! t_interp:  8230235.211448329 t_traj:  8230234.838136419
plunging! t_interp:  8230235.211448329 t_traj:  8230234.931417839
plunging! t_interp:  8230235.211448329 t_traj:  8230235.02477733
plunging! t_interp:  8230235.211448329 t_traj:  8230235.118139818
plunging! t_interp:  8230235.211448329 t_traj:  8230235.080349469
plunging! t_interp:  8230235.211448329 t_traj:  8230235.113120943
plunging! t_interp:  8230235.211448329 t_traj:  8230235.145912201
plunging! t_interp:  8230235.211448329 t_traj:  8230235.178611975
plunging! t_interp:  8230235.211448329 t_traj:  8230092.403894315
plunging! t_interp:  8230235.211448329 t_traj:  8230128.098217836
plunging! t_interp:  8230235.211448329 t_traj:  8230163.797569246
plunging! t_interp:  8230235.211448329 t_traj:  8230199.50197768
plunging! t_interp:  8230235.211448329 t_traj:  8230185.0598069765
plunging! t_interp:  8230235.211448329 t_traj:  8230197.596754004
plunging! t_interp:  8230235.211448329 t_traj:  8230210.13434828
plunging! t_interp:  8230235.211448329 t_traj:  8230222.672588184
plunging! t_interp:  8230235.211448329 t_traj:  8230217.601087287
plunging! t_interp:  8230235.211448329 t_traj:  8230222.003563231
plunging! t_interp:  8230235.211448329 t_traj:  8230226.406132728
plunging! t_interp:  8230235.211448329 t_traj:  8230230.808512132
plunging! t_interp:  8230235.211448329 t_traj:  8230229.027959177
plunging! t_interp:  8230235.211448329 t_traj:  8230230.573837072
plunging! t_interp:  8230235.211448329 t_traj:  8230232.119525223
plunging! t_interp:  8230235.211448329 t_traj:  8230233.665494492
plunging! t_interp:  8230235.211448329 t_traj:  8230233.04023573
plunging! t_interp:  8230235.211448329 t_traj:  8230233.582781875
plunging! t_interp:  8230235.211448329 t_traj:  8230234.125633148
plunging! t_interp:  8230235.211448329 t_traj:  8230234.668639762
plunging! t_interp:  8230235.211448329 t_traj:  8230234.449087277
plunging! t_interp:  8230235.211448329 t_traj:  8230234.639666466
plunging! t_interp:  8230235.211448329 t_traj:  8230234.830228062
plunging! t_interp:  8230235.211448329 t_traj:  8230235.020837929
plunging! t_interp:  8230235.211448329 t_traj:  8230234.944610282
plunging! t_interp:  8230235.211448329 t_traj:  8230235.01063001
plunging! t_interp:  8230235.211448329 t_traj:  8230235.077253848
plunging! t_interp:  8230235.211448329 t_traj:  8230235.1444834275
plunging! t_interp:  8230235.211448329 t_traj:  8230235.117156255
plunging! t_interp:  8230235.211448329 t_traj:  8230235.140976987
plunging! t_interp:  8230235.211448329 t_traj:  8230235.164418699
plunging! t_interp:  8230235.211448329 t_traj:  8230235.187643601
plunging! t_interp:  8230235.211448329 t_traj:  8230235.178208808
plunging! t_interp:  8230235.211448329 t_traj:  8230235.186656712
plunging! t_interp:  8230235.211448329 t_traj:  8230235.194888241
plunging! t_interp:  8230235.211448329 t_traj:  8230235.203182831
plunging! t_interp:  8230235.211448329 t_traj:  8230235.199838993
plunging! t_interp:  8230235.211448329 t_traj:  8230235.202396061
plunging! t_interp:  8230235.211448329 t_traj:  8230235.205600315
plunging! t_interp:  8230235.211448329 t_traj:  8230235.208527198
plunging! t_interp:  8230235.211448329 t_traj:  8230235.207312005
plunging! t_interp:  8230235.211448329 t_traj:  8230235.20837503
plunging! t_interp:  8230235.211448329 t_traj:  8230235.20937592
plunging! t_interp:  8230235.211448329 t_traj:  8230235.210437114
plunging! t_interp:  8230235.211448329 t_traj:  8230235.210035918
plunging! t_interp:  8230235.211448329 t_traj:  8230235.210385967
plunging! t_interp:  8230235.211448329 t_traj:  8230235.210704255
plunging! t_interp:  8230235.211448329 t_traj:  8230235.211072087
plunging! t_interp:  8230235.211448329 t_traj:  8226172.824194964
plunging! t_interp:  8230235.211448329 t_traj:  8222114.460449079
plunging! t_interp:  8230235.211448329 t_traj:  8218060.114012074
plunging! t_interp:  8230235.211448329 t_traj:  8214009.779191201
plunging! t_interp:  8230235.211448329 t_traj:  8228808.370646334
plunging! t_interp:  8230235.211448329 t_traj:  8227382.026415518
plunging! t_interp:  8230235.211448329 t_traj:  8225956.1783856815
plunging! t_interp:  8230235.211448329 t_traj:  8224530.826134079
plunging! t_interp:  8230235.211448329 t_traj:  8229734.163687314
plunging! t_interp:  8230235.211448329 t_traj:  8229233.177237051
plunging! t_interp:  8230235.211448329 t_traj:  8228732.251944662
plunging! t_interp:  8230235.211448329 t_traj:  8228231.387875934
plunging! t_interp:  8230235.211448329 t_traj:  8230059.276770666
plunging! t_interp:  8230235.211448329 t_traj:  8229883.350135308
plunging! t_interp:  8230235.211448329 t_traj:  8229707.430482939
plunging! t_interp:  8230235.211448329 t_traj:  8229531.518938787
plunging! t_interp:  8230235.211448329 t_traj:  8230173.436602113
plunging! t_interp:  8230235.211448329 t_traj:  8230111.663502235
plunging! t_interp:  8230235.211448329 t_traj:  8230049.889763277
plunging! t_interp:  8230235.211448329 t_traj:  8229988.117747123
plunging! t_interp:  8230235.211448329 t_traj:  8230213.520994008
plunging! t_interp:  8230235.211448329 t_traj:  8230191.83065294
plunging! t_interp:  8230235.211448329 t_traj:  8230170.140446124
plunging! t_interp:  8230235.211448329 t_traj:  8230148.45039974
plunging! t_interp:  8230235.211448329 t_traj:  8230227.595480103
plunging! t_interp:  8230235.211448329 t_traj:  8230219.979561297
plunging! t_interp:  8230235.211448329 t_traj:  8230212.363648294
plunging! t_interp:  8230235.211448329 t_traj:  8230204.747727145
plunging! t_interp:  8230235.211448329 t_traj:  8230232.537324879
plunging! t_interp:  8230235.211448329 t_traj:  8230229.863210635
plunging! t_interp:  8230235.211448329 t_traj:  8230227.189096335
plunging! t_interp:  8230235.211448329 t_traj:  8230224.515002818
plunging! t_interp:  8230235.211448329 t_traj:  8230234.272439304
plunging! t_interp:  8230235.211448329 t_traj:  8230233.333538828
plunging! t_interp:  8230235.211448329 t_traj:  8230232.394622194
plunging! t_interp:  8230235.211448329 t_traj:  8230231.455689643
plunging! t_interp:  8230235.211448329 t_traj:  8230234.881731005
plunging! t_interp:  8230235.211448329 t_traj:  8230234.552080571
plunging! t_interp:  8230235.211448329 t_traj:  8230234.222433581
plunging! t_interp:  8230235.211448329 t_traj:  8230233.892746071
plunging! t_interp:  8230235.211448329 t_traj:  8230235.0956387
plunging! t_interp:  8230235.211448329 t_traj:  8230234.979875266
plunging! t_interp:  8230235.211448329 t_traj:  8230234.864165729
plunging! t_interp:  8230235.211448329 t_traj:  8230234.748412692
plunging! t_interp:  8230235.211448329 t_traj:  8230235.170813942
plunging! t_interp:  8230235.211448329 t_traj:  8230235.130109879
plunging! t_interp:  8230235.211448329 t_traj:  8230235.089494625
plunging! t_interp:  8230235.211448329 t_traj:  8230235.048828491
plunging! t_interp:  8230235.211448329 t_traj:  8230161.889275571
plunging! t_interp:  8230235.211448329 t_traj:  8230088.634076361
plunging! t_interp:  8230235.211448329 t_traj:  8230015.445516024
plunging! t_interp:  8230235.211448329 t_traj:  8229942.323644816
plunging! t_interp:  8230235.211448329 t_traj:  8230209.459009413
plunging! t_interp:  8230235.211448329 t_traj:  8230183.7156359535
plunging! t_interp:  8230235.211448329 t_traj:  8230157.978961605
plunging! t_interp:  8230235.211448329 t_traj:  8230132.25124194
plunging! t_interp:  8230235.211448329 t_traj:  8230226.168300833
plunging! t_interp:  8230235.211448329 t_traj:  8230217.126030067
plunging! t_interp:  8230235.211448329 t_traj:  8230208.085154505
plunging! t_interp:  8230235.211448329 t_traj:  8230199.0451045735
plunging! t_interp:  8230235.211448329 t_traj:  8230232.036127758
plunging! t_interp:  8230235.211448329 t_traj:  8230228.860876789
plunging! t_interp:  8230235.211448329 t_traj:  8230225.6858533025
plunging! t_interp:  8230235.211448329 t_traj:  8230222.510911378
plunging! t_interp:  8230235.211448329 t_traj:  8230234.096470166
plunging! t_interp:  8230235.211448329 t_traj:  8230232.981573286
plunging! t_interp:  8230235.211448329 t_traj:  8230231.866671492
plunging! t_interp:  8230235.211448329 t_traj:  8230230.751783999
plunging! t_interp:  8230235.211448329 t_traj:  8230234.819944111
plunging! t_interp:  8230235.211448329 t_traj:  8230234.428479124
plunging! t_interp:  8230235.211448329 t_traj:  8230234.0370435575
plunging! t_interp:  8230235.211448329 t_traj:  8230233.645519634
plunging! t_interp:  8230235.211448329 t_traj:  8230235.073980496
plunging! t_interp:  8230235.211448329 t_traj:  8230234.936520697
plunging! t_interp:  8230235.211448329 t_traj:  8230234.799049971
plunging! t_interp:  8230235.211448329 t_traj:  8230234.661578743
plunging! t_interp:  8230235.211448329 t_traj:  8230235.163174933
plunging! t_interp:  8230235.211448329 t_traj:  8230235.114642242
plunging! t_interp:  8230235.211448329 t_traj:  8230235.06660824
plunging! t_interp:  8230235.211448329 t_traj:  8230235.01837584
plunging! t_interp:  8230235.211448329 t_traj:  8230235.194266551
plunging! t_interp:  8230235.211448329 t_traj:  8230235.177529819
plunging! t_interp:  8230235.211448329 t_traj:  8230235.160577751
plunging! t_interp:  8230235.211448329 t_traj:  8230235.143614216
plunging! t_interp:  8230235.211448329 t_traj:  8230235.2054970525
plunging! t_interp:  8230235.211448329 t_traj:  8230235.199474569
plunging! t_interp:  8230235.211448329 t_traj:  8230235.193571627
plunging! t_interp:  8230235.211448329 t_traj:  8230235.187654485
plunging! t_interp:  8230235.211448329 t_traj:  8230235.209308174
plunging! t_interp:  8230235.211448329 t_traj:  8230235.20723837
plunging! t_interp:  8230235.211448329 t_traj:  8230235.205162108
plunging! t_interp:  8230235.211448329 t_traj:  8230235.20304292
plunging! t_interp:  8230235.211448329 t_traj:  8230235.210682067
plunging! t_interp:  8230235.211448329 t_traj:  8230235.209952896
plunging! t_interp:  8230235.211448329 t_traj:  8230235.209224111
plunging! t_interp:  8230235.211448329 t_traj:  8230235.208486325
Time taken to compute stable deltas is 95.04364395141602 seconds
calculating Fisher matrix...
plunging! t_interp:  8230235.211448329 t_traj:  8230233.697833133
plunging! t_interp:  8230235.211448329 t_traj:  8230234.07621913
plunging! t_interp:  8230235.211448329 t_traj:  8230234.45462911
plunging! t_interp:  8230235.211448329 t_traj:  8230234.832992789
plunging! t_interp:  8230235.211448329 t_traj:  8230234.675278028
plunging! t_interp:  8230235.211448329 t_traj:  8230234.139073023
plunging! t_interp:  8230235.211448329 t_traj:  8230233.6028381325
plunging! t_interp:  8230235.211448329 t_traj:  8230233.066704838
plunging! t_interp:  8230235.211448329 t_traj:  8230234.497474041
plunging! t_interp:  8230235.211448329 t_traj:  8230234.67595607
plunging! t_interp:  8230235.211448329 t_traj:  8230234.854419919
plunging! t_interp:  8230235.211448329 t_traj:  8230235.032906326
plunging! t_interp:  8230235.211448329 t_traj:  8230234.148271292
plunging! t_interp:  8230235.211448329 t_traj:  8230234.414079927
plunging! t_interp:  8230235.211448329 t_traj:  8230234.679852099
plunging! t_interp:  8230235.211448329 t_traj:  8230234.945616683
plunging! t_interp:  8230235.211448329 t_traj:  8230234.449087277
plunging! t_interp:  8230235.211448329 t_traj:  8230234.639666466
plunging! t_interp:  8230235.211448329 t_traj:  8230234.830228062
plunging! t_interp:  8230235.211448329 t_traj:  8230235.020837929
plunging! t_interp:  8230235.211448329 t_traj:  8230235.0956387
plunging! t_interp:  8230235.211448329 t_traj:  8230234.979875266
plunging! t_interp:  8230235.211448329 t_traj:  8230234.864165729
plunging! t_interp:  8230235.211448329 t_traj:  8230234.748412692
plunging! t_interp:  8230235.211448329 t_traj:  8230235.073980496
plunging! t_interp:  8230235.211448329 t_traj:  8230234.936520697
plunging! t_interp:  8230235.211448329 t_traj:  8230234.799049971
plunging! t_interp:  8230235.211448329 t_traj:  8230234.661578743
Finished derivatives
Calculated Fisher is *atleast* positive-definite.
Time taken to compute FM is 8.441851377487183 seconds
    CV from_NMdev#1 it   5 lam=1.3e-03 ov=0.9942907 chi2=1.331e+03 rel=7.5e-03
Body is not plunging, Fisher should be stable.
waveform shape: (3, 6311629)
Computing SNR for parameters: (np.float64(1002550.2563685735), np.float64(4971.178747262276), np.float64(0.7048958152245883), np.float64(24.958877746206007), np.float64(0.2495922584681907), 1.0, 12.0, np.float64(0.7850470746774273), np.float64(0.9967909630187679), 1.0, 1.0471975511965976, np.float64(1.1848775166821137), 0.5, np.float64(0.8421439406243343), 0.95, False, False, False, True, 0.0, 0.0, np.float64(1.0196150164438667), np.float64(2.1337525312065546))
Waveform Generated. SNR: 340.18153601668035
calculating Fisher matrix...
plunging! t_interp:  8230235.154170407 t_traj:  8230233.6405076925
plunging! t_interp:  8230235.154170407 t_traj:  8230234.019038543
plunging! t_interp:  8230235.154170407 t_traj:  8230234.397461713
plunging! t_interp:  8230235.154170407 t_traj:  8230234.77551163
plunging! t_interp:  8230235.154170407 t_traj:  8230234.618003585
plunging! t_interp:  8230235.154170407 t_traj:  8230234.08188559
plunging! t_interp:  8230235.154170407 t_traj:  8230233.54563665
plunging! t_interp:  8230235.154170407 t_traj:  8230233.009505432
plunging! t_interp:  8230235.154170407 t_traj:  8230234.440223639
plunging! t_interp:  8230235.154170407 t_traj:  8230234.618706475
plunging! t_interp:  8230235.154170407 t_traj:  8230234.797213106
plunging! t_interp:  8230235.154170407 t_traj:  8230234.97658106
plunging! t_interp:  8230235.154170407 t_traj:  8230234.091064448
plunging! t_interp:  8230235.154170407 t_traj:  8230234.356824307
plunging! t_interp:  8230235.154170407 t_traj:  8230234.622601522
plunging! t_interp:  8230235.154170407 t_traj:  8230234.888454928
plunging! t_interp:  8230235.154170407 t_traj:  8230234.392672238
plunging! t_interp:  8230235.154170407 t_traj:  8230234.582326381
plunging! t_interp:  8230235.154170407 t_traj:  8230234.773014627
plunging! t_interp:  8230235.154170407 t_traj:  8230234.963604495
plunging! t_interp:  8230235.154170407 t_traj:  8230235.038458007
plunging! t_interp:  8230235.154170407 t_traj:  8230234.922701569
plunging! t_interp:  8230235.154170407 t_traj:  8230234.806919821
plunging! t_interp:  8230235.154170407 t_traj:  8230234.691168346
plunging! t_interp:  8230235.154170407 t_traj:  8230235.016778799
plunging! t_interp:  8230235.154170407 t_traj:  8230234.879291595
plunging! t_interp:  8230235.154170407 t_traj:  8230234.7418328915
plunging! t_interp:  8230235.154170407 t_traj:  8230234.604357098
Finished derivatives
Calculated Fisher is *atleast* positive-definite.
Time taken to compute FM is 9.686906099319458 seconds
    CV from_NMdev#1 it   6 lam=3.4e-03 ov=0.9943333 chi2=1.321e+03 rel=2.2e-03
Body is not plunging, Fisher should be stable.
waveform shape: (3, 6311629)
Computing SNR for parameters: (np.float64(1002550.2852980685), np.float64(4971.178605475332), np.float64(0.7048949538637975), np.float64(24.958878075240058), np.float64(0.2495919414518949), 1.0, 12.0, np.float64(0.7850113228682978), np.float64(0.9967903931764672), 1.0, 1.0471975511965976, np.float64(1.1851857275502746), 0.5, np.float64(0.8416550819311337), 0.95, False, False, False, True, 0.0, 0.0, np.float64(1.0196091170654917), np.float64(2.133222869885728))
Waveform Generated. SNR: 340.1722660962728
calculating Fisher matrix...
plunging! t_interp:  8230235.091581274 t_traj:  8230233.577204557
plunging! t_interp:  8230235.091581274 t_traj:  8230233.955638926
plunging! t_interp:  8230235.091581274 t_traj:  8230234.3339851
plunging! t_interp:  8230235.091581274 t_traj:  8230234.712351377
plunging! t_interp:  8230235.091581274 t_traj:  8230234.554621395
plunging! t_interp:  8230235.091581274 t_traj:  8230234.0184125
plunging! t_interp:  8230235.091581274 t_traj:  8230233.482228512
plunging! t_interp:  8230235.091581274 t_traj:  8230232.946046713
plunging! t_interp:  8230235.091581274 t_traj:  8230234.376771455
plunging! t_interp:  8230235.091581274 t_traj:  8230234.555258173
plunging! t_interp:  8230235.091581274 t_traj:  8230234.733744318
plunging! t_interp:  8230235.091581274 t_traj:  8230234.912279441
plunging! t_interp:  8230235.091581274 t_traj:  8230234.027646293
plunging! t_interp:  8230235.091581274 t_traj:  8230234.2933928175
plunging! t_interp:  8230235.091581274 t_traj:  8230234.559179586
plunging! t_interp:  8230235.091581274 t_traj:  8230234.824973616
plunging! t_interp:  8230235.091581274 t_traj:  8230234.328466355
plunging! t_interp:  8230235.091581274 t_traj:  8230234.518960704
plunging! t_interp:  8230235.091581274 t_traj:  8230234.709597641
plunging! t_interp:  8230235.091581274 t_traj:  8230234.901025711
plunging! t_interp:  8230235.091581274 t_traj:  8230234.97502185
plunging! t_interp:  8230235.091581274 t_traj:  8230234.859262192
plunging! t_interp:  8230235.091581274 t_traj:  8230234.743498672
plunging! t_interp:  8230235.091581274 t_traj:  8230234.627771912
plunging! t_interp:  8230235.091581274 t_traj:  8230234.953345063
plunging! t_interp:  8230235.091581274 t_traj:  8230234.815855104
plunging! t_interp:  8230235.091581274 t_traj:  8230234.678443696
plunging! t_interp:  8230235.091581274 t_traj:  8230234.540942134
Finished derivatives
Calculated Fisher is *atleast* positive-definite.
Time taken to compute FM is 9.886841773986816 seconds
    CV from_NMdev#1 it   7 lam=2.3e-03 ov=0.9943460 chi2=1.318e+03 rel=3.2e-03
Body is not plunging, Fisher should be stable.
waveform shape: (3, 6311629)
Computing SNR for parameters: (np.float64(1002550.32828583), np.float64(4971.178386144119), np.float64(0.7048937098831809), np.float64(24.95887856697287), np.float64(0.24959145359440543), 1.0, 12.0, np.float64(0.7849804882707627), np.float64(0.9968236994273901), 1.0, 1.0471975511965976, np.float64(1.1852312315940567), 0.5, np.float64(0.8412673850865414), 0.95, False, False, False, True, 0.0, 0.0, np.float64(1.0195999264985949), np.float64(2.1325570518273547))
Waveform Generated. SNR: 340.16804824234123
calculating Fisher matrix...
plunging! t_interp:  8230235.0141764935 t_traj:  8230233.500628193
plunging! t_interp:  8230235.0141764935 t_traj:  8230233.879031791
plunging! t_interp:  8230235.0141764935 t_traj:  8230234.25745383
plunging! t_interp:  8230235.0141764935 t_traj:  8230234.635808302
plunging! t_interp:  8230235.0141764935 t_traj:  8230234.478030586
plunging! t_interp:  8230235.0141764935 t_traj:  8230233.941878308
plunging! t_interp:  8230235.0141764935 t_traj:  8230233.405653104
plunging! t_interp:  8230235.0141764935 t_traj:  8230232.869281956
plunging! t_interp:  8230235.0141764935 t_traj:  8230234.299900896
plunging! t_interp:  8230235.0141764935 t_traj:  8230234.478684303
plunging! t_interp:  8230235.0141764935 t_traj:  8230234.657183272
plunging! t_interp:  8230235.0141764935 t_traj:  8230234.835697261
plunging! t_interp:  8230235.0141764935 t_traj:  8230233.951012495
plunging! t_interp:  8230235.0141764935 t_traj:  8230234.216803862
plunging! t_interp:  8230235.0141764935 t_traj:  8230234.482601299
plunging! t_interp:  8230235.0141764935 t_traj:  8230234.748401891
plunging! t_interp:  8230235.0141764935 t_traj:  8230234.251843686
plunging! t_interp:  8230235.0141764935 t_traj:  8230234.442453015
plunging! t_interp:  8230235.0141764935 t_traj:  8230234.633057164
plunging! t_interp:  8230235.0141764935 t_traj:  8230234.823636089
plunging! t_interp:  8230235.0141764935 t_traj:  8230234.898169982
plunging! t_interp:  8230235.0141764935 t_traj:  8230234.782693387
plunging! t_interp:  8230235.0141764935 t_traj:  8230234.66690427
plunging! t_interp:  8230235.0141764935 t_traj:  8230234.5511769205
plunging! t_interp:  8230235.0141764935 t_traj:  8230234.876538711
plunging! t_interp:  8230235.0141764935 t_traj:  8230234.739290167
plunging! t_interp:  8230235.0141764935 t_traj:  8230234.601838681
plunging! t_interp:  8230235.0141764935 t_traj:  8230234.464390007
Finished derivatives
Calculated Fisher is *atleast* positive-definite.
Time taken to compute FM is 9.82032561302185 seconds
    CV from_NMdev#1 it   8 lam=4.8e-02 ov=0.9943644 chi2=1.313e+03 rel=1.5e-04
Body is not plunging, Fisher should be stable.
waveform shape: (3, 6311629)
Computing SNR for parameters: (np.float64(1002550.330309533), np.float64(4971.178375623242), np.float64(0.7048936519662851), np.float64(24.95887859017446), np.float64(0.2495914307408023), 1.0, 12.0, np.float64(0.7849799690368154), np.float64(0.9968301684058267), 1.0, 1.0471975511965976, np.float64(1.185229488953713), 0.5, np.float64(0.8412750932645392), 0.95, False, False, False, True, 0.0, 0.0, np.float64(1.0195994897851952), np.float64(2.1325265639563136))
Waveform Generated. SNR: 340.16861562807804
calculating Fisher matrix...
plunging! t_interp:  8230235.011913388 t_traj:  8230233.498359014
plunging! t_interp:  8230235.011913388 t_traj:  8230233.876674732
plunging! t_interp:  8230235.011913388 t_traj:  8230234.255111185
plunging! t_interp:  8230235.011913388 t_traj:  8230234.633513417
plunging! t_interp:  8230235.011913388 t_traj:  8230234.476505915
plunging! t_interp:  8230235.011913388 t_traj:  8230233.939505337
plunging! t_interp:  8230235.011913388 t_traj:  8230233.403388653
plunging! t_interp:  8230235.011913388 t_traj:  8230232.867201258
plunging! t_interp:  8230235.011913388 t_traj:  8230234.29793502
plunging! t_interp:  8230235.011913388 t_traj:  8230234.476374708
plunging! t_interp:  8230235.011913388 t_traj:  8230234.654677561
plunging! t_interp:  8230235.011913388 t_traj:  8230234.833392799
plunging! t_interp:  8230235.011913388 t_traj:  8230233.948692089
plunging! t_interp:  8230235.011913388 t_traj:  8230234.214495406
plunging! t_interp:  8230235.011913388 t_traj:  8230234.480320629
plunging! t_interp:  8230235.011913388 t_traj:  8230234.746020277
plunging! t_interp:  8230235.011913388 t_traj:  8230234.249565681
plunging! t_interp:  8230235.011913388 t_traj:  8230234.440116174
plunging! t_interp:  8230235.011913388 t_traj:  8230234.630734138
plunging! t_interp:  8230235.011913388 t_traj:  8230234.821085356
plunging! t_interp:  8230235.011913388 t_traj:  8230234.896170791
plunging! t_interp:  8230235.011913388 t_traj:  8230234.780372967
plunging! t_interp:  8230235.011913388 t_traj:  8230234.664603574
plunging! t_interp:  8230235.011913388 t_traj:  8230234.548842537
plunging! t_interp:  8230235.011913388 t_traj:  8230234.87442223
plunging! t_interp:  8230235.011913388 t_traj:  8230234.736662227
plunging! t_interp:  8230235.011913388 t_traj:  8230234.599522021
plunging! t_interp:  8230235.011913388 t_traj:  8230234.462003715
Finished derivatives
Calculated Fisher is *atleast* positive-definite.
Time taken to compute FM is 9.675824165344238 seconds
    CV from_NMdev#1 it   9 lam=1.6e-02 ov=0.9943652 chi2=1.313e+03 rel=4.6e-04
Body is not plunging, Fisher should be stable.
waveform shape: (3, 6311629)
Computing SNR for parameters: (np.float64(1002550.3363429412), np.float64(4971.178344303002), np.float64(0.7048934783353173), np.float64(24.958878659327095), np.float64(0.24959136177863597), 1.0, 12.0, np.float64(0.7849774903240606), np.float64(0.9968348060576981), 1.0, 1.0471975511965976, np.float64(1.1852211224997564), 0.5, np.float64(0.8412167952891139), 0.95, False, False, False, True, 0.0, 0.0, np.float64(1.0195981804663217), np.float64(2.1324381566248096))
Waveform Generated. SNR: 340.1685552577981
calculating stable deltas...
plunging! t_interp:  8230235.001834828 t_traj:  8223684.461272463
plunging! t_interp:  8230235.001834828 t_traj:  8225321.851901936
plunging! t_interp:  8230235.001834828 t_traj:  8226959.405556829
plunging! t_interp:  8230235.001834828 t_traj:  8228597.122201989
plunging! t_interp:  8230235.001834828 t_traj:  8227934.684370082
plunging! t_interp:  8230235.001834828 t_traj:  8228509.7335688695
plunging! t_interp:  8230235.001834828 t_traj:  8229084.802912618
plunging! t_interp:  8230235.001834828 t_traj:  8229659.89232812
plunging! t_interp:  8230235.001834828 t_traj:  8229427.279619405
plunging! t_interp:  8230235.001834828 t_traj:  8229629.206505973
plunging! t_interp:  8230235.001834828 t_traj:  8229831.135778624
plunging! t_interp:  8230235.001834828 t_traj:  8230033.068455921
plunging! t_interp:  8230235.001834828 t_traj:  8229951.390606252
plunging! t_interp:  8230235.001834828 t_traj:  8230022.292927435
plunging! t_interp:  8230235.001834828 t_traj:  8230093.195567595
plunging! t_interp:  8230235.001834828 t_traj:  8230164.098571241
plunging! t_interp:  8230235.001834828 t_traj:  8230135.419916341
plunging! t_interp:  8230235.001834828 t_traj:  8230160.315346865
plunging! t_interp:  8230235.001834828 t_traj:  8230185.210772457
plunging! t_interp:  8230235.001834828 t_traj:  8230210.106248323
plunging! t_interp:  8230235.001834828 t_traj:  8230200.03663439
plunging! t_interp:  8230235.001834828 t_traj:  8230208.777940788
plunging! t_interp:  8230235.001834828 t_traj:  8230217.519219474
plunging! t_interp:  8230235.001834828 t_traj:  8230226.260311796
plunging! t_interp:  8230235.001834828 t_traj:  8230222.7257272545
plunging! t_interp:  8230235.001834828 t_traj:  8230225.794110988
plunging! t_interp:  8230235.001834828 t_traj:  8230228.863365813
plunging! t_interp:  8230235.001834828 t_traj:  8230231.932574974
plunging! t_interp:  8230235.001834828 t_traj:  8230230.691194887
plunging! t_interp:  8230235.001834828 t_traj:  8230231.768832152
plunging! t_interp:  8230235.001834828 t_traj:  8230232.846507986
plunging! t_interp:  8230235.001834828 t_traj:  8230233.92417741
plunging! t_interp:  8230235.001834828 t_traj:  8230233.488285562
plunging! t_interp:  8230235.001834828 t_traj:  8230233.8666601265
plunging! t_interp:  8230235.001834828 t_traj:  8230234.245066919
plunging! t_interp:  8230235.001834828 t_traj:  8230234.623443925
plunging! t_interp:  8230235.001834828 t_traj:  8230234.470358461
plunging! t_interp:  8230235.001834828 t_traj:  8230234.603249117
plunging! t_interp:  8230235.001834828 t_traj:  8230234.736111375
plunging! t_interp:  8230235.001834828 t_traj:  8230234.869787895
plunging! t_interp:  8230235.001834828 t_traj:  8230234.815241277
plunging! t_interp:  8230235.001834828 t_traj:  8230234.861903461
plunging! t_interp:  8230235.001834828 t_traj:  8230234.908566747
plunging! t_interp:  8230235.001834828 t_traj:  8230234.9551663
plunging! t_interp:  8230235.001834828 t_traj:  8230234.937148883
plunging! t_interp:  8230235.001834828 t_traj:  8230234.952481033
plunging! t_interp:  8230235.001834828 t_traj:  8230234.969079132
plunging! t_interp:  8230235.001834828 t_traj:  8230234.985476069
plunging! t_interp:  8230235.001834828 t_traj:  8229420.14568106
plunging! t_interp:  8230235.001834828 t_traj:  8228605.452462878
plunging! t_interp:  8230235.001834828 t_traj:  8227790.922201124
plunging! t_interp:  8230235.001834828 t_traj:  8226976.554753262
plunging! t_interp:  8230235.001834828 t_traj:  8229948.871341117
plunging! t_interp:  8230235.001834828 t_traj:  8229662.7616014965
plunging! t_interp:  8230235.001834828 t_traj:  8229376.671540287
plunging! t_interp:  8230235.001834828 t_traj:  8229090.60165283
plunging! t_interp:  8230235.001834828 t_traj:  8230134.5337605635
plunging! t_interp:  8230235.001834828 t_traj:  8230034.0681585
plunging! t_interp:  8230235.001834828 t_traj:  8229933.605026087
plunging! t_interp:  8230235.001834828 t_traj:  8229833.1443693405
plunging! t_interp:  8230235.001834828 t_traj:  8230199.724938047
plunging! t_interp:  8230235.001834828 t_traj:  8230164.449040562
plunging! t_interp:  8230235.001834828 t_traj:  8230129.173079902
plunging! t_interp:  8230235.001834828 t_traj:  8230093.897153994
plunging! t_interp:  8230235.001834828 t_traj:  8230222.615532019
plunging! t_interp:  8230235.001834828 t_traj:  8230210.229256132
plunging! t_interp:  8230235.001834828 t_traj:  8230197.842994201
plunging! t_interp:  8230235.001834828 t_traj:  8230185.4568365235
plunging! t_interp:  8230235.001834828 t_traj:  8230230.652744873
plunging! t_interp:  8230235.001834828 t_traj:  8230226.303657738
plunging! t_interp:  8230235.001834828 t_traj:  8230221.954661136
plunging! t_interp:  8230235.001834828 t_traj:  8230217.60553284
plunging! t_interp:  8230235.001834828 t_traj:  8230233.474766141
plunging! t_interp:  8230235.001834828 t_traj:  8230231.947747989
plunging! t_interp:  8230235.001834828 t_traj:  8230230.420675112
plunging! t_interp:  8230235.001834828 t_traj:  8230228.893659961
plunging! t_interp:  8230235.001834828 t_traj:  8230234.465671913
plunging! t_interp:  8230235.001834828 t_traj:  8230233.929469013
plunging! t_interp:  8230235.001834828 t_traj:  8230233.3932872275
plunging! t_interp:  8230235.001834828 t_traj:  8230232.85713851
plunging! t_interp:  8230235.001834828 t_traj:  8230234.813573022
plunging! t_interp:  8230235.001834828 t_traj:  8230234.625325126
plunging! t_interp:  8230235.001834828 t_traj:  8230234.437047431
plunging! t_interp:  8230235.001834828 t_traj:  8230234.248801976
plunging! t_interp:  8230235.001834828 t_traj:  8230234.936545867
plunging! t_interp:  8230235.001834828 t_traj:  8230234.869627319
plunging! t_interp:  8230235.001834828 t_traj:  8230234.803523035
plunging! t_interp:  8230235.001834828 t_traj:  8230234.737390355
plunging! t_interp:  8230235.001834828 t_traj:  8230234.978606302
plunging! t_interp:  8230235.001834828 t_traj:  8230234.9554467555
plunging! t_interp:  8230235.001834828 t_traj:  8230234.932223473
plunging! t_interp:  8230235.001834828 t_traj:  8230234.9090012945
plunging! t_interp:  8230235.001834828 t_traj:  8230234.993706302
plunging! t_interp:  8230235.001834828 t_traj:  8230234.985539601
plunging! t_interp:  8230235.001834828 t_traj:  8230234.977171738
plunging! t_interp:  8230235.001834828 t_traj:  8230234.97006982
plunging! t_interp:  8230235.001834828 t_traj:  8229853.963472405
plunging! t_interp:  8230235.001834828 t_traj:  8229949.224038416
plunging! t_interp:  8230235.001834828 t_traj:  8230044.483956104
plunging! t_interp:  8230235.001834828 t_traj:  8230139.743233792
plunging! t_interp:  8230235.001834828 t_traj:  8230101.213133577
plunging! t_interp:  8230235.001834828 t_traj:  8230134.6604317175
plunging! t_interp:  8230235.001834828 t_traj:  8230168.107440299
plunging! t_interp:  8230235.001834828 t_traj:  8230201.554754642
plunging! t_interp:  8230235.001834828 t_traj:  8230188.0259245485
plunging! t_interp:  8230235.001834828 t_traj:  8230199.770159892
plunging! t_interp:  8230235.001834828 t_traj:  8230211.514053404
plunging! t_interp:  8230235.001834828 t_traj:  8230223.257914356
plunging! t_interp:  8230235.001834828 t_traj:  8230218.507469735
plunging! t_interp:  8230235.001834828 t_traj:  8230222.631365867
plunging! t_interp:  8230235.001834828 t_traj:  8230226.7548130425
plunging! t_interp:  8230235.001834828 t_traj:  8230230.878316694
plunging! t_interp:  8230235.001834828 t_traj:  8230229.210451771
plunging! t_interp:  8230235.001834828 t_traj:  8230230.658305042
plunging! t_interp:  8230235.001834828 t_traj:  8230232.106108358
plunging! t_interp:  8230235.001834828 t_traj:  8230233.553993435
plunging! t_interp:  8230235.001834828 t_traj:  8230232.96834264
plunging! t_interp:  8230235.001834828 t_traj:  8230233.476778343
plunging! t_interp:  8230235.001834828 t_traj:  8230233.985087137
plunging! t_interp:  8230235.001834828 t_traj:  8230234.493471894
plunging! t_interp:  8230235.001834828 t_traj:  8230234.287877252
plunging! t_interp:  8230235.001834828 t_traj:  8230234.466357038
plunging! t_interp:  8230235.001834828 t_traj:  8230234.644534291
plunging! t_interp:  8230235.001834828 t_traj:  8230234.824242349
plunging! t_interp:  8230235.001834828 t_traj:  8230234.751138206
plunging! t_interp:  8230235.001834828 t_traj:  8230234.813786564
plunging! t_interp:  8230235.001834828 t_traj:  8230234.876495317
plunging! t_interp:  8230235.001834828 t_traj:  8230234.939164403
plunging! t_interp:  8230235.001834828 t_traj:  8230234.913813661
plunging! t_interp:  8230235.001834828 t_traj:  8230234.935558899
plunging! t_interp:  8230235.001834828 t_traj:  8230234.957818159
plunging! t_interp:  8230235.001834828 t_traj:  8230234.97982971
plunging! t_interp:  8230235.001834828 t_traj:  8230234.970928172
plunging! t_interp:  8230235.001834828 t_traj:  8230234.978648575
plunging! t_interp:  8230235.001834828 t_traj:  8230234.986349426
plunging! t_interp:  8230235.001834828 t_traj:  8230234.994077117
plunging! t_interp:  8230235.001834828 t_traj:  8230234.991023645
plunging! t_interp:  8230235.001834828 t_traj:  8230234.993707509
plunging! t_interp:  8230235.001834828 t_traj:  8230234.996395816
plunging! t_interp:  8230235.001834828 t_traj:  8230234.9991074875
plunging! t_interp:  8230235.001834828 t_traj:  8230234.998002628
plunging! t_interp:  8230235.001834828 t_traj:  8230234.998953357
plunging! t_interp:  8230235.001834828 t_traj:  8230234.9999401355
plunging! t_interp:  8230235.001834828 t_traj:  8230235.000891195
plunging! t_interp:  8230235.001834828 t_traj:  8217135.645342045
plunging! t_interp:  8230235.001834828 t_traj:  8220409.024823771
plunging! t_interp:  8230235.001834828 t_traj:  8223683.3772750655
plunging! t_interp:  8230235.001834828 t_traj:  8226958.70289926
plunging! t_interp:  8230235.001834828 t_traj:  8225633.792527375
plunging! t_interp:  8230235.001834828 t_traj:  8226783.915061424
plunging! t_interp:  8230235.001834828 t_traj:  8227934.157281587
plunging! t_interp:  8230235.001834828 t_traj:  8229084.519550723
plunging! t_interp:  8230235.001834828 t_traj:  8228619.210389341
plunging! t_interp:  8230235.001834828 t_traj:  8229023.1360953
plunging! t_interp:  8230235.001834828 t_traj:  8229427.076531574
plunging! t_interp:  8230235.001834828 t_traj:  8229831.031761303
plunging! t_interp:  8230235.001834828 t_traj:  8229667.639475072
plunging! t_interp:  8230235.001834828 t_traj:  8229809.477341569
plunging! t_interp:  8230235.001834828 t_traj:  8229951.317035271
plunging! t_interp:  8230235.001834828 t_traj:  8230093.15851323
plunging! t_interp:  8230235.001834828 t_traj:  8230035.786740121
plunging! t_interp:  8230235.001834828 t_traj:  8230085.590133763
plunging! t_interp:  8230235.001834828 t_traj:  8230135.393831489
plunging! t_interp:  8230235.001834828 t_traj:  8230185.197685526
plunging! t_interp:  8230235.001834828 t_traj:  8230165.053206992
plunging! t_interp:  8230235.001834828 t_traj:  8230182.5402443325
plunging! t_interp:  8230235.001834828 t_traj:  8230200.027446495
plunging! t_interp:  8230235.001834828 t_traj:  8230217.514641286
plunging! t_interp:  8230235.001834828 t_traj:  8230210.4414641475
plunging! t_interp:  8230235.001834828 t_traj:  8230216.581523449
plunging! t_interp:  8230235.001834828 t_traj:  8230222.721673079
plunging! t_interp:  8230235.001834828 t_traj:  8230228.861740577
plunging! t_interp:  8230235.001834828 t_traj:  8230226.378182694
plunging! t_interp:  8230235.001834828 t_traj:  8230228.534105615
plunging! t_interp:  8230235.001834828 t_traj:  8230230.690008597
plunging! t_interp:  8230235.001834828 t_traj:  8230232.845621513
plunging! t_interp:  8230235.001834828 t_traj:  8230231.973907686
plunging! t_interp:  8230235.001834828 t_traj:  8230232.730894258
plunging! t_interp:  8230235.001834828 t_traj:  8230233.4886590615
plunging! t_interp:  8230235.001834828 t_traj:  8230234.244837592
plunging! t_interp:  8230235.001834828 t_traj:  8230233.938656999
plunging! t_interp:  8230235.001834828 t_traj:  8230234.204442612
plunging! t_interp:  8230235.001834828 t_traj:  8230234.470245881
plunging! t_interp:  8230235.001834828 t_traj:  8230234.73573009
plunging! t_interp:  8230235.001834828 t_traj:  8230234.6285057375
plunging! t_interp:  8230235.001834828 t_traj:  8230234.721831507
plunging! t_interp:  8230235.001834828 t_traj:  8230234.815198217
plunging! t_interp:  8230235.001834828 t_traj:  8230234.90854229
plunging! t_interp:  8230235.001834828 t_traj:  8230234.870765357
plunging! t_interp:  8230235.001834828 t_traj:  8230234.903497136
plunging! t_interp:  8230235.001834828 t_traj:  8230234.93626809
plunging! t_interp:  8230235.001834828 t_traj:  8230234.9687972125
plunging! t_interp:  8230235.001834828 t_traj:  8230092.1958056055
plunging! t_interp:  8230235.001834828 t_traj:  8230127.889731863
plunging! t_interp:  8230235.001834828 t_traj:  8230163.588765267
plunging! t_interp:  8230235.001834828 t_traj:  8230199.293674312
plunging! t_interp:  8230235.001834828 t_traj:  8230184.850694303
plunging! t_interp:  8230235.001834828 t_traj:  8230197.387578538
plunging! t_interp:  8230235.001834828 t_traj:  8230209.925042052
plunging! t_interp:  8230235.001834828 t_traj:  8230222.4631280145
plunging! t_interp:  8230235.001834828 t_traj:  8230217.391467468
plunging! t_interp:  8230235.001834828 t_traj:  8230221.79390443
plunging! t_interp:  8230235.001834828 t_traj:  8230226.196588442
plunging! t_interp:  8230235.001834828 t_traj:  8230230.599175255
plunging! t_interp:  8230235.001834828 t_traj:  8230228.818426739
plunging! t_interp:  8230235.001834828 t_traj:  8230230.364262161
plunging! t_interp:  8230235.001834828 t_traj:  8230231.910128658
plunging! t_interp:  8230235.001834828 t_traj:  8230233.455953894
plunging! t_interp:  8230235.001834828 t_traj:  8230232.830679602
plunging! t_interp:  8230235.001834828 t_traj:  8230233.373438906
plunging! t_interp:  8230235.001834828 t_traj:  8230233.916274225
plunging! t_interp:  8230235.001834828 t_traj:  8230234.459046124
plunging! t_interp:  8230235.001834828 t_traj:  8230234.239493079
plunging! t_interp:  8230235.001834828 t_traj:  8230234.430088119
plunging! t_interp:  8230235.001834828 t_traj:  8230234.621562241
plunging! t_interp:  8230235.001834828 t_traj:  8230234.811242305
plunging! t_interp:  8230235.001834828 t_traj:  8230234.734165914
plunging! t_interp:  8230235.001834828 t_traj:  8230234.801061313
plunging! t_interp:  8230235.001834828 t_traj:  8230234.868036809
plunging! t_interp:  8230235.001834828 t_traj:  8230234.934602702
plunging! t_interp:  8230235.001834828 t_traj:  8230234.907858824
plunging! t_interp:  8230235.001834828 t_traj:  8230234.931137352
plunging! t_interp:  8230235.001834828 t_traj:  8230234.954849907
plunging! t_interp:  8230235.001834828 t_traj:  8230234.978292882
plunging! t_interp:  8230235.001834828 t_traj:  8230234.968865542
plunging! t_interp:  8230235.001834828 t_traj:  8230234.977072452
plunging! t_interp:  8230235.001834828 t_traj:  8230234.985341119
plunging! t_interp:  8230235.001834828 t_traj:  8230234.993591127
plunging! t_interp:  8230235.001834828 t_traj:  8230234.99022208
plunging! t_interp:  8230235.001834828 t_traj:  8230234.9931459995
plunging! t_interp:  8230235.001834828 t_traj:  8230234.996029557
plunging! t_interp:  8230235.001834828 t_traj:  8230234.9989729
plunging! t_interp:  8230235.001834828 t_traj:  8230234.997767546
plunging! t_interp:  8230235.001834828 t_traj:  8230234.998789197
plunging! t_interp:  8230235.001834828 t_traj:  8230234.999834105
plunging! t_interp:  8230235.001834828 t_traj:  8230235.000818327
plunging! t_interp:  8230235.001834828 t_traj:  8230235.00039206
plunging! t_interp:  8230235.001834828 t_traj:  8230235.00076137
plunging! t_interp:  8230235.001834828 t_traj:  8230235.000979339
plunging! t_interp:  8230235.001834828 t_traj:  8226172.745829657
plunging! t_interp:  8230235.001834828 t_traj:  8222114.512980632
plunging! t_interp:  8230235.001834828 t_traj:  8218060.297321378
plunging! t_interp:  8230235.001834828 t_traj:  8214010.092907655
plunging! t_interp:  8230235.001834828 t_traj:  8228808.207181169
plunging! t_interp:  8230235.001834828 t_traj:  8227381.90896844
plunging! t_interp:  8230235.001834828 t_traj:  8225956.107807193
plunging! t_interp:  8230235.001834828 t_traj:  8224530.800997023
plunging! t_interp:  8230235.001834828 t_traj:  8229733.970299143
plunging! t_interp:  8230235.001834828 t_traj:  8229232.999971636
plunging! t_interp:  8230235.001834828 t_traj:  8228732.090946744
plunging! t_interp:  8230235.001834828 t_traj:  8228231.243059275
plunging! t_interp:  8230235.001834828 t_traj:  8230059.073079886
plunging! t_interp:  8230235.001834828 t_traj:  8229883.151921586
plunging! t_interp:  8230235.001834828 t_traj:  8229707.238238591
plunging! t_interp:  8230235.001834828 t_traj:  8229531.332088435
plunging! t_interp:  8230235.001834828 t_traj:  8230173.229014181
plunging! t_interp:  8230235.001834828 t_traj:  8230111.457120609
plunging! t_interp:  8230235.001834828 t_traj:  8230049.686157747
plunging! t_interp:  8230235.001834828 t_traj:  8229987.916155297
plunging! t_interp:  8230235.001834828 t_traj:  8230213.312119854
plunging! t_interp:  8230235.001834828 t_traj:  8230191.622286889
plunging! t_interp:  8230235.001834828 t_traj:  8230169.932985946
plunging! t_interp:  8230235.001834828 t_traj:  8230148.243605096
plunging! t_interp:  8230235.001834828 t_traj:  8230227.386154653
plunging! t_interp:  8230235.001834828 t_traj:  8230219.770256897
plunging! t_interp:  8230235.001834828 t_traj:  8230212.154801646
plunging! t_interp:  8230235.001834828 t_traj:  8230204.539149795
plunging! t_interp:  8230235.001834828 t_traj:  8230232.327853706
plunging! t_interp:  8230235.001834828 t_traj:  8230229.653740297
plunging! t_interp:  8230235.001834828 t_traj:  8230226.979810925
plunging! t_interp:  8230235.001834828 t_traj:  8230224.305745619
plunging! t_interp:  8230235.001834828 t_traj:  8230234.062945873
plunging! t_interp:  8230235.001834828 t_traj:  8230233.124031563
plunging! t_interp:  8230235.001834828 t_traj:  8230232.185114606
plunging! t_interp:  8230235.001834828 t_traj:  8230231.246184798
plunging! t_interp:  8230235.001834828 t_traj:  8230234.672182322
plunging! t_interp:  8230235.001834828 t_traj:  8230234.342508579
plunging! t_interp:  8230235.001834828 t_traj:  8230234.0128422575
plunging! t_interp:  8230235.001834828 t_traj:  8230233.6831736015
plunging! t_interp:  8230235.001834828 t_traj:  8230234.886104181
plunging! t_interp:  8230235.001834828 t_traj:  8230234.770339759
plunging! t_interp:  8230235.001834828 t_traj:  8230234.654579577
plunging! t_interp:  8230235.001834828 t_traj:  8230234.538859147
plunging! t_interp:  8230235.001834828 t_traj:  8230234.961189859
plunging! t_interp:  8230235.001834828 t_traj:  8230234.92053519
plunging! t_interp:  8230235.001834828 t_traj:  8230234.87990477
plunging! t_interp:  8230235.001834828 t_traj:  8230234.839250245
plunging! t_interp:  8230235.001834828 t_traj:  8230161.777671881
plunging! t_interp:  8230235.001834828 t_traj:  8230088.620123987
plunging! t_interp:  8230235.001834828 t_traj:  8230015.5291736275
plunging! t_interp:  8230235.001834828 t_traj:  8229942.504616468
plunging! t_interp:  8230235.001834828 t_traj:  8230209.283819423
plunging! t_interp:  8230235.001834828 t_traj:  8230183.5740396585
plunging! t_interp:  8230235.001834828 t_traj:  8230157.872143853
plunging! t_interp:  8230235.001834828 t_traj:  8230132.179140089
plunging! t_interp:  8230235.001834828 t_traj:  8230225.970822686
plunging! t_interp:  8230235.001834828 t_traj:  8230216.940806694
plunging! t_interp:  8230235.001834828 t_traj:  8230207.911511314
plunging! t_interp:  8230235.001834828 t_traj:  8230198.883822389
plunging! t_interp:  8230235.001834828 t_traj:  8230231.830767142
plunging! t_interp:  8230235.001834828 t_traj:  8230228.659774739
plunging! t_interp:  8230235.001834828 t_traj:  8230225.488694944
plunging! t_interp:  8230235.001834828 t_traj:  8230222.318224452
plunging! t_interp:  8230235.001834828 t_traj:  8230233.888181434
plunging! t_interp:  8230235.001834828 t_traj:  8230232.774942555
plunging! t_interp:  8230235.001834828 t_traj:  8230231.6615391355
plunging! t_interp:  8230235.001834828 t_traj:  8230230.548145792
plunging! t_interp:  8230235.001834828 t_traj:  8230234.610858631
plunging! t_interp:  8230235.001834828 t_traj:  8230234.2199327685
plunging! t_interp:  8230235.001834828 t_traj:  8230233.828978213
plunging! t_interp:  8230235.001834828 t_traj:  8230233.438004862
plunging! t_interp:  8230235.001834828 t_traj:  8230234.864550623
plunging! t_interp:  8230235.001834828 t_traj:  8230234.727293054
plunging! t_interp:  8230235.001834828 t_traj:  8230234.590027795
plunging! t_interp:  8230235.001834828 t_traj:  8230234.452759092
plunging! t_interp:  8230235.001834828 t_traj:  8230234.953635566
plunging! t_interp:  8230235.001834828 t_traj:  8230234.905444875
plunging! t_interp:  8230235.001834828 t_traj:  8230234.8572327085
plunging! t_interp:  8230235.001834828 t_traj:  8230234.809038551
plunging! t_interp:  8230235.001834828 t_traj:  8230234.984917735
plunging! t_interp:  8230235.001834828 t_traj:  8230234.967998355
plunging! t_interp:  8230235.001834828 t_traj:  8230234.951039833
plunging! t_interp:  8230235.001834828 t_traj:  8230234.93414223
plunging! t_interp:  8230235.001834828 t_traj:  8230234.995888749
plunging! t_interp:  8230235.001834828 t_traj:  8230234.98999444
plunging! t_interp:  8230235.001834828 t_traj:  8230234.984017967
plunging! t_interp:  8230235.001834828 t_traj:  8230234.978043013
plunging! t_interp:  8230235.001834828 t_traj:  8230234.999728524
plunging! t_interp:  8230235.001834828 t_traj:  8230234.997684259
plunging! t_interp:  8230235.001834828 t_traj:  8230234.995573362
plunging! t_interp:  8230235.001834828 t_traj:  8230234.993193605
plunging! t_interp:  8230235.001834828 t_traj:  8230235.001101236
plunging! t_interp:  8230235.001834828 t_traj:  8230235.000370301
plunging! t_interp:  8230235.001834828 t_traj:  8230234.999623852
plunging! t_interp:  8230235.001834828 t_traj:  8230234.998890752
Time taken to compute stable deltas is 94.96114754676819 seconds
calculating Fisher matrix...
plunging! t_interp:  8230235.001834828 t_traj:  8230233.488285562
plunging! t_interp:  8230235.001834828 t_traj:  8230233.8666601265
plunging! t_interp:  8230235.001834828 t_traj:  8230234.245066919
plunging! t_interp:  8230235.001834828 t_traj:  8230234.623443925
plunging! t_interp:  8230235.001834828 t_traj:  8230234.813573022
plunging! t_interp:  8230235.001834828 t_traj:  8230234.625325126
plunging! t_interp:  8230235.001834828 t_traj:  8230234.437047431
plunging! t_interp:  8230235.001834828 t_traj:  8230234.248801976
plunging! t_interp:  8230235.001834828 t_traj:  8230234.913813661
plunging! t_interp:  8230235.001834828 t_traj:  8230234.935558899
plunging! t_interp:  8230235.001834828 t_traj:  8230234.957818159
plunging! t_interp:  8230235.001834828 t_traj:  8230234.97982971
plunging! t_interp:  8230235.001834828 t_traj:  8230231.973907686
plunging! t_interp:  8230235.001834828 t_traj:  8230232.730894258
plunging! t_interp:  8230235.001834828 t_traj:  8230233.4886590615
plunging! t_interp:  8230235.001834828 t_traj:  8230234.244837592
plunging! t_interp:  8230235.001834828 t_traj:  8230232.830679602
plunging! t_interp:  8230235.001834828 t_traj:  8230233.373438906
plunging! t_interp:  8230235.001834828 t_traj:  8230233.916274225
plunging! t_interp:  8230235.001834828 t_traj:  8230234.459046124
plunging! t_interp:  8230235.001834828 t_traj:  8230234.672182322
plunging! t_interp:  8230235.001834828 t_traj:  8230234.342508579
plunging! t_interp:  8230235.001834828 t_traj:  8230234.0128422575
plunging! t_interp:  8230235.001834828 t_traj:  8230233.6831736015
plunging! t_interp:  8230235.001834828 t_traj:  8230234.864550623
plunging! t_interp:  8230235.001834828 t_traj:  8230234.727293054
plunging! t_interp:  8230235.001834828 t_traj:  8230234.590027795
plunging! t_interp:  8230235.001834828 t_traj:  8230234.452759092
Finished derivatives
Calculated Fisher is *atleast* positive-definite.
Time taken to compute FM is 8.662544965744019 seconds
    CV from_NMdev#1 it  10 lam=7.7e-01 ov=0.9943678 chi2=1.313e+03 rel=1.7e-05
Body is not plunging, Fisher should be stable.
waveform shape: (3, 6311629)
Computing SNR for parameters: (np.float64(1002550.3366253305), np.float64(4971.178342840167), np.float64(0.7048934701969666), np.float64(24.958878662566217), np.float64(0.24959135854318457), 1.0, 12.0, np.float64(0.7849774334940594), np.float64(0.9968355909525455), 1.0, 1.0471975511965976, np.float64(1.1852205795454185), 0.5, np.float64(0.8412161505006189), 0.95, False, False, False, True, 0.0, 0.0, np.float64(1.019598119382677), np.float64(2.1324340456516797))
Waveform Generated. SNR: 340.16861188121874
calculating Fisher matrix...
plunging! t_interp:  8230235.001296451 t_traj:  8230233.487724035
plunging! t_interp:  8230235.001296451 t_traj:  8230233.866136585
plunging! t_interp:  8230235.001296451 t_traj:  8230234.244578526
plunging! t_interp:  8230235.001296451 t_traj:  8230234.622902558
plunging! t_interp:  8230235.001296451 t_traj:  8230234.813031661
plunging! t_interp:  8230235.001296451 t_traj:  8230234.624805622
plunging! t_interp:  8230235.001296451 t_traj:  8230234.436524435
plunging! t_interp:  8230235.001296451 t_traj:  8230234.248240448
plunging! t_interp:  8230235.001296451 t_traj:  8230234.913290434
plunging! t_interp:  8230235.001296451 t_traj:  8230234.935277179
plunging! t_interp:  8230235.001296451 t_traj:  8230234.957307666
plunging! t_interp:  8230235.001296451 t_traj:  8230234.979315574
plunging! t_interp:  8230235.001296451 t_traj:  8230231.973440276
plunging! t_interp:  8230235.001296451 t_traj:  8230232.730340066
plunging! t_interp:  8230235.001296451 t_traj:  8230233.487328956
plunging! t_interp:  8230235.001296451 t_traj:  8230234.244340532
plunging! t_interp:  8230235.001296451 t_traj:  8230232.830190516
plunging! t_interp:  8230235.001296451 t_traj:  8230233.37296164
plunging! t_interp:  8230235.001296451 t_traj:  8230233.915745666
plunging! t_interp:  8230235.001296451 t_traj:  8230234.458571362
plunging! t_interp:  8230235.001296451 t_traj:  8230234.671651133
plunging! t_interp:  8230235.001296451 t_traj:  8230234.342000404
plunging! t_interp:  8230235.001296451 t_traj:  8230234.012287975
plunging! t_interp:  8230235.001296451 t_traj:  8230233.682647407
plunging! t_interp:  8230235.001296451 t_traj:  8230234.864041953
plunging! t_interp:  8230235.001296451 t_traj:  8230234.726782697
plunging! t_interp:  8230235.001296451 t_traj:  8230234.5895097945
plunging! t_interp:  8230235.001296451 t_traj:  8230234.452229831
Finished derivatives
Calculated Fisher is *atleast* positive-definite.
Time taken to compute FM is 9.85695219039917 seconds
    CV from_NMdev#1 it  11 lam=2.6e-01 ov=0.9943679 chi2=1.313e+03 rel=2.9e-05
Body is not plunging, Fisher should be stable.
waveform shape: (3, 6311629)
Computing SNR for parameters: (np.float64(1002550.3370069227), np.float64(4971.178340860666), np.float64(0.7048934592158724), np.float64(24.95887866694751), np.float64(0.24959135417796027), 1.0, 12.0, np.float64(0.7849773376002069), np.float64(0.9968360533628798), 1.0, 1.0471975511965976, np.float64(1.1852198156469824), 0.5, np.float64(0.8412130080845186), 0.95, False, False, False, True, 0.0, 0.0, np.float64(1.0195980366727004), np.float64(2.1324284886821463))
Waveform Generated. SNR: 340.16864296027387
calculating Fisher matrix...
plunging! t_interp:  8230235.0006509125 t_traj:  8230233.4870972475
plunging! t_interp:  8230235.0006509125 t_traj:  8230233.866280627
plunging! t_interp:  8230235.0006509125 t_traj:  8230234.243897764
plunging! t_interp:  8230235.0006509125 t_traj:  8230234.6222625915
plunging! t_interp:  8230235.0006509125 t_traj:  8230234.812391693
plunging! t_interp:  8230235.0006509125 t_traj:  8230234.624143947
plunging! t_interp:  8230235.0006509125 t_traj:  8230234.436667935
plunging! t_interp:  8230235.0006509125 t_traj:  8230234.247613658
plunging! t_interp:  8230235.0006509125 t_traj:  8230234.912650537
plunging! t_interp:  8230235.0006509125 t_traj:  8230234.934637416
plunging! t_interp:  8230235.0006509125 t_traj:  8230234.956624817
plunging! t_interp:  8230235.0006509125 t_traj:  8230234.978648835
plunging! t_interp:  8230235.0006509125 t_traj:  8230231.972741072
plunging! t_interp:  8230235.0006509125 t_traj:  8230232.729734623
plunging! t_interp:  8230235.0006509125 t_traj:  8230233.486748138
plunging! t_interp:  8230235.0006509125 t_traj:  8230234.2436972195
plunging! t_interp:  8230235.0006509125 t_traj:  8230232.829544286
plunging! t_interp:  8230235.0006509125 t_traj:  8230233.372311685
plunging! t_interp:  8230235.0006509125 t_traj:  8230233.915133936
plunging! t_interp:  8230235.0006509125 t_traj:  8230234.457876451
plunging! t_interp:  8230235.0006509125 t_traj:  8230234.671010755
plunging! t_interp:  8230235.0006509125 t_traj:  8230234.341341958
plunging! t_interp:  8230235.0006509125 t_traj:  8230234.011673618
plunging! t_interp:  8230235.0006509125 t_traj:  8230233.682014491
plunging! t_interp:  8230235.0006509125 t_traj:  8230234.863398461
plunging! t_interp:  8230235.0006509125 t_traj:  8230234.72583069
plunging! t_interp:  8230235.0006509125 t_traj:  8230234.588852023
plunging! t_interp:  8230235.0006509125 t_traj:  8230234.451593387
Finished derivatives
Calculated Fisher is *atleast* positive-definite.
Time taken to compute FM is 9.778699159622192 seconds
    CV from_NMdev#1 it  12 lam=6.8e-01 ov=0.9943681 chi2=1.312e+03 rel=1.1e-05
Body is not plunging, Fisher should be stable.
waveform shape: (3, 6311629)
Computing SNR for parameters: (np.float64(1002550.3371501239), np.float64(4971.178340117613), np.float64(0.7048934550859579), np.float64(24.95887866859143), np.float64(0.24959135254222878), 1.0, 12.0, np.float64(0.7849772974765722), np.float64(0.9968362182402775), 1.0, 1.0471975511965976, np.float64(1.185219513544279), 0.5, np.float64(0.8412118334375764), 0.95, False, False, False, True, 0.0, 0.0, np.float64(1.0195980056289302), np.float64(2.1324264054428004))
Waveform Generated. SNR: 340.16864925377797
calculating Fisher matrix...
plunging! t_interp:  8230235.000430437 t_traj:  8230233.486859372
plunging! t_interp:  8230235.000430437 t_traj:  8230233.865236558
plunging! t_interp:  8230235.000430437 t_traj:  8230234.243648695
plunging! t_interp:  8230235.000430437 t_traj:  8230234.622009614
plunging! t_interp:  8230235.000430437 t_traj:  8230234.812138716
plunging! t_interp:  8230235.000430437 t_traj:  8230234.623906904
plunging! t_interp:  8230235.000430437 t_traj:  8230234.4356238665
plunging! t_interp:  8230235.000430437 t_traj:  8230234.247343436
plunging! t_interp:  8230235.000430437 t_traj:  8230234.912367827
plunging! t_interp:  8230235.000430437 t_traj:  8230234.934409244
plunging! t_interp:  8230235.000430437 t_traj:  8230234.956402921
plunging! t_interp:  8230235.000430437 t_traj:  8230234.978398742
plunging! t_interp:  8230235.000430437 t_traj:  8230231.972189993
plunging! t_interp:  8230235.000430437 t_traj:  8230232.729455022
plunging! t_interp:  8230235.000430437 t_traj:  8230233.486434909
plunging! t_interp:  8230235.000430437 t_traj:  8230234.243319571
plunging! t_interp:  8230235.000430437 t_traj:  8230232.829274606
plunging! t_interp:  8230235.000430437 t_traj:  8230233.372064542
plunging! t_interp:  8230235.000430437 t_traj:  8230233.914876128
plunging! t_interp:  8230235.000430437 t_traj:  8230234.457632834
plunging! t_interp:  8230235.000430437 t_traj:  8230234.670753681
plunging! t_interp:  8230235.000430437 t_traj:  8230234.341111828
plunging! t_interp:  8230235.000430437 t_traj:  8230234.0122125335
plunging! t_interp:  8230235.000430437 t_traj:  8230233.681758246
plunging! t_interp:  8230235.000430437 t_traj:  8230234.86318317
plunging! t_interp:  8230235.000430437 t_traj:  8230234.725880399
plunging! t_interp:  8230235.000430437 t_traj:  8230234.588630373
plunging! t_interp:  8230235.000430437 t_traj:  8230234.451319586
Finished derivatives
Calculated Fisher is *atleast* positive-definite.
Time taken to compute FM is 10.110111951828003 seconds
    CV from_NMdev#1 it  13 lam=4.5e-01 ov=0.9943681 chi2=1.312e+03 rel=1.6e-05
Body is not plunging, Fisher should be stable.
waveform shape: (3, 6311629)
Computing SNR for parameters: (np.float64(1002550.337364751), np.float64(4971.178339004623), np.float64(0.704893448922487), np.float64(24.958878671053043), np.float64(0.24959135008338626), 1.0, 12.0, np.float64(0.7849772394292838), np.float64(0.9968364367853803), 1.0, 1.0471975511965976, np.float64(1.1852191036238944), 0.5, np.float64(0.8412098398446521), 0.95, False, False, False, True, 0.0, 0.0, np.float64(1.0195979591164939), np.float64(2.132423291531642))
Waveform Generated. SNR: 340.1686634512813
calculating Fisher matrix...
plunging! t_interp:  8230235.000025111 t_traj:  8230233.486543778
plunging! t_interp:  8230235.000025111 t_traj:  8230233.864835974
plunging! t_interp:  8230235.000025111 t_traj:  8230234.243234756
plunging! t_interp:  8230235.000025111 t_traj:  8230234.621673896
plunging! t_interp:  8230235.000025111 t_traj:  8230234.811802999
plunging! t_interp:  8230235.000025111 t_traj:  8230234.623492962
plunging! t_interp:  8230235.000025111 t_traj:  8230234.435279005
plunging! t_interp:  8230235.000025111 t_traj:  8230234.247008976
plunging! t_interp:  8230235.000025111 t_traj:  8230234.912035075
plunging! t_interp:  8230235.000025111 t_traj:  8230234.934041543
plunging! t_interp:  8230235.000025111 t_traj:  8230234.9560648445
plunging! t_interp:  8230235.000025111 t_traj:  8230234.978070324
plunging! t_interp:  8230235.000025111 t_traj:  8230231.972105598
plunging! t_interp:  8230235.000025111 t_traj:  8230232.729108728
plunging! t_interp:  8230235.000025111 t_traj:  8230233.4861103725
plunging! t_interp:  8230235.000025111 t_traj:  8230234.243064517
plunging! t_interp:  8230235.000025111 t_traj:  8230232.829790914
plunging! t_interp:  8230235.000025111 t_traj:  8230233.371722739
plunging! t_interp:  8230235.000025111 t_traj:  8230233.914535742
plunging! t_interp:  8230235.000025111 t_traj:  8230234.457231294
plunging! t_interp:  8230235.000025111 t_traj:  8230234.67035628
plunging! t_interp:  8230235.000025111 t_traj:  8230234.3407475
plunging! t_interp:  8230235.000025111 t_traj:  8230234.011027922
plunging! t_interp:  8230235.000025111 t_traj:  8230233.681395355
plunging! t_interp:  8230235.000025111 t_traj:  8230234.862788343
plunging! t_interp:  8230235.000025111 t_traj:  8230234.725231887
plunging! t_interp:  8230235.000025111 t_traj:  8230234.588215813
plunging! t_interp:  8230235.000025111 t_traj:  8230234.450981777
Finished derivatives
Calculated Fisher is *atleast* positive-definite.
Time taken to compute FM is 9.79278564453125 seconds
    CV from_NMdev#1 it  14 lam=9.7e+00 ov=0.9943682 chi2=1.312e+03 rel=7.7e-07
Body is not plunging, Fisher should be stable.
waveform shape: (3, 6311629)
Computing SNR for parameters: (np.float64(1002550.3373748487), np.float64(4971.178338952024), np.float64(0.7048934486339238), np.float64(24.958878671169014), np.float64(0.24959134996855661), 1.0, 12.0, np.float64(0.7849772348953138), np.float64(0.99683644768507), 1.0, 1.0471975511965976, np.float64(1.1852190763990278), 0.5, np.float64(0.8412097528122301), 0.95, False, False, False, True, 0.0, 0.0, np.float64(1.0195979569177316), np.float64(2.13242314417542))
Waveform Generated. SNR: 340.1686639025398
calculating stable deltas...
plunging! t_interp:  8230235.000021169 t_traj:  8223684.459491042
plunging! t_interp:  8230235.000021169 t_traj:  8225321.850143224
plunging! t_interp:  8230235.000021169 t_traj:  8226959.4037648095
plunging! t_interp:  8230235.000021169 t_traj:  8228597.120410944
plunging! t_interp:  8230235.000021169 t_traj:  8227934.68258349
plunging! t_interp:  8230235.000021169 t_traj:  8228509.731831373
plunging! t_interp:  8230235.000021169 t_traj:  8229084.801102285
plunging! t_interp:  8230235.000021169 t_traj:  8229659.890266281
plunging! t_interp:  8230235.000021169 t_traj:  8229427.277848965
plunging! t_interp:  8230235.000021169 t_traj:  8229629.2046847725
plunging! t_interp:  8230235.000021169 t_traj:  8229831.134000452
plunging! t_interp:  8230235.000021169 t_traj:  8230033.065755008
plunging! t_interp:  8230235.000021169 t_traj:  8229951.388787203
plunging! t_interp:  8230235.000021169 t_traj:  8230022.2911297865
plunging! t_interp:  8230235.000021169 t_traj:  8230093.193782827
plunging! t_interp:  8230235.000021169 t_traj:  8230164.09649346
plunging! t_interp:  8230235.000021169 t_traj:  8230135.417926947
plunging! t_interp:  8230235.000021169 t_traj:  8230160.313600598
plunging! t_interp:  8230235.000021169 t_traj:  8230185.209002213
plunging! t_interp:  8230235.000021169 t_traj:  8230210.104475965
plunging! t_interp:  8230235.000021169 t_traj:  8230200.034902113
plunging! t_interp:  8230235.000021169 t_traj:  8230208.776140827
plunging! t_interp:  8230235.000021169 t_traj:  8230217.517422157
plunging! t_interp:  8230235.000021169 t_traj:  8230226.258650808
plunging! t_interp:  8230235.000021169 t_traj:  8230222.723131135
plunging! t_interp:  8230235.000021169 t_traj:  8230225.792339925
plunging! t_interp:  8230235.000021169 t_traj:  8230228.861564149
plunging! t_interp:  8230235.000021169 t_traj:  8230231.930834762
plunging! t_interp:  8230235.000021169 t_traj:  8230230.689345783
plunging! t_interp:  8230235.000021169 t_traj:  8230231.767045599
plunging! t_interp:  8230235.000021169 t_traj:  8230232.84467945
plunging! t_interp:  8230235.000021169 t_traj:  8230233.922386681
plunging! t_interp:  8230235.000021169 t_traj:  8230233.486495989
plunging! t_interp:  8230235.000021169 t_traj:  8230233.864875069
plunging! t_interp:  8230235.000021169 t_traj:  8230234.244124366
plunging! t_interp:  8230235.000021169 t_traj:  8230234.621662726
plunging! t_interp:  8230235.000021169 t_traj:  8230234.468603045
plunging! t_interp:  8230235.000021169 t_traj:  8230234.601449758
plunging! t_interp:  8230235.000021169 t_traj:  8230234.734336591
plunging! t_interp:  8230235.000021169 t_traj:  8230234.867197629
plunging! t_interp:  8230235.000021169 t_traj:  8230234.81346921
plunging! t_interp:  8230235.000021169 t_traj:  8230234.860101401
plunging! t_interp:  8230235.000021169 t_traj:  8230234.906720967
plunging! t_interp:  8230235.000021169 t_traj:  8230234.95343001
plunging! t_interp:  8230235.000021169 t_traj:  8230234.934510208
plunging! t_interp:  8230235.000021169 t_traj:  8230234.950876292
plunging! t_interp:  8230235.000021169 t_traj:  8230234.967323577
plunging! t_interp:  8230235.000021169 t_traj:  8230234.98366944
plunging! t_interp:  8230235.000021169 t_traj:  8229420.143629282
plunging! t_interp:  8230235.000021169 t_traj:  8228605.4507490685
plunging! t_interp:  8230235.000021169 t_traj:  8227790.920377708
plunging! t_interp:  8230235.000021169 t_traj:  8226976.552952422
plunging! t_interp:  8230235.000021169 t_traj:  8229948.869853977
plunging! t_interp:  8230235.000021169 t_traj:  8229662.759770607
plunging! t_interp:  8230235.000021169 t_traj:  8229376.669763764
plunging! t_interp:  8230235.000021169 t_traj:  8229090.5998609625
plunging! t_interp:  8230235.000021169 t_traj:  8230134.532719079
plunging! t_interp:  8230235.000021169 t_traj:  8230034.066327489
plunging! t_interp:  8230235.000021169 t_traj:  8229933.603222585
plunging! t_interp:  8230235.000021169 t_traj:  8229833.142562058
plunging! t_interp:  8230235.000021169 t_traj:  8230199.724308787
plunging! t_interp:  8230235.000021169 t_traj:  8230164.447243614
plunging! t_interp:  8230235.000021169 t_traj:  8230129.171306654
plunging! t_interp:  8230235.000021169 t_traj:  8230093.895461768
plunging! t_interp:  8230235.000021169 t_traj:  8230222.613701019
plunging! t_interp:  8230235.000021169 t_traj:  8230210.2274459805
plunging! t_interp:  8230235.000021169 t_traj:  8230197.84124338
plunging! t_interp:  8230235.000021169 t_traj:  8230185.45501199
plunging! t_interp:  8230235.000021169 t_traj:  8230230.650941237
plunging! t_interp:  8230235.000021169 t_traj:  8230226.301754815
plunging! t_interp:  8230235.000021169 t_traj:  8230221.952814531
plunging! t_interp:  8230235.000021169 t_traj:  8230217.603752263
plunging! t_interp:  8230235.000021169 t_traj:  8230233.47297777
plunging! t_interp:  8230235.000021169 t_traj:  8230231.946745883
plunging! t_interp:  8230235.000021169 t_traj:  8230230.41891885
plunging! t_interp:  8230235.000021169 t_traj:  8230228.891860418
plunging! t_interp:  8230235.000021169 t_traj:  8230234.463881188
plunging! t_interp:  8230235.000021169 t_traj:  8230233.927736919
plunging! t_interp:  8230235.000021169 t_traj:  8230233.391496808
plunging! t_interp:  8230235.000021169 t_traj:  8230232.855335844
plunging! t_interp:  8230235.000021169 t_traj:  8230234.811791831
plunging! t_interp:  8230235.000021169 t_traj:  8230234.624382571
plunging! t_interp:  8230235.000021169 t_traj:  8230234.435262378
plunging! t_interp:  8230235.000021169 t_traj:  8230234.2470124
plunging! t_interp:  8230235.000021169 t_traj:  8230234.933955602
plunging! t_interp:  8230235.000021169 t_traj:  8230234.867852538
plunging! t_interp:  8230235.000021169 t_traj:  8230234.801723678
plunging! t_interp:  8230235.000021169 t_traj:  8230234.735634942
plunging! t_interp:  8230235.000021169 t_traj:  8230234.976870012
plunging! t_interp:  8230235.000021169 t_traj:  8230234.953600974
plunging! t_interp:  8230235.000021169 t_traj:  8230234.930421413
plunging! t_interp:  8230235.000021169 t_traj:  8230234.907229229
plunging! t_interp:  8230235.000021169 t_traj:  8230234.991899676
plunging! t_interp:  8230235.000021169 t_traj:  8230234.983784044
plunging! t_interp:  8230235.000021169 t_traj:  8230234.9755669935
plunging! t_interp:  8230235.000021169 t_traj:  8230234.967431144
plunging! t_interp:  8230235.000021169 t_traj:  8229853.9616623465
plunging! t_interp:  8230235.000021169 t_traj:  8229949.222303785
plunging! t_interp:  8230235.000021169 t_traj:  8230044.482198208
plunging! t_interp:  8230235.000021169 t_traj:  8230139.741478603
plunging! t_interp:  8230235.000021169 t_traj:  8230101.211341367
plunging! t_interp:  8230235.000021169 t_traj:  8230134.658639814
plunging! t_interp:  8230235.000021169 t_traj:  8230168.105871908
plunging! t_interp:  8230235.000021169 t_traj:  8230201.553038328
plunging! t_interp:  8230235.000021169 t_traj:  8230188.024464002
plunging! t_interp:  8230235.000021169 t_traj:  8230199.768327797
plunging! t_interp:  8230235.000021169 t_traj:  8230211.51224416
plunging! t_interp:  8230235.000021169 t_traj:  8230223.256144132
plunging! t_interp:  8230235.000021169 t_traj:  8230218.5060247285
plunging! t_interp:  8230235.000021169 t_traj:  8230222.629520746
plunging! t_interp:  8230235.000021169 t_traj:  8230226.753048263
plunging! t_interp:  8230235.000021169 t_traj:  8230230.8765392
plunging! t_interp:  8230235.000021169 t_traj:  8230229.208716058
plunging! t_interp:  8230235.000021169 t_traj:  8230230.656518922
plunging! t_interp:  8230235.000021169 t_traj:  8230232.10437007
plunging! t_interp:  8230235.000021169 t_traj:  8230233.552998721
plunging! t_interp:  8230235.000021169 t_traj:  8230232.966621997
plunging! t_interp:  8230235.000021169 t_traj:  8230233.474975693
plunging! t_interp:  8230235.000021169 t_traj:  8230233.98331405
plunging! t_interp:  8230235.000021169 t_traj:  8230234.491684252
plunging! t_interp:  8230235.000021169 t_traj:  8230234.286058604
plunging! t_interp:  8230235.000021169 t_traj:  8230234.464564331
plunging! t_interp:  8230235.000021169 t_traj:  8230234.643050826
plunging! t_interp:  8230235.000021169 t_traj:  8230234.821590514
plunging! t_interp:  8230235.000021169 t_traj:  8230234.749380338
plunging! t_interp:  8230235.000021169 t_traj:  8230234.812011824
plunging! t_interp:  8230235.000021169 t_traj:  8230234.874655654
plunging! t_interp:  8230235.000021169 t_traj:  8230234.93738252
plunging! t_interp:  8230235.000021169 t_traj:  8230234.912019744
plunging! t_interp:  8230235.000021169 t_traj:  8230234.93401696
plunging! t_interp:  8230235.000021169 t_traj:  8230234.956035491
plunging! t_interp:  8230235.000021169 t_traj:  8230234.978015472
plunging! t_interp:  8230235.000021169 t_traj:  8230234.969103803
plunging! t_interp:  8230235.000021169 t_traj:  8230234.976843228
plunging! t_interp:  8230235.000021169 t_traj:  8230234.984602044
plunging! t_interp:  8230235.000021169 t_traj:  8230234.992337256
plunging! t_interp:  8230235.000021169 t_traj:  8230234.989169423
plunging! t_interp:  8230235.000021169 t_traj:  8230234.991883561
plunging! t_interp:  8230235.000021169 t_traj:  8230234.994614717
plunging! t_interp:  8230235.000021169 t_traj:  8230234.997297654
plunging! t_interp:  8230235.000021169 t_traj:  8230234.996237674
plunging! t_interp:  8230235.000021169 t_traj:  8230234.997162776
plunging! t_interp:  8230235.000021169 t_traj:  8230234.998119182
plunging! t_interp:  8230235.000021169 t_traj:  8230234.999907456
plunging! t_interp:  8230235.000021169 t_traj:  8217135.643509565
plunging! t_interp:  8230235.000021169 t_traj:  8220409.023010364
plunging! t_interp:  8230235.000021169 t_traj:  8223683.375459719
plunging! t_interp:  8230235.000021169 t_traj:  8226958.701078978
plunging! t_interp:  8230235.000021169 t_traj:  8225633.791042984
plunging! t_interp:  8230235.000021169 t_traj:  8226783.913249504
plunging! t_interp:  8230235.000021169 t_traj:  8227934.155498589
plunging! t_interp:  8230235.000021169 t_traj:  8229084.517756841
plunging! t_interp:  8230235.000021169 t_traj:  8228619.208595683
plunging! t_interp:  8230235.000021169 t_traj:  8229023.13426727
plunging! t_interp:  8230235.000021169 t_traj:  8229427.074722261
plunging! t_interp:  8230235.000021169 t_traj:  8229831.029955484
plunging! t_interp:  8230235.000021169 t_traj:  8229667.637735741
plunging! t_interp:  8230235.000021169 t_traj:  8229809.475574187
plunging! t_interp:  8230235.000021169 t_traj:  8229951.315204666
plunging! t_interp:  8230235.000021169 t_traj:  8230093.156729078
plunging! t_interp:  8230235.000021169 t_traj:  8230035.784939576
plunging! t_interp:  8230235.000021169 t_traj:  8230085.588400343
plunging! t_interp:  8230235.000021169 t_traj:  8230135.392028876
plunging! t_interp:  8230235.000021169 t_traj:  8230185.195929859
plunging! t_interp:  8230235.000021169 t_traj:  8230165.051399642
plunging! t_interp:  8230235.000021169 t_traj:  8230182.538237526
plunging! t_interp:  8230235.000021169 t_traj:  8230200.025646593
plunging! t_interp:  8230235.000021169 t_traj:  8230217.512564724
plunging! t_interp:  8230235.000021169 t_traj:  8230210.43968127
plunging! t_interp:  8230235.000021169 t_traj:  8230216.579764149
plunging! t_interp:  8230235.000021169 t_traj:  8230222.719850683
plunging! t_interp:  8230235.000021169 t_traj:  8230228.859949804
plunging! t_interp:  8230235.000021169 t_traj:  8230226.376132343
plunging! t_interp:  8230235.000021169 t_traj:  8230228.532349533
plunging! t_interp:  8230235.000021169 t_traj:  8230230.687972809
plunging! t_interp:  8230235.000021169 t_traj:  8230232.844141517
plunging! t_interp:  8230235.000021169 t_traj:  8230231.972133256
plunging! t_interp:  8230235.000021169 t_traj:  8230232.729087422
plunging! t_interp:  8230235.000021169 t_traj:  8230233.48607128
plunging! t_interp:  8230235.000021169 t_traj:  8230234.243098086
plunging! t_interp:  8230235.000021169 t_traj:  8230233.936862161
plunging! t_interp:  8230235.000021169 t_traj:  8230234.202710298
plunging! t_interp:  8230235.000021169 t_traj:  8230234.4684591275
plunging! t_interp:  8230235.000021169 t_traj:  8230234.734253981
plunging! t_interp:  8230235.000021169 t_traj:  8230234.6267388575
plunging! t_interp:  8230235.000021169 t_traj:  8230234.720066783
plunging! t_interp:  8230235.000021169 t_traj:  8230234.813409114
plunging! t_interp:  8230235.000021169 t_traj:  8230234.906702329
plunging! t_interp:  8230235.000021169 t_traj:  8230234.8689464275
plunging! t_interp:  8230235.000021169 t_traj:  8230234.901728933
plunging! t_interp:  8230235.000021169 t_traj:  8230234.934480758
plunging! t_interp:  8230235.000021169 t_traj:  8230234.96727887
plunging! t_interp:  8230235.000021169 t_traj:  8230092.1940415045
plunging! t_interp:  8230235.000021169 t_traj:  8230127.887960746
plunging! t_interp:  8230235.000021169 t_traj:  8230163.586976295
plunging! t_interp:  8230235.000021169 t_traj:  8230199.29096306
plunging! t_interp:  8230235.000021169 t_traj:  8230184.848915164
plunging! t_interp:  8230235.000021169 t_traj:  8230197.385752837
plunging! t_interp:  8230235.000021169 t_traj:  8230209.923287191
plunging! t_interp:  8230235.000021169 t_traj:  8230222.461314507
plunging! t_interp:  8230235.000021169 t_traj:  8230217.389824421
plunging! t_interp:  8230235.000021169 t_traj:  8230221.7923508035
plunging! t_interp:  8230235.000021169 t_traj:  8230226.1948282765
plunging! t_interp:  8230235.000021169 t_traj:  8230230.597393752
plunging! t_interp:  8230235.000021169 t_traj:  8230228.816631015
plunging! t_interp:  8230235.000021169 t_traj:  8230230.36248341
plunging! t_interp:  8230235.000021169 t_traj:  8230231.908318762
plunging! t_interp:  8230235.000021169 t_traj:  8230233.454225334
plunging! t_interp:  8230235.000021169 t_traj:  8230232.828931578
plunging! t_interp:  8230235.000021169 t_traj:  8230233.371694651
plunging! t_interp:  8230235.000021169 t_traj:  8230233.914477426
plunging! t_interp:  8230235.000021169 t_traj:  8230234.457254325
plunging! t_interp:  8230235.000021169 t_traj:  8230234.237711493
plunging! t_interp:  8230235.000021169 t_traj:  8230234.428299456
plunging! t_interp:  8230235.000021169 t_traj:  8230234.618886453
plunging! t_interp:  8230235.000021169 t_traj:  8230234.809253046
plunging! t_interp:  8230235.000021169 t_traj:  8230234.732362865
plunging! t_interp:  8230235.000021169 t_traj:  8230234.799303888
plunging! t_interp:  8230235.000021169 t_traj:  8230234.866211851
plunging! t_interp:  8230235.000021169 t_traj:  8230234.933139791
plunging! t_interp:  8230235.000021169 t_traj:  8230234.9060726445
plunging! t_interp:  8230235.000021169 t_traj:  8230234.929547035
plunging! t_interp:  8230235.000021169 t_traj:  8230234.95305973
plunging! t_interp:  8230235.000021169 t_traj:  8230234.977428457
plunging! t_interp:  8230235.000021169 t_traj:  8230234.967080646
plunging! t_interp:  8230235.000021169 t_traj:  8230234.975306873
plunging! t_interp:  8230235.000021169 t_traj:  8230234.983558125
plunging! t_interp:  8230235.000021169 t_traj:  8230234.991773276
plunging! t_interp:  8230235.000021169 t_traj:  8230234.988419339
plunging! t_interp:  8230235.000021169 t_traj:  8230234.991358272
plunging! t_interp:  8230235.000021169 t_traj:  8230234.994251676
plunging! t_interp:  8230235.000021169 t_traj:  8230234.997148954
plunging! t_interp:  8230235.000021169 t_traj:  8230234.995989373
plunging! t_interp:  8230235.000021169 t_traj:  8230234.996961929
plunging! t_interp:  8230235.000021169 t_traj:  8230234.998012839
plunging! t_interp:  8230235.000021169 t_traj:  8230234.999029756
plunging! t_interp:  8230235.000021169 t_traj:  8230234.998615412
plunging! t_interp:  8230235.000021169 t_traj:  8230234.999775764
plunging! t_interp:  8230235.000021169 t_traj:  8230234.999335405
plunging! t_interp:  8230235.000021169 t_traj:  8230234.999358275
plunging! t_interp:  8230235.000021169 t_traj:  8226172.744917186
plunging! t_interp:  8230235.000021169 t_traj:  8222114.512953798
plunging! t_interp:  8230235.000021169 t_traj:  8218060.298208812
plunging! t_interp:  8230235.000021169 t_traj:  8214010.094713273
plunging! t_interp:  8230235.000021169 t_traj:  8228808.205670926
plunging! t_interp:  8230235.000021169 t_traj:  8227381.907825025
plunging! t_interp:  8230235.000021169 t_traj:  8225956.106152502
plunging! t_interp:  8230235.000021169 t_traj:  8224530.8004867975
plunging! t_interp:  8230235.000021169 t_traj:  8229733.968578451
plunging! t_interp:  8230235.000021169 t_traj:  8229232.998431459
plunging! t_interp:  8230235.000021169 t_traj:  8228732.089429622
plunging! t_interp:  8230235.000021169 t_traj:  8228231.241644954
plunging! t_interp:  8230235.000021169 t_traj:  8230059.071340847
plunging! t_interp:  8230235.000021169 t_traj:  8229883.150151538
plunging! t_interp:  8230235.000021169 t_traj:  8229707.236534562
plunging! t_interp:  8230235.000021169 t_traj:  8229531.33045565
plunging! t_interp:  8230235.000021169 t_traj:  8230173.227252432
plunging! t_interp:  8230235.000021169 t_traj:  8230111.455346576
plunging! t_interp:  8230235.000021169 t_traj:  8230049.6844542045
plunging! t_interp:  8230235.000021169 t_traj:  8229987.914414904
plunging! t_interp:  8230235.000021169 t_traj:  8230213.310313284
plunging! t_interp:  8230235.000021169 t_traj:  8230191.620718969
plunging! t_interp:  8230235.000021169 t_traj:  8230169.931203873
plunging! t_interp:  8230235.000021169 t_traj:  8230148.241557295
plunging! t_interp:  8230235.000021169 t_traj:  8230227.384357131
plunging! t_interp:  8230235.000021169 t_traj:  8230219.768672348
plunging! t_interp:  8230235.000021169 t_traj:  8230212.152995203
plunging! t_interp:  8230235.000021169 t_traj:  8230204.537379188
plunging! t_interp:  8230235.000021169 t_traj:  8230232.325997235
plunging! t_interp:  8230235.000021169 t_traj:  8230229.651989279
plunging! t_interp:  8230235.000021169 t_traj:  8230226.978004913
plunging! t_interp:  8230235.000021169 t_traj:  8230224.304029813
plunging! t_interp:  8230235.000021169 t_traj:  8230234.061136925
plunging! t_interp:  8230235.000021169 t_traj:  8230233.123011525
plunging! t_interp:  8230235.000021169 t_traj:  8230232.1833477765
plunging! t_interp:  8230235.000021169 t_traj:  8230231.2444451405
plunging! t_interp:  8230235.000021169 t_traj:  8230234.670378929
plunging! t_interp:  8230235.000021169 t_traj:  8230234.3407248985
plunging! t_interp:  8230235.000021169 t_traj:  8230234.011039736
plunging! t_interp:  8230235.000021169 t_traj:  8230233.681349518
plunging! t_interp:  8230235.000021169 t_traj:  8230234.884273645
plunging! t_interp:  8230235.000021169 t_traj:  8230234.768519168
plunging! t_interp:  8230235.000021169 t_traj:  8230234.652791386
plunging! t_interp:  8230235.000021169 t_traj:  8230234.537079481
plunging! t_interp:  8230235.000021169 t_traj:  8230234.959382469
plunging! t_interp:  8230235.000021169 t_traj:  8230234.919514425
plunging! t_interp:  8230235.000021169 t_traj:  8230234.878134409
plunging! t_interp:  8230235.000021169 t_traj:  8230234.837183878
plunging! t_interp:  8230235.000021169 t_traj:  8230161.7763644345
plunging! t_interp:  8230235.000021169 t_traj:  8230088.619389632
plunging! t_interp:  8230235.000021169 t_traj:  8230015.528928016
plunging! t_interp:  8230235.000021169 t_traj:  8229942.504899274
plunging! t_interp:  8230235.000021169 t_traj:  8230209.28223497
plunging! t_interp:  8230235.000021169 t_traj:  8230183.572664905
plunging! t_interp:  8230235.000021169 t_traj:  8230157.87128763
plunging! t_interp:  8230235.000021169 t_traj:  8230132.178077751
plunging! t_interp:  8230235.000021169 t_traj:  8230225.969087856
plunging! t_interp:  8230235.000021169 t_traj:  8230216.939155757
plunging! t_interp:  8230235.000021169 t_traj:  8230207.910202111
plunging! t_interp:  8230235.000021169 t_traj:  8230198.88227628
plunging! t_interp:  8230235.000021169 t_traj:  8230231.829779578
plunging! t_interp:  8230235.000021169 t_traj:  8230228.658099973
plunging! t_interp:  8230235.000021169 t_traj:  8230225.487264585
plunging! t_interp:  8230235.000021169 t_traj:  8230222.316570319
plunging! t_interp:  8230235.000021169 t_traj:  8230233.886583611
plunging! t_interp:  8230235.000021169 t_traj:  8230232.77320507
plunging! t_interp:  8230235.000021169 t_traj:  8230231.659765132
plunging! t_interp:  8230235.000021169 t_traj:  8230230.546403935
plunging! t_interp:  8230235.000021169 t_traj:  8230234.608814374
plunging! t_interp:  8230235.000021169 t_traj:  8230234.218147131
plunging! t_interp:  8230235.000021169 t_traj:  8230233.827183273
plunging! t_interp:  8230235.000021169 t_traj:  8230233.436255162
plunging! t_interp:  8230235.000021169 t_traj:  8230234.862777499
plunging! t_interp:  8230235.000021169 t_traj:  8230234.725548847
plunging! t_interp:  8230235.000021169 t_traj:  8230234.588278695
plunging! t_interp:  8230235.000021169 t_traj:  8230234.45188646
plunging! t_interp:  8230235.000021169 t_traj:  8230234.951825493
plunging! t_interp:  8230235.000021169 t_traj:  8230234.903661234
plunging! t_interp:  8230235.000021169 t_traj:  8230234.855468266
plunging! t_interp:  8230235.000021169 t_traj:  8230234.807253393
plunging! t_interp:  8230235.000021169 t_traj:  8230234.983119422
plunging! t_interp:  8230235.000021169 t_traj:  8230234.966202522
plunging! t_interp:  8230235.000021169 t_traj:  8230234.949064845
plunging! t_interp:  8230235.000021169 t_traj:  8230234.932323447
plunging! t_interp:  8230235.000021169 t_traj:  8230234.994052212
plunging! t_interp:  8230235.000021169 t_traj:  8230234.98813594
plunging! t_interp:  8230235.000021169 t_traj:  8230234.982183694
plunging! t_interp:  8230235.000021169 t_traj:  8230234.976312936
plunging! t_interp:  8230235.000021169 t_traj:  8230234.9979442805
plunging! t_interp:  8230235.000021169 t_traj:  8230234.995872521
plunging! t_interp:  8230235.000021169 t_traj:  8230234.993796695
plunging! t_interp:  8230235.000021169 t_traj:  8230234.991745863
plunging! t_interp:  8230235.000021169 t_traj:  8230234.999316134
plunging! t_interp:  8230235.000021169 t_traj:  8230234.998576787
plunging! t_interp:  8230235.000021169 t_traj:  8230234.99785698
plunging! t_interp:  8230235.000021169 t_traj:  8230234.997119964
Time taken to compute stable deltas is 99.40919089317322 seconds
calculating Fisher matrix...
plunging! t_interp:  8230235.000021169 t_traj:  8230230.689345783
plunging! t_interp:  8230235.000021169 t_traj:  8230231.767045599
plunging! t_interp:  8230235.000021169 t_traj:  8230232.84467945
plunging! t_interp:  8230235.000021169 t_traj:  8230233.922386681
plunging! t_interp:  8230235.000021169 t_traj:  8230234.463881188
plunging! t_interp:  8230235.000021169 t_traj:  8230233.927736919
plunging! t_interp:  8230235.000021169 t_traj:  8230233.391496808
plunging! t_interp:  8230235.000021169 t_traj:  8230232.855335844
plunging! t_interp:  8230235.000021169 t_traj:  8230232.966621997
plunging! t_interp:  8230235.000021169 t_traj:  8230233.474975693
plunging! t_interp:  8230235.000021169 t_traj:  8230233.98331405
plunging! t_interp:  8230235.000021169 t_traj:  8230234.491684252
plunging! t_interp:  8230235.000021169 t_traj:  8230234.6267388575
plunging! t_interp:  8230235.000021169 t_traj:  8230234.720066783
plunging! t_interp:  8230235.000021169 t_traj:  8230234.813409114
plunging! t_interp:  8230235.000021169 t_traj:  8230234.906702329
plunging! t_interp:  8230235.000021169 t_traj:  8230232.828931578
plunging! t_interp:  8230235.000021169 t_traj:  8230233.371694651
plunging! t_interp:  8230235.000021169 t_traj:  8230233.914477426
plunging! t_interp:  8230235.000021169 t_traj:  8230234.457254325
plunging! t_interp:  8230235.000021169 t_traj:  8230234.061136925
plunging! t_interp:  8230235.000021169 t_traj:  8230233.123011525
plunging! t_interp:  8230235.000021169 t_traj:  8230232.1833477765
plunging! t_interp:  8230235.000021169 t_traj:  8230231.2444451405
plunging! t_interp:  8230235.000021169 t_traj:  8230234.862777499
plunging! t_interp:  8230235.000021169 t_traj:  8230234.725548847
plunging! t_interp:  8230235.000021169 t_traj:  8230234.588278695
plunging! t_interp:  8230235.000021169 t_traj:  8230234.45188646
Finished derivatives
Calculated Fisher is *atleast* positive-definite.
Time taken to compute FM is 9.137976884841919 seconds
    CV from_NMdev#1 it  15 lam=3.3e+03 ov=0.9943682 chi2=1.312e+03 rel=2.3e-07
Body is not plunging, Fisher should be stable.
waveform shape: (3, 6311629)
Computing SNR for parameters: (np.float64(1002550.3373748782), np.float64(4971.1783389518705), np.float64(0.7048934486330775), np.float64(24.95887867116935), np.float64(0.2495913499682201), 1.0, 12.0, np.float64(0.7849772348805603), np.float64(0.9968364477370099), 1.0, 1.0471975511965976, np.float64(1.185219076324394), 0.5, np.float64(0.8412097525563933), 0.95, False, False, False, True, 0.0, 0.0, np.float64(1.0195979569112954), np.float64(2.132423143744532))
Waveform Generated. SNR: 340.168676196422
calculating Fisher matrix...
plunging! t_interp:  8230235.000034542 t_traj:  8230230.689370683
plunging! t_interp:  8230235.000034542 t_traj:  8230231.767030972
plunging! t_interp:  8230235.000034542 t_traj:  8230232.844693464
plunging! t_interp:  8230235.000034542 t_traj:  8230233.922375243
plunging! t_interp:  8230235.000034542 t_traj:  8230234.463869749
plunging! t_interp:  8230235.000034542 t_traj:  8230233.927697987
plunging! t_interp:  8230235.000034542 t_traj:  8230233.391243237
plunging! t_interp:  8230235.000034542 t_traj:  8230232.855342216
plunging! t_interp:  8230235.000034542 t_traj:  8230232.966583006
plunging! t_interp:  8230235.000034542 t_traj:  8230233.474928242
plunging! t_interp:  8230235.000034542 t_traj:  8230233.983323693
plunging! t_interp:  8230235.000034542 t_traj:  8230234.491684648
plunging! t_interp:  8230235.000034542 t_traj:  8230234.626748816
plunging! t_interp:  8230235.000034542 t_traj:  8230234.720085265
plunging! t_interp:  8230235.000034542 t_traj:  8230234.813424975
plunging! t_interp:  8230235.000034542 t_traj:  8230234.906727933
plunging! t_interp:  8230235.000034542 t_traj:  8230232.82891898
plunging! t_interp:  8230235.000034542 t_traj:  8230233.371670115
plunging! t_interp:  8230235.000034542 t_traj:  8230233.915398208
plunging! t_interp:  8230235.000034542 t_traj:  8230234.457253305
plunging! t_interp:  8230235.000034542 t_traj:  8230234.061145674
plunging! t_interp:  8230235.000034542 t_traj:  8230233.122041518
plunging! t_interp:  8230235.000034542 t_traj:  8230232.183387275
plunging! t_interp:  8230235.000034542 t_traj:  8230231.244135326
plunging! t_interp:  8230235.000034542 t_traj:  8230234.863630612
plunging! t_interp:  8230235.000034542 t_traj:  8230234.725462589
plunging! t_interp:  8230235.000034542 t_traj:  8230234.588246788
plunging! t_interp:  8230235.000034542 t_traj:  8230234.4509422835
Finished derivatives
Calculated Fisher is *atleast* positive-definite.
Time taken to compute FM is 9.906984329223633 seconds
    CV from_NMdev#1 it  16 lam=1.1e+06 ov=0.9943682 chi2=1.312e+03 rel=2.2e-06
Body is not plunging, Fisher should be stable.
waveform shape: (3, 6311629)
Computing SNR for parameters: (np.float64(1002550.3373748781), np.float64(4971.1783389518705), np.float64(0.704893448633075), np.float64(24.95887867116935), np.float64(0.2495913499682191), 1.0, 12.0, np.float64(0.7849772348805106), np.float64(0.996836447737112), 1.0, 1.0471975511965976, np.float64(1.1852190763241892), 0.5, np.float64(0.8412097525557454), 0.95, False, False, False, True, 0.0, 0.0, np.float64(1.0195979569113927), np.float64(2.1324231437432744))
Waveform Generated. SNR: 340.1686686736744
calculating Fisher matrix...
plunging! t_interp:  8230235.000836231 t_traj:  8230230.689361941
plunging! t_interp:  8230235.000836231 t_traj:  8230231.767017919
plunging! t_interp:  8230235.000836231 t_traj:  8230232.844707451
plunging! t_interp:  8230235.000836231 t_traj:  8230233.922372321
plunging! t_interp:  8230235.000836231 t_traj:  8230234.463878922
plunging! t_interp:  8230235.000836231 t_traj:  8230233.9276589
plunging! t_interp:  8230235.000836231 t_traj:  8230233.391219317
plunging! t_interp:  8230235.000836231 t_traj:  8230232.855331964
plunging! t_interp:  8230235.000836231 t_traj:  8230232.966557202
plunging! t_interp:  8230235.000836231 t_traj:  8230233.4749448355
plunging! t_interp:  8230235.000836231 t_traj:  8230233.9833213035
plunging! t_interp:  8230235.000836231 t_traj:  8230234.491681253
plunging! t_interp:  8230235.000836231 t_traj:  8230234.626703826
plunging! t_interp:  8230235.000836231 t_traj:  8230234.720073375
plunging! t_interp:  8230235.000836231 t_traj:  8230234.813397153
plunging! t_interp:  8230235.000836231 t_traj:  8230234.906716041
plunging! t_interp:  8230235.000836231 t_traj:  8230232.828658295
plunging! t_interp:  8230235.000836231 t_traj:  8230233.371703411
plunging! t_interp:  8230235.000836231 t_traj:  8230233.914486746
plunging! t_interp:  8230235.000836231 t_traj:  8230234.457231842
plunging! t_interp:  8230235.000836231 t_traj:  8230234.061141939
plunging! t_interp:  8230235.000836231 t_traj:  8230233.122249709
plunging! t_interp:  8230235.000836231 t_traj:  8230232.183360044
plunging! t_interp:  8230235.000836231 t_traj:  8230231.244439512
plunging! t_interp:  8230235.000836231 t_traj:  8230234.862757961
plunging! t_interp:  8230235.000836231 t_traj:  8230234.725486161
plunging! t_interp:  8230235.000836231 t_traj:  8230234.588268277
plunging! t_interp:  8230235.000836231 t_traj:  8230234.450925729
Finished derivatives
Calculated Fisher is *atleast* positive-definite.
Time taken to compute FM is 9.885985612869263 seconds
    CV from_NMdev#1 it  17 lam=7.5e+05 ov=0.9943682 chi2=1.312e+03 rel=1.9e-06
Body is not plunging, Fisher should be stable.
waveform shape: (3, 6311629)
Computing SNR for parameters: (np.float64(1002550.3373748779), np.float64(4971.17833895187), np.float64(0.704893448633071), np.float64(24.95887867116935), np.float64(0.2495913499682175), 1.0, 12.0, np.float64(0.7849772348810277), np.float64(0.9968364477374222), 1.0, 1.0471975511965976, np.float64(1.1852190763267063), 0.5, np.float64(0.8412097525558211), 0.95, False, False, False, True, 0.0, 0.0, np.float64(1.0195979569115456), np.float64(2.1324231437419336))
Waveform Generated. SNR: 340.168683377272
calculating Fisher matrix...
plunging! t_interp:  8230235.000044499 t_traj:  8230230.689367326
plunging! t_interp:  8230235.000044499 t_traj:  8230231.767050577
plunging! t_interp:  8230235.000044499 t_traj:  8230232.844715956
plunging! t_interp:  8230235.000044499 t_traj:  8230233.923245096
plunging! t_interp:  8230235.000044499 t_traj:  8230234.464739602
plunging! t_interp:  8230235.000044499 t_traj:  8230233.927698247
plunging! t_interp:  8230235.000044499 t_traj:  8230233.391527152
plunging! t_interp:  8230235.000044499 t_traj:  8230232.8553125765
plunging! t_interp:  8230235.000044499 t_traj:  8230232.9663060475
plunging! t_interp:  8230235.000044499 t_traj:  8230233.47495729
plunging! t_interp:  8230235.000044499 t_traj:  8230233.9831143
plunging! t_interp:  8230235.000044499 t_traj:  8230234.491652665
plunging! t_interp:  8230235.000044499 t_traj:  8230234.626702953
plunging! t_interp:  8230235.000044499 t_traj:  8230234.720060634
plunging! t_interp:  8230235.000044499 t_traj:  8230234.813384181
plunging! t_interp:  8230235.000044499 t_traj:  8230234.906732599
plunging! t_interp:  8230235.000044499 t_traj:  8230232.828929314
plunging! t_interp:  8230235.000044499 t_traj:  8230233.371701589
plunging! t_interp:  8230235.000044499 t_traj:  8230233.9145073695
plunging! t_interp:  8230235.000044499 t_traj:  8230234.456941771
plunging! t_interp:  8230235.000044499 t_traj:  8230234.061148403
plunging! t_interp:  8230235.000044499 t_traj:  8230233.122201371
plunging! t_interp:  8230235.000044499 t_traj:  8230232.183359
plunging! t_interp:  8230235.000044499 t_traj:  8230231.244143973
plunging! t_interp:  8230235.000044499 t_traj:  8230234.862767856
plunging! t_interp:  8230235.000044499 t_traj:  8230234.7254576385
plunging! t_interp:  8230235.000044499 t_traj:  8230234.5882293815
plunging! t_interp:  8230235.000044499 t_traj:  8230234.451966882
Finished derivatives
Calculated Fisher is *atleast* positive-definite.
Time taken to compute FM is 9.913840293884277 seconds
    CV from_NMdev#1 it  18 lam=1.6e+07 ov=0.9943683 chi2=1.312e+03 rel=3.7e-09
Body is not plunging, Fisher should be stable.
waveform shape: (3, 6311629)
Computing SNR for parameters: (np.float64(1002550.3373748779), np.float64(4971.17833895187), np.float64(0.7048934486330708), np.float64(24.95887867116935), np.float64(0.24959134996821744), 1.0, 12.0, np.float64(0.784977234881025), np.float64(0.9968364477374365), 1.0, 1.0471975511965976, np.float64(1.1852190763266905), 0.5, np.float64(0.8412097525558022), 0.95, False, False, False, True, 0.0, 0.0, np.float64(1.0195979569115443), np.float64(2.132423143741845))
Waveform Generated. SNR: 340.168683349713
calculating Fisher matrix...
plunging! t_interp:  8230235.000051199 t_traj:  8230230.689404568
plunging! t_interp:  8230235.000051199 t_traj:  8230231.767080725
plunging! t_interp:  8230235.000051199 t_traj:  8230232.84470034
plunging! t_interp:  8230235.000051199 t_traj:  8230233.922377779
plunging! t_interp:  8230235.000051199 t_traj:  8230234.4638722865
plunging! t_interp:  8230235.000051199 t_traj:  8230233.927692344
plunging! t_interp:  8230235.000051199 t_traj:  8230233.391265976
plunging! t_interp:  8230235.000051199 t_traj:  8230232.855350766
plunging! t_interp:  8230235.000051199 t_traj:  8230232.966581795
plunging! t_interp:  8230235.000051199 t_traj:  8230233.474952076
plunging! t_interp:  8230235.000051199 t_traj:  8230233.9830431705
plunging! t_interp:  8230235.000051199 t_traj:  8230234.491713826
plunging! t_interp:  8230235.000051199 t_traj:  8230234.626732762
plunging! t_interp:  8230235.000051199 t_traj:  8230234.720061698
plunging! t_interp:  8230235.000051199 t_traj:  8230234.813372495
plunging! t_interp:  8230235.000051199 t_traj:  8230234.906729178
plunging! t_interp:  8230235.000051199 t_traj:  8230232.828888633
plunging! t_interp:  8230235.000051199 t_traj:  8230233.371709833
plunging! t_interp:  8230235.000051199 t_traj:  8230233.914512699
plunging! t_interp:  8230235.000051199 t_traj:  8230234.457299872
plunging! t_interp:  8230235.000051199 t_traj:  8230234.061143144
plunging! t_interp:  8230235.000051199 t_traj:  8230233.122290041
plunging! t_interp:  8230235.000051199 t_traj:  8230232.18333799
plunging! t_interp:  8230235.000051199 t_traj:  8230231.244452667
plunging! t_interp:  8230235.000051199 t_traj:  8230234.86277639
plunging! t_interp:  8230235.000051199 t_traj:  8230234.725532051
plunging! t_interp:  8230235.000051199 t_traj:  8230234.588236863
plunging! t_interp:  8230235.000051199 t_traj:  8230234.45094758
Finished derivatives
Calculated Fisher is *atleast* positive-definite.
Time taken to compute FM is 9.877075672149658 seconds
    CV from_NMdev#1 it  19 lam=1.5e+147 ov=0.9943683 chi2=1.312e+03 rel=0.0e+00
    NM  nfev=1308 ov 0.9943683 -> 0.9943831 (accepted=True)
Body is not plunging, Fisher should be stable.
waveform shape: (3, 6311629)
Computing SNR for parameters: (np.float64(1002550.3757212687), np.float64(4971.179752976176), np.float64(0.7048941688091044), np.float64(24.958878678982593), np.float64(0.24958889437300671), 1.0, 12.0, np.float64(0.7833052415467407), np.float64(0.999056694487916), 1.0, 1.0471975511965976, np.float64(1.177020635991614), 0.5, np.float64(0.8352709545044575), 0.95, False, False, False, True, 0.0, 0.0, np.float64(1.019490597944928), np.float64(2.132495565577396))
Waveform Generated. SNR: 339.9338619136416
calculating stable deltas...
plunging! t_interp:  8230235.033140313 t_traj:  8223684.49405242
plunging! t_interp:  8230235.033140313 t_traj:  8225321.884499614
plunging! t_interp:  8230235.033140313 t_traj:  8226959.437743914
plunging! t_interp:  8230235.033140313 t_traj:  8228597.153961412
plunging! t_interp:  8230235.033140313 t_traj:  8227934.716046358
plunging! t_interp:  8230235.033140313 t_traj:  8228509.765356245
plunging! t_interp:  8230235.033140313 t_traj:  8229084.83452209
plunging! t_interp:  8230235.033140313 t_traj:  8229659.923801021
plunging! t_interp:  8230235.033140313 t_traj:  8229427.311173867
plunging! t_interp:  8230235.033140313 t_traj:  8229629.237741107
plunging! t_interp:  8230235.033140313 t_traj:  8229831.16700159
plunging! t_interp:  8230235.033140313 t_traj:  8230033.098979421
plunging! t_interp:  8230235.033140313 t_traj:  8229951.421957249
plunging! t_interp:  8230235.033140313 t_traj:  8230022.325090002
plunging! t_interp:  8230235.033140313 t_traj:  8230093.226996913
plunging! t_interp:  8230235.033140313 t_traj:  8230164.129858162
plunging! t_interp:  8230235.033140313 t_traj:  8230135.451313498
plunging! t_interp:  8230235.033140313 t_traj:  8230160.346399249
plunging! t_interp:  8230235.033140313 t_traj:  8230185.243052335
plunging! t_interp:  8230235.033140313 t_traj:  8230210.1376038445
plunging! t_interp:  8230235.033140313 t_traj:  8230200.067947944
plunging! t_interp:  8230235.033140313 t_traj:  8230208.80927336
plunging! t_interp:  8230235.033140313 t_traj:  8230217.550555785
plunging! t_interp:  8230235.033140313 t_traj:  8230226.291858748
plunging! t_interp:  8230235.033140313 t_traj:  8230222.756177968
plunging! t_interp:  8230235.033140313 t_traj:  8230225.825424385
plunging! t_interp:  8230235.033140313 t_traj:  8230228.894690691
plunging! t_interp:  8230235.033140313 t_traj:  8230231.963932353
plunging! t_interp:  8230235.033140313 t_traj:  8230230.722524145
plunging! t_interp:  8230235.033140313 t_traj:  8230231.8001557635
plunging! t_interp:  8230235.033140313 t_traj:  8230232.877806454
plunging! t_interp:  8230235.033140313 t_traj:  8230233.9554932965
plunging! t_interp:  8230235.033140313 t_traj:  8230233.519580626
plunging! t_interp:  8230235.033140313 t_traj:  8230233.897954295
plunging! t_interp:  8230235.033140313 t_traj:  8230234.276345823
plunging! t_interp:  8230235.033140313 t_traj:  8230234.654769354
plunging! t_interp:  8230235.033140313 t_traj:  8230234.501459026
plunging! t_interp:  8230235.033140313 t_traj:  8230234.634544336
plunging! t_interp:  8230235.033140313 t_traj:  8230234.767431265
plunging! t_interp:  8230235.033140313 t_traj:  8230234.900279532
plunging! t_interp:  8230235.033140313 t_traj:  8230234.846590065
plunging! t_interp:  8230235.033140313 t_traj:  8230234.893219786
plunging! t_interp:  8230235.033140313 t_traj:  8230234.940622542
plunging! t_interp:  8230235.033140313 t_traj:  8230234.986511025
plunging! t_interp:  8230235.033140313 t_traj:  8230234.9675916685
plunging! t_interp:  8230235.033140313 t_traj:  8230234.984016097
plunging! t_interp:  8230235.033140313 t_traj:  8230235.000409436
plunging! t_interp:  8230235.033140313 t_traj:  8230235.016810592
plunging! t_interp:  8230235.033140313 t_traj:  8229420.177406219
plunging! t_interp:  8230235.033140313 t_traj:  8228605.484620666
plunging! t_interp:  8230235.033140313 t_traj:  8227790.954792579
plunging! t_interp:  8230235.033140313 t_traj:  8226976.587772546
plunging! t_interp:  8230235.033140313 t_traj:  8229948.903097811
plunging! t_interp:  8230235.033140313 t_traj:  8229662.793167785
plunging! t_interp:  8230235.033140313 t_traj:  8229376.703372993
plunging! t_interp:  8230235.033140313 t_traj:  8229090.633575328
plunging! t_interp:  8230235.033140313 t_traj:  8230134.565134571
plunging! t_interp:  8230235.033140313 t_traj:  8230034.099560514
plunging! t_interp:  8230235.033140313 t_traj:  8229933.636496315
plunging! t_interp:  8230235.033140313 t_traj:  8229833.175927946
plunging! t_interp:  8230235.033140313 t_traj:  8230199.756663106
plunging! t_interp:  8230235.033140313 t_traj:  8230164.4812728185
plunging! t_interp:  8230235.033140313 t_traj:  8230129.204473306
plunging! t_interp:  8230235.033140313 t_traj:  8230093.928849447
plunging! t_interp:  8230235.033140313 t_traj:  8230222.646864842
plunging! t_interp:  8230235.033140313 t_traj:  8230210.260638618
plunging! t_interp:  8230235.033140313 t_traj:  8230197.874087052
plunging! t_interp:  8230235.033140313 t_traj:  8230185.488151775
plunging! t_interp:  8230235.033140313 t_traj:  8230230.684908596
plunging! t_interp:  8230235.033140313 t_traj:  8230226.335001174
plunging! t_interp:  8230235.033140313 t_traj:  8230221.9859572295
plunging! t_interp:  8230235.033140313 t_traj:  8230217.636904919
plunging! t_interp:  8230235.033140313 t_traj:  8230233.506126225
plunging! t_interp:  8230235.033140313 t_traj:  8230231.979111381
plunging! t_interp:  8230235.033140313 t_traj:  8230230.452065502
plunging! t_interp:  8230235.033140313 t_traj:  8230228.924999829
plunging! t_interp:  8230235.033140313 t_traj:  8230234.496987805
plunging! t_interp:  8230235.033140313 t_traj:  8230233.9608445065
plunging! t_interp:  8230235.033140313 t_traj:  8230233.424605679
plunging! t_interp:  8230235.033140313 t_traj:  8230232.8884640215
plunging! t_interp:  8230235.033140313 t_traj:  8230234.844898458
plunging! t_interp:  8230235.033140313 t_traj:  8230234.656604032
plunging! t_interp:  8230235.033140313 t_traj:  8230234.468381416
plunging! t_interp:  8230235.033140313 t_traj:  8230234.280107892
plunging! t_interp:  8230235.033140313 t_traj:  8230234.967037506
plunging! t_interp:  8230235.033140313 t_traj:  8230234.90094721
plunging! t_interp:  8230235.033140313 t_traj:  8230234.834818258
plunging! t_interp:  8230235.033140313 t_traj:  8230234.76849092
plunging! t_interp:  8230235.033140313 t_traj:  8230235.009951028
plunging! t_interp:  8230235.033140313 t_traj:  8230234.987502552
plunging! t_interp:  8230235.033140313 t_traj:  8230234.963523584
plunging! t_interp:  8230235.033140313 t_traj:  8230234.940350084
plunging! t_interp:  8230235.033140313 t_traj:  8230235.025040827
plunging! t_interp:  8230235.033140313 t_traj:  8230235.016869904
plunging! t_interp:  8230235.033140313 t_traj:  8230235.008706801
plunging! t_interp:  8230235.033140313 t_traj:  8230235.000512611
plunging! t_interp:  8230235.033140313 t_traj:  8229853.994547166
plunging! t_interp:  8230235.033140313 t_traj:  8229949.25519279
plunging! t_interp:  8230235.033140313 t_traj:  8230044.515210643
plunging! t_interp:  8230235.033140313 t_traj:  8230139.774225125
plunging! t_interp:  8230235.033140313 t_traj:  8230101.244385686
plunging! t_interp:  8230235.033140313 t_traj:  8230134.691749504
plunging! t_interp:  8230235.033140313 t_traj:  8230168.139807699
plunging! t_interp:  8230235.033140313 t_traj:  8230201.5860934155
plunging! t_interp:  8230235.033140313 t_traj:  8230188.057206517
plunging! t_interp:  8230235.033140313 t_traj:  8230199.801466537
plunging! t_interp:  8230235.033140313 t_traj:  8230211.5453358665
plunging! t_interp:  8230235.033140313 t_traj:  8230223.289256423
plunging! t_interp:  8230235.033140313 t_traj:  8230218.539122457
plunging! t_interp:  8230235.033140313 t_traj:  8230222.66261371
plunging! t_interp:  8230235.033140313 t_traj:  8230226.786117097
plunging! t_interp:  8230235.033140313 t_traj:  8230230.909653846
plunging! t_interp:  8230235.033140313 t_traj:  8230229.241802729
plunging! t_interp:  8230235.033140313 t_traj:  8230230.689628267
plunging! t_interp:  8230235.033140313 t_traj:  8230232.137487125
plunging! t_interp:  8230235.033140313 t_traj:  8230233.585307604
plunging! t_interp:  8230235.033140313 t_traj:  8230232.999700637
plunging! t_interp:  8230235.033140313 t_traj:  8230233.508068764
plunging! t_interp:  8230235.033140313 t_traj:  8230234.016436854
plunging! t_interp:  8230235.033140313 t_traj:  8230234.524793909
plunging! t_interp:  8230235.033140313 t_traj:  8230234.319170875
plunging! t_interp:  8230235.033140313 t_traj:  8230234.497658495
plunging! t_interp:  8230235.033140313 t_traj:  8230234.676129933
plunging! t_interp:  8230235.033140313 t_traj:  8230234.854640545
plunging! t_interp:  8230235.033140313 t_traj:  8230234.782459541
plunging! t_interp:  8230235.033140313 t_traj:  8230234.845128775
plunging! t_interp:  8230235.033140313 t_traj:  8230234.907813664
plunging! t_interp:  8230235.033140313 t_traj:  8230234.970462412
plunging! t_interp:  8230235.033140313 t_traj:  8230234.945126437
plunging! t_interp:  8230235.033140313 t_traj:  8230234.967116098
plunging! t_interp:  8230235.033140313 t_traj:  8230234.989151605
plunging! t_interp:  8230235.033140313 t_traj:  8230235.010883384
plunging! t_interp:  8230235.033140313 t_traj:  8230235.002254873
plunging! t_interp:  8230235.033140313 t_traj:  8230235.009956014
plunging! t_interp:  8230235.033140313 t_traj:  8230235.017714898
plunging! t_interp:  8230235.033140313 t_traj:  8230235.025445789
plunging! t_interp:  8230235.033140313 t_traj:  8230235.022275575
plunging! t_interp:  8230235.033140313 t_traj:  8230235.025034602
plunging! t_interp:  8230235.033140313 t_traj:  8230235.027733072
plunging! t_interp:  8230235.033140313 t_traj:  8230235.03048116
plunging! t_interp:  8230235.033140313 t_traj:  8230235.029334218
plunging! t_interp:  8230235.033140313 t_traj:  8230235.0303441435
plunging! t_interp:  8230235.033140313 t_traj:  8230235.031261349
plunging! t_interp:  8230235.033140313 t_traj:  8230235.032218669
plunging! t_interp:  8230235.033140313 t_traj:  8217135.678473118
plunging! t_interp:  8230235.033140313 t_traj:  8220409.056820518
plunging! t_interp:  8230235.033140313 t_traj:  8223683.409039167
plunging! t_interp:  8230235.033140313 t_traj:  8226958.734439474
plunging! t_interp:  8230235.033140313 t_traj:  8225633.824459677
plunging! t_interp:  8230235.033140313 t_traj:  8226783.946598705
plunging! t_interp:  8230235.033140313 t_traj:  8227934.188746935
plunging! t_interp:  8230235.033140313 t_traj:  8229084.550991489
plunging! t_interp:  8230235.033140313 t_traj:  8228619.24184934
plunging! t_interp:  8230235.033140313 t_traj:  8229023.167480046
plunging! t_interp:  8230235.033140313 t_traj:  8229427.107913337
plunging! t_interp:  8230235.033140313 t_traj:  8229831.063104733
plunging! t_interp:  8230235.033140313 t_traj:  8229667.670545626
plunging! t_interp:  8230235.033140313 t_traj:  8229809.508495458
plunging! t_interp:  8230235.033140313 t_traj:  8229951.348356361
plunging! t_interp:  8230235.033140313 t_traj:  8230093.189894498
plunging! t_interp:  8230235.033140313 t_traj:  8230035.818038994
plunging! t_interp:  8230235.033140313 t_traj:  8230085.621486615
plunging! t_interp:  8230235.033140313 t_traj:  8230135.424887719
plunging! t_interp:  8230235.033140313 t_traj:  8230185.229070051
plunging! t_interp:  8230235.033140313 t_traj:  8230165.084519246
plunging! t_interp:  8230235.033140313 t_traj:  8230182.5716641415
plunging! t_interp:  8230235.033140313 t_traj:  8230200.05878926
plunging! t_interp:  8230235.033140313 t_traj:  8230217.545940719
plunging! t_interp:  8230235.033140313 t_traj:  8230210.47277269
plunging! t_interp:  8230235.033140313 t_traj:  8230216.612844155
plunging! t_interp:  8230235.033140313 t_traj:  8230222.752973498
plunging! t_interp:  8230235.033140313 t_traj:  8230228.89310534
plunging! t_interp:  8230235.033140313 t_traj:  8230226.4095217725
plunging! t_interp:  8230235.033140313 t_traj:  8230228.565421916
plunging! t_interp:  8230235.033140313 t_traj:  8230230.721361856
plunging! t_interp:  8230235.033140313 t_traj:  8230232.877219135
plunging! t_interp:  8230235.033140313 t_traj:  8230232.005203839
plunging! t_interp:  8230235.033140313 t_traj:  8230232.762198705
plunging! t_interp:  8230235.033140313 t_traj:  8230233.519173301
plunging! t_interp:  8230235.033140313 t_traj:  8230234.276221235
plunging! t_interp:  8230235.033140313 t_traj:  8230233.969967505
plunging! t_interp:  8230235.033140313 t_traj:  8230234.235817483
plunging! t_interp:  8230235.033140313 t_traj:  8230234.501559193
plunging! t_interp:  8230235.033140313 t_traj:  8230234.767162686
plunging! t_interp:  8230235.033140313 t_traj:  8230234.659872545
plunging! t_interp:  8230235.033140313 t_traj:  8230234.753229186
plunging! t_interp:  8230235.033140313 t_traj:  8230234.846501189
plunging! t_interp:  8230235.033140313 t_traj:  8230234.939844484
plunging! t_interp:  8230235.033140313 t_traj:  8230234.902054764
plunging! t_interp:  8230235.033140313 t_traj:  8230234.934898458
plunging! t_interp:  8230235.033140313 t_traj:  8230234.967588748
plunging! t_interp:  8230235.033140313 t_traj:  8230235.000386353
plunging! t_interp:  8230235.033140313 t_traj:  8230092.230525983
plunging! t_interp:  8230235.033140313 t_traj:  8230127.923669267
plunging! t_interp:  8230235.033140313 t_traj:  8230163.621495556
plunging! t_interp:  8230235.033140313 t_traj:  8230199.324934785
plunging! t_interp:  8230235.033140313 t_traj:  8230184.883270336
plunging! t_interp:  8230235.033140313 t_traj:  8230197.419713118
plunging! t_interp:  8230235.033140313 t_traj:  8230209.956955622
plunging! t_interp:  8230235.033140313 t_traj:  8230222.494715337
plunging! t_interp:  8230235.033140313 t_traj:  8230217.423429713
plunging! t_interp:  8230235.033140313 t_traj:  8230221.825711921
plunging! t_interp:  8230235.033140313 t_traj:  8230226.228144716
plunging! t_interp:  8230235.033140313 t_traj:  8230230.630597471
plunging! t_interp:  8230235.033140313 t_traj:  8230228.84988082
plunging! t_interp:  8230235.033140313 t_traj:  8230230.395433539
plunging! t_interp:  8230235.033140313 t_traj:  8230231.941485265
plunging! t_interp:  8230235.033140313 t_traj:  8230233.487330376
plunging! t_interp:  8230235.033140313 t_traj:  8230232.862074147
plunging! t_interp:  8230235.033140313 t_traj:  8230233.404852536
plunging! t_interp:  8230235.033140313 t_traj:  8230233.9476629235
plunging! t_interp:  8230235.033140313 t_traj:  8230234.491292151
plunging! t_interp:  8230235.033140313 t_traj:  8230234.270841512
plunging! t_interp:  8230235.033140313 t_traj:  8230234.461399012
plunging! t_interp:  8230235.033140313 t_traj:  8230234.652018203
plunging! t_interp:  8230235.033140313 t_traj:  8230234.8425842775
plunging! t_interp:  8230235.033140313 t_traj:  8230234.765470325
plunging! t_interp:  8230235.033140313 t_traj:  8230234.832411577
plunging! t_interp:  8230235.033140313 t_traj:  8230234.899334669
plunging! t_interp:  8230235.033140313 t_traj:  8230234.96716709
plunging! t_interp:  8230235.033140313 t_traj:  8230234.939152849
plunging! t_interp:  8230235.033140313 t_traj:  8230234.962703022
plunging! t_interp:  8230235.033140313 t_traj:  8230234.986161487
plunging! t_interp:  8230235.033140313 t_traj:  8230235.009637451
plunging! t_interp:  8230235.033140313 t_traj:  8230235.000182351
plunging! t_interp:  8230235.033140313 t_traj:  8230235.0084086675
plunging! t_interp:  8230235.033140313 t_traj:  8230235.016672785
plunging! t_interp:  8230235.033140313 t_traj:  8230235.024945711
plunging! t_interp:  8230235.033140313 t_traj:  8230235.021575314
plunging! t_interp:  8230235.033140313 t_traj:  8230235.024459371
plunging! t_interp:  8230235.033140313 t_traj:  8230235.027391294
plunging! t_interp:  8230235.033140313 t_traj:  8230235.030248279
plunging! t_interp:  8230235.033140313 t_traj:  8230235.029106833
plunging! t_interp:  8230235.033140313 t_traj:  8230235.0298893815
plunging! t_interp:  8230235.033140313 t_traj:  8230235.031138075
plunging! t_interp:  8230235.033140313 t_traj:  8230235.032082683
plunging! t_interp:  8230235.033140313 t_traj:  8230235.031742268
plunging! t_interp:  8230235.033140313 t_traj:  8230235.032098542
plunging! t_interp:  8230235.033140313 t_traj:  8230235.032434832
plunging! t_interp:  8230235.033140313 t_traj:  8230235.032776141
plunging! t_interp:  8230235.033140313 t_traj:  8226173.201415273
plunging! t_interp:  8230235.033140313 t_traj:  8222115.392467858
plunging! t_interp:  8230235.033140313 t_traj:  8218061.599705445
plunging! t_interp:  8230235.033140313 t_traj:  8214011.818185293
plunging! t_interp:  8230235.033140313 t_traj:  8228808.387636558
plunging! t_interp:  8230235.033140313 t_traj:  8227382.238558393
plunging! t_interp:  8230235.033140313 t_traj:  8225956.585489575
plunging! t_interp:  8230235.033140313 t_traj:  8224531.428347048
plunging! t_interp:  8230235.033140313 t_traj:  8229734.054041051
plunging! t_interp:  8230235.033140313 t_traj:  8229233.13603583
plunging! t_interp:  8230235.033140313 t_traj:  8228732.279329259
plunging! t_interp:  8230235.033140313 t_traj:  8228231.483815702
plunging! t_interp:  8230235.033140313 t_traj:  8230059.122804229
plunging! t_interp:  8230235.033140313 t_traj:  8229883.219995328
plunging! t_interp:  8230235.033140313 t_traj:  8229707.324724487
plunging! t_interp:  8230235.033140313 t_traj:  8229531.437043835
plunging! t_interp:  8230235.033140313 t_traj:  8230173.266802605
plunging! t_interp:  8230235.033140313 t_traj:  8230111.501384326
plunging! t_interp:  8230235.033140313 t_traj:  8230049.736781724
plunging! t_interp:  8230235.033140313 t_traj:  8229987.97328365
plunging! t_interp:  8230235.033140313 t_traj:  8230213.345680555
plunging! t_interp:  8230235.033140313 t_traj:  8230191.658358131
plunging! t_interp:  8230235.033140313 t_traj:  8230169.9711198015
plunging! t_interp:  8230235.033140313 t_traj:  8230148.284015703
plunging! t_interp:  8230235.033140313 t_traj:  8230227.418248997
plunging! t_interp:  8230235.033140313 t_traj:  8230219.803425861
plunging! t_interp:  8230235.033140313 t_traj:  8230212.188512507
plunging! t_interp:  8230235.033140313 t_traj:  8230204.573666523
plunging! t_interp:  8230235.033140313 t_traj:  8230232.359408022
plunging! t_interp:  8230235.033140313 t_traj:  8230229.685698459
plunging! t_interp:  8230235.033140313 t_traj:  8230227.011936064
plunging! t_interp:  8230235.033140313 t_traj:  8230224.338214827
plunging! t_interp:  8230235.033140313 t_traj:  8230234.094381703
plunging! t_interp:  8230235.033140313 t_traj:  8230233.156402555
plunging! t_interp:  8230235.033140313 t_traj:  8230232.216770422
plunging! t_interp:  8230235.033140313 t_traj:  8230231.278839767
plunging! t_interp:  8230235.033140313 t_traj:  8230234.703572076
plunging! t_interp:  8230235.033140313 t_traj:  8230234.373891197
plunging! t_interp:  8230235.033140313 t_traj:  8230234.04430104
plunging! t_interp:  8230235.033140313 t_traj:  8230233.71435594
plunging! t_interp:  8230235.033140313 t_traj:  8230234.917086519
plunging! t_interp:  8230235.033140313 t_traj:  8230234.801688391
plunging! t_interp:  8230235.033140313 t_traj:  8230234.685966731
plunging! t_interp:  8230235.033140313 t_traj:  8230234.570187434
plunging! t_interp:  8230235.033140313 t_traj:  8230234.992250277
plunging! t_interp:  8230235.033140313 t_traj:  8230234.95187134
plunging! t_interp:  8230235.033140313 t_traj:  8230234.911288335
plunging! t_interp:  8230235.033140313 t_traj:  8230234.8706179615
plunging! t_interp:  8230235.033140313 t_traj:  8230161.80861579
plunging! t_interp:  8230235.033140313 t_traj:  8230088.650749789
plunging! t_interp:  8230235.033140313 t_traj:  8230015.559308441
plunging! t_interp:  8230235.033140313 t_traj:  8229942.534525503
plunging! t_interp:  8230235.033140313 t_traj:  8230209.315038671
plunging! t_interp:  8230235.033140313 t_traj:  8230183.605111328
plunging! t_interp:  8230235.033140313 t_traj:  8230157.903467911
plunging! t_interp:  8230235.033140313 t_traj:  8230132.209961842
plunging! t_interp:  8230235.033140313 t_traj:  8230226.002085121
plunging! t_interp:  8230235.033140313 t_traj:  8230216.972052385
plunging! t_interp:  8230235.033140313 t_traj:  8230207.943037067
plunging! t_interp:  8230235.033140313 t_traj:  8230198.914954146
plunging! t_interp:  8230235.033140313 t_traj:  8230231.862072196
plunging! t_interp:  8230235.033140313 t_traj:  8230228.691067219
plunging! t_interp:  8230235.033140313 t_traj:  8230225.520228244
plunging! t_interp:  8230235.033140313 t_traj:  8230222.349524883
plunging! t_interp:  8230235.033140313 t_traj:  8230233.919755238
plunging! t_interp:  8230235.033140313 t_traj:  8230232.806245806
plunging! t_interp:  8230235.033140313 t_traj:  8230231.692855587
plunging! t_interp:  8230235.033140313 t_traj:  8230230.5794875985
plunging! t_interp:  8230235.033140313 t_traj:  8230234.64218431
plunging! t_interp:  8230235.033140313 t_traj:  8230234.251044109
plunging! t_interp:  8230235.033140313 t_traj:  8230233.860296903
plunging! t_interp:  8230235.033140313 t_traj:  8230233.469358803
plunging! t_interp:  8230235.033140313 t_traj:  8230234.895887852
plunging! t_interp:  8230235.033140313 t_traj:  8230234.758609695
plunging! t_interp:  8230235.033140313 t_traj:  8230234.621322721
plunging! t_interp:  8230235.033140313 t_traj:  8230234.484060825
plunging! t_interp:  8230235.033140313 t_traj:  8230234.984927021
plunging! t_interp:  8230235.033140313 t_traj:  8230234.936771744
plunging! t_interp:  8230235.033140313 t_traj:  8230234.888565408
plunging! t_interp:  8230235.033140313 t_traj:  8230234.840366854
plunging! t_interp:  8230235.033140313 t_traj:  8230235.016279645
plunging! t_interp:  8230235.033140313 t_traj:  8230234.999300216
plunging! t_interp:  8230235.033140313 t_traj:  8230234.982382476
plunging! t_interp:  8230235.033140313 t_traj:  8230234.965258966
plunging! t_interp:  8230235.033140313 t_traj:  8230235.027218971
plunging! t_interp:  8230235.033140313 t_traj:  8230235.021276355
plunging! t_interp:  8230235.033140313 t_traj:  8230235.015327602
plunging! t_interp:  8230235.033140313 t_traj:  8230235.009393709
plunging! t_interp:  8230235.033140313 t_traj:  8230235.031020505
plunging! t_interp:  8230235.033140313 t_traj:  8230235.029032681
plunging! t_interp:  8230235.033140313 t_traj:  8230235.026869865
plunging! t_interp:  8230235.033140313 t_traj:  8230235.024782322
plunging! t_interp:  8230235.033140313 t_traj:  8230235.032428087
plunging! t_interp:  8230235.033140313 t_traj:  8230235.031671645
plunging! t_interp:  8230235.033140313 t_traj:  8230235.030954824
plunging! t_interp:  8230235.033140313 t_traj:  8230235.030242765
Time taken to compute stable deltas is 94.33910870552063 seconds
calculating Fisher matrix...
plunging! t_interp:  8230235.033140313 t_traj:  8230230.722524145
plunging! t_interp:  8230235.033140313 t_traj:  8230231.8001557635
plunging! t_interp:  8230235.033140313 t_traj:  8230232.877806454
plunging! t_interp:  8230235.033140313 t_traj:  8230233.9554932965
plunging! t_interp:  8230235.033140313 t_traj:  8230234.496987805
plunging! t_interp:  8230235.033140313 t_traj:  8230233.9608445065
plunging! t_interp:  8230235.033140313 t_traj:  8230233.424605679
plunging! t_interp:  8230235.033140313 t_traj:  8230232.8884640215
plunging! t_interp:  8230235.033140313 t_traj:  8230234.319170875
plunging! t_interp:  8230235.033140313 t_traj:  8230234.497658495
plunging! t_interp:  8230235.033140313 t_traj:  8230234.676129933
plunging! t_interp:  8230235.033140313 t_traj:  8230234.854640545
plunging! t_interp:  8230235.033140313 t_traj:  8230232.005203839
plunging! t_interp:  8230235.033140313 t_traj:  8230232.762198705
plunging! t_interp:  8230235.033140313 t_traj:  8230233.519173301
plunging! t_interp:  8230235.033140313 t_traj:  8230234.276221235
plunging! t_interp:  8230235.033140313 t_traj:  8230235.000182351
plunging! t_interp:  8230235.033140313 t_traj:  8230235.0084086675
plunging! t_interp:  8230235.033140313 t_traj:  8230235.016672785
plunging! t_interp:  8230235.033140313 t_traj:  8230235.024945711
plunging! t_interp:  8230235.033140313 t_traj:  8230234.703572076
plunging! t_interp:  8230235.033140313 t_traj:  8230234.373891197
plunging! t_interp:  8230235.033140313 t_traj:  8230234.04430104
plunging! t_interp:  8230235.033140313 t_traj:  8230233.71435594
plunging! t_interp:  8230235.033140313 t_traj:  8230234.895887852
plunging! t_interp:  8230235.033140313 t_traj:  8230234.758609695
plunging! t_interp:  8230235.033140313 t_traj:  8230234.621322721
plunging! t_interp:  8230235.033140313 t_traj:  8230234.484060825
Finished derivatives
Calculated Fisher is *atleast* positive-definite.
Time taken to compute FM is 8.872616291046143 seconds
    CV from_NMdev#2 it   0 lam=3.3e-03 ov=0.9943831 chi2=1.309e+03 rel=3.7e-03
Body is not plunging, Fisher should be stable.
waveform shape: (3, 6311629)
Computing SNR for parameters: (np.float64(1002550.4058507858), np.float64(4971.179641040621), np.float64(0.7048932247384406), np.float64(24.958879011088488), np.float64(0.249588647833267), 1.0, 12.0, np.float64(0.7845586758902012), np.float64(0.9973978678398562), 1.0, 1.0471975511965976, np.float64(1.1724273720341678), 0.5, np.float64(0.8317227094366837), 0.95, False, False, False, True, 0.0, 0.0, np.float64(1.0194859969535324), np.float64(2.1315218220108765))
Waveform Generated. SNR: 340.10995094286574
calculating Fisher matrix...
plunging! t_interp:  8230235.034293423 t_traj:  8230230.723627846
plunging! t_interp:  8230235.034293423 t_traj:  8230231.801288531
plunging! t_interp:  8230235.034293423 t_traj:  8230232.8789753495
plunging! t_interp:  8230235.034293423 t_traj:  8230233.956653068
plunging! t_interp:  8230235.034293423 t_traj:  8230234.498126296
plunging! t_interp:  8230235.034293423 t_traj:  8230233.961978428
plunging! t_interp:  8230235.034293423 t_traj:  8230233.425771372
plunging! t_interp:  8230235.034293423 t_traj:  8230232.8895692825
plunging! t_interp:  8230235.034293423 t_traj:  8230234.320292224
plunging! t_interp:  8230235.034293423 t_traj:  8230234.498771297
plunging! t_interp:  8230235.034293423 t_traj:  8230234.677286624
plunging! t_interp:  8230235.034293423 t_traj:  8230234.855806863
plunging! t_interp:  8230235.034293423 t_traj:  8230232.00608363
plunging! t_interp:  8230235.034293423 t_traj:  8230232.763361071
plunging! t_interp:  8230235.034293423 t_traj:  8230233.520330642
plunging! t_interp:  8230235.034293423 t_traj:  8230234.277294664
plunging! t_interp:  8230235.034293423 t_traj:  8230235.001245323
plunging! t_interp:  8230235.034293423 t_traj:  8230235.009548168
plunging! t_interp:  8230235.034293423 t_traj:  8230235.01781519
plunging! t_interp:  8230235.034293423 t_traj:  8230235.026900755
plunging! t_interp:  8230235.034293423 t_traj:  8230234.704643265
plunging! t_interp:  8230235.034293423 t_traj:  8230234.375004788
plunging! t_interp:  8230235.034293423 t_traj:  8230234.045430041
plunging! t_interp:  8230235.034293423 t_traj:  8230233.715798912
plunging! t_interp:  8230235.034293423 t_traj:  8230234.896987781
plunging! t_interp:  8230235.034293423 t_traj:  8230234.759716499
plunging! t_interp:  8230235.034293423 t_traj:  8230234.622498664
plunging! t_interp:  8230235.034293423 t_traj:  8230234.485199712
Finished derivatives
Calculated Fisher is *atleast* positive-definite.
Time taken to compute FM is 9.544357061386108 seconds
    CV from_NMdev#2 it   1 lam=6.6e-03 ov=0.9944040 chi2=1.304e+03 rel=1.7e-03
Body is not plunging, Fisher should be stable.
waveform shape: (3, 6311629)
Computing SNR for parameters: (np.float64(1002550.3936863526), np.float64(4971.179148803857), np.float64(0.704892291558955), np.float64(24.958878785201033), np.float64(0.24958832197896372), 1.0, 12.0, np.float64(0.7850912755854843), np.float64(0.9972249098181554), 1.0, 1.0471975511965976, np.float64(1.1716011479492567), 0.5, np.float64(0.8315120041335494), 0.95, False, False, False, True, 0.0, 0.0, np.float64(1.0194655699769961), np.float64(2.129830784376367))
Waveform Generated. SNR: 340.2426654690051
calculating Fisher matrix...
plunging! t_interp:  8230235.013773312 t_traj:  8230230.7031067
plunging! t_interp:  8230235.013773312 t_traj:  8230231.780753286
plunging! t_interp:  8230235.013773312 t_traj:  8230232.858483323
plunging! t_interp:  8230235.013773312 t_traj:  8230233.936101905
plunging! t_interp:  8230235.013773312 t_traj:  8230234.477588318
plunging! t_interp:  8230235.013773312 t_traj:  8230233.941472171
plunging! t_interp:  8230235.013773312 t_traj:  8230233.406056213
plunging! t_interp:  8230235.013773312 t_traj:  8230232.8687516255
plunging! t_interp:  8230235.013773312 t_traj:  8230234.299786706
plunging! t_interp:  8230235.013773312 t_traj:  8230234.478001276
plunging! t_interp:  8230235.013773312 t_traj:  8230234.656831261
plunging! t_interp:  8230235.013773312 t_traj:  8230234.8352685375
plunging! t_interp:  8230235.013773312 t_traj:  8230231.98587177
plunging! t_interp:  8230235.013773312 t_traj:  8230232.742883458
plunging! t_interp:  8230235.013773312 t_traj:  8230233.499872749
plunging! t_interp:  8230235.013773312 t_traj:  8230234.256820479
plunging! t_interp:  8230235.013773312 t_traj:  8230234.980505681
plunging! t_interp:  8230235.013773312 t_traj:  8230234.98902827
plunging! t_interp:  8230235.013773312 t_traj:  8230234.99728361
plunging! t_interp:  8230235.013773312 t_traj:  8230235.00528206
plunging! t_interp:  8230235.013773312 t_traj:  8230234.684140399
plunging! t_interp:  8230235.013773312 t_traj:  8230234.35453389
plunging! t_interp:  8230235.013773312 t_traj:  8230234.0249030255
plunging! t_interp:  8230235.013773312 t_traj:  8230233.695301043
plunging! t_interp:  8230235.013773312 t_traj:  8230234.876468107
plunging! t_interp:  8230235.013773312 t_traj:  8230234.739247753
plunging! t_interp:  8230235.013773312 t_traj:  8230234.6019440135
plunging! t_interp:  8230235.013773312 t_traj:  8230234.464703537
Finished derivatives
Calculated Fisher is *atleast* positive-definite.
Time taken to compute FM is 10.043970346450806 seconds
    CV from_NMdev#2 it   2 lam=2.9e-01 ov=0.9944140 chi2=1.302e+03 rel=2.3e-04
Body is not plunging, Fisher should be stable.
waveform shape: (3, 6311629)
Computing SNR for parameters: (np.float64(1002550.3945154671), np.float64(4971.179144410136), np.float64(0.7048922722256471), np.float64(24.958878794686495), np.float64(0.24958831682698573), 1.0, 12.0, np.float64(0.7850454586498279), np.float64(0.9970159554162515), 1.0, 1.0471975511965976, np.float64(1.1715427708805526), 0.5, np.float64(0.8314155787163566), 0.95, False, False, False, True, 0.0, 0.0, np.float64(1.0194653883989433), np.float64(2.129808532074668))
Waveform Generated. SNR: 340.20638832031926
calculating Fisher matrix...
plunging! t_interp:  8230235.028343345 t_traj:  8230230.71770137
plunging! t_interp:  8230235.028343345 t_traj:  8230231.795352271
plunging! t_interp:  8230235.028343345 t_traj:  8230232.873046127
plunging! t_interp:  8230235.028343345 t_traj:  8230233.950690838
plunging! t_interp:  8230235.028343345 t_traj:  8230234.4921852555
plunging! t_interp:  8230235.028343345 t_traj:  8230233.956034971
plunging! t_interp:  8230235.028343345 t_traj:  8230233.419834136
plunging! t_interp:  8230235.028343345 t_traj:  8230232.88368005
plunging! t_interp:  8230235.028343345 t_traj:  8230234.314387978
plunging! t_interp:  8230235.028343345 t_traj:  8230234.492893045
plunging! t_interp:  8230235.028343345 t_traj:  8230234.67141218
plunging! t_interp:  8230235.028343345 t_traj:  8230234.8498801915
plunging! t_interp:  8230235.028343345 t_traj:  8230232.000467436
plunging! t_interp:  8230235.028343345 t_traj:  8230232.75742302
plunging! t_interp:  8230235.028343345 t_traj:  8230233.514392864
plunging! t_interp:  8230235.028343345 t_traj:  8230234.271405822
plunging! t_interp:  8230235.028343345 t_traj:  8230234.995331588
plunging! t_interp:  8230235.028343345 t_traj:  8230235.003370161
plunging! t_interp:  8230235.028343345 t_traj:  8230235.011917462
plunging! t_interp:  8230235.028343345 t_traj:  8230235.020150812
plunging! t_interp:  8230235.028343345 t_traj:  8230234.698737489
plunging! t_interp:  8230235.028343345 t_traj:  8230234.369129407
plunging! t_interp:  8230235.028343345 t_traj:  8230234.039492555
plunging! t_interp:  8230235.028343345 t_traj:  8230233.709855367
plunging! t_interp:  8230235.028343345 t_traj:  8230234.8910831595
plunging! t_interp:  8230235.028343345 t_traj:  8230234.753843614
plunging! t_interp:  8230235.028343345 t_traj:  8230234.616518461
plunging! t_interp:  8230235.028343345 t_traj:  8230234.4790712455
Finished derivatives
Calculated Fisher is *atleast* positive-definite.
Time taken to compute FM is 9.123456478118896 seconds
    CV from_NMdev#2 it   3 lam=9.7e-02 ov=0.9944151 chi2=1.302e+03 rel=1.5e-04
Body is not plunging, Fisher should be stable.
waveform shape: (3, 6311629)
Computing SNR for parameters: (np.float64(1002550.3953383943), np.float64(4971.17914249601), np.float64(0.7048922382844137), np.float64(24.958878803521568), np.float64(0.24958830629769466), 1.0, 12.0, np.float64(0.7850140645843913), np.float64(0.9969268438404087), 1.0, 1.0471975511965976, np.float64(1.1714508206634968), 0.5, np.float64(0.8312568523950347), 0.95, False, False, False, True, 0.0, 0.0, np.float64(1.019465309120084), np.float64(2.1297861463217957))
Waveform Generated. SNR: 340.1881232307333
calculating Fisher matrix...
plunging! t_interp:  8230235.006475132 t_traj:  8230230.695790352
plunging! t_interp:  8230235.006475132 t_traj:  8230231.773498957
plunging! t_interp:  8230235.006475132 t_traj:  8230232.851148688
plunging! t_interp:  8230235.006475132 t_traj:  8230233.928810807
plunging! t_interp:  8230235.006475132 t_traj:  8230234.470305228
plunging! t_interp:  8230235.006475132 t_traj:  8230233.934137528
plunging! t_interp:  8230235.006475132 t_traj:  8230233.3979810905
plunging! t_interp:  8230235.006475132 t_traj:  8230232.861779653
plunging! t_interp:  8230235.006475132 t_traj:  8230234.292164634
plunging! t_interp:  8230235.006475132 t_traj:  8230234.470961724
plunging! t_interp:  8230235.006475132 t_traj:  8230234.649161058
plunging! t_interp:  8230235.006475132 t_traj:  8230234.827990673
plunging! t_interp:  8230235.006475132 t_traj:  8230231.978534767
plunging! t_interp:  8230235.006475132 t_traj:  8230232.735507905
plunging! t_interp:  8230235.006475132 t_traj:  8230233.492493996
plunging! t_interp:  8230235.006475132 t_traj:  8230234.249491956
plunging! t_interp:  8230235.006475132 t_traj:  8230234.973175065
plunging! t_interp:  8230235.006475132 t_traj:  8230234.981705699
plunging! t_interp:  8230235.006475132 t_traj:  8230234.989984417
plunging! t_interp:  8230235.006475132 t_traj:  8230234.998193902
plunging! t_interp:  8230235.006475132 t_traj:  8230234.676564158
plunging! t_interp:  8230235.006475132 t_traj:  8230234.347211705
plunging! t_interp:  8230235.006475132 t_traj:  8230234.017374841
plunging! t_interp:  8230235.006475132 t_traj:  8230233.687916705
plunging! t_interp:  8230235.006475132 t_traj:  8230234.868877493
plunging! t_interp:  8230235.006475132 t_traj:  8230234.731929039
plunging! t_interp:  8230235.006475132 t_traj:  8230234.594647291
plunging! t_interp:  8230235.006475132 t_traj:  8230234.457354887
Finished derivatives
Calculated Fisher is *atleast* positive-definite.
Time taken to compute FM is 9.214255809783936 seconds
    CV from_NMdev#2 it   4 lam=2.1e+00 ov=0.9944160 chi2=1.301e+03 rel=1.0e-05
Body is not plunging, Fisher should be stable.
waveform shape: (3, 6311629)
Computing SNR for parameters: (np.float64(1002550.3952332463), np.float64(4971.179142311446), np.float64(0.7048922368148187), np.float64(24.958878804047526), np.float64(0.24958830589037254), 1.0, 12.0, np.float64(0.7850123354578287), np.float64(0.9969234953735895), 1.0, 1.0471975511965976, np.float64(1.171444373182561), 0.5, np.float64(0.8312489819575949), 0.95, False, False, False, True, 0.0, 0.0, np.float64(1.0194653014970239), np.float64(2.1297847814070576))
Waveform Generated. SNR: 340.18732089393006
calculating stable deltas...
plunging! t_interp:  8230235.003956872 t_traj:  8223684.465847035
plunging! t_interp:  8230235.003956872 t_traj:  8225321.855845788
plunging! t_interp:  8230235.003956872 t_traj:  8226959.40887345
plunging! t_interp:  8230235.003956872 t_traj:  8228597.124972585
plunging! t_interp:  8230235.003956872 t_traj:  8227934.687332224
plunging! t_interp:  8230235.003956872 t_traj:  8228509.73635065
plunging! t_interp:  8230235.003956872 t_traj:  8229084.805425705
plunging! t_interp:  8230235.003956872 t_traj:  8229659.894698116
plunging! t_interp:  8230235.003956872 t_traj:  8229427.282093723
plunging! t_interp:  8230235.003956872 t_traj:  8229629.208815528
plunging! t_interp:  8230235.003956872 t_traj:  8229831.138018685
plunging! t_interp:  8230235.003956872 t_traj:  8230033.069767854
plunging! t_interp:  8230235.003956872 t_traj:  8229951.392814441
plunging! t_interp:  8230235.003956872 t_traj:  8230022.294862837
plunging! t_interp:  8230235.003956872 t_traj:  8230093.197766113
plunging! t_interp:  8230235.003956872 t_traj:  8230164.100666343
plunging! t_interp:  8230235.003956872 t_traj:  8230135.4220677465
plunging! t_interp:  8230235.003956872 t_traj:  8230160.317154309
plunging! t_interp:  8230235.003956872 t_traj:  8230185.213771151
plunging! t_interp:  8230235.003956872 t_traj:  8230210.108414643
plunging! t_interp:  8230235.003956872 t_traj:  8230200.038763311
plunging! t_interp:  8230235.003956872 t_traj:  8230208.779769527
plunging! t_interp:  8230235.003956872 t_traj:  8230217.521396821
plunging! t_interp:  8230235.003956872 t_traj:  8230226.262660199
plunging! t_interp:  8230235.003956872 t_traj:  8230222.726994576
plunging! t_interp:  8230235.003956872 t_traj:  8230225.7962348135
plunging! t_interp:  8230235.003956872 t_traj:  8230228.865473691
plunging! t_interp:  8230235.003956872 t_traj:  8230231.9347107485
plunging! t_interp:  8230235.003956872 t_traj:  8230230.6933127185
plunging! t_interp:  8230235.003956872 t_traj:  8230231.770952962
plunging! t_interp:  8230235.003956872 t_traj:  8230232.848617779
plunging! t_interp:  8230235.003956872 t_traj:  8230233.926315153
plunging! t_interp:  8230235.003956872 t_traj:  8230233.490386429
plunging! t_interp:  8230235.003956872 t_traj:  8230233.868785495
plunging! t_interp:  8230235.003956872 t_traj:  8230234.248099236
plunging! t_interp:  8230235.003956872 t_traj:  8230234.625575652
plunging! t_interp:  8230235.003956872 t_traj:  8230234.472522397
plunging! t_interp:  8230235.003956872 t_traj:  8230234.605372969
plunging! t_interp:  8230235.003956872 t_traj:  8230234.738267484
plunging! t_interp:  8230235.003956872 t_traj:  8230234.87108959
plunging! t_interp:  8230235.003956872 t_traj:  8230234.817090963
plunging! t_interp:  8230235.003956872 t_traj:  8230234.864032429
plunging! t_interp:  8230235.003956872 t_traj:  8230234.910616227
plunging! t_interp:  8230235.003956872 t_traj:  8230234.957296994
plunging! t_interp:  8230235.003956872 t_traj:  8230234.938399391
plunging! t_interp:  8230235.003956872 t_traj:  8230234.954801366
plunging! t_interp:  8230235.003956872 t_traj:  8230234.971204483
plunging! t_interp:  8230235.003956872 t_traj:  8230234.98757025
plunging! t_interp:  8230235.003956872 t_traj:  8229420.149286625
plunging! t_interp:  8230235.003956872 t_traj:  8228605.455792587
plunging! t_interp:  8230235.003956872 t_traj:  8227790.926144327
plunging! t_interp:  8230235.003956872 t_traj:  8226976.559315023
plunging! t_interp:  8230235.003956872 t_traj:  8229948.874028954
plunging! t_interp:  8230235.003956872 t_traj:  8229662.76414158
plunging! t_interp:  8230235.003956872 t_traj:  8229376.674041763
plunging! t_interp:  8230235.003956872 t_traj:  8229090.604641637
plunging! t_interp:  8230235.003956872 t_traj:  8230134.535962003
plunging! t_interp:  8230235.003956872 t_traj:  8230034.071217985
plunging! t_interp:  8230235.003956872 t_traj:  8229933.607402303
plunging! t_interp:  8230235.003956872 t_traj:  8229833.146781885
plunging! t_interp:  8230235.003956872 t_traj:  8230199.727438622
plunging! t_interp:  8230235.003956872 t_traj:  8230164.4509975575
plunging! t_interp:  8230235.003956872 t_traj:  8230129.175305183
plunging! t_interp:  8230235.003956872 t_traj:  8230093.899686405
plunging! t_interp:  8230235.003956872 t_traj:  8230222.617652563
plunging! t_interp:  8230235.003956872 t_traj:  8230210.23214795
plunging! t_interp:  8230235.003956872 t_traj:  8230197.845204225
plunging! t_interp:  8230235.003956872 t_traj:  8230185.458992371
plunging! t_interp:  8230235.003956872 t_traj:  8230230.654861794
plunging! t_interp:  8230235.003956872 t_traj:  8230226.305824913
plunging! t_interp:  8230235.003956872 t_traj:  8230221.956760886
plunging! t_interp:  8230235.003956872 t_traj:  8230217.608729811
plunging! t_interp:  8230235.003956872 t_traj:  8230233.476920685
plunging! t_interp:  8230235.003956872 t_traj:  8230231.949830268
plunging! t_interp:  8230235.003956872 t_traj:  8230230.422811915
plunging! t_interp:  8230235.003956872 t_traj:  8230228.8957966445
plunging! t_interp:  8230235.003956872 t_traj:  8230234.467771947
plunging! t_interp:  8230235.003956872 t_traj:  8230233.931591843
plunging! t_interp:  8230235.003956872 t_traj:  8230233.395453371
plunging! t_interp:  8230235.003956872 t_traj:  8230232.860049884
plunging! t_interp:  8230235.003956872 t_traj:  8230234.8157047555
plunging! t_interp:  8230235.003956872 t_traj:  8230234.627428941
plunging! t_interp:  8230235.003956872 t_traj:  8230234.439138342
plunging! t_interp:  8230235.003956872 t_traj:  8230234.250879253
plunging! t_interp:  8230235.003956872 t_traj:  8230234.937847566
plunging! t_interp:  8230235.003956872 t_traj:  8230234.871783432
plunging! t_interp:  8230235.003956872 t_traj:  8230234.805646894
plunging! t_interp:  8230235.003956872 t_traj:  8230234.739554292
plunging! t_interp:  8230235.003956872 t_traj:  8230234.980736998
plunging! t_interp:  8230235.003956872 t_traj:  8230234.957496238
plunging! t_interp:  8230235.003956872 t_traj:  8230234.934352441
plunging! t_interp:  8230235.003956872 t_traj:  8230234.910850979
plunging! t_interp:  8230235.003956872 t_traj:  8230234.995800488
plunging! t_interp:  8230235.003956872 t_traj:  8230234.987664954
plunging! t_interp:  8230235.003956872 t_traj:  8230234.97949207
plunging! t_interp:  8230235.003956872 t_traj:  8230234.971320331
plunging! t_interp:  8230235.003956872 t_traj:  8229853.966175043
plunging! t_interp:  8230235.003956872 t_traj:  8229949.226607863
plunging! t_interp:  8230235.003956872 t_traj:  8230044.486350849
plunging! t_interp:  8230235.003956872 t_traj:  8230139.745497428
plunging! t_interp:  8230235.003956872 t_traj:  8230101.215481028
plunging! t_interp:  8230235.003956872 t_traj:  8230134.662736101
plunging! t_interp:  8230235.003956872 t_traj:  8230168.10987844
plunging! t_interp:  8230235.003956872 t_traj:  8230201.556997046
plunging! t_interp:  8230235.003956872 t_traj:  8230188.028442168
plunging! t_interp:  8230235.003956872 t_traj:  8230199.772349677
plunging! t_interp:  8230235.003956872 t_traj:  8230211.516200679
plunging! t_interp:  8230235.003956872 t_traj:  8230223.260083326
plunging! t_interp:  8230235.003956872 t_traj:  8230218.509945515
plunging! t_interp:  8230235.003956872 t_traj:  8230222.633453537
plunging! t_interp:  8230235.003956872 t_traj:  8230226.756949379
plunging! t_interp:  8230235.003956872 t_traj:  8230230.880240531
plunging! t_interp:  8230235.003956872 t_traj:  8230229.212619032
plunging! t_interp:  8230235.003956872 t_traj:  8230230.660470732
plunging! t_interp:  8230235.003956872 t_traj:  8230232.108264271
plunging! t_interp:  8230235.003956872 t_traj:  8230233.556860675
plunging! t_interp:  8230235.003956872 t_traj:  8230232.971367231
plunging! t_interp:  8230235.003956872 t_traj:  8230233.478867595
plunging! t_interp:  8230235.003956872 t_traj:  8230233.987202401
plunging! t_interp:  8230235.003956872 t_traj:  8230234.495591436
plunging! t_interp:  8230235.003956872 t_traj:  8230234.289961501
plunging! t_interp:  8230235.003956872 t_traj:  8230234.468504985
plunging! t_interp:  8230235.003956872 t_traj:  8230234.646966526
plunging! t_interp:  8230235.003956872 t_traj:  8230234.8254692145
plunging! t_interp:  8230235.003956872 t_traj:  8230234.753297941
plunging! t_interp:  8230235.003956872 t_traj:  8230234.815906386
plunging! t_interp:  8230235.003956872 t_traj:  8230234.878599163
plunging! t_interp:  8230235.003956872 t_traj:  8230234.941267423
plunging! t_interp:  8230235.003956872 t_traj:  8230234.915922696
plunging! t_interp:  8230235.003956872 t_traj:  8230234.937942072
plunging! t_interp:  8230235.003956872 t_traj:  8230234.959953408
plunging! t_interp:  8230235.003956872 t_traj:  8230234.9819308715
plunging! t_interp:  8230235.003956872 t_traj:  8230234.973031462
plunging! t_interp:  8230235.003956872 t_traj:  8230234.980773007
plunging! t_interp:  8230235.003956872 t_traj:  8230234.988510046
plunging! t_interp:  8230235.003956872 t_traj:  8230234.996220199
plunging! t_interp:  8230235.003956872 t_traj:  8230234.993067049
plunging! t_interp:  8230235.003956872 t_traj:  8230234.995793972
plunging! t_interp:  8230235.003956872 t_traj:  8230234.998211804
plunging! t_interp:  8230235.003956872 t_traj:  8230235.001235869
plunging! t_interp:  8230235.003956872 t_traj:  8230235.00012236
plunging! t_interp:  8230235.003956872 t_traj:  8230235.001047406
plunging! t_interp:  8230235.003956872 t_traj:  8230235.002051426
plunging! t_interp:  8230235.003956872 t_traj:  8230235.002998698
plunging! t_interp:  8230235.003956872 t_traj:  8217135.646617738
plunging! t_interp:  8230235.003956872 t_traj:  8220409.026299447
plunging! t_interp:  8230235.003956872 t_traj:  8223683.378991906
plunging! t_interp:  8230235.003956872 t_traj:  8226958.704840537
plunging! t_interp:  8230235.003956872 t_traj:  8225633.794625446
plunging! t_interp:  8230235.003956872 t_traj:  8226783.916966359
plunging! t_interp:  8230235.003956872 t_traj:  8227934.158984099
plunging! t_interp:  8230235.003956872 t_traj:  8229084.521564946
plunging! t_interp:  8230235.003956872 t_traj:  8228619.212412705
plunging! t_interp:  8230235.003956872 t_traj:  8229023.137879051
plunging! t_interp:  8230235.003956872 t_traj:  8229427.078598543
plunging! t_interp:  8230235.003956872 t_traj:  8229831.033870123
plunging! t_interp:  8230235.003956872 t_traj:  8229667.641585562
plunging! t_interp:  8230235.003956872 t_traj:  8229809.479117393
plunging! t_interp:  8230235.003956872 t_traj:  8229951.319099203
plunging! t_interp:  8230235.003956872 t_traj:  8230093.160635723
plunging! t_interp:  8230235.003956872 t_traj:  8230035.788750508
plunging! t_interp:  8230235.003956872 t_traj:  8230085.592298551
plunging! t_interp:  8230235.003956872 t_traj:  8230135.395951459
plunging! t_interp:  8230235.003956872 t_traj:  8230185.1998695675
plunging! t_interp:  8230235.003956872 t_traj:  8230165.055331744
plunging! t_interp:  8230235.003956872 t_traj:  8230182.542456345
plunging! t_interp:  8230235.003956872 t_traj:  8230200.0295228325
plunging! t_interp:  8230235.003956872 t_traj:  8230217.516726072
plunging! t_interp:  8230235.003956872 t_traj:  8230210.443586935
plunging! t_interp:  8230235.003956872 t_traj:  8230216.583637939
plunging! t_interp:  8230235.003956872 t_traj:  8230222.72375453
plunging! t_interp:  8230235.003956872 t_traj:  8230228.863850104
plunging! t_interp:  8230235.003956872 t_traj:  8230226.380370652
plunging! t_interp:  8230235.003956872 t_traj:  8230228.536245083
plunging! t_interp:  8230235.003956872 t_traj:  8230230.69213509
plunging! t_interp:  8230235.003956872 t_traj:  8230232.848059515
plunging! t_interp:  8230235.003956872 t_traj:  8230231.976030951
plunging! t_interp:  8230235.003956872 t_traj:  8230232.732974228
plunging! t_interp:  8230235.003956872 t_traj:  8230233.489987214
plunging! t_interp:  8230235.003956872 t_traj:  8230234.2469544755
plunging! t_interp:  8230235.003956872 t_traj:  8230233.940796876
plunging! t_interp:  8230235.003956872 t_traj:  8230234.206557851
plunging! t_interp:  8230235.003956872 t_traj:  8230234.472379103
plunging! t_interp:  8230235.003956872 t_traj:  8230234.738155212
plunging! t_interp:  8230235.003956872 t_traj:  8230234.630636778
plunging! t_interp:  8230235.003956872 t_traj:  8230234.72383567
plunging! t_interp:  8230235.003956872 t_traj:  8230234.817341811
plunging! t_interp:  8230235.003956872 t_traj:  8230234.910641732
plunging! t_interp:  8230235.003956872 t_traj:  8230234.87288402
plunging! t_interp:  8230235.003956872 t_traj:  8230234.905691887
plunging! t_interp:  8230235.003956872 t_traj:  8230234.938419421
plunging! t_interp:  8230235.003956872 t_traj:  8230234.970861312
plunging! t_interp:  8230235.003956872 t_traj:  8230092.201342828
plunging! t_interp:  8230235.003956872 t_traj:  8230127.894108696
plunging! t_interp:  8230235.003956872 t_traj:  8230163.592561611
plunging! t_interp:  8230235.003956872 t_traj:  8230199.295775138
plunging! t_interp:  8230235.003956872 t_traj:  8230184.854060528
plunging! t_interp:  8230235.003956872 t_traj:  8230197.390558148
plunging! t_interp:  8230235.003956872 t_traj:  8230209.92769466
plunging! t_interp:  8230235.003956872 t_traj:  8230222.465514309
plunging! t_interp:  8230235.003956872 t_traj:  8230217.394192604
plunging! t_interp:  8230235.003956872 t_traj:  8230221.796542967
plunging! t_interp:  8230235.003956872 t_traj:  8230226.198945512
plunging! t_interp:  8230235.003956872 t_traj:  8230230.601383785
plunging! t_interp:  8230235.003956872 t_traj:  8230228.820699079
plunging! t_interp:  8230235.003956872 t_traj:  8230230.366509911
plunging! t_interp:  8230235.003956872 t_traj:  8230231.912339041
plunging! t_interp:  8230235.003956872 t_traj:  8230233.458133217
plunging! t_interp:  8230235.003956872 t_traj:  8230232.832841482
plunging! t_interp:  8230235.003956872 t_traj:  8230233.375673911
plunging! t_interp:  8230235.003956872 t_traj:  8230233.918433142
plunging! t_interp:  8230235.003956872 t_traj:  8230234.461187948
plunging! t_interp:  8230235.003956872 t_traj:  8230234.241652938
plunging! t_interp:  8230235.003956872 t_traj:  8230234.432230439
plunging! t_interp:  8230235.003956872 t_traj:  8230234.622774951
plunging! t_interp:  8230235.003956872 t_traj:  8230234.813366298
plunging! t_interp:  8230235.003956872 t_traj:  8230234.736329517
plunging! t_interp:  8230235.003956872 t_traj:  8230234.803224491
plunging! t_interp:  8230235.003956872 t_traj:  8230234.870128621
plunging! t_interp:  8230235.003956872 t_traj:  8230234.937032386
plunging! t_interp:  8230235.003956872 t_traj:  8230234.909971977
plunging! t_interp:  8230235.003956872 t_traj:  8230234.9334757365
plunging! t_interp:  8230235.003956872 t_traj:  8230234.956971414
plunging! t_interp:  8230235.003956872 t_traj:  8230234.98043531
plunging! t_interp:  8230235.003956872 t_traj:  8230234.970740844
plunging! t_interp:  8230235.003956872 t_traj:  8230234.979113873
plunging! t_interp:  8230235.003956872 t_traj:  8230234.98747988
plunging! t_interp:  8230235.003956872 t_traj:  8230234.995738765
plunging! t_interp:  8230235.003956872 t_traj:  8230234.99236248
plunging! t_interp:  8230235.003956872 t_traj:  8230234.995252144
plunging! t_interp:  8230235.003956872 t_traj:  8230234.998150619
plunging! t_interp:  8230235.003956872 t_traj:  8230235.001037785
plunging! t_interp:  8230235.003956872 t_traj:  8230234.999928907
plunging! t_interp:  8230235.003956872 t_traj:  8230235.000939133
plunging! t_interp:  8230235.003956872 t_traj:  8230235.001926068
plunging! t_interp:  8230235.003956872 t_traj:  8230235.00292896
plunging! t_interp:  8230235.003956872 t_traj:  8230235.002524617
plunging! t_interp:  8230235.003956872 t_traj:  8230235.00285336
plunging! t_interp:  8230235.003956872 t_traj:  8230235.003249488
plunging! t_interp:  8230235.003956872 t_traj:  8230235.003584978
plunging! t_interp:  8230235.003956872 t_traj:  8226173.273013261
plunging! t_interp:  8230235.003956872 t_traj:  8222115.564245938
plunging! t_interp:  8230235.003956872 t_traj:  8218061.871590599
plunging! t_interp:  8230235.003956872 t_traj:  8214012.189123005
plunging! t_interp:  8230235.003956872 t_traj:  8228808.393793016
plunging! t_interp:  8230235.003956872 t_traj:  8227382.279953004
plunging! t_interp:  8230235.003956872 t_traj:  8225956.662233712
plunging! t_interp:  8230235.003956872 t_traj:  8224531.54031385
plunging! t_interp:  8230235.003956872 t_traj:  8229734.037167129
plunging! t_interp:  8230235.003956872 t_traj:  8229233.131471045
plunging! t_interp:  8230235.003956872 t_traj:  8228732.287354572
plunging! t_interp:  8230235.003956872 t_traj:  8228231.504198097
plunging! t_interp:  8230235.003956872 t_traj:  8230059.097938441
plunging! t_interp:  8230235.003956872 t_traj:  8229883.199534307
plunging! t_interp:  8230235.003956872 t_traj:  8229707.308582113
plunging! t_interp:  8230235.003956872 t_traj:  8229531.425194319
plunging! t_interp:  8230235.003956872 t_traj:  8230173.238866987
plunging! t_interp:  8230235.003956872 t_traj:  8230111.475233329
plunging! t_interp:  8230235.003956872 t_traj:  8230049.712255922
plunging! t_interp:  8230235.003956872 t_traj:  8229987.950211766
plunging! t_interp:  8230235.003956872 t_traj:  8230213.317051363
plunging! t_interp:  8230235.003956872 t_traj:  8230191.630225169
plunging! t_interp:  8230235.003956872 t_traj:  8230169.943521447
plunging! t_interp:  8230235.003956872 t_traj:  8230148.256951101
plunging! t_interp:  8230235.003956872 t_traj:  8230227.389279253
plunging! t_interp:  8230235.003956872 t_traj:  8230219.774583996
plunging! t_interp:  8230235.003956872 t_traj:  8230212.15956372
plunging! t_interp:  8230235.003956872 t_traj:  8230204.545244272
plunging! t_interp:  8230235.003956872 t_traj:  8230232.33031163
plunging! t_interp:  8230235.003956872 t_traj:  8230229.656592295
plunging! t_interp:  8230235.003956872 t_traj:  8230226.98294827
plunging! t_interp:  8230235.003956872 t_traj:  8230224.309278032
plunging! t_interp:  8230235.003956872 t_traj:  8230234.065175948
plunging! t_interp:  8230235.003956872 t_traj:  8230233.126123027
plunging! t_interp:  8230235.003956872 t_traj:  8230232.187615376
plunging! t_interp:  8230235.003956872 t_traj:  8230231.2488229275
plunging! t_interp:  8230235.003956872 t_traj:  8230234.674284403
plunging! t_interp:  8230235.003956872 t_traj:  8230234.344708436
plunging! t_interp:  8230235.003956872 t_traj:  8230234.015054366
plunging! t_interp:  8230235.003956872 t_traj:  8230233.685482757
plunging! t_interp:  8230235.003956872 t_traj:  8230234.888257138
plunging! t_interp:  8230235.003956872 t_traj:  8230234.772454051
plunging! t_interp:  8230235.003956872 t_traj:  8230234.656722923
plunging! t_interp:  8230235.003956872 t_traj:  8230234.54100981
plunging! t_interp:  8230235.003956872 t_traj:  8230234.963327078
plunging! t_interp:  8230235.003956872 t_traj:  8230234.922683322
plunging! t_interp:  8230235.003956872 t_traj:  8230234.882015911
plunging! t_interp:  8230235.003956872 t_traj:  8230234.841385319
plunging! t_interp:  8230235.003956872 t_traj:  8230161.872044219
plunging! t_interp:  8230235.003956872 t_traj:  8230088.806606817
plunging! t_interp:  8230235.003956872 t_traj:  8230015.807530135
plunging! t_interp:  8230235.003956872 t_traj:  8229942.874733325
plunging! t_interp:  8230235.003956872 t_traj:  8230209.318371351
plunging! t_interp:  8230235.003956872 t_traj:  8230183.640959334
plunging! t_interp:  8230235.003956872 t_traj:  8230157.9717640225
plunging! t_interp:  8230235.003956872 t_traj:  8230132.3108051345
plunging! t_interp:  8230235.003956872 t_traj:  8230225.98429942
plunging! t_interp:  8230235.003956872 t_traj:  8230216.965661627
plunging! t_interp:  8230235.003956872 t_traj:  8230207.948038705
plunging! t_interp:  8230235.003956872 t_traj:  8230198.93144786
plunging! t_interp:  8230235.003956872 t_traj:  8230231.836858858
plunging! t_interp:  8230235.003956872 t_traj:  8230228.669880402
plunging! t_interp:  8230235.003956872 t_traj:  8230225.503068989
plunging! t_interp:  8230235.003956872 t_traj:  8230222.336114969
plunging! t_interp:  8230235.003956872 t_traj:  8230233.891890311
plunging! t_interp:  8230235.003956872 t_traj:  8230232.779889945
plunging! t_interp:  8230235.003956872 t_traj:  8230231.66792147
plunging! t_interp:  8230235.003956872 t_traj:  8230230.555894928
plunging! t_interp:  8230235.003956872 t_traj:  8230234.613490532
plunging! t_interp:  8230235.003956872 t_traj:  8230234.223033435
plunging! t_interp:  8230235.003956872 t_traj:  8230233.832592947
plunging! t_interp:  8230235.003956872 t_traj:  8230233.442115733
plunging! t_interp:  8230235.003956872 t_traj:  8230234.866892679
plunging! t_interp:  8230235.003956872 t_traj:  8230234.72976154
plunging! t_interp:  8230235.003956872 t_traj:  8230234.592687697
plunging! t_interp:  8230235.003956872 t_traj:  8230234.455448601
plunging! t_interp:  8230235.003956872 t_traj:  8230234.955791847
plunging! t_interp:  8230235.003956872 t_traj:  8230234.9076870885
plunging! t_interp:  8230235.003956872 t_traj:  8230234.859575963
plunging! t_interp:  8230235.003956872 t_traj:  8230234.811407385
plunging! t_interp:  8230235.003956872 t_traj:  8230234.9870355455
plunging! t_interp:  8230235.003956872 t_traj:  8230234.970157676
plunging! t_interp:  8230235.003956872 t_traj:  8230234.953259516
plunging! t_interp:  8230235.003956872 t_traj:  8230234.936345992
plunging! t_interp:  8230235.003956872 t_traj:  8230234.998043378
plunging! t_interp:  8230235.003956872 t_traj:  8230234.9920931645
plunging! t_interp:  8230235.003956872 t_traj:  8230234.986116638
plunging! t_interp:  8230235.003956872 t_traj:  8230234.980230817
plunging! t_interp:  8230235.003956872 t_traj:  8230235.001864096
plunging! t_interp:  8230235.003956872 t_traj:  8230234.999790709
plunging! t_interp:  8230235.003956872 t_traj:  8230234.997691904
plunging! t_interp:  8230235.003956872 t_traj:  8230234.995579895
plunging! t_interp:  8230235.003956872 t_traj:  8230235.003253432
plunging! t_interp:  8230235.003956872 t_traj:  8230235.002466248
plunging! t_interp:  8230235.003956872 t_traj:  8230235.001738739
plunging! t_interp:  8230235.003956872 t_traj:  8230235.001058342
Time taken to compute stable deltas is 93.43774557113647 seconds
calculating Fisher matrix...
plunging! t_interp:  8230235.003956872 t_traj:  8230233.490386429
plunging! t_interp:  8230235.003956872 t_traj:  8230233.868785495
plunging! t_interp:  8230235.003956872 t_traj:  8230234.248099236
plunging! t_interp:  8230235.003956872 t_traj:  8230234.625575652
plunging! t_interp:  8230235.003956872 t_traj:  8230234.937847566
plunging! t_interp:  8230235.003956872 t_traj:  8230234.871783432
plunging! t_interp:  8230235.003956872 t_traj:  8230234.805646894
plunging! t_interp:  8230235.003956872 t_traj:  8230234.739554292
plunging! t_interp:  8230235.003956872 t_traj:  8230232.971367231
plunging! t_interp:  8230235.003956872 t_traj:  8230233.478867595
plunging! t_interp:  8230235.003956872 t_traj:  8230233.987202401
plunging! t_interp:  8230235.003956872 t_traj:  8230234.495591436
plunging! t_interp:  8230235.003956872 t_traj:  8230233.940796876
plunging! t_interp:  8230235.003956872 t_traj:  8230234.206557851
plunging! t_interp:  8230235.003956872 t_traj:  8230234.472379103
plunging! t_interp:  8230235.003956872 t_traj:  8230234.738155212
plunging! t_interp:  8230235.003956872 t_traj:  8230232.832841482
plunging! t_interp:  8230235.003956872 t_traj:  8230233.375673911
plunging! t_interp:  8230235.003956872 t_traj:  8230233.918433142
plunging! t_interp:  8230235.003956872 t_traj:  8230234.461187948
plunging! t_interp:  8230235.003956872 t_traj:  8230234.674284403
plunging! t_interp:  8230235.003956872 t_traj:  8230234.344708436
plunging! t_interp:  8230235.003956872 t_traj:  8230234.015054366
plunging! t_interp:  8230235.003956872 t_traj:  8230233.685482757
plunging! t_interp:  8230235.003956872 t_traj:  8230234.866892679
plunging! t_interp:  8230235.003956872 t_traj:  8230234.72976154
plunging! t_interp:  8230235.003956872 t_traj:  8230234.592687697
plunging! t_interp:  8230235.003956872 t_traj:  8230234.455448601
Finished derivatives
Calculated Fisher is *atleast* positive-definite.
Time taken to compute FM is 8.789937973022461 seconds
    CV from_NMdev#2 it   5 lam=6.9e-01 ov=0.9944160 chi2=1.301e+03 rel=3.2e-05
Body is not plunging, Fisher should be stable.
waveform shape: (3, 6311629)
Computing SNR for parameters: (np.float64(1002550.3953898082), np.float64(4971.179141601604), np.float64(0.7048922326089088), np.float64(24.95887880580894), np.float64(0.2495883012421286), 1.0, 12.0, np.float64(0.7850072917582384), np.float64(0.9969175298182947), 1.0, 1.0471975511965976, np.float64(1.1714216532961241), 0.5, np.float64(0.8312269869545372), 0.95, False, False, False, True, 0.0, 0.0, np.float64(1.01946527218645), np.float64(2.1297801606925506))
Waveform Generated. SNR: 340.1853208548007
calculating Fisher matrix...
plunging! t_interp:  8230235.000409739 t_traj:  8230233.486573106
plunging! t_interp:  8230235.000409739 t_traj:  8230233.865281935
plunging! t_interp:  8230235.000409739 t_traj:  8230234.243604037
plunging! t_interp:  8230235.000409739 t_traj:  8230234.622006693
plunging! t_interp:  8230235.000409739 t_traj:  8230234.9343019035
plunging! t_interp:  8230235.000409739 t_traj:  8230234.868209581
plunging! t_interp:  8230235.000409739 t_traj:  8230234.802103626
plunging! t_interp:  8230235.000409739 t_traj:  8230234.7360399915
plunging! t_interp:  8230235.000409739 t_traj:  8230232.966927602
plunging! t_interp:  8230235.000409739 t_traj:  8230233.475345154
plunging! t_interp:  8230235.000409739 t_traj:  8230233.983661429
plunging! t_interp:  8230235.000409739 t_traj:  8230234.492053919
plunging! t_interp:  8230235.000409739 t_traj:  8230233.938097487
plunging! t_interp:  8230235.000409739 t_traj:  8230234.202769656
plunging! t_interp:  8230235.000409739 t_traj:  8230234.469738105
plunging! t_interp:  8230235.000409739 t_traj:  8230234.735416252
plunging! t_interp:  8230235.000409739 t_traj:  8230232.829339534
plunging! t_interp:  8230235.000409739 t_traj:  8230233.37210334
plunging! t_interp:  8230235.000409739 t_traj:  8230233.914870292
plunging! t_interp:  8230235.000409739 t_traj:  8230234.45762205
plunging! t_interp:  8230235.000409739 t_traj:  8230234.670808739
plunging! t_interp:  8230235.000409739 t_traj:  8230234.341157777
plunging! t_interp:  8230235.000409739 t_traj:  8230234.012446541
plunging! t_interp:  8230235.000409739 t_traj:  8230233.681877695
plunging! t_interp:  8230235.000409739 t_traj:  8230234.863293745
plunging! t_interp:  8230235.000409739 t_traj:  8230234.726211881
plunging! t_interp:  8230235.000409739 t_traj:  8230234.589127698
plunging! t_interp:  8230235.000409739 t_traj:  8230234.452004625
Finished derivatives
Calculated Fisher is *atleast* positive-definite.
Time taken to compute FM is 9.978286266326904 seconds
    CV from_NMdev#2 it   6 lam=1.5e+01 ov=0.9944162 chi2=1.301e+03 rel=9.0e-07
Body is not plunging, Fisher should be stable.
waveform shape: (3, 6311629)
Computing SNR for parameters: (np.float64(1002550.3953969018), np.float64(4971.179141570956), np.float64(0.7048922324082725), np.float64(24.958878805888485), np.float64(0.24958830118854095), 1.0, 12.0, np.float64(0.7850070517511581), np.float64(0.9969171875381266), 1.0, 1.0471975511965976, np.float64(1.1714206382932293), 0.5, np.float64(0.8312261531122275), 0.95, False, False, False, True, 0.0, 0.0, np.float64(1.0194652709221101), np.float64(2.1297799534603286))
Waveform Generated. SNR: 340.1852207026045
calculating Fisher matrix...
plunging! t_interp:  8230235.000135996 t_traj:  8230233.486679794
plunging! t_interp:  8230235.000135996 t_traj:  8230233.8650011
plunging! t_interp:  8230235.000135996 t_traj:  8230234.243674712
plunging! t_interp:  8230235.000135996 t_traj:  8230234.622050956
plunging! t_interp:  8230235.000135996 t_traj:  8230234.934272934
plunging! t_interp:  8230235.000135996 t_traj:  8230234.868240201
plunging! t_interp:  8230235.000135996 t_traj:  8230234.80212483
plunging! t_interp:  8230235.000135996 t_traj:  8230234.736050924
plunging! t_interp:  8230235.000135996 t_traj:  8230232.966972298
plunging! t_interp:  8230235.000135996 t_traj:  8230233.475358382
plunging! t_interp:  8230235.000135996 t_traj:  8230233.983765588
plunging! t_interp:  8230235.000135996 t_traj:  8230234.492938268
plunging! t_interp:  8230235.000135996 t_traj:  8230233.937304762
plunging! t_interp:  8230235.000135996 t_traj:  8230234.203070492
plunging! t_interp:  8230235.000135996 t_traj:  8230234.468867935
plunging! t_interp:  8230235.000135996 t_traj:  8230234.734645084
plunging! t_interp:  8230235.000135996 t_traj:  8230232.8293894315
plunging! t_interp:  8230235.000135996 t_traj:  8230233.372160058
plunging! t_interp:  8230235.000135996 t_traj:  8230233.914940141
plunging! t_interp:  8230235.000135996 t_traj:  8230234.4576547295
plunging! t_interp:  8230235.000135996 t_traj:  8230234.670833634
plunging! t_interp:  8230235.000135996 t_traj:  8230234.341215474
plunging! t_interp:  8230235.000135996 t_traj:  8230234.0115868775
plunging! t_interp:  8230235.000135996 t_traj:  8230233.681938531
plunging! t_interp:  8230235.000135996 t_traj:  8230234.863327083
plunging! t_interp:  8230235.000135996 t_traj:  8230234.7262298
plunging! t_interp:  8230235.000135996 t_traj:  8230234.5891705835
plunging! t_interp:  8230235.000135996 t_traj:  8230234.452062708
Finished derivatives
Calculated Fisher is *atleast* positive-definite.
Time taken to compute FM is 10.007863759994507 seconds
    CV from_NMdev#2 it   7 lam=1.4e+141 ov=0.9944162 chi2=1.301e+03 rel=0.0e+00
======================================================================

[idx1] --- start = from_0PA (overlap 0.9675449) ---
Body is not plunging, Fisher should be stable.
waveform shape: (3, 6311629)
Computing SNR for parameters: (np.float64(998144.092), np.float64(1001.29945), np.float64(-0.499651156), np.float64(24.9922458), np.float64(0.0998840371), 1.0, 33.992306, np.float64(1.05172816), np.float64(0.79027957), 0.628318531, 0.523598776, np.float64(6.30880364), 0.2, np.float64(0.449650077), 0.95, False, False, False, True, 0.0, 0.0, np.float64(0.0), np.float64(0.0))
Waveform Generated. SNR: 20.784008091415114
calculating stable deltas...
plunging! t_interp:  31558144.999999996 t_traj:  31531139.267603856
plunging! t_interp:  31558144.999999996 t_traj:  31545006.677180123
minimum relative error is greater than 1% for dev_2. Fisher may be unstable!
Time taken to compute stable deltas is 66.51881790161133 seconds
calculating Fisher matrix...
Finished derivatives
Calculated Fisher is *atleast* positive-definite.
Time taken to compute FM is 6.33903956413269 seconds
    CV from_0PA#1 it   0 lam=4.4e-03 ov=0.9675449 chi2=2.809e+01 rel=1.2e-05
Body is not plunging, Fisher should be stable.
waveform shape: (3, 6311629)
Computing SNR for parameters: (np.float64(998144.0900624958), np.float64(1001.2994504787813), np.float64(-0.4996511443402346), np.float64(24.99224578279584), np.float64(0.09988396101410618), 1.0, 33.992306, np.float64(1.0516922853735333), np.float64(0.7901801080346209), 0.628318531, 0.523598776, np.float64(6.309228661218657), 0.2, np.float64(0.4495698439081761), 0.95, False, False, False, True, 0.0, 0.0, np.float64(6.525511154832196e-07), np.float64(-0.007865320256589344))
Waveform Generated. SNR: 20.784709041319292
calculating Fisher matrix...
Finished derivatives
Calculated Fisher is *atleast* positive-definite.
Time taken to compute FM is 7.2155585289001465 seconds
    CV from_0PA#1 it   1 lam=9.5e-02 ov=0.9675463 chi2=2.809e+01 rel=6.2e-07
Body is not plunging, Fisher should be stable.
waveform shape: (3, 6311629)
Computing SNR for parameters: (np.float64(998144.0900395), np.float64(1001.2994504048095), np.float64(-0.4996511435427003), np.float64(24.992245782711848), np.float64(0.09988395944971783), 1.0, 33.992306, np.float64(1.0516908134063114), np.float64(0.7901863274483106), 0.628318531, 0.523598776, np.float64(6.309230581388057), 0.2, np.float64(0.4495369972266242), 0.95, False, False, False, True, 0.0, 0.0, np.float64(5.851532879771791e-07), np.float64(-0.0077974329321775565))
Waveform Generated. SNR: 20.78466949490532
calculating Fisher matrix...
Finished derivatives
Calculated Fisher is *atleast* positive-definite.
Time taken to compute FM is 6.5512096881866455 seconds
    CV from_0PA#1 it   2 lam=1.1e-01 ov=0.9675462 chi2=2.809e+01 rel=5.9e-07
Body is not plunging, Fisher should be stable.
waveform shape: (3, 6311629)
Computing SNR for parameters: (np.float64(998144.0897667545), np.float64(1001.2994506040641), np.float64(-0.49965114302398306), np.float64(24.99224578008142), np.float64(0.09988395006074376), 1.0, 33.992306, np.float64(1.0516845163577626), np.float64(0.7901733325251921), 0.628318531, 0.523598776, np.float64(6.309296811820582), 0.2, np.float64(0.44958454603472325), 0.95, False, False, False, True, 0.0, 0.0, np.float64(7.967501807663579e-07), np.float64(-0.008992394150195695))
Waveform Generated. SNR: 20.784769589103508
calculating Fisher matrix...
Finished derivatives
Calculated Fisher is *atleast* positive-definite.
Time taken to compute FM is 6.64975905418396 seconds
    CV from_0PA#1 it   3 lam=3.5e-02 ov=0.9675464 chi2=2.809e+01 rel=1.5e-06
Body is not plunging, Fisher should be stable.
waveform shape: (3, 6311629)
Computing SNR for parameters: (np.float64(998144.089579094), np.float64(1001.2994506311494), np.float64(-0.4996511417379026), np.float64(24.992245778440214), np.float64(0.09988394277077342), 1.0, 33.992306, np.float64(1.0516907308263348), np.float64(0.7901663492717679), 0.628318531, 0.523598776, np.float64(6.3093322033839625), 0.2, np.float64(0.44959859032819643), 0.95, False, False, False, True, 0.0, 0.0, np.float64(8.467982362891292e-07), np.float64(-0.00966176058300167))
Waveform Generated. SNR: 20.78486003539798
calculating Fisher matrix...
Finished derivatives
Calculated Fisher is *atleast* positive-definite.
Time taken to compute FM is 7.234727621078491 seconds
    CV from_0PA#1 it   4 lam=2.2e-01 ov=0.9675466 chi2=2.809e+01 rel=1.6e-07
Body is not plunging, Fisher should be stable.
waveform shape: (3, 6311629)
Computing SNR for parameters: (np.float64(998144.0895774937), np.float64(1001.2994504829652), np.float64(-0.4996511404767546), np.float64(24.992245778652933), np.float64(0.09988394152776257), 1.0, 33.992306, np.float64(1.0516909597332305), np.float64(0.7901672210312134), 0.628318531, 0.523598776, np.float64(6.309321366429551), 0.2, np.float64(0.44958840977244063), 0.95, False, False, False, True, 0.0, 0.0, np.float64(7.06579135045731e-07), np.float64(-0.00956067890020623))
Waveform Generated. SNR: 20.784826413352086
calculating stable deltas...
plunging! t_interp:  31558144.999999993 t_traj:  31531139.18415202
plunging! t_interp:  31558144.999999993 t_traj:  31545006.593852017
minimum relative error is greater than 1% for dev_1. Fisher may be unstable!
Time taken to compute stable deltas is 66.26843690872192 seconds
calculating Fisher matrix...
Finished derivatives
Calculated Fisher is *atleast* positive-definite.
Time taken to compute FM is 5.951928377151489 seconds
    CV from_0PA#1 it   5 lam=6.0e-01 ov=0.9675465 chi2=2.809e+01 rel=8.5e-07
Body is not plunging, Fisher should be stable.
waveform shape: (3, 6311629)
Computing SNR for parameters: (np.float64(998144.0895470183), np.float64(1001.2994505390955), np.float64(-0.4996511406852401), np.float64(24.99224577830884), np.float64(0.09988394081892629), 1.0, 33.992306, np.float64(1.0517054229891365), np.float64(0.7901645488059167), 0.628318531, 0.523598776, np.float64(6.309326659651833), 0.2, np.float64(0.4495940027427722), 0.95, False, False, False, True, 0.0, 0.0, np.float64(4.351589270496951e-07), np.float64(-0.009577243134934944))
Waveform Generated. SNR: 20.784903744408872
calculating Fisher matrix...
Finished derivatives
Calculated Fisher is *atleast* positive-definite.
Time taken to compute FM is 6.804394006729126 seconds
    CV from_0PA#1 it   6 lam=6.1e-01 ov=0.9675467 chi2=2.809e+01 rel=3.0e-07
Body is not plunging, Fisher should be stable.
waveform shape: (3, 6311629)
Computing SNR for parameters: (np.float64(998144.0895512021), np.float64(1001.2994504424091), np.float64(-0.4996511399394538), np.float64(24.992245778489416), np.float64(0.09988394009487578), 1.0, 33.992306, np.float64(1.0517146789972225), np.float64(0.7901710540911236), 0.628318531, 0.523598776, np.float64(6.309326839996995), 0.2, np.float64(0.4496141124806881), 0.95, False, False, False, True, 0.0, 0.0, np.float64(1.2287030163010697e-06), np.float64(-0.009723568355472315))
Waveform Generated. SNR: 20.784912051752286
calculating Fisher matrix...
Finished derivatives
Calculated Fisher is *atleast* positive-definite.
Time taken to compute FM is 6.853621244430542 seconds
    CV from_0PA#1 it   7 lam=1.3e+01 ov=0.9675467 chi2=2.809e+01 rel=5.6e-08
Body is not plunging, Fisher should be stable.
waveform shape: (3, 6311629)
Computing SNR for parameters: (np.float64(998144.0895509075), np.float64(1001.2994504418949), np.float64(-0.49965113993298205), np.float64(24.992245778487668), np.float64(0.09988394007805713), 1.0, 33.992306, np.float64(1.0517148394916094), np.float64(0.7901711088256773), 0.628318531, 0.523598776, np.float64(6.30932691846666), 0.2, np.float64(0.44961442594590734), 0.95, False, False, False, True, 0.0, 0.0, np.float64(1.2195116902039649e-06), np.float64(-0.009725267135804279))
Waveform Generated. SNR: 20.784910226287646
calculating Fisher matrix...
Finished derivatives
Calculated Fisher is *atleast* positive-definite.
Time taken to compute FM is 7.112567186355591 seconds
    CV from_0PA#1 it   8 lam=8.7e+00 ov=0.9675467 chi2=2.809e+01 rel=3.6e-08
Body is not plunging, Fisher should be stable.
waveform shape: (3, 6311629)
Computing SNR for parameters: (np.float64(998144.0895500497), np.float64(1001.2994504422121), np.float64(-0.4996511399288337), np.float64(24.992245778479855), np.float64(0.09988394004577124), 1.0, 33.992306, np.float64(1.0517150863962683), np.float64(0.790171131965678), 0.628318531, 0.523598776, np.float64(6.309327130681815), 0.2, np.float64(0.4496149309633277), 0.95, False, False, False, True, 0.0, 0.0, np.float64(1.1957694910439068e-06), np.float64(-0.009727476863174631))
Waveform Generated. SNR: 20.784907729330687
calculating Fisher matrix...
Finished derivatives
Calculated Fisher is *atleast* positive-definite.
Time taken to compute FM is 6.640872240066528 seconds
    CV from_0PA#1 it   9 lam=6.1e+06 ov=0.9675467 chi2=2.809e+01 rel=5.0e-08
Body is not plunging, Fisher should be stable.
waveform shape: (3, 6311629)
Computing SNR for parameters: (np.float64(998144.0895500497), np.float64(1001.2994504422121), np.float64(-0.4996511399288337), np.float64(24.992245778479855), np.float64(0.0998839400457712), 1.0, 33.992306, np.float64(1.0517150863966207), np.float64(0.7901711319657123), 0.628318531, 0.523598776, np.float64(6.309327130682118), 0.2, np.float64(0.44961493096402544), 0.95, False, False, False, True, 0.0, 0.0, np.float64(1.1957695079681153e-06), np.float64(-0.009727476865464655))
Waveform Generated. SNR: 20.784907276906697
calculating stable deltas...
plunging! t_interp:  31558144.999999993 t_traj:  31531139.173411157
plunging! t_interp:  31558144.999999993 t_traj:  31545006.583077844
minimum relative error is greater than 1% for dev_1. Fisher may be unstable!
Time taken to compute stable deltas is 66.95771789550781 seconds
calculating Fisher matrix...
Finished derivatives
Calculated Fisher is *atleast* positive-definite.
Time taken to compute FM is 6.400298357009888 seconds
    CV from_0PA#1 it  10 lam=5.8e+146 ov=0.9675467 chi2=2.809e+01 rel=0.0e+00
    NM  nfev=1701 ov 0.9675467 -> 0.9675468 (accepted=True)
Body is not plunging, Fisher should be stable.
waveform shape: (3, 6311629)
Computing SNR for parameters: (np.float64(998144.0438883884), np.float64(1001.2994507734986), np.float64(-0.49965112988488974), np.float64(24.992246289240324), np.float64(0.09988396615286112), 1.0, 33.992306, np.float64(1.0518153336626954), np.float64(0.7902059364613847), 0.628318531, 0.523598776, np.float64(6.309340863270689), 0.2, np.float64(0.4492895201615367), 0.95, False, False, False, True, 0.0, 0.0, np.float64(4.4734431218309777e-07), np.float64(-0.011582564123484703))
Waveform Generated. SNR: 20.784907365430513
calculating stable deltas...
plunging! t_interp:  31558144.999999993 t_traj:  31531139.30492438
plunging! t_interp:  31558144.999999993 t_traj:  31545006.71394367
minimum relative error is greater than 1% for dev_1. Fisher may be unstable!
minimum relative error is greater than 1% for dev_2. Fisher may be unstable!
Time taken to compute stable deltas is 67.59664797782898 seconds
calculating Fisher matrix...
Finished derivatives
Calculated Fisher is *atleast* positive-definite.
Time taken to compute FM is 6.092169761657715 seconds
    CV from_0PA#2 it   0 lam=1.2e+11 ov=0.9675468 chi2=2.809e+01 rel=4.3e-13

[idx1] --- start = from_NMdev (overlap 0.9996457) ---
Body is not plunging, Fisher should be stable.
waveform shape: (3, 6311629)
Computing SNR for parameters: (np.float64(1001501.4641), np.float64(1000.0808), np.float64(-0.494049), np.float64(24.93842), np.float64(0.09938), 1.0, 33.992306, np.float64(1.047179), np.float64(0.786461), 0.628318531, 0.523598776, np.float64(6.442446), 0.2, np.float64(0.193227), 0.95, False, False, False, True, 0.0, 0.0, np.float64(-0.345109), np.float64(10.955755))
Waveform Generated. SNR: 20.841714317906593
calculating stable deltas...
plunging! t_interp:  31558144.999999993 t_traj:  31531108.69072602
plunging! t_interp:  31558144.999999993 t_traj:  31544974.412889056
Time taken to compute stable deltas is 67.92455863952637 seconds
calculating Fisher matrix...
Finished derivatives
Calculated Fisher is *atleast* positive-definite.
Time taken to compute FM is 6.114896059036255 seconds
    CV from_NMdev#1 it   0 lam=3.3e-03 ov=0.9996457 chi2=3.077e-01 rel=4.1e-01
Body is not plunging, Fisher should be stable.
waveform shape: (3, 6311629)
Computing SNR for parameters: (np.float64(1001501.4598592615), np.float64(1000.080804371783), np.float64(-0.4940489947172919), np.float64(24.93841995813742), np.float64(0.09937987934903156), 1.0, 33.992306, np.float64(1.0470728968609473), np.float64(0.7863409593922798), 0.628318531, 0.523598776, np.float64(6.442738363325949), 0.2, np.float64(0.19463359911345646), 0.95, False, False, False, True, 0.0, 0.0, np.float64(-0.3451046693665058), np.float64(10.965593596267297))
Waveform Generated. SNR: 20.849601858063288
calculating Fisher matrix...
Finished derivatives
Calculated Fisher is *atleast* positive-definite.
Time taken to compute FM is 6.712557077407837 seconds
    CV from_NMdev#1 it   1 lam=1.1e-03 ov=0.9997916 chi2=1.814e-01 rel=5.4e-04
Body is not plunging, Fisher should be stable.
waveform shape: (3, 6311629)
Computing SNR for parameters: (np.float64(1001501.4590158059), np.float64(1000.080802995112), np.float64(-0.49404896154286204), np.float64(24.93841995439304), np.float64(0.09937986146494204), 1.0, 33.992306, np.float64(1.0471057318243064), np.float64(0.786421404406338), 0.628318531, 0.523598776, np.float64(6.441905381414454), 0.2, np.float64(0.19385594554439736), 0.95, False, False, False, True, 0.0, 0.0, np.float64(-0.3451060636788703), np.float64(10.969733361846782))
Waveform Generated. SNR: 20.849019100609734
calculating Fisher matrix...
Finished derivatives
Calculated Fisher is *atleast* positive-definite.
Time taken to compute FM is 7.005850791931152 seconds
    CV from_NMdev#1 it   2 lam=3.7e-04 ov=0.9997917 chi2=1.814e-01 rel=6.1e-05
Body is not plunging, Fisher should be stable.
waveform shape: (3, 6311629)
Computing SNR for parameters: (np.float64(1001501.4579574835), np.float64(1000.080804005015), np.float64(-0.4940489280344747), np.float64(24.9384199467604), np.float64(0.09937987810159818), 1.0, 33.992306, np.float64(1.0470994928109283), np.float64(0.7864623409593547), 0.628318531, 0.523598776, np.float64(6.441693938431455), 0.2, np.float64(0.19370064547456087), 0.95, False, False, False, True, 0.0, 0.0, np.float64(-0.34510501172253416), np.float64(10.971299816410738))
Waveform Generated. SNR: 20.848613755477178
calculating Fisher matrix...
Finished derivatives
Calculated Fisher is *atleast* positive-definite.
Time taken to compute FM is 6.641103982925415 seconds
    CV from_NMdev#1 it   3 lam=3.7e-04 ov=0.9997917 chi2=1.813e-01 rel=1.2e-05
Body is not plunging, Fisher should be stable.
waveform shape: (3, 6311629)
Computing SNR for parameters: (np.float64(1001501.455866523), np.float64(1000.0808071538485), np.float64(-0.49404887016495397), np.float64(24.93841993032847), np.float64(0.09937990863134272), 1.0, 33.992306, np.float64(1.0470981628457525), np.float64(0.7864693094856349), 0.628318531, 0.523598776, np.float64(6.441803390811628), 0.2, np.float64(0.19364312986241405), 0.95, False, False, False, True, 0.0, 0.0, np.float64(-0.3451017003690686), np.float64(10.971081656540877))
Waveform Generated. SNR: 20.848543365104078
calculating Fisher matrix...
Finished derivatives
Calculated Fisher is *atleast* positive-definite.
Time taken to compute FM is 6.945036172866821 seconds
    CV from_NMdev#1 it   4 lam=3.7e-04 ov=0.9997917 chi2=1.813e-01 rel=9.3e-06
Body is not plunging, Fisher should be stable.
waveform shape: (3, 6311629)
Computing SNR for parameters: (np.float64(1001501.4540488368), np.float64(1000.0808097140977), np.float64(-0.49404882167027275), np.float64(24.938419915639546), np.float64(0.09937991868004281), 1.0, 33.992306, np.float64(1.0470977770351328), np.float64(0.7864685550070634), 0.628318531, 0.523598776, np.float64(6.44186043213657), 0.2, np.float64(0.19355613723845935), 0.95, False, False, False, True, 0.0, 0.0, np.float64(-0.3450989767771743), np.float64(10.970200844674439))
Waveform Generated. SNR: 20.84856041353274
calculating stable deltas...
plunging! t_interp:  31558144.99999999 t_traj:  31531107.688085254
plunging! t_interp:  31558144.99999999 t_traj:  31544973.409154307
Time taken to compute stable deltas is 69.52755165100098 seconds
calculating Fisher matrix...
Finished derivatives
Calculated Fisher is *atleast* positive-definite.
Time taken to compute FM is 6.129195928573608 seconds
    CV from_NMdev#1 it   5 lam=1.2e-04 ov=0.9997917 chi2=1.813e-01 rel=1.8e-05
Body is not plunging, Fisher should be stable.
waveform shape: (3, 6311629)
Computing SNR for parameters: (np.float64(1001501.4524798112), np.float64(1000.0808117374041), np.float64(-0.49404877917389484), np.float64(24.938419902725393), np.float64(0.09937991912730543), 1.0, 33.992306, np.float64(1.0470997610768882), np.float64(0.7864682408544611), 0.628318531, 0.523598776, np.float64(6.441876809619523), 0.2, np.float64(0.1934501997837882), 0.95, False, False, False, True, 0.0, 0.0, np.float64(-0.34509679149651473), np.float64(10.969211960560656))
Waveform Generated. SNR: 20.848532176519
calculating Fisher matrix...
Finished derivatives
Calculated Fisher is *atleast* positive-definite.
Time taken to compute FM is 7.0376176834106445 seconds
    CV from_NMdev#1 it   6 lam=4.1e-05 ov=0.9997917 chi2=1.813e-01 rel=2.7e-05
Body is not plunging, Fisher should be stable.
waveform shape: (3, 6311629)
Computing SNR for parameters: (np.float64(1001501.4489839432), np.float64(1000.0808151457891), np.float64(-0.494048693498833), np.float64(24.938419872453405), np.float64(0.09937990793160381), 1.0, 33.992306, np.float64(1.047101658638174), np.float64(0.7864653759853056), 0.628318531, 0.523598776, np.float64(6.4418512296065344), 0.2, np.float64(0.19319213887470463), 0.95, False, False, False, True, 0.0, 0.0, np.float64(-0.34509290598715436), np.float64(10.96668398566863))
Waveform Generated. SNR: 20.848514617538335
calculating Fisher matrix...
Finished derivatives
Calculated Fisher is *atleast* positive-definite.
Time taken to compute FM is 6.788581848144531 seconds
    CV from_NMdev#1 it   7 lam=5.9e-05 ov=0.9997917 chi2=1.813e-01 rel=1.8e-06
Body is not plunging, Fisher should be stable.
waveform shape: (3, 6311629)
Computing SNR for parameters: (np.float64(1001501.4430430729), np.float64(1000.0808164276096), np.float64(-0.4940485800236929), np.float64(24.938419811966178), np.float64(0.09937989190727833), 1.0, 33.992306, np.float64(1.047104563072346), np.float64(0.7864607154669544), 0.628318531, 0.523598776, np.float64(6.4417801516378255), 0.2, np.float64(0.19282653208239245), 0.95, False, False, False, True, 0.0, 0.0, np.float64(-0.34509026547387905), np.float64(10.962708963103125))
Waveform Generated. SNR: 20.848559998981816
calculating Fisher matrix...
Finished derivatives
Calculated Fisher is *atleast* positive-definite.
Time taken to compute FM is 6.603003263473511 seconds
    CV from_NMdev#1 it   8 lam=2.0e-05 ov=0.9997917 chi2=1.813e-01 rel=8.6e-06
Body is not plunging, Fisher should be stable.
waveform shape: (3, 6311629)
Computing SNR for parameters: (np.float64(1001501.4401395839), np.float64(1000.0808147024895), np.float64(-0.49404854308057716), np.float64(24.938419779482963), np.float64(0.09937988955716877), 1.0, 33.992306, np.float64(1.0471053586495385), np.float64(0.7864588319310853), 0.628318531, 0.523598776, np.float64(6.441747197892744), 0.2, np.float64(0.19270401965762388), 0.95, False, False, False, True, 0.0, 0.0, np.float64(-0.34509109118047887), np.float64(10.961095445589612))
Waveform Generated. SNR: 20.848569758583075
calculating Fisher matrix...
Finished derivatives
Calculated Fisher is *atleast* positive-definite.
Time taken to compute FM is 6.594285726547241 seconds
    CV from_NMdev#1 it   9 lam=6.7e-03 ov=0.9997917 chi2=1.813e-01 rel=3.0e-06
Body is not plunging, Fisher should be stable.
waveform shape: (3, 6311629)
Computing SNR for parameters: (np.float64(1001501.4401308476), np.float64(1000.0808146977944), np.float64(-0.494048542981189), np.float64(24.93841977938523), np.float64(0.09937988954195534), 1.0, 33.992306, np.float64(1.0471059294271443), np.float64(0.786459007151246), 0.628318531, 0.523598776, np.float64(6.441747302081193), 0.2, np.float64(0.19270365193021666), 0.95, False, False, False, True, 0.0, 0.0, np.float64(-0.34509109323998216), np.float64(10.961090961089944))
Waveform Generated. SNR: 20.8485703741407
calculating stable deltas...
plunging! t_interp:  31558144.99999999 t_traj:  31531107.818472534
plunging! t_interp:  31558144.99999999 t_traj:  31544973.539651487
Time taken to compute stable deltas is 70.02674531936646 seconds
calculating Fisher matrix...
Finished derivatives
Calculated Fisher is *atleast* positive-definite.
Time taken to compute FM is 6.163854360580444 seconds
    CV from_NMdev#1 it  10 lam=7.4e+01 ov=0.9997917 chi2=1.813e-01 rel=5.8e-07
Body is not plunging, Fisher should be stable.
waveform shape: (3, 6311629)
Computing SNR for parameters: (np.float64(1001501.4401308477), np.float64(1000.0808146977921), np.float64(-0.4940485429811695), np.float64(24.938419779385235), np.float64(0.09937988954198082), 1.0, 33.992306, np.float64(1.04710592876998), np.float64(0.7864590065300835), 0.628318531, 0.523598776, np.float64(6.441747301612314), 0.2, np.float64(0.1927036491654615), 0.95, False, False, False, True, 0.0, 0.0, np.float64(-0.345091093242009), np.float64(10.961090959421162))
Waveform Generated. SNR: 20.848570927570787
calculating Fisher matrix...
Finished derivatives
Calculated Fisher is *atleast* positive-definite.
Time taken to compute FM is 6.924305200576782 seconds
    CV from_NMdev#1 it  11 lam=5.2e+07 ov=0.9997917 chi2=1.813e-01 rel=1.0e-11
    NM  nfev=1833 ov 0.9997917 -> 0.9997917 (accepted=True)
Body is not plunging, Fisher should be stable.
waveform shape: (3, 6311629)
Computing SNR for parameters: (np.float64(1001501.4403120151), np.float64(1000.0808259963846), np.float64(-0.494048543663407), np.float64(24.938419777833683), np.float64(0.09937988986690793), 1.0, 33.992306, np.float64(1.0471245564723388), np.float64(0.7864618355649364), 0.628318531, 0.523598776, np.float64(6.441747197803379), 0.2, np.float64(0.19278590379632107), 0.95, False, False, False, True, 0.0, 0.0, np.float64(-0.3451022963453236), np.float64(10.961090235187553))
Waveform Generated. SNR: 20.848577904882145
calculating stable deltas...
plunging! t_interp:  31558144.999999993 t_traj:  31531107.81391476
plunging! t_interp:  31558144.999999993 t_traj:  31544973.533758383
Time taken to compute stable deltas is 67.99464559555054 seconds
calculating Fisher matrix...
Finished derivatives
Calculated Fisher is *atleast* positive-definite.
Time taken to compute FM is 6.166585445404053 seconds
    CV from_NMdev#2 it   0 lam=9.5e+137 ov=0.9997917 chi2=1.813e-01 rel=0.0e+00
======================================================================

[idx16] --- start = from_0PA (overlap 0.9983376) ---
Body is not plunging, Fisher should be stable.
waveform shape: (3, 6311629)
Computing SNR for parameters: (np.float64(1001218.34), np.float64(999.71912), np.float64(-0.494575948), np.float64(24.6561703), np.float64(0.399915754), 1.0, 39.7010887, np.float64(1.05097533), np.float64(0.780191278), 0.628318531, 0.523598776, np.float64(0.21458067), 0.2, np.float64(-6.08369012), 0.95, False, False, False, True, 0.0, 0.0, np.float64(0.0), np.float64(0.0))
Waveform Generated. SNR: 20.73574147914669
calculating stable deltas...
plunging! t_interp:  31558144.99999999 t_traj:  31537433.26313243
plunging! t_interp:  31558144.99999999 t_traj:  31551411.282854054
Time taken to compute stable deltas is 69.25546932220459 seconds
calculating Fisher matrix...
Finished derivatives
Calculated Fisher is *atleast* positive-definite.
Time taken to compute FM is 6.333699703216553 seconds
    CV from_0PA#1 it   0 lam=2.7e-02 ov=0.9983376 chi2=1.428e+00 rel=1.3e-03
Body is not plunging, Fisher should be stable.
waveform shape: (3, 6311629)
Computing SNR for parameters: (np.float64(1001218.339914647), np.float64(999.7191201505306), np.float64(-0.4945759517099293), np.float64(24.656170298689865), np.float64(0.3999157533579419), 1.0, 39.7010887, np.float64(1.0510286534309774), np.float64(0.7803144267056608), 0.628318531, 0.523598776, np.float64(0.21433890115062124), 0.2, np.float64(-6.083913941184248), 0.95, False, False, False, True, 0.0, 0.0, np.float64(-5.125723048865983e-07), np.float64(0.00017672501656380184))
Waveform Generated. SNR: 20.73442953113589
calculating Fisher matrix...
Finished derivatives
Calculated Fisher is *atleast* positive-definite.
Time taken to compute FM is 7.20814323425293 seconds
    CV from_0PA#1 it   1 lam=1.9e+04 ov=0.9983395 chi2=1.426e+00 rel=2.0e-05
Body is not plunging, Fisher should be stable.
waveform shape: (3, 6311629)
Computing SNR for parameters: (np.float64(1001218.3399146461), np.float64(999.7191201505331), np.float64(-0.4945759517099461), np.float64(24.656170298689855), np.float64(0.39991575335793866), 1.0, 39.7010887, np.float64(1.051028654076045), np.float64(0.780314426779476), 0.628318531, 0.523598776, np.float64(0.2143389009542452), 0.2, np.float64(-6.083913941424255), 0.95, False, False, False, True, 0.0, 0.0, np.float64(-5.125705604525131e-07), np.float64(0.00017672529898594302))
Waveform Generated. SNR: 20.734425902162577
calculating Fisher matrix...
Finished derivatives
Calculated Fisher is *atleast* positive-definite.
Time taken to compute FM is 7.096276521682739 seconds
    CV from_0PA#1 it   2 lam=1.2e+04 ov=0.9983395 chi2=1.426e+00 rel=3.6e-06
Body is not plunging, Fisher should be stable.
waveform shape: (3, 6311629)
Computing SNR for parameters: (np.float64(1001218.3399146447), np.float64(999.7191201505367), np.float64(-0.4945759517099706), np.float64(24.656170298689837), np.float64(0.39991575335793395), 1.0, 39.7010887, np.float64(1.051028655040869), np.float64(0.7803144268955301), 0.628318531, 0.523598776, np.float64(0.21433890065293232), 0.2, np.float64(-6.083913941788442), 0.95, False, False, False, True, 0.0, 0.0, np.float64(-5.125682050726034e-07), np.float64(0.00017672572974103737))
Waveform Generated. SNR: 20.734424550869534
calculating Fisher matrix...
Finished derivatives
Calculated Fisher is *atleast* positive-definite.
Time taken to compute FM is 6.811422109603882 seconds
    CV from_0PA#1 it   3 lam=8.7e+09 ov=0.9983395 chi2=1.426e+00 rel=6.6e-12
    NM  nfev=1965 ov 0.9983395 -> 0.9983396 (accepted=True)
Body is not plunging, Fisher should be stable.
waveform shape: (3, 6311629)
Computing SNR for parameters: (np.float64(1001218.3397365287), np.float64(999.719119666257), np.float64(-0.4945759518791935), np.float64(24.656170297947003), np.float64(0.3999157533395178), 1.0, 39.7010887, np.float64(1.05106227841731), np.float64(0.7803221704898382), 0.628318531, 0.523598776, np.float64(0.21436142582300727), 0.2, np.float64(-6.083896802378391), 0.95, False, False, False, True, 0.0, 0.0, np.float64(-8.880428386489661e-07), np.float64(0.00017870526760682809))
Waveform Generated. SNR: 20.734375145864583
calculating stable deltas...
plunging! t_interp:  31558144.999999993 t_traj:  31537433.11853907
plunging! t_interp:  31558144.999999993 t_traj:  31551411.13382173
minimum relative error is greater than 1% for dev_1. Fisher may be unstable!
minimum relative error is greater than 1% for dev_2. Fisher may be unstable!
Time taken to compute stable deltas is 68.78645730018616 seconds
calculating Fisher matrix...
Finished derivatives
Calculated Fisher is *atleast* positive-definite.
Time taken to compute FM is 6.388954401016235 seconds
    CV from_0PA#2 it   0 lam=6.3e-01 ov=0.9983396 chi2=1.426e+00 rel=2.3e-05
Body is not plunging, Fisher should be stable.
waveform shape: (3, 6311629)
Computing SNR for parameters: (np.float64(1001218.3398031582), np.float64(999.7191194934217), np.float64(-0.4945759514146941), np.float64(24.656170298716987), np.float64(0.3999157535006073), 1.0, 39.7010887, np.float64(1.0510717387407134), np.float64(0.7803418280945733), 0.628318531, 0.523598776, np.float64(0.21431173424145533), 0.2, np.float64(-6.08393098615465), 0.95, False, False, False, True, 0.0, 0.0, np.float64(-4.383459540874939e-07), np.float64(0.00019761824458790304))
Waveform Generated. SNR: 20.73428019413224
calculating Fisher matrix...
Finished derivatives
Calculated Fisher is *atleast* positive-definite.
Time taken to compute FM is 7.0695109367370605 seconds
    CV from_0PA#2 it   1 lam=4.4e+05 ov=0.9983396 chi2=1.426e+00 rel=4.3e-06
Body is not plunging, Fisher should be stable.
waveform shape: (3, 6311629)
Computing SNR for parameters: (np.float64(1001218.3398031582), np.float64(999.7191194934215), np.float64(-0.49457595141469374), np.float64(24.656170298716987), np.float64(0.39991575350060743), 1.0, 39.7010887, np.float64(1.0510717387449569), np.float64(0.7803418281054417), 0.628318531, 0.523598776, np.float64(0.2143117342146473), 0.2, np.float64(-6.083930986172518), 0.95, False, False, False, True, 0.0, 0.0, np.float64(-4.3834627656500845e-07), np.float64(0.00019761825343942926))
Waveform Generated. SNR: 20.734278628383215
calculating Fisher matrix...
Finished derivatives
Calculated Fisher is *atleast* positive-definite.
Time taken to compute FM is 7.015841722488403 seconds
    CV from_0PA#2 it   2 lam=4.8e+09 ov=0.9983396 chi2=1.426e+00 rel=5.8e-13

[idx16] --- start = from_NMdev (overlap 0.9578537) ---
Body is not plunging, Fisher should be stable.
waveform shape: (3, 6311629)
Computing SNR for parameters: (np.float64(1001441.0085), np.float64(999.4568), np.float64(-0.494132), np.float64(24.65378), np.float64(0.399867), 1.0, 39.7010887, np.float64(1.047184), np.float64(0.780949), 0.628318531, 0.523598776, np.float64(0.423076), 0.2, np.float64(-6.059404), 0.95, False, False, False, True, 0.0, 0.0, np.float64(0.354552), np.float64(0.788409))
Waveform Generated. SNR: 20.837386691827895
calculating stable deltas...
plunging! t_interp:  31558144.999999996 t_traj:  31537464.84274597
plunging! t_interp:  31558144.999999996 t_traj:  31551442.481999665
Time taken to compute stable deltas is 66.30421876907349 seconds
calculating Fisher matrix...
Finished derivatives
Calculated Fisher is *atleast* positive-definite.
Time taken to compute FM is 6.0590434074401855 seconds
    CV from_NMdev#1 it   0 lam=3.3e-03 ov=0.9578537 chi2=3.630e+01 rel=9.5e-01
Body is not plunging, Fisher should be stable.
waveform shape: (3, 6311629)
Computing SNR for parameters: (np.float64(1001440.9172324792), np.float64(999.4568889170378), np.float64(-0.49413310492528084), np.float64(24.653778963145996), np.float64(0.39986639756434594), 1.0, 39.7010887, np.float64(1.0378134023425223), np.float64(0.794023619836065), 0.628318531, 0.523598776, np.float64(0.37102956982126717), 0.2, np.float64(-6.06448918913649), 0.95, False, False, False, True, 0.0, 0.0, np.float64(0.3546191498560847), np.float64(0.797028612012145))
Waveform Generated. SNR: 20.624995883546184
calculating Fisher matrix...
Finished derivatives
Calculated Fisher is *atleast* positive-definite.
Time taken to compute FM is 6.870948553085327 seconds
    CV from_NMdev#1 it   1 lam=1.1e-03 ov=0.9977164 chi2=1.949e+00 rel=1.2e-01
Body is not plunging, Fisher should be stable.
waveform shape: (3, 6311629)
Computing SNR for parameters: (np.float64(1001440.945911903), np.float64(999.4566107536754), np.float64(-0.4941348326438939), np.float64(24.653779132019455), np.float64(0.39986574882394016), 1.0, 39.7010887, np.float64(1.0459260323950101), np.float64(0.791214516745904), 0.628318531, 0.523598776, np.float64(0.3577212725671998), 0.2, np.float64(-6.067119485328022), 0.95, False, False, False, True, 0.0, 0.0, np.float64(0.3543114095813126), np.float64(0.7960307553088182))
Waveform Generated. SNR: 20.649015762429904
calculating Fisher matrix...
Finished derivatives
Calculated Fisher is *atleast* positive-definite.
Time taken to compute FM is 7.032705545425415 seconds
    CV from_NMdev#1 it   2 lam=3.7e-04 ov=0.9979854 chi2=1.720e+00 rel=6.4e-02
Body is not plunging, Fisher should be stable.
waveform shape: (3, 6311629)
Computing SNR for parameters: (np.float64(1001441.0083736205), np.float64(999.4560903118977), np.float64(-0.4941396379941493), np.float64(24.653779227289984), np.float64(0.3998650097265716), 1.0, 39.7010887, np.float64(1.0476388723681231), np.float64(0.7906439565561706), 0.628318531, 0.523598776, np.float64(0.33949270703777745), 0.2, np.float64(-6.069920878034773), 0.95, False, False, False, True, 0.0, 0.0, np.float64(0.35373779339481437), np.float64(0.7935959519702419))
Waveform Generated. SNR: 20.653057958506146
calculating Fisher matrix...
Finished derivatives
Calculated Fisher is not positive semi-definite. Try lowering inspiral error tolerance or increasing the derivative order.
Time taken to compute FM is 7.2554614543914795 seconds
    CV from_NMdev#1 it   3 lam=1.2e-04 ov=0.9981153 chi2=1.609e+00 rel=6.6e-02
Body is not plunging, Fisher should be stable.
waveform shape: (3, 6311629)
Computing SNR for parameters: (np.float64(1001441.0515434908), np.float64(999.4551363551174), np.float64(-0.49414783310484506), np.float64(24.65377848671712), np.float64(0.3998647000332558), 1.0, 39.7010887, np.float64(1.0483589567642606), np.float64(0.7903126115904471), 0.628318531, 0.523598776, np.float64(0.31943924870774393), 0.2, np.float64(-6.064534386185536), 0.95, False, False, False, True, 0.0, 0.0, np.float64(0.35265622857833334), np.float64(0.7973339546627972))
Waveform Generated. SNR: 20.65412688429732
calculating Fisher matrix...
Finished derivatives
Calculated Fisher is *atleast* positive-definite.
Time taken to compute FM is 7.015007972717285 seconds
    CV from_NMdev#1 it   4 lam=4.1e-05 ov=0.9982390 chi2=1.504e+00 rel=4.9e-02
Body is not plunging, Fisher should be stable.
waveform shape: (3, 6311629)
Computing SNR for parameters: (np.float64(1001440.8105019709), np.float64(999.4536280866673), np.float64(-0.49415656023494514), np.float64(24.653774062937078), np.float64(0.39986516097296404), 1.0, 39.7010887, np.float64(1.0486989635778496), np.float64(0.791050263194625), 0.628318531, 0.523598776, np.float64(0.3014104961270944), 0.2, np.float64(-6.053589028260989), 0.95, False, False, False, True, 0.0, 0.0, np.float64(0.350950192396133), np.float64(0.8028001943487539))
Waveform Generated. SNR: 20.649069776504664
calculating stable deltas...
plunging! t_interp:  31558144.999999993 t_traj:  31537419.16502648
plunging! t_interp:  31558144.999999993 t_traj:  31551396.817678787
Time taken to compute stable deltas is 65.43395519256592 seconds
calculating Fisher matrix...
Finished derivatives
Calculated Fisher is *atleast* positive-definite.
Time taken to compute FM is 6.038010358810425 seconds
    CV from_NMdev#1 it   5 lam=1.4e-05 ov=0.9983254 chi2=1.430e+00 rel=4.9e-02
Body is not plunging, Fisher should be stable.
waveform shape: (3, 6311629)
Computing SNR for parameters: (np.float64(1001439.6770340165), np.float64(999.4510485341841), np.float64(-0.49416113577116355), np.float64(24.653759114424215), np.float64(0.39986645073944016), 1.0, 39.7010887, np.float64(1.04884156075772), np.float64(0.7911647076664969), 0.628318531, 0.523598776, np.float64(0.28787252509721584), 0.2, np.float64(-6.0473214562345365), 0.95, False, False, False, True, 0.0, 0.0, np.float64(0.3481178267828406), np.float64(0.7908389544273415))
Waveform Generated. SNR: 20.648851602460777
calculating Fisher matrix...
Finished derivatives
Calculated Fisher is *atleast* positive-definite.
Time taken to compute FM is 6.875397682189941 seconds
    CV from_NMdev#1 it   6 lam=4.6e-06 ov=0.9984080 chi2=1.359e+00 rel=9.1e-02
Body is not plunging, Fisher should be stable.
waveform shape: (3, 6311629)
Computing SNR for parameters: (np.float64(1001436.84170952), np.float64(999.4457838463311), np.float64(-0.49416247905066335), np.float64(24.65372262728652), np.float64(0.3998692445880693), 1.0, 39.7010887, np.float64(1.0490926128758666), np.float64(0.7900681436062292), 0.628318531, 0.523598776, np.float64(0.2715234976114518), 0.2, np.float64(-6.0462685441671065), 0.95, False, False, False, True, 0.0, 0.0, np.float64(0.3424125009036673), np.float64(0.7476448499718211))
Waveform Generated. SNR: 20.65733203064627
calculating Fisher matrix...
Finished derivatives
Calculated Fisher is *atleast* positive-definite.
Time taken to compute FM is 7.097533464431763 seconds
    CV from_NMdev#1 it   7 lam=1.5e-06 ov=0.9985524 chi2=1.236e+00 rel=1.1e-01
Body is not plunging, Fisher should be stable.
waveform shape: (3, 6311629)
Computing SNR for parameters: (np.float64(1001432.4601761705), np.float64(999.4374597533949), np.float64(-0.49416293697997826), np.float64(24.65366155552281), np.float64(0.3998736536936701), 1.0, 39.7010887, np.float64(1.0494940503817978), np.float64(0.7881082031296655), 0.628318531, 0.523598776, np.float64(0.24741123392263606), 0.2, np.float64(-6.046520528491742), 0.95, False, False, False, True, 0.0, 0.0, np.float64(0.3334102522949248), np.float64(0.6764725741315027))
Waveform Generated. SNR: 20.672626965786826
calculating Fisher matrix...
Finished derivatives
Calculated Fisher is *atleast* positive-definite.
Time taken to compute FM is 7.183159589767456 seconds
    CV from_NMdev#1 it   8 lam=5.1e-07 ov=0.9987075 chi2=1.104e+00 rel=4.5e-02
Body is not plunging, Fisher should be stable.
waveform shape: (3, 6311629)
Computing SNR for parameters: (np.float64(1001429.6876730514), np.float64(999.4305343965054), np.float64(-0.494161459942605), np.float64(24.653599221246004), np.float64(0.3998771868840164), 1.0, 39.7010887, np.float64(1.0498151485081173), np.float64(0.7864434539470219), 0.628318531, 0.523598776, np.float64(0.2274021789118134), 0.2, np.float64(-6.046681391152247), 0.95, False, False, False, True, 0.0, 0.0, np.float64(0.32596103099169293), np.float64(0.6179382965407816))
Waveform Generated. SNR: 20.685740813499105
calculating Fisher matrix...
Finished derivatives
Calculated Fisher is *atleast* positive-definite.
Time taken to compute FM is 6.868247985839844 seconds
    CV from_NMdev#1 it   9 lam=1.7e-07 ov=0.9987670 chi2=1.054e+00 rel=7.8e-03
Body is not plunging, Fisher should be stable.
waveform shape: (3, 6311629)
Computing SNR for parameters: (np.float64(1001431.9180200602), np.float64(999.4281418061244), np.float64(-0.4941543742004187), np.float64(24.65353570015691), np.float64(0.39987791730037126), 1.0, 39.7010887, np.float64(1.0499158925027419), np.float64(0.7858857693006327), 0.628318531, 0.523598776, np.float64(0.2201629294539478), 0.2, np.float64(-6.0463235117705185), 0.95, False, False, False, True, 0.0, 0.0, np.float64(0.3235022509185251), np.float64(0.6005182233282387))
Waveform Generated. SNR: 20.690158512412786
calculating stable deltas...
plunging! t_interp:  31558144.999999993 t_traj:  31537442.681018636
plunging! t_interp:  31558144.999999993 t_traj:  31551420.385828257
Time taken to compute stable deltas is 64.98963737487793 seconds
calculating Fisher matrix...
Finished derivatives
Calculated Fisher is not positive semi-definite. Try lowering inspiral error tolerance or increasing the derivative order.
Time taken to compute FM is 6.0263872146606445 seconds
    CV from_NMdev#1 it  10 lam=5.6e-08 ov=0.9987770 chi2=1.046e+00 rel=1.1e-02
Body is not plunging, Fisher should be stable.
waveform shape: (3, 6311629)
Computing SNR for parameters: (np.float64(1001442.2143543607), np.float64(999.4277720009809), np.float64(-0.4941327636776968), np.float64(24.65339486464775), np.float64(0.39987647550945643), 1.0, 39.7010887, np.float64(1.0502533253711166), np.float64(0.7858956380196014), 0.628318531, 0.523598776, np.float64(0.2179614928485231), 0.2, np.float64(-6.045204848612873), 0.95, False, False, False, True, 0.0, 0.0, np.float64(0.3234732418913429), np.float64(0.6063880164387252))
Waveform Generated. SNR: 20.691158124357834
calculating Fisher matrix...
Finished derivatives
Calculated Fisher is not positive semi-definite. Try lowering inspiral error tolerance or increasing the derivative order.
Time taken to compute FM is 6.907651662826538 seconds
    CV from_NMdev#1 it  11 lam=1.9e-08 ov=0.9987910 chi2=1.034e+00 rel=3.3e-02
Body is not plunging, Fisher should be stable.
waveform shape: (3, 6311629)
Computing SNR for parameters: (np.float64(1001472.3095197368), np.float64(999.4276436532102), np.float64(-0.4940704623557381), np.float64(24.652996691540064), np.float64(0.39987188296397996), 1.0, 39.7010887, np.float64(1.050276846209582), np.float64(0.7860086271331446), 0.628318531, 0.523598776, np.float64(0.2146025154897245), 0.2, np.float64(-6.041605749301567), 0.95, False, False, False, True, 0.0, 0.0, np.float64(0.32443945711769145), np.float64(0.6313982784585453))
Waveform Generated. SNR: 20.690664034167703
calculating Fisher matrix...
Finished derivatives
Calculated Fisher is *atleast* positive-definite.
Time taken to compute FM is 7.306136608123779 seconds
    CV from_NMdev#1 it  12 lam=6.3e-09 ov=0.9988304 chi2=1.000e+00 rel=7.8e-02
Body is not plunging, Fisher should be stable.
waveform shape: (3, 6311629)
Computing SNR for parameters: (np.float64(1001550.3130237896), np.float64(999.4272978915403), np.float64(-0.4939090253824994), np.float64(24.651965077890775), np.float64(0.39985997079830665), 1.0, 39.7010887, np.float64(1.0503677956420971), np.float64(0.7863166422576965), 0.628318531, 0.523598776, np.float64(0.2060014150458868), 0.2, np.float64(-6.032252425739656), 0.95, False, False, False, True, 0.0, 0.0, np.float64(0.3270013040503162), np.float64(0.6965075668817657))
Waveform Generated. SNR: 20.68944192660978
calculating Fisher matrix...
Finished derivatives
Calculated Fisher is *atleast* positive-definite.
Time taken to compute FM is 7.004611253738403 seconds
    CV from_NMdev#1 it  13 lam=6.3e-09 ov=0.9989220 chi2=9.217e-01 rel=7.7e-02
Body is not plunging, Fisher should be stable.
waveform shape: (3, 6311629)
Computing SNR for parameters: (np.float64(1001709.353263857), np.float64(999.425150660191), np.float64(-0.4935798574667431), np.float64(24.649861781094828), np.float64(0.39983569076460673), 1.0, 39.7010887, np.float64(1.050452801029762), np.float64(0.786924561347293), 0.628318531, 0.523598776, np.float64(0.18845076661136206), 0.2, np.float64(-6.01320435149558), 0.95, False, False, False, True, 0.0, 0.0, np.float64(0.33368264459848307), np.float64(0.8303294471910787))
Waveform Generated. SNR: 20.68367079010513
calculating Fisher matrix...
Finished derivatives
Calculated Fisher is *atleast* positive-definite.
Time taken to compute FM is 6.938743352890015 seconds
    CV from_NMdev#1 it  14 lam=2.1e-09 ov=0.9990044 chi2=8.510e-01 rel=1.3e-01
Body is not plunging, Fisher should be stable.
waveform shape: (3, 6311629)
Computing SNR for parameters: (np.float64(1001815.4941567798), np.float64(999.4227968391884), np.float64(-0.49336037620283385), np.float64(24.648460069788214), np.float64(0.3998194520278264), 1.0, 39.7010887, np.float64(1.0506181259249974), np.float64(0.7873649657863379), 0.628318531, 0.523598776, np.float64(0.17707128707867675), 0.2, np.float64(-6.000501474357305), 0.95, False, False, False, True, 0.0, 0.0, np.float64(0.3392106174346419), np.float64(0.9221538431224131))
Waveform Generated. SNR: 20.687247268744954
calculating stable deltas...
plunging! t_interp:  31558144.999999996 t_traj:  31537489.089438718
plunging! t_interp:  31558144.999999996 t_traj:  31551466.253456496
Time taken to compute stable deltas is 65.58619117736816 seconds
calculating Fisher matrix...
Finished derivatives
Calculated Fisher is *atleast* positive-definite.
Time taken to compute FM is 6.102248668670654 seconds
    CV from_NMdev#1 it  15 lam=2.0e-09 ov=0.9991346 chi2=7.399e-01 rel=3.9e-02
Body is not plunging, Fisher should be stable.
waveform shape: (3, 6311629)
Computing SNR for parameters: (np.float64(1001950.141643812), np.float64(999.4128805011476), np.float64(-0.4930816964386562), np.float64(24.64667846099846), np.float64(0.39979895366926593), 1.0, 39.7010887, np.float64(1.0507623265397132), np.float64(0.7878931009455461), 0.628318531, 0.523598776, np.float64(0.16190899277624965), 0.2, np.float64(-5.98441304454069), 0.95, False, False, False, True, 0.0, 0.0, np.float64(0.35276339251844036), np.float64(1.0424315910953637))
Waveform Generated. SNR: 20.683072260479165
calculating Fisher matrix...
Finished derivatives
Calculated Fisher is *atleast* positive-definite.
Time taken to compute FM is 7.230789422988892 seconds
    CV from_NMdev#1 it  16 lam=2.0e-09 ov=0.9991680 chi2=7.111e-01 rel=1.1e-02
Body is not plunging, Fisher should be stable.
waveform shape: (3, 6311629)
Computing SNR for parameters: (np.float64(1002001.5343275818), np.float64(999.4023201972668), np.float64(-0.4929755375455527), np.float64(24.646000816556878), np.float64(0.39979107921886475), 1.0, 39.7010887, np.float64(1.0508469949414354), np.float64(0.7881060089569544), 0.628318531, 0.523598776, np.float64(0.15651753031349583), 0.2, np.float64(-5.9783079556687415), 0.95, False, False, False, True, 0.0, 0.0, np.float64(0.3649853209766811), np.float64(1.0969587265466931))
Waveform Generated. SNR: 20.687096232335623
calculating Fisher matrix...
Finished derivatives
Calculated Fisher is *atleast* positive-definite.
Time taken to compute FM is 6.850817918777466 seconds
    CV from_NMdev#1 it  17 lam=6.7e-10 ov=0.9991776 chi2=7.030e-01 rel=2.1e-02
Body is not plunging, Fisher should be stable.
waveform shape: (3, 6311629)
Computing SNR for parameters: (np.float64(1002029.9925325951), np.float64(999.3903215102205), np.float64(-0.4929165380003399), np.float64(24.645623187703546), np.float64(0.39978679321813093), 1.0, 39.7010887, np.float64(1.0508251295236062), np.float64(0.7882048368779214), 0.628318531, 0.523598776, np.float64(0.15313595495414895), 0.2, np.float64(-5.974913338519011), 0.95, False, False, False, True, 0.0, 0.0, np.float64(0.377661365056125), np.float64(1.131342352770167))
Waveform Generated. SNR: 20.683873691857684
calculating Fisher matrix...
Finished derivatives
Calculated Fisher is *atleast* positive-definite.
Time taken to compute FM is 7.173699378967285 seconds
    CV from_NMdev#1 it  18 lam=4.3e-08 ov=0.9991945 chi2=6.884e-01 rel=1.0e-04
Body is not plunging, Fisher should be stable.
waveform shape: (3, 6311629)
Computing SNR for parameters: (np.float64(1002029.0866373657), np.float64(999.3897924527329), np.float64(-0.4929184469004903), np.float64(24.645635542166136), np.float64(0.3997869163635349), 1.0, 39.7010887, np.float64(1.050853182545277), np.float64(0.7882067084720438), 0.628318531, 0.523598776, np.float64(0.15324095390603407), 0.2, np.float64(-5.975016271543179), 0.95, False, False, False, True, 0.0, 0.0, np.float64(0.3782200332854095), np.float64(1.1313124357480056))
Waveform Generated. SNR: 20.683862337046087
calculating Fisher matrix...
Finished derivatives
Calculated Fisher is *atleast* positive-definite.
Time taken to compute FM is 6.9300267696380615 seconds
    CV from_NMdev#1 it  19 lam=4.3e-08 ov=0.9991946 chi2=6.884e-01 rel=6.0e-05
Body is not plunging, Fisher should be stable.
waveform shape: (3, 6311629)
Computing SNR for parameters: (np.float64(1002030.4373243444), np.float64(999.3894388770407), np.float64(-0.49291560365489373), np.float64(24.645617678976542), np.float64(0.3997867088985557), 1.0, 39.7010887, np.float64(1.0508642679431266), np.float64(0.7882071686905914), 0.628318531, 0.523598776, np.float64(0.15317684091122186), 0.2, np.float64(-5.974931095683787), 0.95, False, False, False, True, 0.0, 0.0, np.float64(0.3786210854068971), np.float64(1.1327299508991953))
Waveform Generated. SNR: 20.684046689282955
calculating stable deltas...
plunging! t_interp:  31558144.999999996 t_traj:  31537514.54662703
plunging! t_interp:  31558144.999999996 t_traj:  31551491.411673754
Time taken to compute stable deltas is 65.40051102638245 seconds
calculating Fisher matrix...
Finished derivatives
Calculated Fisher is *atleast* positive-definite.
Time taken to compute FM is 6.041715383529663 seconds
    CV from_NMdev#1 it  20 lam=6.7e-08 ov=0.9991947 chi2=6.883e-01 rel=8.4e-06
Body is not plunging, Fisher should be stable.
waveform shape: (3, 6311629)
Computing SNR for parameters: (np.float64(1002031.5642522561), np.float64(999.3889411618845), np.float64(-0.4929132868140988), np.float64(24.64560301958913), np.float64(0.39978654053844265), 1.0, 39.7010887, np.float64(1.0506903995904924), np.float64(0.7881898911311791), 0.628318531, 0.523598776, np.float64(0.15314104038347442), 0.2, np.float64(-5.974699541025463), 0.95, False, False, False, True, 0.0, 0.0, np.float64(0.3791886822435712), np.float64(1.134416563536124))
Waveform Generated. SNR: 20.683982613996744
calculating Fisher matrix...
Finished derivatives
Calculated Fisher is *atleast* positive-definite.
Time taken to compute FM is 6.9560723304748535 seconds
    CV from_NMdev#1 it  21 lam=1.2e-07 ov=0.9991947 chi2=6.883e-01 rel=1.6e-05
Body is not plunging, Fisher should be stable.
waveform shape: (3, 6311629)
Computing SNR for parameters: (np.float64(1002031.905735131), np.float64(999.3888406419264), np.float64(-0.49291258251267556), np.float64(24.64559856286649), np.float64(0.39978649145622297), 1.0, 39.7010887, np.float64(1.050613478628616), np.float64(0.7881800864863698), 0.628318531, 0.523598776, np.float64(0.15313756737052633), 0.2, np.float64(-5.974616645019023), 0.95, False, False, False, True, 0.0, 0.0, np.float64(0.37930871932214055), np.float64(1.1348812595055606))
Waveform Generated. SNR: 20.68396351994604
calculating Fisher matrix...
Finished derivatives
Calculated Fisher is *atleast* positive-definite.
Time taken to compute FM is 7.093047380447388 seconds
    CV from_NMdev#1 it  22 lam=1.2e+133 ov=0.9991947 chi2=6.883e-01 rel=0.0e+00
    NM  nfev=1808 ov 0.9991947 -> 0.9991948 (accepted=True)
Body is not plunging, Fisher should be stable.
waveform shape: (3, 6311629)
Computing SNR for parameters: (np.float64(1002031.906460196), np.float64(999.3888934121237), np.float64(-0.4929125819600656), np.float64(24.64559856788516), np.float64(0.39978649152400714), 1.0, 39.7010887, np.float64(1.0507156842096248), np.float64(0.7882319229590435), 0.628318531, 0.523598776, np.float64(0.15315862837321742), 0.2, np.float64(-5.974609552312395), 0.95, False, False, False, True, 0.0, 0.0, np.float64(0.3792572766206834), np.float64(1.1348587227429476))
Waveform Generated. SNR: 20.683666582005394
calculating stable deltas...
plunging! t_interp:  31558144.999999993 t_traj:  31537514.70612747
plunging! t_interp:  31558144.999999993 t_traj:  31551491.564656567
Time taken to compute stable deltas is 69.22342658042908 seconds
calculating Fisher matrix...
Finished derivatives
Calculated Fisher is *atleast* positive-definite.
Time taken to compute FM is 6.0738372802734375 seconds
    CV from_NMdev#2 it   0 lam=2.0e-02 ov=0.9991948 chi2=6.882e-01 rel=1.2e-05
Body is not plunging, Fisher should be stable.
waveform shape: (3, 6311629)
Computing SNR for parameters: (np.float64(1002031.9064958739), np.float64(999.3888930646207), np.float64(-0.4929125813224843), np.float64(24.645598568504703), np.float64(0.3997864904260898), 1.0, 39.7010887, np.float64(1.0508205548300869), np.float64(0.7882411950096602), 0.628318531, 0.523598776, np.float64(0.15321805588959708), 0.2, np.float64(-5.974604679164602), 0.95, False, False, False, True, 0.0, 0.0, np.float64(0.37925689793082257), np.float64(1.1348566333394203))
Waveform Generated. SNR: 20.683744568433756
calculating Fisher matrix...
Finished derivatives
Calculated Fisher is *atleast* positive-definite.
Time taken to compute FM is 7.02165412902832 seconds
    CV from_NMdev#2 it   1 lam=2.2e+02 ov=0.9991948 chi2=6.882e-01 rel=9.0e-06
Body is not plunging, Fisher should be stable.
waveform shape: (3, 6311629)
Computing SNR for parameters: (np.float64(1002031.9064958685), np.float64(999.3888930646281), np.float64(-0.4929125813225514), np.float64(24.64559856850464), np.float64(0.3997864904260386), 1.0, 39.7010887, np.float64(1.0508205661219419), np.float64(0.7882411945448864), 0.628318531, 0.523598776, np.float64(0.1532180587385176), 0.2, np.float64(-5.97460467818888), 0.95, False, False, False, True, 0.0, 0.0, np.float64(0.3792568979385178), np.float64(1.1348566335230221))
Waveform Generated. SNR: 20.68374362030778
calculating Fisher matrix...
Finished derivatives
Calculated Fisher is *atleast* positive-definite.
Time taken to compute FM is 7.199261426925659 seconds
    CV from_NMdev#2 it   2 lam=5.8e+02 ov=0.9991948 chi2=6.882e-01 rel=2.5e-08
Body is not plunging, Fisher should be stable.
waveform shape: (3, 6311629)
Computing SNR for parameters: (np.float64(1002031.9064958664), np.float64(999.3888930646308), np.float64(-0.4929125813225763), np.float64(24.645598568504614), np.float64(0.3997864904260194), 1.0, 39.7010887, np.float64(1.050820570355289), np.float64(0.7882411943740468), 0.628318531, 0.523598776, np.float64(0.15321805981116202), 0.2, np.float64(-5.974604677824881), 0.95, False, False, False, True, 0.0, 0.0, np.float64(0.37925689794139317), np.float64(1.1348566335960368))
Waveform Generated. SNR: 20.683743945624364
calculating Fisher matrix...
Finished derivatives
Calculated Fisher is *atleast* positive-definite.
Time taken to compute FM is 7.1093432903289795 seconds
    CV from_NMdev#2 it   3 lam=4.1e+08 ov=0.9991948 chi2=6.882e-01 rel=6.8e-11

======================================================================
model = 0PA + simple deviation  (IMRI, 11 params)
case        SNR      start    ov@start       ov@CV    ov@NMdev
idx0     341.83   from_0PA    0.993451    0.993900    0.992155
idx0     341.83 from_NMdev    0.991992    0.994416    0.992155
idx1      20.82   from_0PA    0.967545    0.967547    0.999792
idx1      20.82 from_NMdev    0.999646    0.999792    0.999792
idx16     20.67   from_0PA    0.998338    0.998340    0.997521
idx16     20.67 from_NMdev    0.957854    0.999195    0.997521

optimized 11-param points  [m1, m2, a, p0, e0, qS, phiS, Phi_phi0, Phi_r0, dev_1, dev_2]:
[idx0 from_0PA] ov=0.993900 = [1.00176271e+06, 4.99512540e+03, 7.03961926e-01, 2.49674733e+01, 2.49798426e-01, 7.87459728e-01, 1.00437763e+00, 9.88776752e-01, 6.64620596e-01, 1.65510330e-04, 1.21569887e-02]
[idx0 from_NMdev] ov=0.994416 = [1.00255040e+06, 4.97117914e+03, 7.04892232e-01, 2.49588788e+01, 2.49588301e-01, 7.85007052e-01, 9.96917188e-01, 1.17142064e+00, 8.31226153e-01, 1.01946527e+00, 2.12977995e+00]
[idx1 from_0PA] ov=0.967547 = [9.98144044e+05, 1.00129945e+03, -4.99651130e-01, 2.49922463e+01, 9.98839662e-02, 1.05181533e+00, 7.90205936e-01, 6.30934086e+00, 4.49289520e-01, 4.47344312e-07, -1.15825641e-02]
[idx1 from_NMdev] ov=0.999792 = [1.00150144e+06, 1.00008083e+03, -4.94048544e-01, 2.49384198e+01, 9.93798899e-02, 1.04712456e+00, 7.86461836e-01, 6.44174720e+00, 1.92785904e-01, -3.45102296e-01, 1.09610902e+01]
[idx16 from_0PA] ov=0.998340 = [1.00121834e+06, 9.99719119e+02, -4.94575951e-01, 2.46561703e+01, 3.99915754e-01, 1.05107174e+00, 7.80341828e-01, 2.14311734e-01, -6.08393099e+00, -4.38346277e-07, 1.97618253e-04]
[idx16 from_NMdev] ov=0.999195 = [1.00203191e+06, 9.99388893e+02, -4.92912581e-01, 2.46455986e+01, 3.99786490e-01, 1.05082057e+00, 7.88241194e-01, 1.53218060e-01, -5.97460468e+00, 3.79256898e-01, 1.13485663e+00]

[saved] all results -> /home/svu/e1583490/EMRI_CV_bias/src/results_imri_simple.json
