startup
======================================================================

[idx0] --- start = from_MAP (overlap 0.9999735) ---
Body is not plunging, Fisher should be stable.
waveform shape: (3, 7889537)
Computing SNR for parameters: (np.float64(1000044.8842), np.float64(10.000062758), np.float64(-0.89985997562), np.float64(13.066900351), np.float64(0.099981605459), 1.0, 2.8282909665832117, np.float64(1.0471975512), np.float64(0.7853981634), 0.6283185307179586, 0.5235987755982988, np.float64(0.11010061766), 0.2, np.float64(0.26898423615), 0.95, False, False, False, True, np.float64(0.0), np.float64(0.0))
Waveform Generated. SNR: 19.999912682070036
The optimal source SNR is <= 20. The Fisher approximation may not be valid!
calculating stable deltas...
minimum relative error is greater than 1% for dev_1. Fisher may be unstable!
Time taken to compute stable deltas is 35.10382270812988 seconds
calculating Fisher matrix...
Finished derivatives
Calculated Fisher is *atleast* positive-definite.
Time taken to compute FM is 3.4232983589172363 seconds
    CV from_MAP#1 it   0 lam=3.3e-03 ov=0.9999735 chi2=2.122e-02 rel=3.5e-01
Body is not plunging, Fisher should be stable.
waveform shape: (3, 7889537)
Computing SNR for parameters: (np.float64(1000044.8839769699), np.float64(10.000062269345642), np.float64(-0.8998600468112041), np.float64(13.066900336311754), np.float64(0.0999815378741137), 1.0, 2.8282909665832117, np.float64(1.0459559080365919), np.float64(0.785076322048219), 0.6283185307179586, 0.5235987755982988, np.float64(0.10578291040562365), 0.2, np.float64(0.27236624205734583), 0.95, False, False, False, True, np.float64(-0.0027642335418153648), np.float64(-5.3514558201429825e-05))
Waveform Generated. SNR: 20.005321586398843
calculating Fisher matrix...
Finished derivatives
Calculated Fisher is not positive semi-definite. Try lowering inspiral error tolerance or increasing the derivative order.
Time taken to compute FM is 4.022057771682739 seconds
    CV from_MAP#1 it   1 lam=3.3e-03 ov=0.9999829 chi2=1.374e-02 rel=9.2e-02
Body is not plunging, Fisher should be stable.
waveform shape: (3, 7889537)
Computing SNR for parameters: (np.float64(1000044.8856283637), np.float64(10.000061284551895), np.float64(-0.8998601399828874), np.float64(13.066900327456336), np.float64(0.09998145278608568), 1.0, 2.8282909665832117, np.float64(1.046140112908625), np.float64(0.7852342630045216), 0.6283185307179586, 0.5235987755982988, np.float64(0.10316798659893477), 0.2, np.float64(0.27472284488597787), 0.95, False, False, False, True, np.float64(-0.0043896034359213725), np.float64(-8.221107365242073e-05))
Waveform Generated. SNR: 20.00410269085394
calculating Fisher matrix...
Finished derivatives
Calculated Fisher is *atleast* positive-definite.
Time taken to compute FM is 4.003072500228882 seconds
    CV from_MAP#1 it   2 lam=2.6e-01 ov=0.9999844 chi2=1.248e-02 rel=2.5e-02
Body is not plunging, Fisher should be stable.
waveform shape: (3, 7889537)
Computing SNR for parameters: (np.float64(1000044.8854893489), np.float64(10.000061248631072), np.float64(-0.8998601398306382), np.float64(13.066900326847863), np.float64(0.0999814463266498), 1.0, 2.8282909665832117, np.float64(1.0460911488496012), np.float64(0.7853127759127168), 0.6283185307179586, 0.5235987755982988, np.float64(0.10360938365499867), 0.2, np.float64(0.2749827444896474), 0.95, False, False, False, True, np.float64(-0.0047876183474627005), np.float64(-4.878286104892701e-05))
Waveform Generated. SNR: 20.00397137438066
calculating Fisher matrix...
Finished derivatives
Calculated Fisher is *atleast* positive-definite.
Time taken to compute FM is 3.9775125980377197 seconds
    CV from_MAP#1 it   3 lam=3.5e-01 ov=0.9999848 chi2=1.217e-02 rel=7.6e-03
Body is not plunging, Fisher should be stable.
waveform shape: (3, 7889537)
Computing SNR for parameters: (np.float64(1000044.8853234228), np.float64(10.000061259930614), np.float64(-0.8998601436214779), np.float64(13.066900325174405), np.float64(0.09998144487663692), 1.0, 2.8282909665832117, np.float64(1.0461243340374442), np.float64(0.7852712225013271), 0.6283185307179586, 0.5235987755982988, np.float64(0.10348151507301886), 0.2, np.float64(0.2748497706650029), 0.95, False, False, False, True, np.float64(-0.004400134073964681), np.float64(-4.1485477599183265e-05))
Waveform Generated. SNR: 20.004016677355725
calculating Fisher matrix...
Finished derivatives
Calculated Fisher is not positive semi-definite. Try lowering inspiral error tolerance or increasing the derivative order.
Time taken to compute FM is 4.0924506187438965 seconds
    CV from_MAP#1 it   4 lam=6.7e-01 ov=0.9999849 chi2=1.208e-02 rel=5.2e-04
Body is not plunging, Fisher should be stable.
waveform shape: (3, 7889537)
Computing SNR for parameters: (np.float64(1000044.8852967392), np.float64(10.000061257039565), np.float64(-0.8998601449874036), np.float64(13.066900324755448), np.float64(0.09998144417409756), 1.0, 2.8282909665832117, np.float64(1.0461316144825048), np.float64(0.7852451718870899), 0.6283185307179586, 0.5235987755982988, np.float64(0.1033866899048879), 0.2, np.float64(0.27488107322338234), 0.95, False, False, False, True, np.float64(-0.004249783744463716), np.float64(-4.874008460937661e-05))
Waveform Generated. SNR: 20.00409097486671
calculating stable deltas...
minimum relative error is greater than 1% for dev_1. Fisher may be unstable!
minimum relative error is greater than 1% for dev_2. Fisher may be unstable!
Time taken to compute stable deltas is 34.441232681274414 seconds
calculating Fisher matrix...
Finished derivatives
Calculated Fisher is *atleast* positive-definite.
Time taken to compute FM is 3.4376840591430664 seconds
    CV from_MAP#1 it   5 lam=6.7e-01 ov=0.9999849 chi2=1.207e-02 rel=2.3e-02
Body is not plunging, Fisher should be stable.
waveform shape: (3, 7889537)
Computing SNR for parameters: (np.float64(1000044.8854715645), np.float64(10.000061241731293), np.float64(-0.8998601443840739), np.float64(13.066900325816535), np.float64(0.09998144533470012), 1.0, 2.8282909665832117, np.float64(1.0461483127670448), np.float64(0.78524020907042), 0.6283185307179586, 0.5235987755982988, np.float64(0.10332507181642796), 0.2, np.float64(0.27480279291085186), 0.95, False, False, False, True, np.float64(-0.0044464887461863), np.float64(-6.429581255135986e-05))
Waveform Generated. SNR: 20.00405244738216
calculating Fisher matrix...
Finished derivatives
Calculated Fisher is *atleast* positive-definite.
Time taken to compute FM is 3.974137783050537 seconds
    CV from_MAP#1 it   6 lam=1.1e+00 ov=0.9999853 chi2=1.179e-02 rel=4.0e-03
Body is not plunging, Fisher should be stable.
waveform shape: (3, 7889537)
Computing SNR for parameters: (np.float64(1000044.8853617567), np.float64(10.000061256898332), np.float64(-0.8998601465401628), np.float64(13.066900324763429), np.float64(0.09998144535068161), 1.0, 2.8282909665832117, np.float64(1.0462093423890289), np.float64(0.7852340999078211), 0.6283185307179586, 0.5235987755982988, np.float64(0.1031839416488032), 0.2, np.float64(0.27488386685842353), 0.95, False, False, False, True, np.float64(-0.004349517884936641), np.float64(-0.00010280068173969675))
Waveform Generated. SNR: 20.00386955876236
calculating Fisher matrix...
Finished derivatives
Calculated Fisher is *atleast* positive-definite.
Time taken to compute FM is 3.999596118927002 seconds
    CV from_MAP#1 it   7 lam=1.1e+00 ov=0.9999853 chi2=1.174e-02 rel=1.7e-03
Body is not plunging, Fisher should be stable.
waveform shape: (3, 7889537)
Computing SNR for parameters: (np.float64(1000044.8853765397), np.float64(10.000061252213651), np.float64(-0.8998601465328129), np.float64(13.06690032485074), np.float64(0.09998144508472077), 1.0, 2.8282909665832117, np.float64(1.0461833260761186), np.float64(0.7852316079057776), 0.6283185307179586, 0.5235987755982988, np.float64(0.10316817790090343), 0.2, np.float64(0.27494432058587565), 0.95, False, False, False, True, np.float64(-0.004421072633388653), np.float64(-0.00010600475275550181))
Waveform Generated. SNR: 20.00396707898394
calculating Fisher matrix...
Finished derivatives
Calculated Fisher is *atleast* positive-definite.
Time taken to compute FM is 3.9902524948120117 seconds
    CV from_MAP#1 it   8 lam=1.6e+01 ov=0.9999854 chi2=1.173e-02 rel=4.2e-05
Body is not plunging, Fisher should be stable.
waveform shape: (3, 7889537)
Computing SNR for parameters: (np.float64(1000044.8853763745), np.float64(10.000061252011886), np.float64(-0.8998601465786763), np.float64(13.06690032484067), np.float64(0.09998144506141984), 1.0, 2.8282909665832117, np.float64(1.0461811914536867), np.float64(0.7852314314654638), 0.6283185307179586, 0.5235987755982988, np.float64(0.1031647295225412), 0.2, np.float64(0.2749453383232161), 0.95, False, False, False, True, np.float64(-0.004414915314446437), np.float64(-0.0001054909326449436))
Waveform Generated. SNR: 20.003976934195585
calculating Fisher matrix...
Finished derivatives
Calculated Fisher is *atleast* positive-definite.
Time taken to compute FM is 4.116019010543823 seconds
    CV from_MAP#1 it   9 lam=1.3e+01 ov=0.9999854 chi2=1.172e-02 rel=1.2e-04
Body is not plunging, Fisher should be stable.
waveform shape: (3, 7889537)
Computing SNR for parameters: (np.float64(1000044.8853784964), np.float64(10.000061251764414), np.float64(-0.8998601465890373), np.float64(13.066900324849945), np.float64(0.09998144507000349), 1.0, 2.8282909665832117, np.float64(1.0461804511884998), np.float64(0.7852310327449684), 0.6283185307179586, 0.5235987755982988, np.float64(0.10316193330461026), 0.2, np.float64(0.274944136899794), 0.95, False, False, False, True, np.float64(-0.004419326336358441), np.float64(-0.0001053298062840364))
Waveform Generated. SNR: 20.003978652018017
calculating stable deltas...
minimum relative error is greater than 1% for dev_2. Fisher may be unstable!
Time taken to compute stable deltas is 34.5356650352478 seconds
calculating Fisher matrix...
Finished derivatives
Calculated Fisher is *atleast* positive-definite.
Time taken to compute FM is 3.3776912689208984 seconds
    CV from_MAP#1 it  10 lam=1.3e+01 ov=0.9999854 chi2=1.172e-02 rel=5.1e-05
Body is not plunging, Fisher should be stable.
waveform shape: (3, 7889537)
Computing SNR for parameters: (np.float64(1000044.8853801835), np.float64(10.000061251522055), np.float64(-0.8998601466077679), np.float64(13.06690032485521), np.float64(0.09998144507219874), 1.0, 2.8282909665832117, np.float64(1.0461794382593885), np.float64(0.7852306716090554), 0.6283185307179586, 0.5235987755982988, np.float64(0.10315889002232267), 0.2, np.float64(0.274943312793185), 0.95, False, False, False, True, np.float64(-0.004421987947237564), np.float64(-0.00010533081094615468))
Waveform Generated. SNR: 20.00398345486888
calculating Fisher matrix...
Finished derivatives
Calculated Fisher is not positive semi-definite. Try lowering inspiral error tolerance or increasing the derivative order.
Time taken to compute FM is 3.9626147747039795 seconds
    CV from_MAP#1 it  11 lam=1.3e+01 ov=0.9999854 chi2=1.172e-02 rel=6.9e-05
Body is not plunging, Fisher should be stable.
waveform shape: (3, 7889537)
Computing SNR for parameters: (np.float64(1000044.8853815885), np.float64(10.000061251294193), np.float64(-0.8998601466282181), np.float64(13.066900324858628), np.float64(0.09998144507137592), 1.0, 2.8282909665832117, np.float64(1.0461783959165367), np.float64(0.7852303493753956), 0.6283185307179586, 0.5235987755982988, np.float64(0.10315595989504994), 0.2, np.float64(0.274942802835555), 0.95, False, False, False, True, np.float64(-0.004424234830229672), np.float64(-0.00010532785113957592))
Waveform Generated. SNR: 20.00398853210241
calculating Fisher matrix...
Finished derivatives
Calculated Fisher is *atleast* positive-definite.
Time taken to compute FM is 3.999447822570801 seconds
    CV from_MAP#1 it  12 lam=4.2e+00 ov=0.9999854 chi2=1.172e-02 rel=1.1e-04
Body is not plunging, Fisher should be stable.
waveform shape: (3, 7889537)
Computing SNR for parameters: (np.float64(1000044.885381741), np.float64(10.000061251146853), np.float64(-0.8998601466571924), np.float64(13.066900324853629), np.float64(0.09998144505884925), 1.0, 2.8282909665832117, np.float64(1.0461772024457054), np.float64(0.785230181445694), 0.6283185307179586, 0.5235987755982988, np.float64(0.10315350201199405), 0.2, np.float64(0.2749430868575621), 0.95, False, False, False, True, np.float64(-0.004425442552427387), np.float64(-0.00010532677916539254))
Waveform Generated. SNR: 20.003994507534323
calculating Fisher matrix...
Finished derivatives
Calculated Fisher is not positive semi-definite. Try lowering inspiral error tolerance or increasing the derivative order.
Time taken to compute FM is 4.000024795532227 seconds
    CV from_MAP#1 it  13 lam=1.9e+09 ov=0.9999854 chi2=1.172e-02 rel=4.2e-12
    NM  nfev=2330 ov 0.9999854 -> 0.9999861 (accepted=True)
Body is not plunging, Fisher should be stable.
waveform shape: (3, 7889537)
Computing SNR for parameters: (np.float64(1000044.7408367282), np.float64(10.000054120743819), np.float64(-0.8998602289784805), np.float64(13.066899946290606), np.float64(0.09998242954118805), 1.0, 2.8282909665832117, np.float64(1.046012623704921), np.float64(0.7853326266748805), 0.6283185307179586, 0.5235987755982988, np.float64(0.1023291010683549), 0.2, np.float64(0.2810365532818598), 0.95, False, False, False, True, np.float64(-0.01154656423072239), np.float64(-0.00013579475483642327))
Waveform Generated. SNR: 20.004171270423544
calculating stable deltas...
minimum relative error is greater than 1% for dev_2. Fisher may be unstable!
Time taken to compute stable deltas is 35.02958846092224 seconds
calculating Fisher matrix...
Finished derivatives
Calculated Fisher is *atleast* positive-definite.
Time taken to compute FM is 3.4070041179656982 seconds
    CV from_MAP#2 it   0 lam=9.5e+137 ov=0.9999861 chi2=1.111e-02 rel=0.0e+00

[idx0] --- start = from_0PAcv (overlap 0.9999861) ---
Body is not plunging, Fisher should be stable.
waveform shape: (3, 7889537)
Computing SNR for parameters: (np.float64(1000044.7720278731), np.float64(10.00005294590481), np.float64(-0.8998601592219645), np.float64(13.066899681550376), np.float64(0.09998241980944299), 1.0, 2.8282909665832117, np.float64(1.0460138218995223), np.float64(0.7853309107578463), 0.6283185307179586, 0.5235987755982988, np.float64(0.10231277993160921), 0.2, np.float64(0.28107103756891927), 0.95, False, False, False, True, np.float64(0.0), np.float64(0.0))
Waveform Generated. SNR: 20.004168833992306
calculating stable deltas...
minimum relative error is greater than 1% for dev_1. Fisher may be unstable!
minimum relative error is greater than 1% for dev_2. Fisher may be unstable!
Time taken to compute stable deltas is 34.85698628425598 seconds
calculating Fisher matrix...
Finished derivatives
Calculated Fisher is not positive semi-definite. Try lowering inspiral error tolerance or increasing the derivative order.
Time taken to compute FM is 3.427507162094116 seconds
    CV from_0PAcv#1 it   0 lam=9.5e+137 ov=0.9999861 chi2=1.111e-02 rel=0.0e+00
    NM  nfev=1981 ov 0.9999861 -> 0.9999933 (accepted=True)
Body is not plunging, Fisher should be stable.
waveform shape: (3, 7889537)
Computing SNR for parameters: (np.float64(1000047.8087243316), np.float64(10.000042674430397), np.float64(-0.8998502994520724), np.float64(13.066861724054936), np.float64(0.09998762645289924), 1.0, 2.8282909665832117, np.float64(1.0465842857967296), np.float64(0.7851450969880311), 0.6283185307179586, 0.5235987755982988, np.float64(0.0956433099597942), 0.2, np.float64(0.28952653331281525), 0.95, False, False, False, True, np.float64(-0.35495588455554095), np.float64(-20.914789939108463))
Waveform Generated. SNR: 20.003140322250065
calculating stable deltas...
Time taken to compute stable deltas is 35.198742628097534 seconds
calculating Fisher matrix...
Finished derivatives
Calculated Fisher is *atleast* positive-definite.
Time taken to compute FM is 3.412325382232666 seconds
    CV from_0PAcv#2 it   0 lam=2.3e+08 ov=0.9999933 chi2=5.396e-03 rel=1.7e-12
======================================================================

[idx6] --- start = from_MAP (overlap 0.9999701) ---
Body is not plunging, Fisher should be stable.
waveform shape: (3, 7889537)
Computing SNR for parameters: (np.float64(1000057.8633), np.float64(10.000071718), np.float64(-0.49985782093), np.float64(12.217803482), np.float64(0.1999878468), 1.0, 4.09963816070808, np.float64(1.0471975512), np.float64(0.7853981634), 0.6283185307179586, 0.5235987755982988, np.float64(0.10170443578), 0.2, np.float64(0.29990713717), 0.95, False, False, False, True, np.float64(0.0), np.float64(0.0))
Waveform Generated. SNR: 19.999910177812097
The optimal source SNR is <= 20. The Fisher approximation may not be valid!
calculating stable deltas...
minimum relative error is greater than 1% for dev_1. Fisher may be unstable!
minimum relative error is greater than 1% for dev_2. Fisher may be unstable!
Time taken to compute stable deltas is 35.92992639541626 seconds
calculating Fisher matrix...
Finished derivatives
Calculated Fisher is *atleast* positive-definite.
Time taken to compute FM is 3.5354058742523193 seconds
    CV from_MAP#1 it   0 lam=3.3e-03 ov=0.9999701 chi2=2.395e-02 rel=4.1e-01
Body is not plunging, Fisher should be stable.
waveform shape: (3, 7889537)
Computing SNR for parameters: (np.float64(1000057.8600446252), np.float64(10.000071827348533), np.float64(-0.49985776736137005), np.float64(12.217803474236941), np.float64(0.19998782579362304), 1.0, 4.09963816070808, np.float64(1.0459905507885066), np.float64(0.7851721377677223), 0.6283185307179586, 0.5235987755982988, np.float64(0.09961086768487581), 0.2, np.float64(0.2939118521801263), 0.95, False, False, False, True, np.float64(0.0003882920955423997), np.float64(-5.4640690844451604e-05))
Waveform Generated. SNR: 20.005334383967693
calculating Fisher matrix...
Finished derivatives
Calculated Fisher is *atleast* positive-definite.
Time taken to compute FM is 4.086469888687134 seconds
    CV from_MAP#1 it   1 lam=5.2e+00 ov=0.9999824 chi2=1.412e-02 rel=9.0e-04
Body is not plunging, Fisher should be stable.
waveform shape: (3, 7889537)
Computing SNR for parameters: (np.float64(1000057.8600306571), np.float64(10.000071827885554), np.float64(-0.499857767255413), np.float64(12.21780347418147), np.float64(0.19998782570766677), 1.0, 4.09963816070808, np.float64(1.0459849559327294), np.float64(0.7851724441960638), 0.6283185307179586, 0.5235987755982988, np.float64(0.09961144007072771), 0.2, np.float64(0.29389934185981464), 0.95, False, False, False, True, np.float64(0.0003936577624220829), np.float64(2.1742411038929703e-05))
Waveform Generated. SNR: 20.0053541327561
calculating Fisher matrix...
Finished derivatives
Calculated Fisher is *atleast* positive-definite.
Time taken to compute FM is 4.080500364303589 seconds
    CV from_MAP#1 it   2 lam=4.3e+00 ov=0.9999824 chi2=1.411e-02 rel=7.4e-04
Body is not plunging, Fisher should be stable.
waveform shape: (3, 7889537)
Computing SNR for parameters: (np.float64(1000057.860013704), np.float64(10.00007182857675), np.float64(-0.4998577671992243), np.float64(12.217803474100503), np.float64(0.19998782561352074), 1.0, 4.09963816070808, np.float64(1.0459821339184827), np.float64(0.785172647961754), 0.6283185307179586, 0.5235987755982988, np.float64(0.09961344463960771), 0.2, np.float64(0.2938960503859847), 0.95, False, False, False, True, np.float64(0.0004028297079605436), np.float64(1.9043896836475825e-05))
Waveform Generated. SNR: 20.00536457754015
calculating Fisher matrix...
Finished derivatives
Calculated Fisher is *atleast* positive-definite.
Time taken to compute FM is 4.285932540893555 seconds
    CV from_MAP#1 it   3 lam=8.2e+00 ov=0.9999824 chi2=1.410e-02 rel=1.4e-04
Body is not plunging, Fisher should be stable.
waveform shape: (3, 7889537)
Computing SNR for parameters: (np.float64(1000057.860008269), np.float64(10.000071828297619), np.float64(-0.4998577669975757), np.float64(12.217803474108463), np.float64(0.1999878255522047), 1.0, 4.09963816070808, np.float64(1.045979411399599), np.float64(0.7851697574162602), 0.6283185307179586, 0.5235987755982988, np.float64(0.09961151393339783), 0.2, np.float64(0.29388521518275046), 0.95, False, False, False, True, np.float64(0.0004005621898218386), np.float64(-0.00010432809061370973))
Waveform Generated. SNR: 20.005385244436436
calculating Fisher matrix...
Finished derivatives
Calculated Fisher is *atleast* positive-definite.
Time taken to compute FM is 4.088023662567139 seconds
    CV from_MAP#1 it   4 lam=1.1e+01 ov=0.9999824 chi2=1.410e-02 rel=4.0e-04
Body is not plunging, Fisher should be stable.
waveform shape: (3, 7889537)
Computing SNR for parameters: (np.float64(1000057.8599939095), np.float64(10.000071828907815), np.float64(-0.4998577669781229), np.float64(12.217803474034767), np.float64(0.19998782547452557), 1.0, 4.09963816070808, np.float64(1.0459769066409406), np.float64(0.7851705323643307), 0.6283185307179586, 0.5235987755982988, np.float64(0.09961521347087436), 0.2, np.float64(0.293887463839434), 0.95, False, False, False, True, np.float64(0.0004053717079412658), np.float64(-0.00011450498833395711))
Waveform Generated. SNR: 20.00539388882944
calculating stable deltas...
minimum relative error is greater than 1% for dev_1. Fisher may be unstable!
minimum relative error is greater than 1% for dev_2. Fisher may be unstable!
Time taken to compute stable deltas is 35.999616861343384 seconds
calculating Fisher matrix...
Finished derivatives
Calculated Fisher is *atleast* positive-definite.
Time taken to compute FM is 3.481363534927368 seconds
    CV from_MAP#1 it   5 lam=2.1e+01 ov=0.9999824 chi2=1.409e-02 rel=3.1e-05
Body is not plunging, Fisher should be stable.
waveform shape: (3, 7889537)
Computing SNR for parameters: (np.float64(1000057.8599907282), np.float64(10.000071828902461), np.float64(-0.4998577669112004), np.float64(12.217803474029967), np.float64(0.19998782544813656), 1.0, 4.09963816070808, np.float64(1.045976303645458), np.float64(0.7851699529183133), 0.6283185307179586, 0.5235987755982988, np.float64(0.09961448872490514), 0.2, np.float64(0.2938841998238109), 0.95, False, False, False, True, np.float64(0.00040379230744320657), np.float64(-0.00011449378065150884))
Waveform Generated. SNR: 20.005393641704714
calculating Fisher matrix...
Finished derivatives
Calculated Fisher is not positive semi-definite. Try lowering inspiral error tolerance or increasing the derivative order.
Time taken to compute FM is 4.109858274459839 seconds
    CV from_MAP#1 it   6 lam=2.9e+01 ov=0.9999824 chi2=1.409e-02 rel=8.9e-05
Body is not plunging, Fisher should be stable.
waveform shape: (3, 7889537)
Computing SNR for parameters: (np.float64(1000057.8599868823), np.float64(10.000071829060499), np.float64(-0.4998577668972756), np.float64(12.217803474011822), np.float64(0.1999878254266853), 1.0, 4.09963816070808, np.float64(1.0459757708517854), np.float64(0.7851700150393807), 0.6283185307179586, 0.5235987755982988, np.float64(0.09961486112669765), 0.2, np.float64(0.2938830024121836), 0.95, False, False, False, True, np.float64(0.0004048349349834064), np.float64(-0.00011449593073630959))
Waveform Generated. SNR: 20.005395265123752
calculating Fisher matrix...
Finished derivatives
Calculated Fisher is *atleast* positive-definite.
Time taken to compute FM is 4.179497957229614 seconds
    CV from_MAP#1 it   7 lam=5.7e+01 ov=0.9999824 chi2=1.409e-02 rel=3.7e-05
Body is not plunging, Fisher should be stable.
waveform shape: (3, 7889537)
Computing SNR for parameters: (np.float64(1000057.8599860088), np.float64(10.000071829075305), np.float64(-0.49985776687725164), np.float64(12.217803474010788), np.float64(0.19998782542009483), 1.0, 4.09963816070808, np.float64(1.0459757327058135), np.float64(0.7851698204212694), 0.6283185307179586, 0.5235987755982988, np.float64(0.09961414192544842), 0.2, np.float64(0.29388051925740394), 0.95, False, False, False, True, np.float64(0.000404205462304915), np.float64(-0.00011448747825116642))
Waveform Generated. SNR: 20.00539628484231
calculating Fisher matrix...
Finished derivatives
Calculated Fisher is *atleast* positive-definite.
Time taken to compute FM is 4.089007377624512 seconds
    CV from_MAP#1 it   8 lam=5.7e+01 ov=0.9999824 chi2=1.409e-02 rel=4.3e-05
Body is not plunging, Fisher should be stable.
waveform shape: (3, 7889537)
Computing SNR for parameters: (np.float64(1000057.8599848514), np.float64(10.00007182911889), np.float64(-0.49985776687045724), np.float64(12.217803474005803), np.float64(0.19998782541334897), 1.0, 4.09963816070808, np.float64(1.045975589449952), np.float64(0.785169808245684), 0.6283185307179586, 0.5235987755982988, np.float64(0.09961414013676609), 0.2, np.float64(0.29387987966565177), 0.95, False, False, False, True, np.float64(0.0004052036967381305), np.float64(-0.0001144872150734542))
Waveform Generated. SNR: 20.005399513793947
calculating Fisher matrix...
Finished derivatives
Calculated Fisher is *atleast* positive-definite.
Time taken to compute FM is 4.136303186416626 seconds
    CV from_MAP#1 it   9 lam=1.9e+01 ov=0.9999824 chi2=1.409e-02 rel=4.8e-05
Body is not plunging, Fisher should be stable.
waveform shape: (3, 7889537)
Computing SNR for parameters: (np.float64(1000057.8599838377), np.float64(10.000071829154319), np.float64(-0.499857766862855), np.float64(12.217803474001741), np.float64(0.19998782540724097), 1.0, 4.09963816070808, np.float64(1.0459754707784734), np.float64(0.7851697793602913), 0.6283185307179586, 0.5235987755982988, np.float64(0.09961407563699401), 0.2, np.float64(0.2938791605149783), 0.95, False, False, False, True, np.float64(0.0004053826676935245), np.float64(-0.00011448716690019535))
Waveform Generated. SNR: 20.005399083189037
calculating stable deltas...
minimum relative error is greater than 1% for dev_1. Fisher may be unstable!
minimum relative error is greater than 1% for dev_2. Fisher may be unstable!
Time taken to compute stable deltas is 35.812499046325684 seconds
calculating Fisher matrix...
Finished derivatives
Calculated Fisher is *atleast* positive-definite.
Time taken to compute FM is 3.4858880043029785 seconds
    CV from_MAP#1 it  10 lam=4.5e+07 ov=0.9999824 chi2=1.409e-02 rel=3.4e-11
    NM  nfev=2238 ov 0.9999824 -> 0.9999846 (accepted=True)
Body is not plunging, Fisher should be stable.
waveform shape: (3, 7889537)
Computing SNR for parameters: (np.float64(1000058.034018089), np.float64(10.000067547129266), np.float64(-0.49985707524718753), np.float64(12.217801116963697), np.float64(0.1999879213276024), 1.0, 4.09963816070808, np.float64(1.0463223615975838), np.float64(0.7850894404778542), 0.6283185307179586, 0.5235987755982988, np.float64(0.09760408404808567), 0.2, np.float64(0.28905776812056), 0.95, False, False, False, True, np.float64(0.029624439350150494), np.float64(-1.1544536772945548))
Waveform Generated. SNR: 20.00443130203653
calculating stable deltas...
Time taken to compute stable deltas is 35.974080085754395 seconds
calculating Fisher matrix...
Finished derivatives
Calculated Fisher is *atleast* positive-definite.
Time taken to compute FM is 3.5032501220703125 seconds
    CV from_MAP#2 it   0 lam=9.5e+137 ov=0.9999846 chi2=1.231e-02 rel=0.0e+00

[idx6] --- start = from_0PAcv (overlap 0.9999844) ---
Body is not plunging, Fisher should be stable.
waveform shape: (3, 7889537)
Computing SNR for parameters: (np.float64(1000053.6810327651), np.float64(10.000072690976687), np.float64(-0.49986579385681296), np.float64(12.217836372258024), np.float64(0.19998845561480535), 1.0, 4.09963816070808, np.float64(1.04616365320541), np.float64(0.7851889874278619), 0.6283185307179586, 0.5235987755982988, np.float64(0.10143227642198388), 0.2, np.float64(0.2875618108647028), 0.95, False, False, False, True, np.float64(0.0), np.float64(0.0))
Waveform Generated. SNR: 20.00459943829443
calculating stable deltas...
minimum relative error is greater than 1% for dev_1. Fisher may be unstable!
minimum relative error is greater than 1% for dev_2. Fisher may be unstable!
Time taken to compute stable deltas is 35.412373542785645 seconds
calculating Fisher matrix...
Finished derivatives
Calculated Fisher is *atleast* positive-definite.
Time taken to compute FM is 3.445990562438965 seconds
    CV from_0PAcv#1 it   0 lam=1.4e+09 ov=0.9999844 chi2=1.253e-02 rel=1.8e-13
    NM  nfev=1918 ov 0.9999844 -> 0.9999844 (accepted=True)
Body is not plunging, Fisher should be stable.
waveform shape: (3, 7889537)
Computing SNR for parameters: (np.float64(1000053.6811006331), np.float64(10.000072691764075), np.float64(-0.4998657938058645), np.float64(12.217836371963928), np.float64(0.19998845556336525), 1.0, 4.09963816070808, np.float64(1.0461654353359375), np.float64(0.7851899171720079), 0.6283185307179586, 0.5235987755982988, np.float64(0.10143287945545414), 0.2, np.float64(0.28756572772333316), 0.95, False, False, False, True, np.float64(2.3894634236289374e-06), np.float64(2.7025839330794333e-05))
Waveform Generated. SNR: 20.004584906951138
calculating stable deltas...
minimum relative error is greater than 1% for dev_1. Fisher may be unstable!
minimum relative error is greater than 1% for dev_2. Fisher may be unstable!
Time taken to compute stable deltas is 35.901909828186035 seconds
calculating Fisher matrix...
Finished derivatives
Calculated Fisher is *atleast* positive-definite.
Time taken to compute FM is 3.459120273590088 seconds
    CV from_0PAcv#2 it   0 lam=5.3e+06 ov=0.9999844 chi2=1.253e-02 rel=7.9e-12
======================================================================

[idx12] --- start = from_MAP (overlap 0.9999334) ---
Body is not plunging, Fisher should be stable.
waveform shape: (3, 7889537)
Computing SNR for parameters: (np.float64(1000051.4197), np.float64(10.00010429), np.float64(9.8809396009e-05), np.float64(11.105511492), np.float64(0.29999155917), 1.0, 6.511129386938633, np.float64(1.0471975512), np.float64(0.7853981634), 0.6283185307179586, 0.5235987755982988, np.float64(0.1002104544), 0.2, np.float64(0.30000005703), 0.95, False, False, False, True, np.float64(0.0), np.float64(0.0))
Waveform Generated. SNR: 20.001422044060234
calculating stable deltas...
minimum relative error is greater than 1% for a. Fisher may be unstable!
minimum relative error is greater than 1% for dev_1. Fisher may be unstable!
minimum relative error is greater than 1% for dev_2. Fisher may be unstable!
Time taken to compute stable deltas is 38.44562840461731 seconds
calculating Fisher matrix...
Finished derivatives
Calculated Fisher is *atleast* positive-definite.
Time taken to compute FM is 3.7936830520629883 seconds
    CV from_MAP#1 it   0 lam=1.0e-02 ov=0.9999334 chi2=5.326e-02 rel=1.8e-01
Body is not plunging, Fisher should be stable.
waveform shape: (3, 7889537)
Computing SNR for parameters: (np.float64(1000051.4144443284), np.float64(10.000104462460095), np.float64(9.880991291872958e-05), np.float64(11.10551148493095), np.float64(0.29999154365734143), 1.0, 6.511129386938633, np.float64(1.0457558004815959), np.float64(0.7851429821198461), 0.6283185307179586, 0.5235987755982988, np.float64(0.09984425067418455), 0.2, np.float64(0.29634070388012906), 0.95, False, False, False, True, np.float64(-0.00588452698700866), np.float64(-0.014471779583456345))
Waveform Generated. SNR: 20.009026805401
calculating Fisher matrix...
Finished derivatives
Calculated Fisher is *atleast* positive-definite.
Time taken to compute FM is 4.330244064331055 seconds
    CV from_MAP#1 it   1 lam=8.7e-02 ov=0.9999452 chi2=4.393e-02 rel=7.3e-02
Body is not plunging, Fisher should be stable.
waveform shape: (3, 7889537)
Computing SNR for parameters: (np.float64(1000051.4131782667), np.float64(10.000104508077587), np.float64(9.880884621959458e-05), np.float64(11.10551148145494), np.float64(0.2999915401346724), 1.0, 6.511129386938633, np.float64(1.045767443968724), np.float64(0.7849798890373804), 0.6283185307179586, 0.5235987755982988, np.float64(0.09820795115919151), 0.2, np.float64(0.29529020306219583), 0.95, False, False, False, True, np.float64(-0.005478260213652537), np.float64(-0.014596357863166012))
Waveform Generated. SNR: 20.008627708268772
calculating Fisher matrix...
Finished derivatives
Calculated Fisher is *atleast* positive-definite.
Time taken to compute FM is 4.339876174926758 seconds
    CV from_MAP#1 it   2 lam=8.7e-02 ov=0.9999492 chi2=4.074e-02 rel=1.0e-01
Body is not plunging, Fisher should be stable.
waveform shape: (3, 7889537)
Computing SNR for parameters: (np.float64(1000051.4128379424), np.float64(10.000104504507055), np.float64(9.880986146188911e-05), np.float64(11.105511483145667), np.float64(0.2999915387647298), 1.0, 6.511129386938633, np.float64(1.0458948044116911), np.float64(0.7849654027525558), 0.6283185307179586, 0.5235987755982988, np.float64(0.09743082640519632), 0.2, np.float64(0.295017592087713), 0.95, False, False, False, True, np.float64(-0.005725335513790313), np.float64(-0.008925799580893248))
Waveform Generated. SNR: 20.008121446123756
calculating Fisher matrix...
Finished derivatives
Calculated Fisher is *atleast* positive-definite.
Time taken to compute FM is 4.3404295444488525 seconds
    CV from_MAP#1 it   3 lam=1.8e-01 ov=0.9999544 chi2=3.653e-02 rel=4.1e-02
Body is not plunging, Fisher should be stable.
waveform shape: (3, 7889537)
Computing SNR for parameters: (np.float64(1000051.4128652728), np.float64(10.000104493777675), np.float64(9.880950801187352e-05), np.float64(11.105511485051116), np.float64(0.29999153850857135), 1.0, 6.511129386938633, np.float64(1.0458158688672097), np.float64(0.7849751038333077), 0.6283185307179586, 0.5235987755982988, np.float64(0.09709271349125269), 0.2, np.float64(0.29488799724855874), 0.95, False, False, False, True, np.float64(-0.0056432044189513005), np.float64(-0.008422814527345553))
Waveform Generated. SNR: 20.009507864004988
calculating Fisher matrix...
Finished derivatives
Calculated Fisher is *atleast* positive-definite.
Time taken to compute FM is 4.327378034591675 seconds
    CV from_MAP#1 it   4 lam=5.1e-01 ov=0.9999563 chi2=3.504e-02 rel=1.4e-02
Body is not plunging, Fisher should be stable.
waveform shape: (3, 7889537)
Computing SNR for parameters: (np.float64(1000051.4131314401), np.float64(10.000104470676026), np.float64(9.881000381909024e-05), np.float64(11.105511487545701), np.float64(0.299991538659911), 1.0, 6.511129386938633, np.float64(1.0457133034834918), np.float64(0.7849871567413846), 0.6283185307179586, 0.5235987755982988, np.float64(0.0972613564427276), 0.2, np.float64(0.29511435300893224), 0.95, False, False, False, True, np.float64(-0.005641945991228079), np.float64(-0.006810831053894642))
Waveform Generated. SNR: 20.00883644208863
calculating stable deltas...
minimum relative error is greater than 1% for a. Fisher may be unstable!
minimum relative error is greater than 1% for dev_2. Fisher may be unstable!
Time taken to compute stable deltas is 38.36598587036133 seconds
calculating Fisher matrix...
Finished derivatives
Calculated Fisher is *atleast* positive-definite.
Time taken to compute FM is 3.7248106002807617 seconds
    CV from_MAP#1 it   5 lam=3.7e-01 ov=0.9999569 chi2=3.456e-02 rel=3.2e-02
Body is not plunging, Fisher should be stable.
waveform shape: (3, 7889537)
Computing SNR for parameters: (np.float64(1000051.4131344445), np.float64(10.000104477013458), np.float64(9.881184848250539e-05), np.float64(11.105511487747771), np.float64(0.2999915391009074), 1.0, 6.511129386938633, np.float64(1.0457804838992026), np.float64(0.7849981641667494), 0.6283185307179586, 0.5235987755982988, np.float64(0.09696622163690836), 0.2, np.float64(0.294641530233841), 0.95, False, False, False, True, np.float64(-0.005571011676016265), np.float64(-0.005696251882464376))
Waveform Generated. SNR: 20.009561965598994
calculating Fisher matrix...
Finished derivatives
Calculated Fisher is *atleast* positive-definite.
Time taken to compute FM is 4.349874973297119 seconds
    CV from_MAP#1 it   6 lam=1.2e-01 ov=0.9999583 chi2=3.344e-02 rel=6.5e-03
Body is not plunging, Fisher should be stable.
waveform shape: (3, 7889537)
Computing SNR for parameters: (np.float64(1000051.413056593), np.float64(10.000104483850333), np.float64(9.881365910997158e-05), np.float64(11.105511487741031), np.float64(0.2999915391288897), 1.0, 6.511129386938633, np.float64(1.0457861785342195), np.float64(0.785012257303229), 0.6283185307179586, 0.5235987755982988, np.float64(0.09679897731917662), 0.2, np.float64(0.29442306301746374), 0.95, False, False, False, True, np.float64(-0.00549643894795471), np.float64(-0.0043132438427750325))
Waveform Generated. SNR: 20.00947390218817
calculating Fisher matrix...
Finished derivatives
Calculated Fisher is *atleast* positive-definite.
Time taken to compute FM is 4.3704001903533936 seconds
    CV from_MAP#1 it   7 lam=4.1e-02 ov=0.9999586 chi2=3.322e-02 rel=8.2e-03
Body is not plunging, Fisher should be stable.
waveform shape: (3, 7889537)
Computing SNR for parameters: (np.float64(1000051.4128796209), np.float64(10.000104498737045), np.float64(9.881920351835755e-05), np.float64(11.105511487927881), np.float64(0.2999915390751648), 1.0, 6.511129386938633, np.float64(1.0457683904444497), np.float64(0.7850317038808218), 0.6283185307179586, 0.5235987755982988, np.float64(0.09668140726776807), 0.2, np.float64(0.2941320980466209), 0.95, False, False, False, True, np.float64(-0.005326240327312155), np.float64(-0.002678078309503976))
Waveform Generated. SNR: 20.009467762950642
calculating Fisher matrix...
Finished derivatives
Calculated Fisher is *atleast* positive-definite.
Time taken to compute FM is 4.324980020523071 seconds
    CV from_MAP#1 it   8 lam=1.4e-02 ov=0.9999590 chi2=3.295e-02 rel=1.1e-02
Body is not plunging, Fisher should be stable.
waveform shape: (3, 7889537)
Computing SNR for parameters: (np.float64(1000051.4126167026), np.float64(10.00010452301003), np.float64(9.882370571948251e-05), np.float64(11.105511490127455), np.float64(0.29999153916157517), 1.0, 6.511129386938633, np.float64(1.0457043482281354), np.float64(0.7850060115864571), 0.6283185307179586, 0.5235987755982988, np.float64(0.09668003432162461), 0.2, np.float64(0.2938710893415787), 0.95, False, False, False, True, np.float64(-0.005056212548873733), np.float64(-0.003042748700944948))
Waveform Generated. SNR: 20.00879442499679
calculating Fisher matrix...
Finished derivatives
Calculated Fisher is *atleast* positive-definite.
Time taken to compute FM is 4.285629034042358 seconds
    CV from_MAP#1 it   9 lam=1.4e-02 ov=0.9999594 chi2=3.257e-02 rel=2.7e-02
Body is not plunging, Fisher should be stable.
waveform shape: (3, 7889537)
Computing SNR for parameters: (np.float64(1000051.4120415631), np.float64(10.000104673804913), np.float64(9.886165638636845e-05), np.float64(11.105511488635909), np.float64(0.29999154200527817), 1.0, 6.511129386938633, np.float64(1.04574252446707), np.float64(0.7850398083565303), 0.6283185307179586, 0.5235987755982988, np.float64(0.09808039675817126), 0.2, np.float64(0.29271067531590594), 0.95, False, False, False, True, np.float64(-0.003271069323976903), np.float64(-0.01767125629706518))
Waveform Generated. SNR: 20.009546008023968
calculating stable deltas...
minimum relative error is greater than 1% for a. Fisher may be unstable!
Time taken to compute stable deltas is 38.39426803588867 seconds
calculating Fisher matrix...
Finished derivatives
Calculated Fisher is *atleast* positive-definite.
Time taken to compute FM is 3.708014488220215 seconds
    CV from_MAP#1 it  10 lam=4.7e+00 ov=0.9999605 chi2=3.169e-02 rel=7.1e-03
Body is not plunging, Fisher should be stable.
waveform shape: (3, 7889537)
Computing SNR for parameters: (np.float64(1000051.4120518848), np.float64(10.000104673585922), np.float64(9.886167940293035e-05), np.float64(11.105511488694903), np.float64(0.29999154204803247), 1.0, 6.511129386938633, np.float64(1.0457460607736675), np.float64(0.785037954034783), 0.6283185307179586, 0.5235987755982988, np.float64(0.09806921222959258), 0.2, np.float64(0.2926924328067047), 0.95, False, False, False, True, np.float64(-0.0032727254063628836), np.float64(-0.017761863910266934))
Waveform Generated. SNR: 20.00846280055222
calculating Fisher matrix...
Finished derivatives
Calculated Fisher is *atleast* positive-definite.
Time taken to compute FM is 4.340338230133057 seconds
    CV from_MAP#1 it  11 lam=4.7e+00 ov=0.9999608 chi2=3.146e-02 rel=8.9e-04
Body is not plunging, Fisher should be stable.
waveform shape: (3, 7889537)
Computing SNR for parameters: (np.float64(1000051.4120540331), np.float64(10.000104674199694), np.float64(9.886173831381239e-05), np.float64(11.105511488702085), np.float64(0.29999154208920864), 1.0, 6.511129386938633, np.float64(1.0457516634500723), np.float64(0.7850365043640991), 0.6283185307179586, 0.5235987755982988, np.float64(0.09805551547832227), 0.2, np.float64(0.29266180922969914), 0.95, False, False, False, True, np.float64(-0.0032655913788358936), np.float64(-0.01782471788496736))
Waveform Generated. SNR: 20.008444169937455
calculating Fisher matrix...
Finished derivatives
Calculated Fisher is *atleast* positive-definite.
Time taken to compute FM is 4.32905125617981 seconds
    CV from_MAP#1 it  12 lam=4.5e+140 ov=0.9999608 chi2=3.144e-02 rel=0.0e+00
    NM  nfev=2102 ov 0.9999608 -> 0.9999611 (accepted=True)
Body is not plunging, Fisher should be stable.
waveform shape: (3, 7889537)
Computing SNR for parameters: (np.float64(1000051.410804615), np.float64(10.000104445672314), np.float64(9.886319552036442e-05), np.float64(11.105511480080727), np.float64(0.29999153689182245), 1.0, 6.511129386938633, np.float64(1.0458114546896007), np.float64(0.7849944245962845), 0.6283185307179586, 0.5235987755982988, np.float64(0.0976676373943344), 0.2, np.float64(0.29257419339390706), 0.95, False, False, False, True, np.float64(-0.0004063950060828026), np.float64(-0.05133921014732652))
Waveform Generated. SNR: 20.00836457363176
calculating stable deltas...
minimum relative error is greater than 1% for dev_2. Fisher may be unstable!
Time taken to compute stable deltas is 38.72484755516052 seconds
calculating Fisher matrix...
Finished derivatives
Calculated Fisher is *atleast* positive-definite.
Time taken to compute FM is 3.7743775844573975 seconds
    CV from_MAP#2 it   0 lam=2.3e+08 ov=0.9999611 chi2=3.121e-02 rel=3.8e-06
Body is not plunging, Fisher should be stable.
waveform shape: (3, 7889537)
Computing SNR for parameters: (np.float64(1000051.410804615), np.float64(10.000104445672314), np.float64(9.886319552036524e-05), np.float64(11.105511480080727), np.float64(0.29999153689182245), 1.0, 6.511129386938633, np.float64(1.0458114546896142), np.float64(0.7849944245962799), 0.6283185307179586, 0.5235987755982988, np.float64(0.09766763739431701), 0.2, np.float64(0.2925741933939074), 0.95, False, False, False, True, np.float64(-0.00040639500606577856), np.float64(-0.05133921014730018))
Waveform Generated. SNR: 20.008364573634683
calculating Fisher matrix...
Finished derivatives
Calculated Fisher is *atleast* positive-definite.
Time taken to compute FM is 4.342868804931641 seconds
    CV from_MAP#2 it   1 lam=2.2e+148 ov=0.9999611 chi2=3.121e-02 rel=0.0e+00

[idx12] --- start = from_0PAcv (overlap 0.9999614) ---
Body is not plunging, Fisher should be stable.
waveform shape: (3, 7889537)
Computing SNR for parameters: (np.float64(1000051.4782712947), np.float64(10.000104989414359), np.float64(9.899365889262895e-05), np.float64(11.105511081442879), np.float64(0.29999153793538824), 1.0, 6.511129386938633, np.float64(1.0457118389778928), np.float64(0.7849727681788038), 0.6283185307179586, 0.5235987755982988, np.float64(0.10003194166108595), 0.2, np.float64(0.2913994760867554), 0.95, False, False, False, True, np.float64(0.0), np.float64(0.0))
Waveform Generated. SNR: 20.00890796286112
calculating stable deltas...
minimum relative error is greater than 1% for a. Fisher may be unstable!
minimum relative error is greater than 1% for dev_1. Fisher may be unstable!
minimum relative error is greater than 1% for dev_2. Fisher may be unstable!
Time taken to compute stable deltas is 38.80604290962219 seconds
calculating Fisher matrix...
Finished derivatives
Calculated Fisher is *atleast* positive-definite.
Time taken to compute FM is 3.862739086151123 seconds
    CV from_0PAcv#1 it   0 lam=2.3e+08 ov=0.9999614 chi2=3.095e-02 rel=1.7e-08
Body is not plunging, Fisher should be stable.
waveform shape: (3, 7889537)
Computing SNR for parameters: (np.float64(1000051.4782712947), np.float64(10.000104989414359), np.float64(9.899365889262815e-05), np.float64(11.105511081442879), np.float64(0.29999153793538824), 1.0, 6.511129386938633, np.float64(1.0457118389778899), np.float64(0.7849727681788063), 0.6283185307179586, 0.5235987755982988, np.float64(0.10003194166109856), 0.2, np.float64(0.2913994760867618), 0.95, False, False, False, True, np.float64(2.2121689894126596e-14), np.float64(1.32812287076173e-12))
Waveform Generated. SNR: 20.008907962861084
calculating Fisher matrix...
Finished derivatives
Calculated Fisher is *atleast* positive-definite.
Time taken to compute FM is 4.406331539154053 seconds
    CV from_0PAcv#1 it   1 lam=4.9e+09 ov=0.9999614 chi2=3.095e-02 rel=7.7e-14
    NM  nfev=1748 ov 0.9999614 -> 0.9999615 (accepted=True)
Body is not plunging, Fisher should be stable.
waveform shape: (3, 7889537)
Computing SNR for parameters: (np.float64(1000051.4714383192), np.float64(10.000105009075716), np.float64(9.898867773585247e-05), np.float64(11.105511126587109), np.float64(0.2999915415676034), 1.0, 6.511129386938633, np.float64(1.0457189814940429), np.float64(0.7849479501296704), 0.6283185307179586, 0.5235987755982988, np.float64(0.10043469314379713), 0.2, np.float64(0.29143778319674774), 0.95, False, False, False, True, np.float64(0.0003843146489949714), np.float64(-0.003099178703534131))
Waveform Generated. SNR: 20.008984883200853
calculating stable deltas...
minimum relative error is greater than 1% for dev_1. Fisher may be unstable!
minimum relative error is greater than 1% for dev_2. Fisher may be unstable!
Time taken to compute stable deltas is 38.682549715042114 seconds
calculating Fisher matrix...
Finished derivatives
Calculated Fisher is *atleast* positive-definite.
Time taken to compute FM is 3.7167372703552246 seconds
    CV from_0PAcv#2 it   0 lam=1.4e+09 ov=0.9999615 chi2=3.091e-02 rel=3.1e-13
======================================================================

[idx18] --- start = from_MAP (overlap 0.9995214) ---
Body is not plunging, Fisher should be stable.
waveform shape: (3, 7889537)
Computing SNR for parameters: (np.float64(1000045.3842), np.float64(10.00017116), np.float64(0.50006050192), np.float64(9.9412389174), np.float64(0.39999268941), 1.0, 10.065969264365489, np.float64(1.0471975512), np.float64(0.7853981634), 0.6283185307179586, 0.5235987755982988, np.float64(0.10011050683), 0.2, np.float64(0.30378736561), 0.95, False, False, False, True, np.float64(0.0), np.float64(0.0))
Waveform Generated. SNR: 20.000004298128555
calculating stable deltas...
minimum relative error is greater than 1% for dev_2. Fisher may be unstable!
Time taken to compute stable deltas is 41.08102989196777 seconds
calculating Fisher matrix...
Finished derivatives
Calculated Fisher is not positive semi-definite. Try lowering inspiral error tolerance or increasing the derivative order.
Time taken to compute FM is 3.9464166164398193 seconds
    CV from_MAP#1 it   0 lam=1.0e-02 ov=0.9995214 chi2=3.829e-01 rel=1.8e-01
Body is not plunging, Fisher should be stable.
waveform shape: (3, 7889537)
Computing SNR for parameters: (np.float64(1000045.3806383412), np.float64(10.00017130334616), np.float64(0.5000605807106098), np.float64(9.941238921195227), np.float64(0.39999267765486257), 1.0, 10.065969264365489, np.float64(1.0443441547266086), np.float64(0.7844379960199678), 0.6283185307179586, 0.5235987755982988, np.float64(0.0986107693079233), 0.2, np.float64(0.2914894517689478), 0.95, False, False, False, True, np.float64(0.0016096568776790589), np.float64(-0.0005599952412176086))
Waveform Generated. SNR: 20.020431390349327
calculating Fisher matrix...
Finished derivatives
Calculated Fisher is *atleast* positive-definite.
Time taken to compute FM is 4.578367233276367 seconds
    CV from_MAP#1 it   1 lam=3.4e-02 ov=0.9996089 chi2=3.137e-01 rel=1.8e-02
Body is not plunging, Fisher should be stable.
waveform shape: (3, 7889537)
Computing SNR for parameters: (np.float64(1000045.3820496717), np.float64(10.000171463356784), np.float64(0.5000605897023979), np.float64(9.941238929580699), np.float64(0.39999269619800004), 1.0, 10.065969264365489, np.float64(1.0441990796346072), np.float64(0.7844473521348235), 0.6283185307179586, 0.5235987755982988, np.float64(0.10228109422625484), 0.2, np.float64(0.29115172483163687), 0.95, False, False, False, True, np.float64(0.003911898359776107), np.float64(0.00047951930141091454))
Waveform Generated. SNR: 20.021162632519054
calculating Fisher matrix...
Finished derivatives
Calculated Fisher is *atleast* positive-definite.
Time taken to compute FM is 4.674524307250977 seconds
    CV from_MAP#1 it   2 lam=8.8e-02 ov=0.9996161 chi2=3.079e-01 rel=4.9e-02
Body is not plunging, Fisher should be stable.
waveform shape: (3, 7889537)
Computing SNR for parameters: (np.float64(1000045.3800768773), np.float64(10.000171460563507), np.float64(0.5000606042424972), np.float64(9.941238924576814), np.float64(0.399992684798769), 1.0, 10.065969264365489, np.float64(1.0438951703139812), np.float64(0.7842189251588751), 0.6283185307179586, 0.5235987755982988, np.float64(0.1074072638888254), 0.2, np.float64(0.29249343287804863), 0.95, False, False, False, True, np.float64(0.0038498102438475137), np.float64(0.0007417532430878989))
Waveform Generated. SNR: 20.023984285504476
calculating Fisher matrix...
Finished derivatives
Calculated Fisher is *atleast* positive-definite.
Time taken to compute FM is 4.588384628295898 seconds
    CV from_MAP#1 it   3 lam=7.4e-02 ov=0.9996353 chi2=2.927e-01 rel=1.6e-01
Body is not plunging, Fisher should be stable.
waveform shape: (3, 7889537)
Computing SNR for parameters: (np.float64(1000045.3800034572), np.float64(10.000171468272999), np.float64(0.5000606119089961), np.float64(9.94123892616151), np.float64(0.3999926844243591), 1.0, 10.065969264365489, np.float64(1.0439863801670188), np.float64(0.784290864930197), 0.6283185307179586, 0.5235987755982988, np.float64(0.1064855282936979), 0.2, np.float64(0.28981202940845635), 0.95, False, False, False, True, np.float64(0.004020904175352546), np.float64(0.0005914000714991685))
Waveform Generated. SNR: 20.02311913772135
calculating Fisher matrix...
Finished derivatives
Calculated Fisher is *atleast* positive-definite.
Time taken to compute FM is 4.629817008972168 seconds
    CV from_MAP#1 it   4 lam=7.2e-02 ov=0.9996922 chi2=2.471e-01 rel=3.5e-02
Body is not plunging, Fisher should be stable.
waveform shape: (3, 7889537)
Computing SNR for parameters: (np.float64(1000045.3794562517), np.float64(10.000171504392172), np.float64(0.5000606177940827), np.float64(9.94123892530711), np.float64(0.39999268367337315), 1.0, 10.065969264365489, np.float64(1.0440833724368186), np.float64(0.7842791998166614), 0.6283185307179586, 0.5235987755982988, np.float64(0.10540650266398853), 0.2, np.float64(0.2885847764876827), 0.95, False, False, False, True, np.float64(0.004356720200620851), np.float64(0.0005090593572089191))
Waveform Generated. SNR: 20.022654669749823
calculating stable deltas...
minimum relative error is greater than 1% for dev_2. Fisher may be unstable!
Time taken to compute stable deltas is 41.102354288101196 seconds
calculating Fisher matrix...
Finished derivatives
Calculated Fisher is *atleast* positive-definite.
Time taken to compute FM is 4.027766704559326 seconds
    CV from_MAP#1 it   5 lam=2.4e-02 ov=0.9997030 chi2=2.384e-01 rel=2.2e-02
Body is not plunging, Fisher should be stable.
waveform shape: (3, 7889537)
Computing SNR for parameters: (np.float64(1000045.3789982928), np.float64(10.000171527311892), np.float64(0.5000606261537339), np.float64(9.94123892540631), np.float64(0.3999926824548761), 1.0, 10.065969264365489, np.float64(1.0441928932175533), np.float64(0.7842227323486427), 0.6283185307179586, 0.5235987755982988, np.float64(0.10437217586731254), 0.2, np.float64(0.28757052327386395), 0.95, False, False, False, True, np.float64(0.00463996858729733), np.float64(0.0006529875171746635))
Waveform Generated. SNR: 20.022355786495538
calculating Fisher matrix...
Finished derivatives
Calculated Fisher is not positive semi-definite. Try lowering inspiral error tolerance or increasing the derivative order.
Time taken to compute FM is 4.628698825836182 seconds
    CV from_MAP#1 it   6 lam=2.6e-01 ov=0.9997096 chi2=2.331e-01 rel=1.8e-03
Body is not plunging, Fisher should be stable.
waveform shape: (3, 7889537)
Computing SNR for parameters: (np.float64(1000045.3785822868), np.float64(10.00017153905339), np.float64(0.5000606290614878), np.float64(9.941238924327424), np.float64(0.39999268099700275), 1.0, 10.065969264365489, np.float64(1.0442013954289657), np.float64(0.7842285705008964), 0.6283185307179586, 0.5235987755982988, np.float64(0.10457851492546885), 0.2, np.float64(0.28767358982614216), 0.95, False, False, False, True, np.float64(0.00476854653691045), np.float64(-0.004978868924170214))
Waveform Generated. SNR: 20.02228191750216
calculating Fisher matrix...
Finished derivatives
Calculated Fisher is *atleast* positive-definite.
Time taken to compute FM is 4.5451788902282715 seconds
    CV from_MAP#1 it   7 lam=8.7e-02 ov=0.9997101 chi2=2.327e-01 rel=2.7e-03
Body is not plunging, Fisher should be stable.
waveform shape: (3, 7889537)
Computing SNR for parameters: (np.float64(1000045.3784262207), np.float64(10.000171546804436), np.float64(0.5000606310785176), np.float64(9.941238924156828), np.float64(0.39999268062783766), 1.0, 10.065969264365489, np.float64(1.044216135679204), np.float64(0.7842208887684736), 0.6283185307179586, 0.5235987755982988, np.float64(0.10433051504596207), 0.2, np.float64(0.2873493637583221), 0.95, False, False, False, True, np.float64(0.004868026073536181), np.float64(-0.005410985569901887))
Waveform Generated. SNR: 20.02224113637055
calculating Fisher matrix...
Finished derivatives
Calculated Fisher is *atleast* positive-definite.
Time taken to compute FM is 4.55336332321167 seconds
    CV from_MAP#1 it   8 lam=2.9e-02 ov=0.9997109 chi2=2.321e-01 rel=4.1e-03
Body is not plunging, Fisher should be stable.
waveform shape: (3, 7889537)
Computing SNR for parameters: (np.float64(1000045.3780775022), np.float64(10.000171565598217), np.float64(0.5000606369641177), np.float64(9.941238924145653), np.float64(0.3999926796332528), 1.0, 10.065969264365489, np.float64(1.0442057746728584), np.float64(0.7842228784571543), 0.6283185307179586, 0.5235987755982988, np.float64(0.1041619213917246), 0.2, np.float64(0.28698935593060965), 0.95, False, False, False, True, np.float64(0.005100754618412375), np.float64(-0.0066493721996810345))
Waveform Generated. SNR: 20.022288431598867
calculating Fisher matrix...
Finished derivatives
Calculated Fisher is not positive semi-definite. Try lowering inspiral error tolerance or increasing the derivative order.
Time taken to compute FM is 4.603254795074463 seconds
    CV from_MAP#1 it   9 lam=3.3e+00 ov=0.9997120 chi2=2.311e-01 rel=4.5e-05
Body is not plunging, Fisher should be stable.
waveform shape: (3, 7889537)
Computing SNR for parameters: (np.float64(1000045.3780914823), np.float64(10.000171565413925), np.float64(0.5000606373630924), np.float64(9.941238924306216), np.float64(0.3999926796543854), 1.0, 10.065969264365489, np.float64(1.044206202531381), np.float64(0.7842203074769145), 0.6283185307179586, 0.5235987755982988, np.float64(0.10413621819746613), 0.2, np.float64(0.2869665917153691), 0.95, False, False, False, True, np.float64(0.00510068825420358), np.float64(-0.005984547444149907))
Waveform Generated. SNR: 20.022299336748034
calculating stable deltas...
Time taken to compute stable deltas is 41.123135566711426 seconds
calculating Fisher matrix...
Finished derivatives
Calculated Fisher is *atleast* positive-definite.
Time taken to compute FM is 3.981886148452759 seconds
    CV from_MAP#1 it  10 lam=1.2e+00 ov=0.9997121 chi2=2.311e-01 rel=1.2e-04
Body is not plunging, Fisher should be stable.
waveform shape: (3, 7889537)
Computing SNR for parameters: (np.float64(1000045.3780883735), np.float64(10.000171565778817), np.float64(0.50006063752425), np.float64(9.94123892433387), np.float64(0.39999267964824115), 1.0, 10.065969264365489, np.float64(1.0442055869803235), np.float64(0.7842207492697241), 0.6283185307179586, 0.5235987755982988, np.float64(0.10412600346071581), 0.2, np.float64(0.28695111211678925), 0.95, False, False, False, True, np.float64(0.005105872697863551), np.float64(-0.006058315715579888))
Waveform Generated. SNR: 20.02230042825814
calculating Fisher matrix...
Finished derivatives
Calculated Fisher is not positive semi-definite. Try lowering inspiral error tolerance or increasing the derivative order.
Time taken to compute FM is 4.59378719329834 seconds
    CV from_MAP#1 it  11 lam=4.1e-01 ov=0.9997121 chi2=2.311e-01 rel=3.0e-04
Body is not plunging, Fisher should be stable.
waveform shape: (3, 7889537)
Computing SNR for parameters: (np.float64(1000045.3780649125), np.float64(10.00017156726873), np.float64(0.5000606379265984), np.float64(9.941238924335847), np.float64(0.3999926795917617), 1.0, 10.065969264365489, np.float64(1.0442025385396927), np.float64(0.7842234042866073), 0.6283185307179586, 0.5235987755982988, np.float64(0.10411524047463747), 0.2, np.float64(0.28692522836444173), 0.95, False, False, False, True, np.float64(0.0051230569432763615), np.float64(-0.006298719298658062))
Waveform Generated. SNR: 20.022302349002114
calculating Fisher matrix...
Finished derivatives
Calculated Fisher is not positive semi-definite. Try lowering inspiral error tolerance or increasing the derivative order.
Time taken to compute FM is 4.569010972976685 seconds
    CV from_MAP#1 it  12 lam=1.4e-01 ov=0.9997122 chi2=2.310e-01 rel=7.4e-04
Body is not plunging, Fisher should be stable.
waveform shape: (3, 7889537)
Computing SNR for parameters: (np.float64(1000045.3780047626), np.float64(10.000171571285971), np.float64(0.5000606391070416), np.float64(9.94123892437959), np.float64(0.3999926794405446), 1.0, 10.065969264365489, np.float64(1.0441987100765153), np.float64(0.7842274322388174), 0.6283185307179586, 0.5235987755982988, np.float64(0.10409633908412821), 0.2, np.float64(0.28686210398954215), 0.95, False, False, False, True, np.float64(0.005172931948037425), np.float64(-0.006624533266106863))
Waveform Generated. SNR: 20.022302586610422
calculating Fisher matrix...
Finished derivatives
Calculated Fisher is *atleast* positive-definite.
Time taken to compute FM is 4.637608528137207 seconds
    CV from_MAP#1 it  13 lam=4.5e-02 ov=0.9997124 chi2=2.309e-01 rel=2.2e-03
Body is not plunging, Fisher should be stable.
waveform shape: (3, 7889537)
Computing SNR for parameters: (np.float64(1000045.3778279299), np.float64(10.00017158355245), np.float64(0.5000606424414266), np.float64(9.941238924480752), np.float64(0.39999267900405466), 1.0, 10.065969264365489, np.float64(1.0441966015841524), np.float64(0.7842325455989033), 0.6283185307179586, 0.5235987755982988, np.float64(0.1041133062239527), 0.2, np.float64(0.2867061210674396), 0.95, False, False, False, True, np.float64(0.005331150500097469), np.float64(-0.008061436439701804))
Waveform Generated. SNR: 20.022288170618012
calculating Fisher matrix...
Finished derivatives
Calculated Fisher is *atleast* positive-definite.
Time taken to compute FM is 4.581507682800293 seconds
    CV from_MAP#1 it  14 lam=2.7e-02 ov=0.9997130 chi2=2.303e-01 rel=7.0e-03
Body is not plunging, Fisher should be stable.
waveform shape: (3, 7889537)
Computing SNR for parameters: (np.float64(1000045.3772476377), np.float64(10.000171620859271), np.float64(0.5000606518010353), np.float64(9.941238924420324), np.float64(0.3999926774652375), 1.0, 10.065969264365489, np.float64(1.0442115626678068), np.float64(0.7842301259633612), 0.6283185307179586, 0.5235987755982988, np.float64(0.10437222856112975), 0.2, np.float64(0.28632896128682395), 0.95, False, False, False, True, np.float64(0.005867611197369801), np.float64(-0.014827814510066966))
Waveform Generated. SNR: 20.022220546252747
calculating stable deltas...
Time taken to compute stable deltas is 41.273268699645996 seconds
calculating Fisher matrix...
Finished derivatives
Calculated Fisher is *atleast* positive-definite.
Time taken to compute FM is 4.005901575088501 seconds
    CV from_MAP#1 it  15 lam=8.9e-03 ov=0.9997150 chi2=2.287e-01 rel=9.5e-03
Body is not plunging, Fisher should be stable.
waveform shape: (3, 7889537)
Computing SNR for parameters: (np.float64(1000045.3765449572), np.float64(10.000171679476013), np.float64(0.5000606660216984), np.float64(9.941238925177426), np.float64(0.3999926758014262), 1.0, 10.065969264365489, np.float64(1.0442326091960623), np.float64(0.7842225364682915), 0.6283185307179586, 0.5235987755982988, np.float64(0.10472316920844014), 0.2, np.float64(0.2856549378218397), 0.95, False, False, False, True, np.float64(0.0066461775785796465), np.float64(-0.02225961293570254))
Waveform Generated. SNR: 20.02214601790313
calculating Fisher matrix...
Finished derivatives
Calculated Fisher is not positive semi-definite. Try lowering inspiral error tolerance or increasing the derivative order.
Time taken to compute FM is 4.637937545776367 seconds
    CV from_MAP#1 it  16 lam=3.0e-03 ov=0.9997177 chi2=2.266e-01 rel=2.3e-02
Body is not plunging, Fisher should be stable.
waveform shape: (3, 7889537)
Computing SNR for parameters: (np.float64(1000045.3747885838), np.float64(10.00017183308627), np.float64(0.5000607015306325), np.float64(9.941238927368556), np.float64(0.3999926706391601), 1.0, 10.065969264365489, np.float64(1.044298879348033), np.float64(0.7841936517062581), 0.6283185307179586, 0.5235987755982988, np.float64(0.10583167540365322), 0.2, np.float64(0.2841252177763744), 0.95, False, False, False, True, np.float64(0.008763608531773331), np.float64(-0.04531004215317505))
Waveform Generated. SNR: 20.02193749819478
calculating Fisher matrix...
Finished derivatives
Calculated Fisher is *atleast* positive-definite.
Time taken to compute FM is 4.5728466510772705 seconds
    CV from_MAP#1 it  17 lam=9.9e-04 ov=0.9997243 chi2=2.213e-01 rel=4.0e-02
Body is not plunging, Fisher should be stable.
waveform shape: (3, 7889537)
Computing SNR for parameters: (np.float64(1000045.3720003697), np.float64(10.000172152384435), np.float64(0.5000607715988513), np.float64(9.941238936349869), np.float64(0.3999926569116193), 1.0, 10.065969264365489, np.float64(1.044459775052564), np.float64(0.7841338465109805), 0.6283185307179586, 0.5235987755982988, np.float64(0.10773556293146386), 0.2, np.float64(0.28098641692563014), 0.95, False, False, False, True, np.float64(0.013251608802177281), np.float64(-0.0945547520550977))
Waveform Generated. SNR: 20.02138233025177
calculating Fisher matrix...
Finished derivatives
Calculated Fisher is not positive semi-definite. Try lowering inspiral error tolerance or increasing the derivative order.
Time taken to compute FM is 4.5448527336120605 seconds
    CV from_MAP#1 it  18 lam=3.3e-04 ov=0.9997353 chi2=2.124e-01 rel=3.8e-02
Body is not plunging, Fisher should be stable.
waveform shape: (3, 7889537)
Computing SNR for parameters: (np.float64(1000045.3715924791), np.float64(10.000172600480619), np.float64(0.5000608597889471), np.float64(9.941238968250408), np.float64(0.3999926272806351), 1.0, 10.065969264365489, np.float64(1.0447238219751223), np.float64(0.7840611535147219), 0.6283185307179586, 0.5235987755982988, np.float64(0.1098484304213116), 0.2, np.float64(0.2765646593242118), 0.95, False, False, False, True, np.float64(0.020303632287511832), np.float64(-0.1636972759443476))
Waveform Generated. SNR: 20.020331327292507
calculating Fisher matrix...
Finished derivatives
Calculated Fisher is *atleast* positive-definite.
Time taken to compute FM is 4.540130615234375 seconds
    CV from_MAP#1 it  19 lam=1.1e-04 ov=0.9997454 chi2=2.043e-01 rel=1.7e-02
Body is not plunging, Fisher should be stable.
waveform shape: (3, 7889537)
Computing SNR for parameters: (np.float64(1000045.3803754455), np.float64(10.00017317480056), np.float64(0.5000609158056042), np.float64(9.941239050613474), np.float64(0.3999925860985629), 1.0, 10.065969264365489, np.float64(1.0449629979529986), np.float64(0.7840185988832389), 0.6283185307179586, 0.5235987755982988, np.float64(0.11102280253188856), 0.2, np.float64(0.2732554430340679), 0.95, False, False, False, True, np.float64(0.026883109984169384), np.float64(-0.21174629466049497))
Waveform Generated. SNR: 20.019262542957332
calculating stable deltas...
Time taken to compute stable deltas is 41.33188009262085 seconds
calculating Fisher matrix...
Finished derivatives
Calculated Fisher is *atleast* positive-definite.
Time taken to compute FM is 3.9454071521759033 seconds
    CV from_MAP#1 it  20 lam=3.7e-05 ov=0.9997496 chi2=2.009e-01 rel=1.3e-02
Body is not plunging, Fisher should be stable.
waveform shape: (3, 7889537)
Computing SNR for parameters: (np.float64(1000045.4197317717), np.float64(10.000173927714783), np.float64(0.5000609099708077), np.float64(9.941239301043215), np.float64(0.3999925200582665), 1.0, 10.065969264365489, np.float64(1.0450694537270078), np.float64(0.7840228443772125), 0.6283185307179586, 0.5235987755982988, np.float64(0.11221223833071847), 0.2, np.float64(0.2719987184017539), 0.95, False, False, False, True, np.float64(0.038295846913207296), np.float64(-0.17010617965812175))
Waveform Generated. SNR: 20.018663683117623
calculating Fisher matrix...
Finished derivatives
Calculated Fisher is *atleast* positive-definite.
Time taken to compute FM is 4.5905797481536865 seconds
    CV from_MAP#1 it  21 lam=1.2e-05 ov=0.9997529 chi2=1.983e-01 rel=2.8e-02
Body is not plunging, Fisher should be stable.
waveform shape: (3, 7889537)
Computing SNR for parameters: (np.float64(1000045.5231136944), np.float64(10.000176066351955), np.float64(0.5000608450783782), np.float64(9.941239932951015), np.float64(0.39999237003858407), 1.0, 10.065969264365489, np.float64(1.0451302118979517), np.float64(0.7840701456009148), 0.6283185307179586, 0.5235987755982988, np.float64(0.1146377839073364), 0.2, np.float64(0.2713571151294486), 0.95, False, False, False, True, np.float64(0.059519789066663734), np.float64(-0.016918832039687498))
Waveform Generated. SNR: 20.018089525591
calculating Fisher matrix...
Finished derivatives
Calculated Fisher is not positive semi-definite. Try lowering inspiral error tolerance or increasing the derivative order.
Time taken to compute FM is 4.548416376113892 seconds
    CV from_MAP#1 it  22 lam=4.1e-06 ov=0.9997599 chi2=1.926e-01 rel=4.5e-02
Body is not plunging, Fisher should be stable.
waveform shape: (3, 7889537)
Computing SNR for parameters: (np.float64(1000045.7376345922), np.float64(10.000180956977287), np.float64(0.5000607195168656), np.float64(9.94124116622825), np.float64(0.39999206797583564), 1.0, 10.065969264365489, np.float64(1.045247370996328), np.float64(0.7841678804233572), 0.6283185307179586, 0.5235987755982988, np.float64(0.11956169068696905), 0.2, np.float64(0.2701782713341624), 0.95, False, False, False, True, np.float64(0.09630656798234635), np.float64(0.2871481071854479))
Waveform Generated. SNR: 20.016951299539762
calculating Fisher matrix...
Finished derivatives
Calculated Fisher is *atleast* positive-definite.
Time taken to compute FM is 4.563495635986328 seconds
    CV from_MAP#1 it  23 lam=1.7e-06 ov=0.9997707 chi2=1.839e-01 rel=3.2e-02
Body is not plunging, Fisher should be stable.
waveform shape: (3, 7889537)
Computing SNR for parameters: (np.float64(1000046.0501422109), np.float64(10.000185041431461), np.float64(0.5000606065918107), np.float64(9.941242476549256), np.float64(0.3999916790841447), 1.0, 10.065969264365489, np.float64(1.0453944675814772), np.float64(0.7842976277307472), 0.6283185307179586, 0.5235987755982988, np.float64(0.1258230758499877), 0.2, np.float64(0.26873531764191777), 0.95, False, False, False, True, np.float64(0.1647852810804994), np.float64(0.6885089527486616))
Waveform Generated. SNR: 20.01547965627469
calculating Fisher matrix...
Finished derivatives
Calculated Fisher is *atleast* positive-definite.
Time taken to compute FM is 4.5699005126953125 seconds
    CV from_MAP#1 it  24 lam=5.6e-07 ov=0.9997780 chi2=1.780e-01 rel=7.5e-03
Body is not plunging, Fisher should be stable.
waveform shape: (3, 7889537)
Computing SNR for parameters: (np.float64(1000046.328232133), np.float64(10.000185683751614), np.float64(0.5000606746907318), np.float64(9.941242445230115), np.float64(0.39999146289652854), 1.0, 10.065969264365489, np.float64(1.0454873609780908), np.float64(0.7843394266605783), 0.6283185307179586, 0.5235987755982988, np.float64(0.12852168216598245), 0.2, np.float64(0.26785330003666163), 0.95, False, False, False, True, np.float64(0.21727025634488506), np.float64(0.9082928985486058))
Waveform Generated. SNR: 20.014757046035164
calculating stable deltas...
Time taken to compute stable deltas is 41.84312105178833 seconds
calculating Fisher matrix...
Finished derivatives
Calculated Fisher is *atleast* positive-definite.
Time taken to compute FM is 3.944195508956909 seconds
    CV from_MAP#1 it  25 lam=1.9e-07 ov=0.9997797 chi2=1.766e-01 rel=5.9e-03
Body is not plunging, Fisher should be stable.
waveform shape: (3, 7889537)
Computing SNR for parameters: (np.float64(1000046.8564606358), np.float64(10.000186312091934), np.float64(0.5000610967228335), np.float64(9.941240265202733), np.float64(0.3999912840188996), 1.0, 10.065969264365489, np.float64(1.045511736108671), np.float64(0.7843544620766774), 0.6283185307179586, 0.5235987755982988, np.float64(0.12928257001417065), 0.2, np.float64(0.26782778439997645), 0.95, False, False, False, True, np.float64(0.2539397082447861), np.float64(1.0367737652442561))
Waveform Generated. SNR: 20.014547004948124
calculating Fisher matrix...
Finished derivatives
Calculated Fisher is *atleast* positive-definite.
Time taken to compute FM is 4.547643423080444 seconds
    CV from_MAP#1 it  26 lam=6.2e-08 ov=0.9997809 chi2=1.756e-01 rel=1.6e-02
Body is not plunging, Fisher should be stable.
waveform shape: (3, 7889537)
Computing SNR for parameters: (np.float64(1000048.3189784405), np.float64(10.000186171669457), np.float64(0.5000624050564688), np.float64(9.941233238054037), np.float64(0.39999089460280907), 1.0, 10.065969264365489, np.float64(1.0455421693654998), np.float64(0.7843504613986064), 0.6283185307179586, 0.5235987755982988, np.float64(0.12932384231200889), 0.2, np.float64(0.2681528141632839), 0.95, False, False, False, True, np.float64(0.34240627306054605), np.float64(1.2697544469084774))
Waveform Generated. SNR: 20.014406440843768
calculating Fisher matrix...
Finished derivatives
Calculated Fisher is *atleast* positive-definite.
Time taken to compute FM is 4.610694408416748 seconds
    CV from_MAP#1 it  27 lam=2.1e-08 ov=0.9997845 chi2=1.727e-01 rel=4.5e-02
Body is not plunging, Fisher should be stable.
waveform shape: (3, 7889537)
Computing SNR for parameters: (np.float64(1000052.4692746887), np.float64(10.000189157907128), np.float64(0.5000661281513992), np.float64(9.941213222969683), np.float64(0.3999897973361593), 1.0, 10.065969264365489, np.float64(1.0456230312719326), np.float64(0.7843379356317074), 0.6283185307179586, 0.5235987755982988, np.float64(0.12931828577177654), 0.2, np.float64(0.2691266262815621), 0.95, False, False, False, True, np.float64(0.5572424379720904), np.float64(1.886179362210117))
Waveform Generated. SNR: 20.01404328944283
calculating Fisher matrix...
Finished derivatives
Calculated Fisher is not positive semi-definite. Try lowering inspiral error tolerance or increasing the derivative order.
Time taken to compute FM is 4.665788650512695 seconds
    CV from_MAP#1 it  28 lam=6.9e-09 ov=0.9997943 chi2=1.649e-01 rel=1.1e-01
Body is not plunging, Fisher should be stable.
waveform shape: (3, 7889537)
Computing SNR for parameters: (np.float64(1000063.266717022), np.float64(10.000204751902444), np.float64(0.5000758091536608), np.float64(9.941161186216057), np.float64(0.39998693911638594), 1.0, 10.065969264365489, np.float64(1.0458303899566121), np.float64(0.7843046408623879), 0.6283185307179586, 0.5235987755982988, np.float64(0.1293540097158789), 0.2, np.float64(0.271636555448042), 0.95, False, False, False, True, np.float64(1.0390267619901734), np.float64(3.4171758163335966))
Waveform Generated. SNR: 20.013141536077114
calculating Fisher matrix...
Finished derivatives
Calculated Fisher is *atleast* positive-definite.
Time taken to compute FM is 4.561756134033203 seconds
    CV from_MAP#1 it  29 lam=2.3e-09 ov=0.9998173 chi2=1.464e-01 rel=2.0e-01
Body is not plunging, Fisher should be stable.
waveform shape: (3, 7889537)
Computing SNR for parameters: (np.float64(1000085.1713297033), np.float64(10.00032917320226), np.float64(0.5000954487621181), np.float64(9.941055616424508), np.float64(0.3999811419095747), 1.0, 10.065969264365489, np.float64(1.0462569608440906), np.float64(0.7842390761136753), 0.6283185307179586, 0.5235987755982988, np.float64(0.12933407230401106), 0.2, np.float64(0.2767444707795453), 0.95, False, False, False, True, np.float64(1.0882957180991175), np.float64(5.595340946521288))
Waveform Generated. SNR: 20.01145532065248
calculating stable deltas...
Time taken to compute stable deltas is 41.48078799247742 seconds
calculating Fisher matrix...
Finished derivatives
Calculated Fisher is not positive semi-definite. Try lowering inspiral error tolerance or increasing the derivative order.
Time taken to compute FM is 3.9287610054016113 seconds
    CV from_MAP#1 it  30 lam=2.5e-08 ov=0.9998538 chi2=1.171e-01 rel=1.1e-02
Body is not plunging, Fisher should be stable.
waveform shape: (3, 7889537)
Computing SNR for parameters: (np.float64(1000090.2057248224), np.float64(10.000570998015775), np.float64(0.5001000436745692), np.float64(9.941030923559246), np.float64(0.399979855238765), 1.0, 10.065969264365489, np.float64(1.0463679542807944), np.float64(0.7841648301751768), 0.6283185307179586, 0.5235987755982988, np.float64(0.12756999302590175), 0.2, np.float64(0.2782772850502942), 0.95, False, False, False, True, np.float64(-1.044347248061706), np.float64(3.8950219794023457))
Waveform Generated. SNR: 20.011730490752928
calculating Fisher matrix...
Finished derivatives
Calculated Fisher is *atleast* positive-definite.
Time taken to compute FM is 4.623299837112427 seconds
    CV from_MAP#1 it  31 lam=2.5e-08 ov=0.9998554 chi2=1.159e-01 rel=3.8e-02
Body is not plunging, Fisher should be stable.
waveform shape: (3, 7889537)
Computing SNR for parameters: (np.float64(1000094.7536397439), np.float64(10.000603186742929), np.float64(0.5001040669279793), np.float64(9.941009234241765), np.float64(0.3999786243009024), 1.0, 10.065969264365489, np.float64(1.0463837515510803), np.float64(0.7842241561048586), 0.6283185307179586, 0.5235987755982988, np.float64(0.12932718248750133), 0.2, np.float64(0.2789829234523228), 0.95, False, False, False, True, np.float64(-1.0925277364147437), np.float64(4.3210207493047355))
Waveform Generated. SNR: 20.011406862162925
calculating Fisher matrix...
Finished derivatives
Calculated Fisher is *atleast* positive-definite.
Time taken to compute FM is 4.566259384155273 seconds
    CV from_MAP#1 it  32 lam=2.5e-08 ov=0.9998609 chi2=1.115e-01 rel=3.2e-02
Body is not plunging, Fisher should be stable.
waveform shape: (3, 7889537)
Computing SNR for parameters: (np.float64(1000099.2834989496), np.float64(10.00063528152249), np.float64(0.5001080455544857), np.float64(9.940988008846713), np.float64(0.39997736458097377), 1.0, 10.065969264365489, np.float64(1.0465682801566538), np.float64(0.78416195471155), 0.6283185307179586, 0.5235987755982988, np.float64(0.12866167933429426), 0.2, np.float64(0.27923844859762664), 0.95, False, False, False, True, np.float64(-1.1260677190676167), np.float64(4.8003003916039955))
Waveform Generated. SNR: 20.010796299785266
calculating Fisher matrix...
Finished derivatives
Calculated Fisher is not positive semi-definite. Try lowering inspiral error tolerance or increasing the derivative order.
Time taken to compute FM is 4.578934669494629 seconds
    CV from_MAP#1 it  33 lam=1.0e-08 ov=0.9998654 chi2=1.079e-01 rel=5.6e-02
Body is not plunging, Fisher should be stable.
waveform shape: (3, 7889537)
Computing SNR for parameters: (np.float64(1000102.6891683863), np.float64(10.000693946343093), np.float64(0.5001111586668041), np.float64(9.940971167008856), np.float64(0.3999765085170669), 1.0, 10.065969264365489, np.float64(1.0466049090698082), np.float64(0.7841756542907057), 0.6283185307179586, 0.5235987755982988, np.float64(0.1289951382549578), 0.2, np.float64(0.2806447361814155), 0.95, False, False, False, True, np.float64(-1.525733586166221), np.float64(4.681295591140903))
Waveform Generated. SNR: 20.010652797185983
calculating Fisher matrix...
Finished derivatives
Calculated Fisher is not positive semi-definite. Try lowering inspiral error tolerance or increasing the derivative order.
Time taken to compute FM is 4.572147369384766 seconds
    CV from_MAP#1 it  34 lam=1.0e-05 ov=0.9998729 chi2=1.019e-01 rel=2.8e-03
Body is not plunging, Fisher should be stable.
waveform shape: (3, 7889537)
Computing SNR for parameters: (np.float64(1000102.7386536847), np.float64(10.000693771377929), np.float64(0.5001111460088613), np.float64(9.940971301228647), np.float64(0.39997645837091844), 1.0, 10.065969264365489, np.float64(1.0465959345387337), np.float64(0.7841945678035815), 0.6283185307179586, 0.5235987755982988, np.float64(0.13006207686455504), 0.2, np.float64(0.2808625548604115), 0.95, False, False, False, True, np.float64(-1.5096753129001481), np.float64(4.750556498436407))
Waveform Generated. SNR: 20.010601215459474
calculating stable deltas...
Time taken to compute stable deltas is 41.21467709541321 seconds
calculating Fisher matrix...
Finished derivatives
Calculated Fisher is *atleast* positive-definite.
Time taken to compute FM is 3.925161361694336 seconds
    CV from_MAP#1 it  35 lam=3.4e-06 ov=0.9998732 chi2=1.016e-01 rel=1.1e-03
Body is not plunging, Fisher should be stable.
waveform shape: (3, 7889537)
Computing SNR for parameters: (np.float64(1000102.7364127181), np.float64(10.000693585969035), np.float64(0.5001111671041972), np.float64(9.940971178452788), np.float64(0.39997646955831323), 1.0, 10.065969264365489, np.float64(1.046609740084267), np.float64(0.784195726411484), 0.6283185307179586, 0.5235987755982988, np.float64(0.12984434903944336), 0.2, np.float64(0.2807062288293693), 0.95, False, False, False, True, np.float64(-1.5116887460456028), np.float64(4.724921445501662))
Waveform Generated. SNR: 20.01052063953648
calculating Fisher matrix...
Finished derivatives
Calculated Fisher is *atleast* positive-definite.
Time taken to compute FM is 4.656059980392456 seconds
    CV from_MAP#1 it  36 lam=1.1e-06 ov=0.9998734 chi2=1.015e-01 rel=3.3e-04
Body is not plunging, Fisher should be stable.
waveform shape: (3, 7889537)
Computing SNR for parameters: (np.float64(1000102.7525110648), np.float64(10.000693436377933), np.float64(0.500111201081801), np.float64(9.940970961269393), np.float64(0.3999764804186081), 1.0, 10.065969264365489, np.float64(1.046602886746066), np.float64(0.7841897021806189), 0.6283185307179586, 0.5235987755982988, np.float64(0.12954288176817605), 0.2, np.float64(0.2807864785725441), 0.95, False, False, False, True, np.float64(-1.513742686134027), np.float64(4.709297009413885))
Waveform Generated. SNR: 20.010589793187478
calculating Fisher matrix...
Finished derivatives
Calculated Fisher is not positive semi-definite. Try lowering inspiral error tolerance or increasing the derivative order.
Time taken to compute FM is 4.55544900894165 seconds
    CV from_MAP#1 it  37 lam=3.8e-07 ov=0.9998734 chi2=1.015e-01 rel=6.0e-04
Body is not plunging, Fisher should be stable.
waveform shape: (3, 7889537)
Computing SNR for parameters: (np.float64(1000102.831741046), np.float64(10.000693551565444), np.float64(0.500111280327896), np.float64(9.94097052042864), np.float64(0.39997646587289215), 1.0, 10.065969264365489, np.float64(1.0466010907817902), np.float64(0.784186975783518), 0.6283185307179586, 0.5235987755982988, np.float64(0.12941607382027034), 0.2, np.float64(0.28084062260352843), 0.95, False, False, False, True, np.float64(-1.512124677996933), np.float64(4.712288504988813))
Waveform Generated. SNR: 20.01061265705975
calculating Fisher matrix...
Finished derivatives
Calculated Fisher is *atleast* positive-definite.
Time taken to compute FM is 4.632554769515991 seconds
    CV from_MAP#1 it  38 lam=1.3e-07 ov=0.9998735 chi2=1.014e-01 rel=1.7e-03
Body is not plunging, Fisher should be stable.
waveform shape: (3, 7889537)
Computing SNR for parameters: (np.float64(1000103.0813221846), np.float64(10.000694019870435), np.float64(0.5001115057903938), np.float64(9.940969305611729), np.float64(0.3999764011137462), 1.0, 10.065969264365489, np.float64(1.0466054062039643), np.float64(0.7841857073246036), 0.6283185307179586, 0.5235987755982988, np.float64(0.1293918100534162), 0.2, np.float64(0.28090491798996625), 0.95, False, False, False, True, np.float64(-1.5024558530405188), np.float64(4.744890159848118))
Waveform Generated. SNR: 20.010597827883494
calculating Fisher matrix...
Finished derivatives
Calculated Fisher is not positive semi-definite. Try lowering inspiral error tolerance or increasing the derivative order.
Time taken to compute FM is 4.577734470367432 seconds
    CV from_MAP#1 it  39 lam=4.2e-08 ov=0.9998737 chi2=1.012e-01 rel=4.8e-03
Body is not plunging, Fisher should be stable.
waveform shape: (3, 7889537)
Computing SNR for parameters: (np.float64(1000103.811171862), np.float64(10.000696537645938), np.float64(0.5001121605482306), np.float64(9.94096578525383), np.float64(0.39997620827097985), 1.0, 10.065969264365489, np.float64(1.0466194174375456), np.float64(0.7841833183722743), 0.6283185307179586, 0.5235987755982988, np.float64(0.1293844283947089), 0.2, np.float64(0.28107595980903166), 0.95, False, False, False, True, np.float64(-1.4846346842157196), np.float64(4.833316489456968))
Waveform Generated. SNR: 20.01053930587365
calculating stable deltas...
Time taken to compute stable deltas is 44.96089434623718 seconds
calculating Fisher matrix...
Finished derivatives
Calculated Fisher is not positive semi-definite. Try lowering inspiral error tolerance or increasing the derivative order.
Time taken to compute FM is 4.023326873779297 seconds
    CV from_MAP#1 it  40 lam=1.4e-08 ov=0.9998743 chi2=1.007e-01 rel=1.3e-02
Body is not plunging, Fisher should be stable.
waveform shape: (3, 7889537)
Computing SNR for parameters: (np.float64(1000105.8537781264), np.float64(10.000700993029911), np.float64(0.5001139915747501), np.float64(9.940955943460594), np.float64(0.39997566742523966), 1.0, 10.065969264365489, np.float64(1.0466592733464133), np.float64(0.7841774016357457), 0.6283185307179586, 0.5235987755982988, np.float64(0.12939231114617006), 0.2, np.float64(0.28154991479677854), 0.95, False, False, False, True, np.float64(-1.4085059877580708), np.float64(5.108134803816776))
Waveform Generated. SNR: 20.010367103676025
calculating Fisher matrix...
Finished derivatives
Calculated Fisher is not positive semi-definite. Try lowering inspiral error tolerance or increasing the derivative order.
Time taken to compute FM is 4.6060121059417725 seconds
    CV from_MAP#1 it  41 lam=4.7e-09 ov=0.9998759 chi2=9.943e-02 rel=2.8e-02
Body is not plunging, Fisher should be stable.
waveform shape: (3, 7889537)
Computing SNR for parameters: (np.float64(1000110.8407550694), np.float64(10.000711550906214), np.float64(0.5001184624402574), np.float64(9.940931911583752), np.float64(0.3999743473304717), 1.0, 10.065969264365489, np.float64(1.0467563452342457), np.float64(0.7841624223353739), 0.6283185307179586, 0.5235987755982988, np.float64(0.12939812427216776), 0.2, np.float64(0.28270899181509457), 0.95, False, False, False, True, np.float64(-1.2195531264462125), np.float64(5.781832649016543))
Waveform Generated. SNR: 20.009946409966652
calculating Fisher matrix...
Finished derivatives
Calculated Fisher is not positive semi-definite. Try lowering inspiral error tolerance or increasing the derivative order.
Time taken to compute FM is 4.585795164108276 seconds
    CV from_MAP#1 it  42 lam=1.6e-09 ov=0.9998794 chi2=9.665e-02 rel=3.7e-02
Body is not plunging, Fisher should be stable.
waveform shape: (3, 7889537)
Computing SNR for parameters: (np.float64(1000119.7361513568), np.float64(10.000725395532958), np.float64(0.5001264373047258), np.float64(9.940889044356174), np.float64(0.3999719928079637), 1.0, 10.065969264365489, np.float64(1.046929749392196), np.float64(0.7841357963023392), 0.6283185307179586, 0.5235987755982988, np.float64(0.12941175059845503), 0.2, np.float64(0.2847751085940561), 0.95, False, False, False, True, np.float64(-0.8326863571670556), np.float64(7.033263443163196))
Waveform Generated. SNR: 20.009183288403708
calculating Fisher matrix...
Finished derivatives
Calculated Fisher is not positive semi-definite. Try lowering inspiral error tolerance or increasing the derivative order.
Time taken to compute FM is 4.564648866653442 seconds
    CV from_MAP#1 it  43 lam=5.2e-10 ov=0.9998838 chi2=9.310e-02 rel=1.8e-02
Body is not plunging, Fisher should be stable.
waveform shape: (3, 7889537)
Computing SNR for parameters: (np.float64(1000128.4192610637), np.float64(10.000743130687537), np.float64(0.5001342221848983), np.float64(9.940847196767827), np.float64(0.3999696949775397), 1.0, 10.065969264365489, np.float64(1.0470977407282673), np.float64(0.7841097248099463), 0.6283185307179586, 0.5235987755982988, np.float64(0.12942157205805296), 0.2, np.float64(0.2868017302923697), 0.95, False, False, False, True, np.float64(-0.497396379670821), np.float64(8.212224483339485))
Waveform Generated. SNR: 20.00845306038304
calculating Fisher matrix...
Finished derivatives
Calculated Fisher is not positive semi-definite. Try lowering inspiral error tolerance or increasing the derivative order.
Time taken to compute FM is 4.598818063735962 seconds
    CV from_MAP#1 it  44 lam=1.7e-10 ov=0.9998859 chi2=9.139e-02 rel=2.2e-03
Body is not plunging, Fisher should be stable.
waveform shape: (3, 7889537)
Computing SNR for parameters: (np.float64(1000132.0379352765), np.float64(10.00078258688851), np.float64(0.5001374666329726), np.float64(9.940829756098658), np.float64(0.3999687374369425), 1.0, 10.065969264365489, np.float64(1.0471680766940947), np.float64(0.7840989234800717), 0.6283185307179586, 0.5235987755982988, np.float64(0.1294240415432191), 0.2, np.float64(0.28764538427265074), 0.95, False, False, False, True, np.float64(-0.678333986903271), np.float64(8.382731523621258))
Waveform Generated. SNR: 20.008213485660058
calculating stable deltas...
Time taken to compute stable deltas is 41.021053075790405 seconds
calculating Fisher matrix...
Finished derivatives
Calculated Fisher is not positive semi-definite. Try lowering inspiral error tolerance or increasing the derivative order.
Time taken to compute FM is 3.976659059524536 seconds
    CV from_MAP#1 it  45 lam=2.1e-08 ov=0.9998861 chi2=9.119e-02 rel=1.7e-05
Body is not plunging, Fisher should be stable.
waveform shape: (3, 7889537)
Computing SNR for parameters: (np.float64(1000132.3709410022), np.float64(10.000752767836616), np.float64(0.5001377597585261), np.float64(9.940828188179088), np.float64(0.39996864564589685), 1.0, 10.065969264365489, np.float64(1.0471758387250805), np.float64(0.7840986383904581), 0.6283185307179586, 0.5235987755982988, np.float64(0.12948571701675693), 0.2, np.float64(0.2877021451861069), 0.95, False, False, False, True, np.float64(-0.3593385582649304), np.float64(8.738792195527198))
Waveform Generated. SNR: 20.008112615919863
calculating Fisher matrix...
Finished derivatives
Calculated Fisher is *atleast* positive-definite.
Time taken to compute FM is 4.560714244842529 seconds
    CV from_MAP#1 it  46 lam=3.9e-08 ov=0.9998861 chi2=9.119e-02 rel=2.2e-05
Body is not plunging, Fisher should be stable.
waveform shape: (3, 7889537)
Computing SNR for parameters: (np.float64(1000132.6833444369), np.float64(10.000719901683809), np.float64(0.5001380335131514), np.float64(9.940826726317274), np.float64(0.39996855821873795), 1.0, 10.065969264365489, np.float64(1.0471829773466939), np.float64(0.784099008968469), 0.6283185307179586, 0.5235987755982988, np.float64(0.12956150206015393), 0.2, np.float64(0.2877496267796259), 0.95, False, False, False, True, np.float64(-0.010869427547358312), np.float64(9.122622016849729))
Waveform Generated. SNR: 20.008005506092996
calculating Fisher matrix...
Finished derivatives
Calculated Fisher is not positive semi-definite. Try lowering inspiral error tolerance or increasing the derivative order.
Time taken to compute FM is 4.560042142868042 seconds
    CV from_MAP#1 it  47 lam=3.1e-08 ov=0.9998861 chi2=9.119e-02 rel=6.6e-05
Body is not plunging, Fisher should be stable.
waveform shape: (3, 7889537)
Computing SNR for parameters: (np.float64(1000132.6852552686), np.float64(10.000716014570067), np.float64(0.5001380462877377), np.float64(9.940826641274171), np.float64(0.3999685656845945), 1.0, 10.065969264365489, np.float64(1.0471804891353804), np.float64(0.7840969636216413), 0.6283185307179586, 0.5235987755982988, np.float64(0.12943506384408848), 0.2, np.float64(0.28779378477837286), 0.95, False, False, False, True, np.float64(0.025738152926506053), np.float64(9.150339394271738))
Waveform Generated. SNR: 20.00802115302968
calculating Fisher matrix...
Finished derivatives
Calculated Fisher is *atleast* positive-definite.
Time taken to compute FM is 4.594926118850708 seconds
    CV from_MAP#1 it  48 lam=1.0e-07 ov=0.9998862 chi2=9.118e-02 rel=1.6e-06
Body is not plunging, Fisher should be stable.
waveform shape: (3, 7889537)
Computing SNR for parameters: (np.float64(1000132.699458859), np.float64(10.000713183373056), np.float64(0.5001380583554371), np.float64(9.94082657744467), np.float64(0.3999685614423029), 1.0, 10.065969264365489, np.float64(1.047180739569082), np.float64(0.7840971959748583), 0.6283185307179586, 0.5235987755982988, np.float64(0.12944560996831847), 0.2, np.float64(0.28779632938987104), 0.95, False, False, False, True, np.float64(0.055035357584894036), np.float64(9.181546569773282))
Waveform Generated. SNR: 20.008012825516527
calculating Fisher matrix...
Finished derivatives
Calculated Fisher is *atleast* positive-definite.
Time taken to compute FM is 4.627111911773682 seconds
    CV from_MAP#1 it  49 lam=1.3e+09 ov=0.9998862 chi2=9.118e-02 rel=1.5e-15
    NM  nfev=1707 ov 0.9998862 -> 0.9998862 (accepted=True)
Body is not plunging, Fisher should be stable.
waveform shape: (3, 7889537)
Computing SNR for parameters: (np.float64(1000132.6994983632), np.float64(10.000713169780052), np.float64(0.5001380583601258), np.float64(9.940826577466932), np.float64(0.39996856143328957), 1.0, 10.065969264365489, np.float64(1.0471786394261406), np.float64(0.7840980792932698), 0.6283185307179586, 0.5235987755982988, np.float64(0.12945814080843662), 0.2, np.float64(0.2877831257508951), 0.95, False, False, False, True, np.float64(0.055178444007038766), np.float64(9.181749898441607))
Waveform Generated. SNR: 20.008019796785764
calculating stable deltas...
Time taken to compute stable deltas is 41.58289861679077 seconds
calculating Fisher matrix...
Finished derivatives
Calculated Fisher is not positive semi-definite. Try lowering inspiral error tolerance or increasing the derivative order.
Time taken to compute FM is 3.9613823890686035 seconds
    CV from_MAP#2 it   0 lam=2.3e+08 ov=0.9998862 chi2=9.118e-02 rel=1.4e-13

[idx18] --- start = from_0PAcv (overlap 0.9997666) ---
Body is not plunging, Fisher should be stable.
waveform shape: (3, 7889537)
Computing SNR for parameters: (np.float64(1000043.1904769371), np.float64(10.00017873801177), np.float64(0.5000583381308088), np.float64(9.941254326282897), np.float64(0.39999262975456285), 1.0, 10.065969264365489, np.float64(1.045400821566479), np.float64(0.7841933045239787), 0.6283185307179586, 0.5235987755982988, np.float64(0.12124668316943134), 0.2, np.float64(0.2675510956952596), 0.95, False, False, False, True, np.float64(0.0), np.float64(0.0))
Waveform Generated. SNR: 20.01597400395629
calculating stable deltas...
minimum relative error is greater than 1% for dev_2. Fisher may be unstable!
Time taken to compute stable deltas is 41.40342974662781 seconds
calculating Fisher matrix...
Finished derivatives
Calculated Fisher is *atleast* positive-definite.
Time taken to compute FM is 4.010594606399536 seconds
    CV from_0PAcv#1 it   0 lam=1.7e-02 ov=0.9997666 chi2=1.871e-01 rel=4.6e-04
Body is not plunging, Fisher should be stable.
waveform shape: (3, 7889537)
Computing SNR for parameters: (np.float64(1000043.1922876204), np.float64(10.000178711800725), np.float64(0.5000583334171389), np.float64(9.941254333284322), np.float64(0.39999263531591217), 1.0, 10.065969264365489, np.float64(1.0453109209377054), np.float64(0.7842109107917667), 0.6283185307179586, 0.5235987755982988, np.float64(0.12206155199040586), 0.2, np.float64(0.2679063446373175), 0.95, False, False, False, True, np.float64(-0.0002168587059759025), np.float64(0.0189316233150409))
Waveform Generated. SNR: 20.016371354457345
calculating Fisher matrix...
Finished derivatives
Calculated Fisher is not positive semi-definite. Try lowering inspiral error tolerance or increasing the derivative order.
Time taken to compute FM is 4.580587863922119 seconds
    CV from_0PAcv#1 it   1 lam=6.4e-03 ov=0.9997667 chi2=1.871e-01 rel=1.2e-03
Body is not plunging, Fisher should be stable.
waveform shape: (3, 7889537)
Computing SNR for parameters: (np.float64(1000043.1925922262), np.float64(10.000178710287392), np.float64(0.5000583318508719), np.float64(9.941254334360378), np.float64(0.3999926359897317), 1.0, 10.065969264365489, np.float64(1.0453187769381733), np.float64(0.7842006009268409), 0.6283185307179586, 0.5235987755982988, np.float64(0.12178125869453252), 0.2, np.float64(0.26803603756495736), 0.95, False, False, False, True, np.float64(-2.463743535525853e-05), np.float64(0.020129201180862283))
Waveform Generated. SNR: 20.016383752265586
calculating Fisher matrix...
Finished derivatives
Calculated Fisher is *atleast* positive-definite.
Time taken to compute FM is 4.5752716064453125 seconds
    CV from_0PAcv#1 it   2 lam=8.5e-03 ov=0.9997670 chi2=1.868e-01 rel=1.3e-04
Body is not plunging, Fisher should be stable.
waveform shape: (3, 7889537)
Computing SNR for parameters: (np.float64(1000043.1936520627), np.float64(10.00017868986397), np.float64(0.5000583285333493), np.float64(9.941254338599663), np.float64(0.39999263711667105), 1.0, 10.065969264365489, np.float64(1.0452874262866265), np.float64(0.7842108197594015), 0.6283185307179586, 0.5235987755982988, np.float64(0.12201619586818852), 0.2, np.float64(0.26829948965776557), 0.95, False, False, False, True, np.float64(6.200682744687945e-05), np.float64(0.02662313494680856))
Waveform Generated. SNR: 20.016499900639644
calculating Fisher matrix...
Finished derivatives
Calculated Fisher is *atleast* positive-definite.
Time taken to compute FM is 4.616662979125977 seconds
    CV from_0PAcv#1 it   3 lam=7.6e-02 ov=0.9997670 chi2=1.868e-01 rel=1.5e-04
Body is not plunging, Fisher should be stable.
waveform shape: (3, 7889537)
Computing SNR for parameters: (np.float64(1000043.1935718129), np.float64(10.000178692714513), np.float64(0.5000583281129513), np.float64(9.941254338178018), np.float64(0.39999263677134345), 1.0, 10.065969264365489, np.float64(1.0453063798387578), np.float64(0.7842004389748907), 0.6283185307179586, 0.5235987755982988, np.float64(0.12193798239172851), 0.2, np.float64(0.26827465534110684), 0.95, False, False, False, True, np.float64(8.780226685050674e-05), np.float64(0.02505675235601669))
Waveform Generated. SNR: 20.016451254077744
calculating Fisher matrix...
Finished derivatives
Calculated Fisher is *atleast* positive-definite.
Time taken to compute FM is 4.561951637268066 seconds
    CV from_0PAcv#1 it   4 lam=7.2e-02 ov=0.9997671 chi2=1.868e-01 rel=1.1e-04
Body is not plunging, Fisher should be stable.
waveform shape: (3, 7889537)
Computing SNR for parameters: (np.float64(1000043.1936389782), np.float64(10.000178691588443), np.float64(0.5000583279995203), np.float64(9.941254338471468), np.float64(0.3999926368451552), 1.0, 10.065969264365489, np.float64(1.0453049196410025), np.float64(0.7841995929761211), 0.6283185307179586, 0.5235987755982988, np.float64(0.12184307871581722), 0.2, np.float64(0.2682573125293552), 0.95, False, False, False, True, np.float64(8.886931212650034e-05), np.float64(0.02594504157163309))
Waveform Generated. SNR: 20.016460504204996
calculating stable deltas...
minimum relative error is greater than 1% for dev_1. Fisher may be unstable!
Time taken to compute stable deltas is 41.55893611907959 seconds
calculating Fisher matrix...
Finished derivatives
Calculated Fisher is *atleast* positive-definite.
Time taken to compute FM is 3.960204839706421 seconds
    CV from_0PAcv#1 it   5 lam=6.9e+138 ov=0.9997671 chi2=1.868e-01 rel=0.0e+00
    NM  nfev=1510 ov 0.9997671 -> 0.9997674 (accepted=True)
Body is not plunging, Fisher should be stable.
waveform shape: (3, 7889537)
Computing SNR for parameters: (np.float64(1000043.1974495417), np.float64(10.00017909729976), np.float64(0.5000583068350549), np.float64(9.94125445651108), np.float64(0.3999926338208445), 1.0, 10.065969264365489, np.float64(1.0452123318343332), np.float64(0.7841956496046643), 0.6283185307179586, 0.5235987755982988, np.float64(0.12306319970363931), 0.2, np.float64(0.2689440831807166), 0.95, False, False, False, True, np.float64(-0.0003489551802275386), np.float64(0.0633893554765195))
Waveform Generated. SNR: 20.016982237883543
calculating stable deltas...
minimum relative error is greater than 1% for dev_1. Fisher may be unstable!
Time taken to compute stable deltas is 41.4108669757843 seconds
calculating Fisher matrix...
Finished derivatives
Calculated Fisher is not positive semi-definite. Try lowering inspiral error tolerance or increasing the derivative order.
Time taken to compute FM is 3.974963903427124 seconds
    CV from_0PAcv#2 it   0 lam=1.0e-02 ov=0.9997674 chi2=1.865e-01 rel=2.8e-04
Body is not plunging, Fisher should be stable.
waveform shape: (3, 7889537)
Computing SNR for parameters: (np.float64(1000043.1978376743), np.float64(10.000179076652204), np.float64(0.5000583060023964), np.float64(9.941254458408375), np.float64(0.3999926315214616), 1.0, 10.065969264365489, np.float64(1.0452211459376672), np.float64(0.7842017578250389), 0.6283185307179586, 0.5235987755982988, np.float64(0.12284922473763615), 0.2, np.float64(0.2688646669082593), 0.95, False, False, False, True, np.float64(-5.0031560146126554e-05), np.float64(0.06215486384665919))
Waveform Generated. SNR: 20.01690358229006
calculating Fisher matrix...
Finished derivatives
Calculated Fisher is *atleast* positive-definite.
Time taken to compute FM is 4.574338912963867 seconds
    CV from_0PAcv#2 it   1 lam=3.3e-03 ov=0.9997675 chi2=1.865e-01 rel=2.4e-04
Body is not plunging, Fisher should be stable.
waveform shape: (3, 7889537)
Computing SNR for parameters: (np.float64(1000043.1980420961), np.float64(10.000179073422565), np.float64(0.5000583036002806), np.float64(9.941254459103474), np.float64(0.399992629868022), 1.0, 10.065969264365489, np.float64(1.045227969020035), np.float64(0.7842089427349228), 0.6283185307179586, 0.5235987755982988, np.float64(0.12258884279257175), 0.2, np.float64(0.2688649004624238), 0.95, False, False, False, True, np.float64(-0.0001686628101237495), np.float64(0.06101121192096166))
Waveform Generated. SNR: 20.016828870779847
calculating Fisher matrix...
Finished derivatives
Calculated Fisher is *atleast* positive-definite.
Time taken to compute FM is 4.617045879364014 seconds
    CV from_0PAcv#2 it   2 lam=1.1e-02 ov=0.9997675 chi2=1.864e-01 rel=8.3e-05
Body is not plunging, Fisher should be stable.
waveform shape: (3, 7889537)
Computing SNR for parameters: (np.float64(1000043.1987300372), np.float64(10.000179037895538), np.float64(0.500058304573085), np.float64(9.941254462828985), np.float64(0.3999926271903844), 1.0, 10.065969264365489, np.float64(1.045241619791157), np.float64(0.7842060192887124), 0.6283185307179586, 0.5235987755982988, np.float64(0.12255496546037174), 0.2, np.float64(0.26876390297155295), 0.95, False, False, False, True, np.float64(0.0006054224930604761), np.float64(0.05987347647538423))
Waveform Generated. SNR: 20.01677236240746
calculating Fisher matrix...
Finished derivatives
Calculated Fisher is not positive semi-definite. Try lowering inspiral error tolerance or increasing the derivative order.
Time taken to compute FM is 4.617562294006348 seconds
    CV from_0PAcv#2 it   3 lam=1.6e-01 ov=0.9997675 chi2=1.864e-01 rel=3.2e-05
Body is not plunging, Fisher should be stable.
waveform shape: (3, 7889537)
Computing SNR for parameters: (np.float64(1000043.1986239237), np.float64(10.000179047943641), np.float64(0.5000583027763902), np.float64(9.941254461986292), np.float64(0.3999926271796991), 1.0, 10.065969264365489, np.float64(1.04523574963082), np.float64(0.7842273782877839), 0.6283185307179586, 0.5235987755982988, np.float64(0.1224508307958646), 0.2, np.float64(0.26875234973832907), 0.95, False, False, False, True, np.float64(0.00020924122443960838), np.float64(0.059966613528468694))
Waveform Generated. SNR: 20.016692856390524
calculating Fisher matrix...
Finished derivatives
Calculated Fisher is *atleast* positive-definite.
Time taken to compute FM is 4.579256296157837 seconds
    CV from_0PAcv#2 it   4 lam=2.2e-01 ov=0.9997675 chi2=1.864e-01 rel=8.3e-05
Body is not plunging, Fisher should be stable.
waveform shape: (3, 7889537)
Computing SNR for parameters: (np.float64(1000043.1986879883), np.float64(10.000179046022724), np.float64(0.5000583028737993), np.float64(9.941254462308994), np.float64(0.3999926272117185), 1.0, 10.065969264365489, np.float64(1.045240265351789), np.float64(0.7842145177868399), 0.6283185307179586, 0.5235987755982988, np.float64(0.12241750479418607), 0.2, np.float64(0.26878634772843335), 0.95, False, False, False, True, np.float64(0.00036321553472190056), np.float64(0.05970094619330642))
Waveform Generated. SNR: 20.016734607372605
calculating stable deltas...
minimum relative error is greater than 1% for dev_1. Fisher may be unstable!
Time taken to compute stable deltas is 41.42277193069458 seconds
calculating Fisher matrix...
Finished derivatives
Calculated Fisher is not positive semi-definite. Try lowering inspiral error tolerance or increasing the derivative order.
Time taken to compute FM is 3.9448938369750977 seconds
    CV from_0PAcv#2 it   5 lam=7.5e-02 ov=0.9997676 chi2=1.864e-01 rel=2.4e-05
Body is not plunging, Fisher should be stable.
waveform shape: (3, 7889537)
Computing SNR for parameters: (np.float64(1000043.1987034095), np.float64(10.000179045854287), np.float64(0.5000583027895891), np.float64(9.94125446237115), np.float64(0.3999926271777113), 1.0, 10.065969264365489, np.float64(1.0452408888050375), np.float64(0.7842128577551651), 0.6283185307179586, 0.5235987755982988, np.float64(0.1224055545989152), 0.2, np.float64(0.2687951856418199), 0.95, False, False, False, True, np.float64(0.0003668018502945512), np.float64(0.05965312216077519))
Waveform Generated. SNR: 20.016738587452437
calculating Fisher matrix...
Finished derivatives
Calculated Fisher is *atleast* positive-definite.
Time taken to compute FM is 4.65618109703064 seconds
    CV from_0PAcv#2 it   6 lam=5.2e+04 ov=0.9997676 chi2=1.864e-01 rel=1.8e-06
Body is not plunging, Fisher should be stable.
waveform shape: (3, 7889537)
Computing SNR for parameters: (np.float64(1000043.1987034095), np.float64(10.000179045854287), np.float64(0.500058302789589), np.float64(9.94125446237115), np.float64(0.3999926271777112), 1.0, 10.065969264365489, np.float64(1.0452408888055729), np.float64(0.7842128577528242), 0.6283185307179586, 0.5235987755982988, np.float64(0.12240555458442479), 0.2, np.float64(0.2687951856576566), 0.95, False, False, False, True, np.float64(0.0003668019290403642), np.float64(0.05965312202493211))
Waveform Generated. SNR: 20.01673975363376
calculating Fisher matrix...
Finished derivatives
Calculated Fisher is not positive semi-definite. Try lowering inspiral error tolerance or increasing the derivative order.
Time taken to compute FM is 4.595836877822876 seconds
    CV from_0PAcv#2 it   7 lam=5.0e+144 ov=0.9997676 chi2=1.864e-01 rel=0.0e+00

======================================================================
model = 0PA + simple_pe deviation  (EMRI diverse grid, 11 params)
case       a   e0       start    ov@start       ov@CV        chi2      ov@0PA
idx0    -0.9  0.1    from_MAP    0.999973    0.999986   1.111e-02    0.999986
idx0    -0.9  0.1  from_0PAcv    0.999986    0.999993   5.396e-03    0.999986
idx6    -0.5  0.2    from_MAP    0.999970    0.999985   1.231e-02    0.999984
idx6    -0.5  0.2  from_0PAcv    0.999984    0.999984   1.253e-02    0.999984
idx12    0.0  0.3    from_MAP    0.999933    0.999961   3.121e-02    0.999961
idx12    0.0  0.3  from_0PAcv    0.999961    0.999961   3.091e-02    0.999961
idx18    0.5  0.4    from_MAP    0.999521    0.999886   9.118e-02    0.999767
idx18    0.5  0.4  from_0PAcv    0.999767    0.999768   1.864e-01    0.999767

optimized 11-param points  [m1, m2, a, p0, e0, qS, phiS, Phi_phi0, Phi_r0, dev_1, dev_2]:
[idx0 from_MAP] ov=0.999986 = [1.00004474e+06, 1.00000541e+01, -8.99860229e-01, 1.30668999e+01, 9.99824295e-02, 1.04601262e+00, 7.85332627e-01, 1.02329101e-01, 2.81036553e-01, -1.15465642e-02, -1.35794755e-04]
[idx0 from_0PAcv] ov=0.999993 = [1.00004781e+06, 1.00000427e+01, -8.99850299e-01, 1.30668617e+01, 9.99876265e-02, 1.04658429e+00, 7.85145097e-01, 9.56433100e-02, 2.89526533e-01, -3.54955885e-01, -2.09147899e+01]
[idx6 from_MAP] ov=0.999985 = [1.00005803e+06, 1.00000675e+01, -4.99857075e-01, 1.22178011e+01, 1.99987921e-01, 1.04632236e+00, 7.85089440e-01, 9.76040840e-02, 2.89057768e-01, 2.96244394e-02, -1.15445368e+00]
[idx6 from_0PAcv] ov=0.999984 = [1.00005368e+06, 1.00000727e+01, -4.99865794e-01, 1.22178364e+01, 1.99988456e-01, 1.04616544e+00, 7.85189917e-01, 1.01432879e-01, 2.87565728e-01, 2.38946336e-06, 2.70258448e-05]
[idx12 from_MAP] ov=0.999961 = [1.00005141e+06, 1.00001044e+01, 9.88631955e-05, 1.11055115e+01, 2.99991537e-01, 1.04581145e+00, 7.84994425e-01, 9.76676374e-02, 2.92574193e-01, -4.06395006e-04, -5.13392101e-02]
[idx12 from_0PAcv] ov=0.999961 = [1.00005147e+06, 1.00001050e+01, 9.89886777e-05, 1.11055111e+01, 2.99991542e-01, 1.04571898e+00, 7.84947950e-01, 1.00434693e-01, 2.91437783e-01, 3.84314649e-04, -3.09917870e-03]
[idx18 from_MAP] ov=0.999886 = [1.00013270e+06, 1.00007132e+01, 5.00138058e-01, 9.94082658e+00, 3.99968561e-01, 1.04717864e+00, 7.84098079e-01, 1.29458141e-01, 2.87783126e-01, 5.51784440e-02, 9.18174990e+00]
[idx18 from_0PAcv] ov=0.999768 = [1.00004320e+06, 1.00001790e+01, 5.00058303e-01, 9.94125446e+00, 3.99992627e-01, 1.04524089e+00, 7.84212858e-01, 1.22405555e-01, 2.68795186e-01, 3.66801929e-04, 5.96531220e-02]

[saved] all results -> /home/svu/e1583490/EMRI_CV_bias/src/EMRI/results_emri_grid_diverse_simple_pe.json
