startup
======================================================================

[idx4] --- start = from_MAP (overlap 0.9990974) ---
Body is not plunging, Fisher should be stable.
waveform shape: (3, 7889537)
Computing SNR for parameters: (np.float64(999993.12902), np.float64(10.000034144), np.float64(0.89999831452), np.float64(9.0868360349), np.float64(0.099999256695), 1.0, 13.7253796777895, np.float64(1.0471975512), np.float64(0.7853981634), 0.6283185307179586, 0.5235987755982988, np.float64(0.10118033613), 0.2, np.float64(0.29999226055), 0.95, False, False, False, True, np.float64(0.0), np.float64(0.0))
Waveform Generated. SNR: 19.931700096125997
The optimal source SNR is <= 20. The Fisher approximation may not be valid!
calculating stable deltas...
minimum relative error is greater than 1% for dev_2. Fisher may be unstable!
Time taken to compute stable deltas is 43.03717517852783 seconds
calculating Fisher matrix...
Finished derivatives
Calculated Fisher is *atleast* positive-definite.
Time taken to compute FM is 4.15993332862854 seconds
    CV from_MAP#1 it   0 lam=7.7e-03 ov=0.9990974 chi2=7.162e-01 rel=9.8e-02
Body is not plunging, Fisher should be stable.
waveform shape: (3, 7889537)
Computing SNR for parameters: (np.float64(999993.128287347), np.float64(10.000034162987813), np.float64(0.8999983332205196), np.float64(9.08683603643678), np.float64(0.0999992440616799), 1.0, 13.7253796777895, np.float64(1.0462614673151203), np.float64(0.7849380198812999), 0.6283185307179586, 0.5235987755982988, np.float64(0.1045290028505551), 0.2, np.float64(0.23479368893579072), 0.95, False, False, False, True, np.float64(0.0002174824524018798), np.float64(-0.0003158788710800663))
Waveform Generated. SNR: 19.940727739713594
The optimal source SNR is <= 20. The Fisher approximation may not be valid!
calculating Fisher matrix...
Finished derivatives
Calculated Fisher is *atleast* positive-definite.
Time taken to compute FM is 4.679943323135376 seconds
    CV from_MAP#1 it   1 lam=2.5e-02 ov=0.9991863 chi2=6.459e-01 rel=2.4e-03
Body is not plunging, Fisher should be stable.
waveform shape: (3, 7889537)
Computing SNR for parameters: (np.float64(999993.1270720143), np.float64(10.000034213651912), np.float64(0.899998339967454), np.float64(9.086836033032279), np.float64(0.09999924772196009), 1.0, 13.7253796777895, np.float64(1.0462557305580487), np.float64(0.7849904889208903), 0.6283185307179586, 0.5235987755982988, np.float64(0.10362630658455188), 0.2, np.float64(0.23356454891168454), 0.95, False, False, False, True, np.float64(0.0007498112753765636), np.float64(-0.0001778372990967358))
Waveform Generated. SNR: 19.93947635433763
The optimal source SNR is <= 20. The Fisher approximation may not be valid!
calculating Fisher matrix...
Finished derivatives
Calculated Fisher is *atleast* positive-definite.
Time taken to compute FM is 4.667250871658325 seconds
    CV from_MAP#1 it   2 lam=2.5e-02 ov=0.9991882 chi2=6.444e-01 rel=1.3e-02
Body is not plunging, Fisher should be stable.
waveform shape: (3, 7889537)
Computing SNR for parameters: (np.float64(999993.1266574924), np.float64(10.000034233111705), np.float64(0.8999983460787538), np.float64(9.086836032778395), np.float64(0.09999925429235826), 1.0, 13.7253796777895, np.float64(1.046428503550846), np.float64(0.7849656623037596), 0.6283185307179586, 0.5235987755982988, np.float64(0.10354679160514478), 0.2, np.float64(0.2333028076266216), 0.95, False, False, False, True, np.float64(0.0009426789251779232), np.float64(0.00012627237375876653))
Waveform Generated. SNR: 19.93875401454771
The optimal source SNR is <= 20. The Fisher approximation may not be valid!
calculating Fisher matrix...
Finished derivatives
Calculated Fisher is *atleast* positive-definite.
Time taken to compute FM is 4.677677869796753 seconds
    CV from_MAP#1 it   3 lam=2.4e-02 ov=0.9991984 chi2=6.363e-01 rel=1.2e-02
Body is not plunging, Fisher should be stable.
waveform shape: (3, 7889537)
Computing SNR for parameters: (np.float64(999993.1265408146), np.float64(10.000034239344547), np.float64(0.899998353506575), np.float64(9.08683603418141), np.float64(0.0999992543769264), 1.0, 13.7253796777895, np.float64(1.0461791145118802), np.float64(0.784915380835182), 0.6283185307179586, 0.5235987755982988, np.float64(0.1045347430372339), 0.2, np.float64(0.23370695024268723), 0.95, False, False, False, True, np.float64(0.0010126924802864481), np.float64(-0.00010055948928994183))
Waveform Generated. SNR: 19.940886690989224
The optimal source SNR is <= 20. The Fisher approximation may not be valid!
calculating Fisher matrix...
Finished derivatives
Calculated Fisher is *atleast* positive-definite.
Time taken to compute FM is 4.673175811767578 seconds
    CV from_MAP#1 it   4 lam=7.9e-03 ov=0.9992081 chi2=6.287e-01 rel=6.6e-03
Body is not plunging, Fisher should be stable.
waveform shape: (3, 7889537)
Computing SNR for parameters: (np.float64(999993.1262272293), np.float64(10.00003426727348), np.float64(0.8999983580545844), np.float64(9.086836034113329), np.float64(0.09999927245763264), 1.0, 13.7253796777895, np.float64(1.0462116200824596), np.float64(0.7849348119825112), 0.6283185307179586, 0.5235987755982988, np.float64(0.10378124825425317), 0.2, np.float64(0.23347535179236248), 0.95, False, False, False, True, np.float64(0.001285038753215177), np.float64(-0.00010335540115471431))
Waveform Generated. SNR: 19.940526901322585
The optimal source SNR is <= 20. The Fisher approximation may not be valid!
calculating stable deltas...
minimum relative error is greater than 1% for dev_1. Fisher may be unstable!
minimum relative error is greater than 1% for dev_2. Fisher may be unstable!
Time taken to compute stable deltas is 42.53420925140381 seconds
calculating Fisher matrix...
Finished derivatives
Calculated Fisher is *atleast* positive-definite.
Time taken to compute FM is 4.082306146621704 seconds
    CV from_MAP#1 it   5 lam=6.4e-02 ov=0.9992133 chi2=6.245e-01 rel=2.5e-04
Body is not plunging, Fisher should be stable.
waveform shape: (3, 7889537)
Computing SNR for parameters: (np.float64(999993.1260811309), np.float64(10.000034276423909), np.float64(0.8999983599581445), np.float64(9.086836034010796), np.float64(0.09999927580188783), 1.0, 13.7253796777895, np.float64(1.046214959118225), np.float64(0.7849324148793572), 0.6283185307179586, 0.5235987755982988, np.float64(0.1039736572861776), 0.2, np.float64(0.2335307876689144), 0.95, False, False, False, True, np.float64(0.001365955358099783), np.float64(-0.00010333851900789559))
Waveform Generated. SNR: 19.940476692032785
The optimal source SNR is <= 20. The Fisher approximation may not be valid!
calculating Fisher matrix...
Finished derivatives
Calculated Fisher is *atleast* positive-definite.
Time taken to compute FM is 4.671365022659302 seconds
    CV from_MAP#1 it   6 lam=5.3e-02 ov=0.9992135 chi2=6.244e-01 rel=7.2e-04
Body is not plunging, Fisher should be stable.
waveform shape: (3, 7889537)
Computing SNR for parameters: (np.float64(999993.1259530359), np.float64(10.000034285119245), np.float64(0.8999983618869003), np.float64(9.086836033989384), np.float64(0.09999927963236979), 1.0, 13.7253796777895, np.float64(1.0462104799120953), np.float64(0.784923919367786), 0.6283185307179586, 0.5235987755982988, np.float64(0.1039905927263337), 0.2, np.float64(0.23341478562563206), 0.95, False, False, False, True, np.float64(0.0014293552544909806), np.float64(-0.00010332133853406636))
Waveform Generated. SNR: 19.940559614069816
The optimal source SNR is <= 20. The Fisher approximation may not be valid!
calculating Fisher matrix...
Finished derivatives
Calculated Fisher is *atleast* positive-definite.
Time taken to compute FM is 4.680600643157959 seconds
    CV from_MAP#1 it   7 lam=3.4e+00 ov=0.9992141 chi2=6.239e-01 rel=1.4e-04
Body is not plunging, Fisher should be stable.
waveform shape: (3, 7889537)
Computing SNR for parameters: (np.float64(999993.1259595525), np.float64(10.000034284979629), np.float64(0.8999983619635747), np.float64(9.086836034036406), np.float64(0.0999992797832854), 1.0, 13.7253796777895, np.float64(1.0462133665635476), np.float64(0.7849214288893792), 0.6283185307179586, 0.5235987755982988, np.float64(0.10399240551211167), 0.2, np.float64(0.2334492475740397), 0.95, False, False, False, True, np.float64(0.0014281519914142234), np.float64(-0.00010330596575899899))
Waveform Generated. SNR: 19.940575129414817
The optimal source SNR is <= 20. The Fisher approximation may not be valid!
calculating Fisher matrix...
Finished derivatives
Calculated Fisher is *atleast* positive-definite.
Time taken to compute FM is 4.681311368942261 seconds
    CV from_MAP#1 it   8 lam=1.1e+00 ov=0.9992142 chi2=6.239e-01 rel=5.1e-05
Body is not plunging, Fisher should be stable.
waveform shape: (3, 7889537)
Computing SNR for parameters: (np.float64(999993.1259631523), np.float64(10.000034284940593), np.float64(0.8999983620267074), np.float64(9.086836034067868), np.float64(0.0999992799092594), 1.0, 13.7253796777895, np.float64(1.0462149700957357), np.float64(0.7849197834775137), 0.6283185307179586, 0.5235987755982988, np.float64(0.10399410453865193), 0.2, np.float64(0.2334668000262356), 0.95, False, False, False, True, np.float64(0.0014278883336891095), np.float64(-0.0001033051269869594))
Waveform Generated. SNR: 19.940589166650255
The optimal source SNR is <= 20. The Fisher approximation may not be valid!
calculating Fisher matrix...
Finished derivatives
Calculated Fisher is *atleast* positive-definite.
Time taken to compute FM is 4.698864459991455 seconds
    CV from_MAP#1 it   9 lam=1.4e+00 ov=0.9992142 chi2=6.238e-01 rel=1.9e-05
Body is not plunging, Fisher should be stable.
waveform shape: (3, 7889537)
Computing SNR for parameters: (np.float64(999993.1259538295), np.float64(10.00003428539113), np.float64(0.8999983621418525), np.float64(9.086836034059047), np.float64(0.09999927995251962), 1.0, 13.7253796777895, np.float64(1.0462164610438105), np.float64(0.7849196281752098), 0.6283185307179586, 0.5235987755982988, np.float64(0.10402253975114624), 0.2, np.float64(0.23347456759542556), 0.95, False, False, False, True, np.float64(0.0014306788050907427), np.float64(-0.00010332885205213186))
Waveform Generated. SNR: 19.940578422279106
The optimal source SNR is <= 20. The Fisher approximation may not be valid!
calculating stable deltas...
minimum relative error is greater than 1% for dev_1. Fisher may be unstable!
minimum relative error is greater than 1% for dev_2. Fisher may be unstable!
Time taken to compute stable deltas is 42.92959499359131 seconds
calculating Fisher matrix...
Finished derivatives
Calculated Fisher is *atleast* positive-definite.
Time taken to compute FM is 4.1165382862091064 seconds
    CV from_MAP#1 it  10 lam=4.6e-01 ov=0.9992142 chi2=6.238e-01 rel=4.2e-05
Body is not plunging, Fisher should be stable.
waveform shape: (3, 7889537)
Computing SNR for parameters: (np.float64(999993.1259542878), np.float64(10.000034285570058), np.float64(0.8999983622601057), np.float64(9.086836034092078), np.float64(0.09999928017018488), 1.0, 13.7253796777895, np.float64(1.0462163714267148), np.float64(0.7849181431423757), 0.6283185307179586, 0.5235987755982988, np.float64(0.10403006843450822), 0.2, np.float64(0.23348445773437584), 0.95, False, False, False, True, np.float64(0.0014324202265374847), np.float64(-0.00010333096170902108))
Waveform Generated. SNR: 19.940599831338382
The optimal source SNR is <= 20. The Fisher approximation may not be valid!
calculating Fisher matrix...
Finished derivatives
Calculated Fisher is *atleast* positive-definite.
Time taken to compute FM is 4.663521766662598 seconds
    CV from_MAP#1 it  11 lam=4.8e-01 ov=0.9992143 chi2=6.238e-01 rel=4.3e-05
Body is not plunging, Fisher should be stable.
waveform shape: (3, 7889537)
Computing SNR for parameters: (np.float64(999993.1259317294), np.float64(10.000034286747088), np.float64(0.8999983625316059), np.float64(9.086836034069579), np.float64(0.0999992803766821), 1.0, 13.7253796777895, np.float64(1.0462123565951096), np.float64(0.784918448742331), 0.6283185307179586, 0.5235987755982988, np.float64(0.10408482432228063), 0.2, np.float64(0.2334811645177365), 0.95, False, False, False, True, np.float64(0.0014445453462004398), np.float64(-0.00010357524813573048))
Waveform Generated. SNR: 19.940606221735376
The optimal source SNR is <= 20. The Fisher approximation may not be valid!
calculating Fisher matrix...
Finished derivatives
Calculated Fisher is *atleast* positive-definite.
Time taken to compute FM is 4.650979042053223 seconds
    CV from_MAP#1 it  12 lam=4.1e-01 ov=0.9992143 chi2=6.238e-01 rel=9.4e-05
Body is not plunging, Fisher should be stable.
waveform shape: (3, 7889537)
Computing SNR for parameters: (np.float64(999993.1259190992), np.float64(10.000034287753518), np.float64(0.8999983628102982), np.float64(9.086836034090927), np.float64(0.0999992809077964), 1.0, 13.7253796777895, np.float64(1.0462114079965121), np.float64(0.7849176662703813), 0.6283185307179586, 0.5235987755982988, np.float64(0.10409780917125586), 0.2, np.float64(0.23345477059093112), 0.95, False, False, False, True, np.float64(0.001453677526982487), np.float64(-0.00010352179252970713))
Waveform Generated. SNR: 19.940621567741818
The optimal source SNR is <= 20. The Fisher approximation may not be valid!
calculating Fisher matrix...
Finished derivatives
Calculated Fisher is *atleast* positive-definite.
Time taken to compute FM is 4.678443431854248 seconds
    CV from_MAP#1 it  13 lam=7.9e-01 ov=0.9992144 chi2=6.237e-01 rel=2.3e-06
Body is not plunging, Fisher should be stable.
waveform shape: (3, 7889537)
Computing SNR for parameters: (np.float64(999993.125920079), np.float64(10.000034288372396), np.float64(0.8999983632147719), np.float64(9.086836034200825), np.float64(0.09999928166304178), 1.0, 13.7253796777895, np.float64(1.0462209681712167), np.float64(0.7849127923244128), 0.6283185307179586, 0.5235987755982988, np.float64(0.10410473331806078), 0.2, np.float64(0.23343003765819817), 0.95, False, False, False, True, np.float64(0.001458984042475982), np.float64(-0.00010288040716761258))
Waveform Generated. SNR: 19.940640951838258
The optimal source SNR is <= 20. The Fisher approximation may not be valid!
calculating Fisher matrix...
Finished derivatives
Calculated Fisher is *atleast* positive-definite.
Time taken to compute FM is 4.656083106994629 seconds
    CV from_MAP#1 it  14 lam=7.9e-01 ov=0.9992144 chi2=6.237e-01 rel=1.0e-04
Body is not plunging, Fisher should be stable.
waveform shape: (3, 7889537)
Computing SNR for parameters: (np.float64(999993.1259071779), np.float64(10.000034289197943), np.float64(0.899998363353918), np.float64(9.086836034184454), np.float64(0.09999928199127489), 1.0, 13.7253796777895, np.float64(1.0462158032167592), np.float64(0.7849152190903592), 0.6283185307179586, 0.5235987755982988, np.float64(0.1041029341280962), 0.2, np.float64(0.23338996563986128), 0.95, False, False, False, True, np.float64(0.001466704392697886), np.float64(-0.00010248357198380493))
Waveform Generated. SNR: 19.940643951126262
The optimal source SNR is <= 20. The Fisher approximation may not be valid!
calculating stable deltas...
minimum relative error is greater than 1% for dev_1. Fisher may be unstable!
minimum relative error is greater than 1% for dev_2. Fisher may be unstable!
Time taken to compute stable deltas is 42.63080191612244 seconds
calculating Fisher matrix...
Finished derivatives
Calculated Fisher is *atleast* positive-definite.
Time taken to compute FM is 4.082938194274902 seconds
    CV from_MAP#1 it  15 lam=2.9e+00 ov=0.9992144 chi2=6.236e-01 rel=3.3e-05
Body is not plunging, Fisher should be stable.
waveform shape: (3, 7889537)
Computing SNR for parameters: (np.float64(999993.1259033057), np.float64(10.000034289328886), np.float64(0.8999983634643784), np.float64(9.08683603419651), np.float64(0.09999928190179469), 1.0, 13.7253796777895, np.float64(1.046215990941043), np.float64(0.7849153344205733), 0.6283185307179586, 0.5235987755982988, np.float64(0.10416259758955483), 0.2, np.float64(0.23373638570941635), 0.95, False, False, False, True, np.float64(0.0014680013034487635), np.float64(-0.00011053284874537036))
Waveform Generated. SNR: 19.940642757528536
The optimal source SNR is <= 20. The Fisher approximation may not be valid!
calculating Fisher matrix...
Finished derivatives
Calculated Fisher is *atleast* positive-definite.
Time taken to compute FM is 4.671151876449585 seconds
    CV from_MAP#1 it  16 lam=2.9e+00 ov=0.9992145 chi2=6.236e-01 rel=3.5e-05
Body is not plunging, Fisher should be stable.
waveform shape: (3, 7889537)
Computing SNR for parameters: (np.float64(999993.1258967522), np.float64(10.000034289644912), np.float64(0.899998363489941), np.float64(9.086836034176242), np.float64(0.09999928194613866), 1.0, 13.7253796777895, np.float64(1.0462138964472774), np.float64(0.78491651280542), 0.6283185307179586, 0.5235987755982988, np.float64(0.10416537421009714), 0.2, np.float64(0.23364836708189107), 0.95, False, False, False, True, np.float64(0.0014711746653215739), np.float64(-0.00011064926990961642))
Waveform Generated. SNR: 19.940639776599227
The optimal source SNR is <= 20. The Fisher approximation may not be valid!
calculating Fisher matrix...
Finished derivatives
Calculated Fisher is *atleast* positive-definite.
Time taken to compute FM is 4.691715240478516 seconds
    CV from_MAP#1 it  17 lam=2.7e+00 ov=0.9992145 chi2=6.236e-01 rel=2.3e-05
Body is not plunging, Fisher should be stable.
waveform shape: (3, 7889537)
Computing SNR for parameters: (np.float64(999993.1258922791), np.float64(10.000034289893978), np.float64(0.899998363524804), np.float64(9.08683603416701), np.float64(0.0999992820145067), 1.0, 13.7253796777895, np.float64(1.0462126776246456), np.float64(0.7849170485401421), 0.6283185307179586, 0.5235987755982988, np.float64(0.104166962505565), 0.2, np.float64(0.23358398411287087), 0.95, False, False, False, True, np.float64(0.0014737345450406255), np.float64(-0.0001105456837506931))
Waveform Generated. SNR: 19.94063747928969
The optimal source SNR is <= 20. The Fisher approximation may not be valid!
calculating Fisher matrix...
Finished derivatives
Calculated Fisher is *atleast* positive-definite.
Time taken to compute FM is 4.677271127700806 seconds
    CV from_MAP#1 it  18 lam=2.8e+00 ov=0.9992145 chi2=6.236e-01 rel=1.0e-05
Body is not plunging, Fisher should be stable.
waveform shape: (3, 7889537)
Computing SNR for parameters: (np.float64(999993.1258865092), np.float64(10.000034290190383), np.float64(0.8999983635593195), np.float64(9.08683603415232), np.float64(0.099999282073431), 1.0, 13.7253796777895, np.float64(1.0462112783400084), np.float64(0.7849178259724976), 0.6283185307179586, 0.5235987755982988, np.float64(0.10416994797081451), 0.2, np.float64(0.23353375427432754), 0.95, False, False, False, True, np.float64(0.001476761958284833), np.float64(-0.0001103652903672505))
Waveform Generated. SNR: 19.94063190875515
The optimal source SNR is <= 20. The Fisher approximation may not be valid!
calculating Fisher matrix...
Finished derivatives
Calculated Fisher is *atleast* positive-definite.
Time taken to compute FM is 4.67650294303894 seconds
    CV from_MAP#1 it  19 lam=4.5e+00 ov=0.9992145 chi2=6.236e-01 rel=9.2e-06
Body is not plunging, Fisher should be stable.
waveform shape: (3, 7889537)
Computing SNR for parameters: (np.float64(999993.1258892477), np.float64(10.000034290219784), np.float64(0.8999983636271188), np.float64(9.086836034181522), np.float64(0.09999928224403347), 1.0, 13.7253796777895, np.float64(1.0462135904708032), np.float64(0.7849164239159726), 0.6283185307179586, 0.5235987755982988, np.float64(0.10416490731581482), 0.2, np.float64(0.23349742604772655), 0.95, False, False, False, True, np.float64(0.0014770330436022704), np.float64(-0.00010973116115476383))
Waveform Generated. SNR: 19.94064183558604
The optimal source SNR is <= 20. The Fisher approximation may not be valid!
calculating stable deltas...
minimum relative error is greater than 1% for dev_1. Fisher may be unstable!
minimum relative error is greater than 1% for dev_2. Fisher may be unstable!
Time taken to compute stable deltas is 42.872819662094116 seconds
calculating Fisher matrix...
Finished derivatives
Calculated Fisher is *atleast* positive-definite.
Time taken to compute FM is 4.080321788787842 seconds
    CV from_MAP#1 it  20 lam=4.4e+00 ov=0.9992145 chi2=6.236e-01 rel=1.9e-05
Body is not plunging, Fisher should be stable.
waveform shape: (3, 7889537)
Computing SNR for parameters: (np.float64(999993.1258856278), np.float64(10.000034290391504), np.float64(0.8999983636476951), np.float64(9.08683603417197), np.float64(0.09999928226234746), 1.0, 13.7253796777895, np.float64(1.04621264479733), np.float64(0.7849168651325802), 0.6283185307179586, 0.5235987755982988, np.float64(0.10416885789556303), 0.2, np.float64(0.2334830358664359), 0.95, False, False, False, True, np.float64(0.0014787492846613634), np.float64(-0.00010973185494066531))
Waveform Generated. SNR: 19.940639804305984
The optimal source SNR is <= 20. The Fisher approximation may not be valid!
calculating Fisher matrix...
Finished derivatives
Calculated Fisher is *atleast* positive-definite.
Time taken to compute FM is 4.67212986946106 seconds
    CV from_MAP#1 it  21 lam=4.2e+00 ov=0.9992145 chi2=6.236e-01 rel=1.0e-05
Body is not plunging, Fisher should be stable.
waveform shape: (3, 7889537)
Computing SNR for parameters: (np.float64(999993.1258817062), np.float64(10.000034290577336), np.float64(0.8999983636679797), np.float64(9.086836034161106), np.float64(0.09999928228282752), 1.0, 13.7253796777895, np.float64(1.046211686668713), np.float64(0.7849173896972296), 0.6283185307179586, 0.5235987755982988, np.float64(0.10417240724127548), 0.2, np.float64(0.23346827246525473), 0.95, False, False, False, True, np.float64(0.0014806635746689783), np.float64(-0.00010973171347800195))
Waveform Generated. SNR: 19.940636774307244
The optimal source SNR is <= 20. The Fisher approximation may not be valid!
calculating Fisher matrix...
Finished derivatives
Calculated Fisher is *atleast* positive-definite.
Time taken to compute FM is 4.659546852111816 seconds
    CV from_MAP#1 it  22 lam=1.4e+00 ov=0.9992146 chi2=6.236e-01 rel=9.3e-06
Body is not plunging, Fisher should be stable.
waveform shape: (3, 7889537)
Computing SNR for parameters: (np.float64(999993.1258797627), np.float64(10.000034290709284), np.float64(0.8999983636969945), np.float64(9.086836034160745), np.float64(0.09999928233931862), 1.0, 13.7253796777895, np.float64(1.046211462708888), np.float64(0.7849173981830732), 0.6283185307179586, 0.5235987755982988, np.float64(0.10417314933253509), 0.2, np.float64(0.2334540375584487), 0.95, False, False, False, True, np.float64(0.0014820264333683206), np.float64(-0.0001097316385889873))
Waveform Generated. SNR: 19.94063705712157
The optimal source SNR is <= 20. The Fisher approximation may not be valid!
calculating Fisher matrix...
Finished derivatives
Calculated Fisher is *atleast* positive-definite.
Time taken to compute FM is 4.667722463607788 seconds
    CV from_MAP#1 it  23 lam=1.3e+00 ov=0.9992146 chi2=6.235e-01 rel=2.3e-05
Body is not plunging, Fisher should be stable.
waveform shape: (3, 7889537)
Computing SNR for parameters: (np.float64(999993.1258727879), np.float64(10.000034291129218), np.float64(0.8999983637810609), np.float64(9.086836034154079), np.float64(0.09999928247852874), 1.0, 13.7253796777895, np.float64(1.0462107719063338), np.float64(0.7849175749074396), 0.6283185307179586, 0.5235987755982988, np.float64(0.104178341268191), 0.2, np.float64(0.23342897920906858), 0.95, False, False, False, True, np.float64(0.0014863830654042627), np.float64(-0.00010973099230379204))
Waveform Generated. SNR: 19.940636756461604
The optimal source SNR is <= 20. The Fisher approximation may not be valid!
calculating Fisher matrix...
Finished derivatives
Calculated Fisher is *atleast* positive-definite.
Time taken to compute FM is 4.673080921173096 seconds
    CV from_MAP#1 it  24 lam=1.3e+00 ov=0.9992146 chi2=6.235e-01 rel=2.9e-05
Body is not plunging, Fisher should be stable.
waveform shape: (3, 7889537)
Computing SNR for parameters: (np.float64(999993.1258699439), np.float64(10.000034291393234), np.float64(0.8999983639018314), np.float64(9.08683603417399), np.float64(0.09999928261955847), 1.0, 13.7253796777895, np.float64(1.0462100663271505), np.float64(0.7849165125557921), 0.6283185307179586, 0.5235987755982988, np.float64(0.10419644783073292), 0.2, np.float64(0.23345454299063353), 0.95, False, False, False, True, np.float64(0.0014888972910277463), np.float64(-0.00010972640220426885))
Waveform Generated. SNR: 19.940653176215385
The optimal source SNR is <= 20. The Fisher approximation may not be valid!
calculating stable deltas...
minimum relative error is greater than 1% for dev_1. Fisher may be unstable!
minimum relative error is greater than 1% for dev_2. Fisher may be unstable!
Time taken to compute stable deltas is 42.61494970321655 seconds
calculating Fisher matrix...
Finished derivatives
Calculated Fisher is *atleast* positive-definite.
Time taken to compute FM is 4.0503222942352295 seconds
    CV from_MAP#1 it  25 lam=1.9e+01 ov=0.9992146 chi2=6.235e-01 rel=2.0e-06
Body is not plunging, Fisher should be stable.
waveform shape: (3, 7889537)
Computing SNR for parameters: (np.float64(999993.1258698747), np.float64(10.00003429142992), np.float64(0.8999983639163183), np.float64(9.086836034177548), np.float64(0.09999928265984027), 1.0, 13.7253796777895, np.float64(1.0462104420601286), np.float64(0.7849163575727373), 0.6283185307179586, 0.5235987755982988, np.float64(0.10419497790024233), 0.2, np.float64(0.23344486009787926), 0.95, False, False, False, True, np.float64(0.0014892553629598099), np.float64(-5.262199816134188e-05))
Waveform Generated. SNR: 19.9406525757652
The optimal source SNR is <= 20. The Fisher approximation may not be valid!
calculating Fisher matrix...
Finished derivatives
Calculated Fisher is *atleast* positive-definite.
Time taken to compute FM is 4.662355422973633 seconds
    CV from_MAP#1 it  26 lam=2.7e+01 ov=0.9992146 chi2=6.235e-01 rel=6.3e-07
Body is not plunging, Fisher should be stable.
waveform shape: (3, 7889537)
Computing SNR for parameters: (np.float64(999993.1258692681), np.float64(10.000034291464893), np.float64(0.8999983639219966), np.float64(9.086836034176544), np.float64(0.09999928267043912), 1.0, 13.7253796777895, np.float64(1.0462103451300373), np.float64(0.7849164129615613), 0.6283185307179586, 0.5235987755982988, np.float64(0.10419518667722051), 0.2, np.float64(0.23344149989303195), 0.95, False, False, False, True, np.float64(0.0014896123299618057), np.float64(-5.4395324418642446e-05))
Waveform Generated. SNR: 19.940652398943932
The optimal source SNR is <= 20. The Fisher approximation may not be valid!
calculating Fisher matrix...
Finished derivatives
Calculated Fisher is *atleast* positive-definite.
Time taken to compute FM is 4.669912338256836 seconds
    CV from_MAP#1 it  27 lam=9.0e+00 ov=0.9992146 chi2=6.235e-01 rel=6.2e-06
Body is not plunging, Fisher should be stable.
waveform shape: (3, 7889537)
Computing SNR for parameters: (np.float64(999993.125868764), np.float64(10.000034291491712), np.float64(0.8999983639257635), np.float64(9.086836034175457), np.float64(0.09999928267659317), 1.0, 13.7253796777895, np.float64(1.0462102529471984), np.float64(0.7849164688815709), 0.6283185307179586, 0.5235987755982988, np.float64(0.10419545797223606), 0.2, np.float64(0.2334393287608084), 0.95, False, False, False, True, np.float64(0.001489866780430554), np.float64(-5.4502989676651524e-05))
Waveform Generated. SNR: 19.940651835916928
The optimal source SNR is <= 20. The Fisher approximation may not be valid!
calculating Fisher matrix...
Finished derivatives
Calculated Fisher is *atleast* positive-definite.
Time taken to compute FM is 4.670027256011963 seconds
    CV from_MAP#1 it  28 lam=1.7e+01 ov=0.9992146 chi2=6.235e-01 rel=2.2e-06
Body is not plunging, Fisher should be stable.
waveform shape: (3, 7889537)
Computing SNR for parameters: (np.float64(999993.1258682074), np.float64(10.000034291526266), np.float64(0.8999983639321645), np.float64(9.086836034174851), np.float64(0.0999992826892), 1.0, 13.7253796777895, np.float64(1.0462101904979586), np.float64(0.7849165027364138), 0.6283185307179586, 0.5235987755982988, np.float64(0.1041955782532225), 0.2, np.float64(0.23343601162715163), 0.95, False, False, False, True, np.float64(0.001490175739845528), np.float64(-5.583088275649114e-05))
Waveform Generated. SNR: 19.940651807992136
The optimal source SNR is <= 20. The Fisher approximation may not be valid!
calculating Fisher matrix...
Finished derivatives
Calculated Fisher is *atleast* positive-definite.
Time taken to compute FM is 4.675954341888428 seconds
    CV from_MAP#1 it  29 lam=5.3e+01 ov=0.9992146 chi2=6.235e-01 rel=1.1e-07
Body is not plunging, Fisher should be stable.
waveform shape: (3, 7889537)
Computing SNR for parameters: (np.float64(999993.1258678699), np.float64(10.000034291545482), np.float64(0.8999983639353224), np.float64(9.086836034174292), np.float64(0.09999928269478253), 1.0, 13.7253796777895, np.float64(1.046210142351908), np.float64(0.7849165313557445), 0.6283185307179586, 0.5235987755982988, np.float64(0.10419573253909535), 0.2, np.float64(0.23343443876361483), 0.95, False, False, False, True, np.float64(0.001490372564955263), np.float64(-5.596859115656736e-05))
Waveform Generated. SNR: 19.94065122115975
The optimal source SNR is <= 20. The Fisher approximation may not be valid!
calculating stable deltas...
minimum relative error is greater than 1% for dev_1. Fisher may be unstable!
minimum relative error is greater than 1% for dev_2. Fisher may be unstable!
Time taken to compute stable deltas is 42.91510891914368 seconds
calculating Fisher matrix...
Finished derivatives
Calculated Fisher is *atleast* positive-definite.
Time taken to compute FM is 4.086052417755127 seconds
    CV from_MAP#1 it  30 lam=5.1e+141 ov=0.9992146 chi2=6.235e-01 rel=0.0e+00
    NM  nfev=1877 ov 0.9992146 -> 0.9993648 (accepted=True)
Body is not plunging, Fisher should be stable.
waveform shape: (3, 7889537)
Computing SNR for parameters: (np.float64(999993.597908859), np.float64(10.000044503312388), np.float64(0.9000000734855657), np.float64(9.086833944000755), np.float64(0.09999716939856951), 1.0, 13.7253796777895, np.float64(1.0469462522077138), np.float64(0.7835199841531292), 0.6283185307179586, 0.5235987755982988, np.float64(0.08956922976858325), 0.2, np.float64(0.12590252085926484), 0.95, False, False, False, True, np.float64(0.047199260835515684), np.float64(-8.72847109914478))
Waveform Generated. SNR: 19.945490975235927
The optimal source SNR is <= 20. The Fisher approximation may not be valid!
calculating stable deltas...
Time taken to compute stable deltas is 42.776038646698 seconds
calculating Fisher matrix...
Finished derivatives
Calculated Fisher is *atleast* positive-definite.
Time taken to compute FM is 4.078286170959473 seconds
    CV from_MAP#2 it   0 lam=3.3e-03 ov=0.9993648 chi2=5.045e-01 rel=8.0e-04
Body is not plunging, Fisher should be stable.
waveform shape: (3, 7889537)
Computing SNR for parameters: (np.float64(999993.5981603882), np.float64(10.000044513405925), np.float64(0.9000000748279204), np.float64(9.08683394644099), np.float64(0.09999718831381532), 1.0, 13.7253796777895, np.float64(1.046927567666197), np.float64(0.7835111963956936), 0.6283185307179586, 0.5235987755982988, np.float64(0.09013964657174942), 0.2, np.float64(0.12700353393985506), 0.95, False, False, False, True, np.float64(0.04729881362696848), np.float64(-8.630882376563857))
Waveform Generated. SNR: 19.94567351502915
The optimal source SNR is <= 20. The Fisher approximation may not be valid!
calculating Fisher matrix...
Finished derivatives
Calculated Fisher is *atleast* positive-definite.
Time taken to compute FM is 4.678361892700195 seconds
    CV from_MAP#2 it   1 lam=1.1e-03 ov=0.9993653 chi2=5.041e-01 rel=1.6e-03
Body is not plunging, Fisher should be stable.
waveform shape: (3, 7889537)
Computing SNR for parameters: (np.float64(999993.5989684855), np.float64(10.000044542893827), np.float64(0.9000000776244482), np.float64(9.086833953972349), np.float64(0.09999723227999309), 1.0, 13.7253796777895, np.float64(1.0468447059421104), np.float64(0.7834932833397141), 0.6283185307179586, 0.5235987755982988, np.float64(0.09141659932423617), 0.2, np.float64(0.1276397259816693), 0.95, False, False, False, True, np.float64(0.04759050439655844), np.float64(-8.393844476598938))
Waveform Generated. SNR: 19.94628663366487
The optimal source SNR is <= 20. The Fisher approximation may not be valid!
calculating Fisher matrix...
Finished derivatives
Calculated Fisher is *atleast* positive-definite.
Time taken to compute FM is 4.679629564285278 seconds
    CV from_MAP#2 it   2 lam=3.7e-04 ov=0.9993663 chi2=5.033e-01 rel=2.4e-03
Body is not plunging, Fisher should be stable.
waveform shape: (3, 7889537)
Computing SNR for parameters: (np.float64(999993.601551015), np.float64(10.000044621779317), np.float64(0.9000000813328434), np.float64(9.086833977362426), np.float64(0.09999729283636646), 1.0, 13.7253796777895, np.float64(1.0467165252563848), np.float64(0.7834681558303351), 0.6283185307179586, 0.5235987755982988, np.float64(0.09352981369257882), 0.2, np.float64(0.12861909151329656), 0.95, False, False, False, True, np.float64(0.0483813818024216), np.float64(-7.96738252131501))
Waveform Generated. SNR: 19.94722053723409
The optimal source SNR is <= 20. The Fisher approximation may not be valid!
calculating Fisher matrix...
Finished derivatives
Calculated Fisher is *atleast* positive-definite.
Time taken to compute FM is 4.717941045761108 seconds
    CV from_MAP#2 it   3 lam=1.2e-04 ov=0.9993679 chi2=5.021e-01 rel=3.8e-03
Body is not plunging, Fisher should be stable.
waveform shape: (3, 7889537)
Computing SNR for parameters: (np.float64(999993.6097889893), np.float64(10.00004483651661), np.float64(0.9000000813056453), np.float64(9.086834049680224), np.float64(0.09999730588174441), 1.0, 13.7253796777895, np.float64(1.046610590034306), np.float64(0.7834658427590447), 0.6283185307179586, 0.5235987755982988, np.float64(0.09567721466880212), 0.2, np.float64(0.12942748295345205), 0.95, False, False, False, True, np.float64(0.050558529692787034), np.float64(-7.338753397081396))
Waveform Generated. SNR: 19.947858677293382
The optimal source SNR is <= 20. The Fisher approximation may not be valid!
calculating Fisher matrix...
Finished derivatives
Calculated Fisher is *atleast* positive-definite.
Time taken to compute FM is 4.694498538970947 seconds
    CV from_MAP#2 it   4 lam=4.1e-05 ov=0.9993704 chi2=5.002e-01 rel=9.2e-03
Body is not plunging, Fisher should be stable.
waveform shape: (3, 7889537)
Computing SNR for parameters: (np.float64(999993.6326238371), np.float64(10.000045455544619), np.float64(0.9000000794676228), np.float64(9.086834255503426), np.float64(0.0999971635810379), 1.0, 13.7253796777895, np.float64(1.0466010766893015), np.float64(0.7835200365957051), 0.6283185307179586, 0.5235987755982988, np.float64(0.09741169009370666), 0.2, np.float64(0.1287956368877925), 0.95, False, False, False, True, np.float64(0.05675733542410657), np.float64(-6.318120175732089))
Waveform Generated. SNR: 19.947551884723417
The optimal source SNR is <= 20. The Fisher approximation may not be valid!
calculating stable deltas...
Time taken to compute stable deltas is 43.0516836643219 seconds
calculating Fisher matrix...
Finished derivatives
Calculated Fisher is *atleast* positive-definite.
Time taken to compute FM is 4.086394786834717 seconds
    CV from_MAP#2 it   5 lam=1.4e-05 ov=0.9993761 chi2=4.956e-01 rel=2.2e-02
Body is not plunging, Fisher should be stable.
waveform shape: (3, 7889537)
Computing SNR for parameters: (np.float64(999993.691433901), np.float64(10.000047141648432), np.float64(0.900000091132268), np.float64(9.086834795297506), np.float64(0.09999672544468374), 1.0, 13.7253796777895, np.float64(1.0466654711757135), np.float64(0.7836654855671068), 0.6283185307179586, 0.5235987755982988, np.float64(0.10055073729519122), 0.2, np.float64(0.1249898012904978), 0.95, False, False, False, True, np.float64(0.07366929429560434), np.float64(-3.9788115138537803))
Waveform Generated. SNR: 19.94617758431072
The optimal source SNR is <= 20. The Fisher approximation may not be valid!
calculating Fisher matrix...
Finished derivatives
Calculated Fisher is *atleast* positive-definite.
Time taken to compute FM is 4.668945550918579 seconds
    CV from_MAP#2 it   6 lam=4.6e-06 ov=0.9993901 chi2=4.845e-01 rel=4.0e-02
Body is not plunging, Fisher should be stable.
waveform shape: (3, 7889537)
Computing SNR for parameters: (np.float64(999993.8175081357), np.float64(10.000050902387608), np.float64(0.900000132182909), np.float64(9.086835946582086), np.float64(0.09999576431097514), 1.0, 13.7253796777895, np.float64(1.0468161102107287), np.float64(0.7839731535886835), 0.6283185307179586, 0.5235987755982988, np.float64(0.10685503414658262), 0.2, np.float64(0.11555376582624942), 0.95, False, False, False, True, np.float64(0.10961013805200967), np.float64(0.8737488020321909))
Waveform Generated. SNR: 19.943170944826996
The optimal source SNR is <= 20. The Fisher approximation may not be valid!
calculating Fisher matrix...
Finished derivatives
Calculated Fisher is *atleast* positive-definite.
Time taken to compute FM is 4.6721413135528564 seconds
    CV from_MAP#2 it   7 lam=1.5e-06 ov=0.9994143 chi2=4.651e-01 rel=3.6e-02
Body is not plunging, Fisher should be stable.
waveform shape: (3, 7889537)
Computing SNR for parameters: (np.float64(999994.0016540074), np.float64(10.000056030233404), np.float64(0.9000002022372895), np.float64(9.086837501106809), np.float64(0.09999441901775975), 1.0, 13.7253796777895, np.float64(1.047031730801376), np.float64(0.7843627877903002), 0.6283185307179586, 0.5235987755982988, np.float64(0.11582502007178283), 0.2, np.float64(0.10199507433582658), 0.95, False, False, False, True, np.float64(0.16143741077358725), np.float64(7.618496881069663))
Waveform Generated. SNR: 19.93920044436371
The optimal source SNR is <= 20. The Fisher approximation may not be valid!
calculating Fisher matrix...
Finished derivatives
Calculated Fisher is *atleast* positive-definite.
Time taken to compute FM is 4.648834228515625 seconds
    CV from_MAP#2 it   8 lam=5.1e-07 ov=0.9994349 chi2=4.486e-01 rel=9.6e-03
Body is not plunging, Fisher should be stable.
waveform shape: (3, 7889537)
Computing SNR for parameters: (np.float64(999994.1627293999), np.float64(10.000059845619129), np.float64(0.9000002719081469), np.float64(9.086838397324009), np.float64(0.09999345417008591), 1.0, 13.7253796777895, np.float64(1.0471729209886196), np.float64(0.7846231924662828), 0.6283185307179586, 0.5235987755982988, np.float64(0.12179773897667392), 0.2, np.float64(0.09300983386567144), 0.95, False, False, False, True, np.float64(0.19552956913090747), np.float64(12.245046268005602))
Waveform Generated. SNR: 19.936537570284333
The optimal source SNR is <= 20. The Fisher approximation may not be valid!
calculating Fisher matrix...
Finished derivatives
Calculated Fisher is *atleast* positive-definite.
Time taken to compute FM is 4.659257173538208 seconds
    CV from_MAP#2 it   9 lam=1.7e-07 ov=0.9994402 chi2=4.443e-01 rel=1.2e-03
Body is not plunging, Fisher should be stable.
waveform shape: (3, 7889537)
Computing SNR for parameters: (np.float64(999994.3373159057), np.float64(10.000061658309274), np.float64(0.9000003640766854), np.float64(9.086838155036515), np.float64(0.09999297281172448), 1.0, 13.7253796777895, np.float64(1.0472269230949365), np.float64(0.7846915598635096), 0.6283185307179586, 0.5235987755982988, np.float64(0.12355891810818907), 0.2, np.float64(0.09066577827393524), 0.95, False, False, False, True, np.float64(0.20808426739821054), np.float64(13.99828465581058))
Waveform Generated. SNR: 19.935790687648467
The optimal source SNR is <= 20. The Fisher approximation may not be valid!
calculating stable deltas...
Time taken to compute stable deltas is 42.76747417449951 seconds
calculating Fisher matrix...
Finished derivatives
Calculated Fisher is *atleast* positive-definite.
Time taken to compute FM is 4.108995676040649 seconds
    CV from_MAP#2 it  10 lam=5.6e-08 ov=0.9994408 chi2=4.438e-01 rel=1.1e-03
Body is not plunging, Fisher should be stable.
waveform shape: (3, 7889537)
Computing SNR for parameters: (np.float64(999994.7306578287), np.float64(10.000063730792691), np.float64(0.9000005781333501), np.float64(9.086836726015967), np.float64(0.09999230215231616), 1.0, 13.7253796777895, np.float64(1.0472804872197716), np.float64(0.7846952844283445), 0.6283185307179586, 0.5235987755982988, np.float64(0.12423676893102722), 0.2, np.float64(0.09110968852354064), 0.95, False, False, False, True, np.float64(0.22143682031227577), np.float64(15.625177233827936))
Waveform Generated. SNR: 19.935471136952252
The optimal source SNR is <= 20. The Fisher approximation may not be valid!
calculating Fisher matrix...
Finished derivatives
Calculated Fisher is *atleast* positive-definite.
Time taken to compute FM is 4.70937180519104 seconds
    CV from_MAP#2 it  11 lam=2.4e-08 ov=0.9994414 chi2=4.433e-01 rel=2.1e-03
Body is not plunging, Fisher should be stable.
waveform shape: (3, 7889537)
Computing SNR for parameters: (np.float64(999995.6617314708), np.float64(10.000067343973676), np.float64(0.9000010837892894), np.float64(9.08683326734314), np.float64(0.09999075041479426), 1.0, 13.7253796777895, np.float64(1.0474102662077631), np.float64(0.7846915774527489), 0.6283185307179586, 0.5235987755982988, np.float64(0.1255562562935749), 0.2, np.float64(0.09274992933891411), 0.95, False, False, False, True, np.float64(0.2628121663811057), np.float64(19.278335563719615))
Waveform Generated. SNR: 19.934810181959715
The optimal source SNR is <= 20. The Fisher approximation may not be valid!
calculating Fisher matrix...
Finished derivatives
Calculated Fisher is *atleast* positive-definite.
Time taken to compute FM is 4.690741300582886 seconds
    CV from_MAP#2 it  12 lam=2.4e-08 ov=0.9994426 chi2=4.423e-01 rel=7.2e-04
Body is not plunging, Fisher should be stable.
waveform shape: (3, 7889537)
Computing SNR for parameters: (np.float64(999996.7219338713), np.float64(10.000073975321218), np.float64(0.9000016620703567), np.float64(9.086829267191352), np.float64(0.09998900718567617), 1.0, 13.7253796777895, np.float64(1.0475644099375692), np.float64(0.7846702191388926), 0.6283185307179586, 0.5235987755982988, np.float64(0.12669236197992684), 0.2, np.float64(0.09477559214807887), 0.95, False, False, False, True, np.float64(0.2824392746053111), np.float64(23.227661755510184))
Waveform Generated. SNR: 19.934169925982133
The optimal source SNR is <= 20. The Fisher approximation may not be valid!
calculating Fisher matrix...
Finished derivatives
Calculated Fisher is *atleast* positive-definite.
Time taken to compute FM is 4.691349267959595 seconds
    CV from_MAP#2 it  13 lam=8.1e-09 ov=0.9994430 chi2=4.420e-01 rel=1.7e-03
Body is not plunging, Fisher should be stable.
waveform shape: (3, 7889537)
Computing SNR for parameters: (np.float64(999997.3680476863), np.float64(10.000077254878526), np.float64(0.900002013816985), np.float64(9.086826847874299), np.float64(0.09998793531781308), 1.0, 13.7253796777895, np.float64(1.047650616417314), np.float64(0.7846702600482258), 0.6283185307179586, 0.5235987755982988, np.float64(0.12753471674785413), 0.2, np.float64(0.09592692949089508), 0.95, False, False, False, True, np.float64(0.30278844916969316), np.float64(25.70046254930601))
Waveform Generated. SNR: 19.933630033657575
The optimal source SNR is <= 20. The Fisher approximation may not be valid!
calculating Fisher matrix...
Finished derivatives
Calculated Fisher is *atleast* positive-definite.
Time taken to compute FM is 4.67922830581665 seconds
    CV from_MAP#2 it  14 lam=8.1e-09 ov=0.9994439 chi2=4.413e-01 rel=4.0e-04
Body is not plunging, Fisher should be stable.
waveform shape: (3, 7889537)
Computing SNR for parameters: (np.float64(999998.3724715478), np.float64(10.000068966563763), np.float64(0.900002556937189), np.float64(9.086823154122927), np.float64(0.0999862519979694), 1.0, 13.7253796777895, np.float64(1.047792344253496), np.float64(0.7846635418019401), 0.6283185307179586, 0.5235987755982988, np.float64(0.1290888930547823), 0.2, np.float64(0.09766789805490496), 0.95, False, False, False, True, np.float64(0.4705991964822224), np.float64(29.91172467896092))
Waveform Generated. SNR: 19.932883963357927
The optimal source SNR is <= 20. The Fisher approximation may not be valid!
calculating stable deltas...
Time taken to compute stable deltas is 43.02880907058716 seconds
calculating Fisher matrix...
Finished derivatives
Calculated Fisher is *atleast* positive-definite.
Time taken to compute FM is 4.077987432479858 seconds
    CV from_MAP#2 it  15 lam=4.3e-09 ov=0.9994441 chi2=4.411e-01 rel=3.0e-05
Body is not plunging, Fisher should be stable.
waveform shape: (3, 7889537)
Computing SNR for parameters: (np.float64(999998.4064776581), np.float64(10.000068319507848), np.float64(0.9000025778849818), np.float64(9.086822987540605), np.float64(0.09998620790581011), 1.0, 13.7253796777895, np.float64(1.0477948242252708), np.float64(0.784661620993618), 0.6283185307179586, 0.5235987755982988, np.float64(0.12901040063361566), 0.2, np.float64(0.09780258195704972), 0.95, False, False, False, True, np.float64(0.4784832255341721), np.float64(29.90911165064178))
Waveform Generated. SNR: 19.93288992194435
The optimal source SNR is <= 20. The Fisher approximation may not be valid!
calculating Fisher matrix...
Finished derivatives
Calculated Fisher is *atleast* positive-definite.
Time taken to compute FM is 4.7108213901519775 seconds
    CV from_MAP#2 it  16 lam=2.9e-09 ov=0.9994441 chi2=4.411e-01 rel=4.3e-06
Body is not plunging, Fisher should be stable.
waveform shape: (3, 7889537)
Computing SNR for parameters: (np.float64(999998.4124645119), np.float64(10.000067065628407), np.float64(0.9000025811533183), np.float64(9.08682296380907), np.float64(0.09998619858833925), 1.0, 13.7253796777895, np.float64(1.0477955932039524), np.float64(0.7846615271661619), 0.6283185307179586, 0.5235987755982988, np.float64(0.1290131494819797), 0.2, np.float64(0.09782125857879782), 0.95, False, False, False, True, np.float64(0.49146023123456867), np.float64(29.94118855838891))
Waveform Generated. SNR: 19.93288535893277
The optimal source SNR is <= 20. The Fisher approximation may not be valid!
calculating Fisher matrix...
Finished derivatives
Calculated Fisher is *atleast* positive-definite.
Time taken to compute FM is 4.6501710414886475 seconds
    CV from_MAP#2 it  17 lam=3.4e-08 ov=0.9994441 chi2=4.411e-01 rel=3.1e-07
Body is not plunging, Fisher should be stable.
waveform shape: (3, 7889537)
Computing SNR for parameters: (np.float64(999998.4148949095), np.float64(10.000065671514612), np.float64(0.9000025826140788), np.float64(9.086822953773083), np.float64(0.0999861948027488), 1.0, 13.7253796777895, np.float64(1.047796189549326), np.float64(0.7846611847192542), 0.6283185307179586, 0.5235987755982988, np.float64(0.1290081989203652), 0.2, np.float64(0.09781976493179942), 0.95, False, False, False, True, np.float64(0.5055755063951343), np.float64(29.96103277784183))
Waveform Generated. SNR: 19.932880538206494
The optimal source SNR is <= 20. The Fisher approximation may not be valid!
calculating Fisher matrix...
Finished derivatives
Calculated Fisher is *atleast* positive-definite.
Time taken to compute FM is 4.6780149936676025 seconds
    CV from_MAP#2 it  18 lam=3.9e+05 ov=0.9994441 chi2=4.411e-01 rel=2.2e-06
Body is not plunging, Fisher should be stable.
waveform shape: (3, 7889537)
Computing SNR for parameters: (np.float64(999998.4148949095), np.float64(10.000065671514612), np.float64(0.9000025826140788), np.float64(9.086822953773083), np.float64(0.09998619480274885), 1.0, 13.7253796777895, np.float64(1.0477961895503864), np.float64(0.7846611847185028), 0.6283185307179586, 0.5235987755982988, np.float64(0.1290081989162722), 0.2, np.float64(0.09781976492911086), 0.95, False, False, False, True, np.float64(0.5055755063942751), np.float64(29.961032777589686))
Waveform Generated. SNR: 19.932882115819524
The optimal source SNR is <= 20. The Fisher approximation may not be valid!
calculating Fisher matrix...
Finished derivatives
Calculated Fisher is *atleast* positive-definite.
Time taken to compute FM is 4.672389984130859 seconds
    CV from_MAP#2 it  19 lam=8.4e+06 ov=0.9994441 chi2=4.411e-01 rel=4.4e-13

[idx4] --- start = from_0PAcv (overlap 0.9994333) ---
Body is not plunging, Fisher should be stable.
waveform shape: (3, 7889537)
Computing SNR for parameters: (np.float64(999991.3396361339), np.float64(10.000055320096262), np.float64(0.8999987866684177), np.float64(9.086848640310997), np.float64(0.0999981971941262), 1.0, 13.7253796777895, np.float64(1.0468355740845003), np.float64(0.7845611461709062), 0.6283185307179586, 0.5235987755982988, np.float64(0.11572449148755387), 0.2, np.float64(0.08574687812320049), 0.95, False, False, False, True, np.float64(0.0), np.float64(0.0))
Waveform Generated. SNR: 19.938793819706685
The optimal source SNR is <= 20. The Fisher approximation may not be valid!
calculating stable deltas...
minimum relative error is greater than 1% for dev_1. Fisher may be unstable!
minimum relative error is greater than 1% for dev_2. Fisher may be unstable!
Time taken to compute stable deltas is 42.61244344711304 seconds
calculating Fisher matrix...
Finished derivatives
Calculated Fisher is *atleast* positive-definite.
Time taken to compute FM is 4.094357252120972 seconds
    CV from_0PAcv#1 it   0 lam=9.5e+137 ov=0.9994333 chi2=4.499e-01 rel=0.0e+00
    NM  nfev=1648 ov 0.9994333 -> 0.9994333 (accepted=True)
Body is not plunging, Fisher should be stable.
waveform shape: (3, 7889537)
Computing SNR for parameters: (np.float64(999991.3448428345), np.float64(10.000055338665614), np.float64(0.8999987937479365), np.float64(9.08684860759321), np.float64(0.09999820781681416), 1.0, 13.7253796777895, np.float64(1.0468012297892122), np.float64(0.7845464973130769), 0.6283185307179586, 0.5235987755982988, np.float64(0.11598496902585843), 0.2, np.float64(0.0857870909722302), 0.95, False, False, False, True, np.float64(2.047923698919884e-05), np.float64(0.03549423076246963))
Waveform Generated. SNR: 19.939099746094332
The optimal source SNR is <= 20. The Fisher approximation may not be valid!
calculating stable deltas...
minimum relative error is greater than 1% for dev_1. Fisher may be unstable!
minimum relative error is greater than 1% for dev_2. Fisher may be unstable!
Time taken to compute stable deltas is 42.865562438964844 seconds
calculating Fisher matrix...
Finished derivatives
Calculated Fisher is *atleast* positive-definite.
Time taken to compute FM is 4.081835746765137 seconds
    CV from_0PAcv#2 it   0 lam=9.5e+137 ov=0.9994333 chi2=4.499e-01 rel=0.0e+00
======================================================================

[idx14] --- start = from_MAP (overlap 0.9938607) ---
Body is not plunging, Fisher should be stable.
waveform shape: (3, 7889537)
Computing SNR for parameters: (np.float64(999997.25137), np.float64(10.000063704), np.float64(0.9000020297), np.float64(9.0484577531), np.float64(0.29999822161), 1.0, 14.134243467540808, np.float64(1.0471975512), np.float64(0.7853981634), 0.6283185307179586, 0.5235987755982988, np.float64(0.1034798023), 0.2, np.float64(0.30892018459), 0.95, False, False, False, True, np.float64(0.0), np.float64(0.0))
Waveform Generated. SNR: 19.771581306586608
The optimal source SNR is <= 20. The Fisher approximation may not be valid!
calculating stable deltas...
minimum relative error is greater than 1% for dev_1. Fisher may be unstable!
minimum relative error is greater than 1% for dev_2. Fisher may be unstable!
Time taken to compute stable deltas is 44.4239935874939 seconds
calculating Fisher matrix...
Finished derivatives
Calculated Fisher is *atleast* positive-definite.
Time taken to compute FM is 4.225476264953613 seconds
    CV from_MAP#1 it   0 lam=3.5e-03 ov=0.9938607 chi2=4.735e+00 rel=2.3e-01
Body is not plunging, Fisher should be stable.
waveform shape: (3, 7889537)
Computing SNR for parameters: (np.float64(999997.2477258666), np.float64(10.000063809442175), np.float64(0.900002076340997), np.float64(9.048457750659933), np.float64(0.29999822244792107), 1.0, 14.134243467540808, np.float64(1.0440338452852786), np.float64(0.7828169589146512), 0.6283185307179586, 0.5235987755982988, np.float64(0.12805851765737275), 0.2, np.float64(0.23662121323089902), 0.95, False, False, False, True, np.float64(0.001041778558039115), np.float64(8.409534984544248e-06))
Waveform Generated. SNR: 19.81061103369208
The optimal source SNR is <= 20. The Fisher approximation may not be valid!
calculating Fisher matrix...
Finished derivatives
Calculated Fisher is *atleast* positive-definite.
Time taken to compute FM is 4.794426679611206 seconds
    CV from_MAP#1 it   1 lam=1.2e-03 ov=0.9952626 chi2=3.662e+00 rel=9.9e-02
Body is not plunging, Fisher should be stable.
waveform shape: (3, 7889537)
Computing SNR for parameters: (np.float64(999997.2401240083), np.float64(10.000064130921315), np.float64(0.9000021936799188), np.float64(9.04845775184014), np.float64(0.29999827798721895), 1.0, 14.134243467540808, np.float64(1.0436521698772057), np.float64(0.7825675945981645), 0.6283185307179586, 0.5235987755982988, np.float64(0.13814052716418485), 0.2, np.float64(0.23016627380222757), 0.95, False, False, False, True, np.float64(0.005137946383567998), np.float64(1.8846067673171209e-06))
Waveform Generated. SNR: 19.867194710840895
The optimal source SNR is <= 20. The Fisher approximation may not be valid!
calculating Fisher matrix...
Finished derivatives
Calculated Fisher is *atleast* positive-definite.
Time taken to compute FM is 4.790721416473389 seconds
    CV from_MAP#1 it   2 lam=3.3e-03 ov=0.9957321 chi2=3.300e+00 rel=2.4e-02
Body is not plunging, Fisher should be stable.
waveform shape: (3, 7889537)
Computing SNR for parameters: (np.float64(999997.2375311734), np.float64(10.00006422850999), np.float64(0.9000022410088123), np.float64(9.048457753518768), np.float64(0.29999829476537826), 1.0, 14.134243467540808, np.float64(1.0443462548263063), np.float64(0.7831185114552024), 0.6283185307179586, 0.5235987755982988, np.float64(0.14371753529220818), 0.2, np.float64(0.22440390853876263), 0.95, False, False, False, True, np.float64(0.006060779457564829), np.float64(7.4932896521208335e-06))
Waveform Generated. SNR: 19.921129749608795
The optimal source SNR is <= 20. The Fisher approximation may not be valid!
calculating Fisher matrix...
Finished derivatives
Calculated Fisher is *atleast* positive-definite.
Time taken to compute FM is 4.811323165893555 seconds
    CV from_MAP#1 it   3 lam=2.1e-01 ov=0.9958335 chi2=3.220e+00 rel=1.1e-02
Body is not plunging, Fisher should be stable.
waveform shape: (3, 7889537)
Computing SNR for parameters: (np.float64(999997.2375306077), np.float64(10.000064220465177), np.float64(0.9000022446554343), np.float64(9.048457754383351), np.float64(0.29999829195570543), 1.0, 14.134243467540808, np.float64(1.0448587561223688), np.float64(0.7833856430649753), 0.6283185307179586, 0.5235987755982988, np.float64(0.1473719129607445), 0.2, np.float64(0.22171782044727417), 0.95, False, False, False, True, np.float64(0.005973997129859654), np.float64(-3.5178076966647276e-05))
Waveform Generated. SNR: 19.928737453567855
The optimal source SNR is <= 20. The Fisher approximation may not be valid!
calculating Fisher matrix...
Finished derivatives
Calculated Fisher is *atleast* positive-definite.
Time taken to compute FM is 4.807790756225586 seconds
    CV from_MAP#1 it   4 lam=1.1e-01 ov=0.9958760 chi2=3.186e+00 rel=6.8e-03
Body is not plunging, Fisher should be stable.
waveform shape: (3, 7889537)
Computing SNR for parameters: (np.float64(999997.2372199431), np.float64(10.00006422652299), np.float64(0.9000022464414045), np.float64(9.048457753499873), np.float64(0.29999829028137376), 1.0, 14.134243467540808, np.float64(1.045151373305254), np.float64(0.7836302155119007), 0.6283185307179586, 0.5235987755982988, np.float64(0.14912126951059404), 0.2, np.float64(0.22006832419438827), 0.95, False, False, False, True, np.float64(0.006035825720885079), np.float64(-1.6506321696780902e-05))
Waveform Generated. SNR: 19.914801070701795
The optimal source SNR is <= 20. The Fisher approximation may not be valid!
calculating stable deltas...
minimum relative error is greater than 1% for dev_2. Fisher may be unstable!
Time taken to compute stable deltas is 43.92121696472168 seconds
calculating Fisher matrix...
Finished derivatives
Calculated Fisher is *atleast* positive-definite.
Time taken to compute FM is 4.196776390075684 seconds
    CV from_MAP#1 it   5 lam=1.2e-01 ov=0.9959031 chi2=3.164e+00 rel=5.1e-04
Body is not plunging, Fisher should be stable.
waveform shape: (3, 7889537)
Computing SNR for parameters: (np.float64(999997.236982197), np.float64(10.000064237233442), np.float64(0.9000022501036331), np.float64(9.048457753428314), np.float64(0.29999829286984664), 1.0, 14.134243467540808, np.float64(1.0451846042235076), np.float64(0.7836980854743314), 0.6283185307179586, 0.5235987755982988, np.float64(0.14793137010972815), 0.2, np.float64(0.21902209125314742), 0.95, False, False, False, True, np.float64(0.006148233504902983), np.float64(2.846387626912586e-05))
Waveform Generated. SNR: 19.920671873154298
The optimal source SNR is <= 20. The Fisher approximation may not be valid!
calculating Fisher matrix...
Finished derivatives
Calculated Fisher is *atleast* positive-definite.
Time taken to compute FM is 4.818127393722534 seconds
    CV from_MAP#1 it   6 lam=1.2e-01 ov=0.9959051 chi2=3.163e+00 rel=1.2e-03
Body is not plunging, Fisher should be stable.
waveform shape: (3, 7889537)
Computing SNR for parameters: (np.float64(999997.2367154405), np.float64(10.000064243665868), np.float64(0.9000022537077819), np.float64(9.048457753204133), np.float64(0.29999829266823347), 1.0, 14.134243467540808, np.float64(1.0452665908209142), np.float64(0.7837388661333355), 0.6283185307179586, 0.5235987755982988, np.float64(0.14855358860909987), 0.2, np.float64(0.21874110025985125), 0.95, False, False, False, True, np.float64(0.006214607798642658), np.float64(4.31150498806959e-05))
Waveform Generated. SNR: 19.92150858492837
The optimal source SNR is <= 20. The Fisher approximation may not be valid!
calculating Fisher matrix...
Finished derivatives
Calculated Fisher is *atleast* positive-definite.
Time taken to compute FM is 4.809615612030029 seconds
    CV from_MAP#1 it   7 lam=1.2e-01 ov=0.9959096 chi2=3.159e+00 rel=9.6e-04
Body is not plunging, Fisher should be stable.
waveform shape: (3, 7889537)
Computing SNR for parameters: (np.float64(999997.2364413274), np.float64(10.000064252104055), np.float64(0.9000022570423212), np.float64(9.048457752887574), np.float64(0.2999982932516284), 1.0, 14.134243467540808, np.float64(1.0452822267581268), np.float64(0.783774771538445), 0.6283185307179586, 0.5235987755982988, np.float64(0.14866916070890457), 0.2, np.float64(0.2183430289583688), 0.95, False, False, False, True, np.float64(0.006301507208909154), np.float64(4.7887176735128056e-05))
Waveform Generated. SNR: 19.921230372136712
The optimal source SNR is <= 20. The Fisher approximation may not be valid!
calculating Fisher matrix...
Finished derivatives
Calculated Fisher is *atleast* positive-definite.
Time taken to compute FM is 4.817458152770996 seconds
    CV from_MAP#1 it   8 lam=1.2e-01 ov=0.9959135 chi2=3.156e+00 rel=5.8e-04
Body is not plunging, Fisher should be stable.
waveform shape: (3, 7889537)
Computing SNR for parameters: (np.float64(999997.236163929), np.float64(10.000064261765669), np.float64(0.9000022604257035), np.float64(9.048457752574851), np.float64(0.2999982943997722), 1.0, 14.134243467540808, np.float64(1.0452652077920928), np.float64(0.7837903462086966), 0.6283185307179586, 0.5235987755982988, np.float64(0.148381966935545), 0.2, np.float64(0.21811404395174908), 0.95, False, False, False, True, np.float64(0.0064031798786241675), np.float64(7.039941479618953e-05))
Waveform Generated. SNR: 19.92203020081776
The optimal source SNR is <= 20. The Fisher approximation may not be valid!
calculating Fisher matrix...
Finished derivatives
Calculated Fisher is *atleast* positive-definite.
Time taken to compute FM is 4.816437482833862 seconds
    CV from_MAP#1 it   9 lam=9.2e-02 ov=0.9959159 chi2=3.154e+00 rel=1.2e-03
Body is not plunging, Fisher should be stable.
waveform shape: (3, 7889537)
Computing SNR for parameters: (np.float64(999997.2358669871), np.float64(10.000064270900317), np.float64(0.9000022638265867), np.float64(9.048457752181564), np.float64(0.2999982948991126), 1.0, 14.134243467540808, np.float64(1.045274122124719), np.float64(0.7838050279358602), 0.6283185307179586, 0.5235987755982988, np.float64(0.14867855501758787), 0.2, np.float64(0.21795036596791217), 0.95, False, False, False, True, np.float64(0.006497097041411559), np.float64(6.609599844098113e-05))
Waveform Generated. SNR: 19.920873705441817
The optimal source SNR is <= 20. The Fisher approximation may not be valid!
calculating stable deltas...
minimum relative error is greater than 1% for dev_2. Fisher may be unstable!
Time taken to compute stable deltas is 44.27691602706909 seconds
calculating Fisher matrix...
Finished derivatives
Calculated Fisher is *atleast* positive-definite.
Time taken to compute FM is 4.212172031402588 seconds
    CV from_MAP#1 it  10 lam=3.1e-02 ov=0.9959209 chi2=3.150e+00 rel=1.7e-03
Body is not plunging, Fisher should be stable.
waveform shape: (3, 7889537)
Computing SNR for parameters: (np.float64(999997.2354486474), np.float64(10.000064284588479), np.float64(0.9000022678387659), np.float64(9.04845775143863), np.float64(0.2999982957238187), 1.0, 14.134243467540808, np.float64(1.045248738477628), np.float64(0.7838159079993143), 0.6283185307179586, 0.5235987755982988, np.float64(0.14886253341309974), 0.2, np.float64(0.21776697495209846), 0.95, False, False, False, True, np.float64(0.006640447923507), np.float64(0.00016972226217029508))
Waveform Generated. SNR: 19.91608220290593
The optimal source SNR is <= 20. The Fisher approximation may not be valid!
calculating Fisher matrix...
Finished derivatives
Calculated Fisher is *atleast* positive-definite.
Time taken to compute FM is 4.805957078933716 seconds
    CV from_MAP#1 it  11 lam=2.0e+00 ov=0.9959279 chi2=3.145e+00 rel=1.4e-04
Body is not plunging, Fisher should be stable.
waveform shape: (3, 7889537)
Computing SNR for parameters: (np.float64(999997.2354103578), np.float64(10.000064285953805), np.float64(0.9000022679314014), np.float64(9.048457751302836), np.float64(0.299998295763734), 1.0, 14.134243467540808, np.float64(1.0452298569397358), np.float64(0.7838193890499091), 0.6283185307179586, 0.5235987755982988, np.float64(0.1488158560737288), 0.2, np.float64(0.21773644907801107), 0.95, False, False, False, True, np.float64(0.006654756641030953), np.float64(0.0002793306211054221))
Waveform Generated. SNR: 19.91400125231622
The optimal source SNR is <= 20. The Fisher approximation may not be valid!
calculating Fisher matrix...
Finished derivatives
Calculated Fisher is *atleast* positive-definite.
Time taken to compute FM is 4.794915676116943 seconds
    CV from_MAP#1 it  12 lam=6.6e-01 ov=0.9959285 chi2=3.144e+00 rel=8.1e-05
Body is not plunging, Fisher should be stable.
waveform shape: (3, 7889537)
Computing SNR for parameters: (np.float64(999997.2353908069), np.float64(10.000064286735686), np.float64(0.9000022681014849), np.float64(9.048457751265044), np.float64(0.2999982958625283), 1.0, 14.134243467540808, np.float64(1.0452145821778829), np.float64(0.7838155268918285), 0.6283185307179586, 0.5235987755982988, np.float64(0.1487660933717106), 0.2, np.float64(0.21779750029168635), 0.95, False, False, False, True, np.float64(0.006663212252911242), np.float64(0.0002867845472314166))
Waveform Generated. SNR: 19.913855992312072
The optimal source SNR is <= 20. The Fisher approximation may not be valid!
calculating Fisher matrix...
Finished derivatives
Calculated Fisher is *atleast* positive-definite.
Time taken to compute FM is 4.817864418029785 seconds
    CV from_MAP#1 it  13 lam=2.2e-01 ov=0.9959289 chi2=3.144e+00 rel=2.1e-04
Body is not plunging, Fisher should be stable.
waveform shape: (3, 7889537)
Computing SNR for parameters: (np.float64(999997.2353367616), np.float64(10.000064288814988), np.float64(0.9000022686463028), np.float64(9.04845775117866), np.float64(0.29999829612313034), 1.0, 14.134243467540808, np.float64(1.0451864335540446), np.float64(0.7838042010251947), 0.6283185307179586, 0.5235987755982988, np.float64(0.1486657085600018), 0.2, np.float64(0.21790612727377548), 0.95, False, False, False, True, np.float64(0.006684967416913231), np.float64(0.0002863423194232724))
Waveform Generated. SNR: 19.913557562833162
The optimal source SNR is <= 20. The Fisher approximation may not be valid!
calculating Fisher matrix...
Finished derivatives
Calculated Fisher is *atleast* positive-definite.
Time taken to compute FM is 4.809654712677002 seconds
    CV from_MAP#1 it  14 lam=3.1e-01 ov=0.9959298 chi2=3.143e+00 rel=1.1e-04
Body is not plunging, Fisher should be stable.
waveform shape: (3, 7889537)
Computing SNR for parameters: (np.float64(999997.2352465772), np.float64(10.00006429272841), np.float64(0.9000022705695248), np.float64(9.048457751290316), np.float64(0.2999982971067895), 1.0, 14.134243467540808, np.float64(1.0451583466287335), np.float64(0.7837738962682309), 0.6283185307179586, 0.5235987755982988, np.float64(0.14850649941873156), 0.2, np.float64(0.2180557981970811), 0.95, False, False, False, True, np.float64(0.0067270144514362225), np.float64(0.00041045545214356456))
Waveform Generated. SNR: 19.917681648714968
The optimal source SNR is <= 20. The Fisher approximation may not be valid!
calculating stable deltas...
minimum relative error is greater than 1% for dev_2. Fisher may be unstable!
Time taken to compute stable deltas is 44.06229209899902 seconds
calculating Fisher matrix...
Finished derivatives
Calculated Fisher is *atleast* positive-definite.
Time taken to compute FM is 4.217125177383423 seconds
    CV from_MAP#1 it  15 lam=1.0e-01 ov=0.9959303 chi2=3.143e+00 rel=7.3e-04
Body is not plunging, Fisher should be stable.
waveform shape: (3, 7889537)
Computing SNR for parameters: (np.float64(999997.2350721124), np.float64(10.0000642982328), np.float64(0.9000022715979182), np.float64(9.048457750818955), np.float64(0.29999829714270554), 1.0, 14.134243467540808, np.float64(1.0451683466219595), np.float64(0.7837894958181568), 0.6283185307179586, 0.5235987755982988, np.float64(0.14861400955473633), 0.2, np.float64(0.2177804413587793), 0.95, False, False, False, True, np.float64(0.006781171940831746), np.float64(0.0004098929322433102))
Waveform Generated. SNR: 19.913307282971942
The optimal source SNR is <= 20. The Fisher approximation may not be valid!
calculating Fisher matrix...
Finished derivatives
Calculated Fisher is *atleast* positive-definite.
Time taken to compute FM is 4.821972846984863 seconds
    CV from_MAP#1 it  16 lam=3.4e-02 ov=0.9959333 chi2=3.141e+00 rel=1.1e-03
Body is not plunging, Fisher should be stable.
waveform shape: (3, 7889537)
Computing SNR for parameters: (np.float64(999997.234718999), np.float64(10.000064310639049), np.float64(0.9000022752030985), np.float64(9.048457750258207), np.float64(0.2999982982808922), 1.0, 14.134243467540808, np.float64(1.0451109530569036), np.float64(0.7837664466924652), 0.6283185307179586, 0.5235987755982988, np.float64(0.1486268385617556), 0.2, np.float64(0.21785046083448972), 0.95, False, False, False, True, np.float64(0.006909404435442075), np.float64(0.0004094300839615396))
Waveform Generated. SNR: 19.91089341504786
The optimal source SNR is <= 20. The Fisher approximation may not be valid!
calculating Fisher matrix...
Finished derivatives
Calculated Fisher is *atleast* positive-definite.
Time taken to compute FM is 4.828918695449829 seconds
    CV from_MAP#1 it  17 lam=2.0e-02 ov=0.9959378 chi2=3.137e+00 rel=2.7e-03
Body is not plunging, Fisher should be stable.
waveform shape: (3, 7889537)
Computing SNR for parameters: (np.float64(999997.2338552667), np.float64(10.000064343103192), np.float64(0.9000022864009247), np.float64(9.04845774950457), np.float64(0.29999830268920147), 1.0, 14.134243467540808, np.float64(1.0450583284110693), np.float64(0.7837211733698188), 0.6283185307179586, 0.5235987755982988, np.float64(0.14890962158847132), 0.2, np.float64(0.21763316510610578), 0.95, False, False, False, True, np.float64(0.00722760999911917), np.float64(0.00040933282898590536))
Waveform Generated. SNR: 19.915706831332464
The optimal source SNR is <= 20. The Fisher approximation may not be valid!
calculating Fisher matrix...
Finished derivatives
Calculated Fisher is *atleast* positive-definite.
Time taken to compute FM is 4.783230543136597 seconds
    CV from_MAP#1 it  18 lam=5.5e-02 ov=0.9959488 chi2=3.129e+00 rel=4.2e-04
Body is not plunging, Fisher should be stable.
waveform shape: (3, 7889537)
Computing SNR for parameters: (np.float64(999997.2332247557), np.float64(10.00006436697475), np.float64(0.9000022961452177), np.float64(9.048457749339914), np.float64(0.29999830643954284), 1.0, 14.134243467540808, np.float64(1.0450825089438314), np.float64(0.7837403564259526), 0.6283185307179586, 0.5235987755982988, np.float64(0.14963004634316554), 0.2, np.float64(0.2171332231199513), 0.95, False, False, False, True, np.float64(0.0074514138152359825), np.float64(0.00040969293291189224))
Waveform Generated. SNR: 19.92438048956017
The optimal source SNR is <= 20. The Fisher approximation may not be valid!
calculating Fisher matrix...
Finished derivatives
Calculated Fisher is *atleast* positive-definite.
Time taken to compute FM is 4.821978330612183 seconds
    CV from_MAP#1 it  19 lam=1.8e-02 ov=0.9959504 chi2=3.128e+00 rel=3.9e-03
Body is not plunging, Fisher should be stable.
waveform shape: (3, 7889537)
Computing SNR for parameters: (np.float64(999997.2324866129), np.float64(10.000064391943612), np.float64(0.9000023022098054), np.float64(9.048457747768031), np.float64(0.2999983079421929), 1.0, 14.134243467540808, np.float64(1.0451334609544092), np.float64(0.7838005658234529), 0.6283185307179586, 0.5235987755982988, np.float64(0.1504198655921609), 0.2, np.float64(0.21555512175308172), 0.95, False, False, False, True, np.float64(0.007744019182912414), np.float64(0.0004076217986127387))
Waveform Generated. SNR: 19.910392385822007
The optimal source SNR is <= 20. The Fisher approximation may not be valid!
calculating stable deltas...
minimum relative error is greater than 1% for dev_2. Fisher may be unstable!
Time taken to compute stable deltas is 44.04778432846069 seconds
calculating Fisher matrix...
Finished derivatives
Calculated Fisher is *atleast* positive-definite.
Time taken to compute FM is 4.196633815765381 seconds
    CV from_MAP#1 it  20 lam=2.6e+01 ov=0.9959659 chi2=3.116e+00 rel=3.9e-05
Body is not plunging, Fisher should be stable.
waveform shape: (3, 7889537)
Computing SNR for parameters: (np.float64(999997.2324890934), np.float64(10.00006439191155), np.float64(0.9000023022420097), np.float64(9.04845774778677), np.float64(0.2999983079786828), 1.0, 14.134243467540808, np.float64(1.0451320778368838), np.float64(0.7837986799092148), 0.6283185307179586, 0.5235987755982988, np.float64(0.15040532818948193), 0.2, np.float64(0.21558703152479208), 0.95, False, False, False, True, np.float64(0.007743714495658594), np.float64(0.00040456335913804725))
Waveform Generated. SNR: 19.910689856667673
The optimal source SNR is <= 20. The Fisher approximation may not be valid!
calculating Fisher matrix...
Finished derivatives
Calculated Fisher is *atleast* positive-definite.
Time taken to compute FM is 4.785183906555176 seconds
    CV from_MAP#1 it  21 lam=8.8e+00 ov=0.9959660 chi2=3.116e+00 rel=3.3e-05
Body is not plunging, Fisher should be stable.
waveform shape: (3, 7889537)
Computing SNR for parameters: (np.float64(999997.2324912557), np.float64(10.000064391881606), np.float64(0.9000023022657627), np.float64(9.048457747801976), np.float64(0.29999830800862876), 1.0, 14.134243467540808, np.float64(1.0451312524681506), np.float64(0.7837972621941386), 0.6283185307179586, 0.5235987755982988, np.float64(0.15039280282897122), 0.2, np.float64(0.21560616030247534), 0.95, False, False, False, True, np.float64(0.007743444382698931), np.float64(0.00040456946197570077))
Waveform Generated. SNR: 19.911057694620357
The optimal source SNR is <= 20. The Fisher approximation may not be valid!
calculating Fisher matrix...
Finished derivatives
Calculated Fisher is *atleast* positive-definite.
Time taken to compute FM is 4.801908493041992 seconds
    CV from_MAP#1 it  22 lam=5.4e+00 ov=0.9959662 chi2=3.115e+00 rel=4.7e-05
Body is not plunging, Fisher should be stable.
waveform shape: (3, 7889537)
Computing SNR for parameters: (np.float64(999997.2324938651), np.float64(10.000064391893149), np.float64(0.900002302323748), np.float64(9.048457747828039), np.float64(0.29999830807592187), 1.0, 14.134243467540808, np.float64(1.0451276781888161), np.float64(0.7837942052239245), 0.6283185307179586, 0.5235987755982988, np.float64(0.1503638912257355), 0.2, np.float64(0.21566657400464145), 0.95, False, False, False, True, np.float64(0.0077436428731119), np.float64(0.00040453629269975163))
Waveform Generated. SNR: 19.91133763971769
The optimal source SNR is <= 20. The Fisher approximation may not be valid!
calculating Fisher matrix...
Finished derivatives
Calculated Fisher is *atleast* positive-definite.
Time taken to compute FM is 4.79477334022522 seconds
    CV from_MAP#1 it  23 lam=1.8e+00 ov=0.9959664 chi2=3.115e+00 rel=7.1e-05
Body is not plunging, Fisher should be stable.
waveform shape: (3, 7889537)
Computing SNR for parameters: (np.float64(999997.2324942314), np.float64(10.000064392012012), np.float64(0.9000023024057643), np.float64(9.0484577478511), np.float64(0.29999830816269657), 1.0, 14.134243467540808, np.float64(1.045121129833991), np.float64(0.7837904476228873), 0.6283185307179586, 0.5235987755982988, np.float64(0.1503262620063883), 0.2, np.float64(0.21576197725512017), 0.95, False, False, False, True, np.float64(0.007744987371837448), np.float64(0.000404532622312324))
Waveform Generated. SNR: 19.911738541401085
The optimal source SNR is <= 20. The Fisher approximation may not be valid!
calculating Fisher matrix...
Finished derivatives
Calculated Fisher is *atleast* positive-definite.
Time taken to compute FM is 4.869560956954956 seconds
    CV from_MAP#1 it  24 lam=7.9e-01 ov=0.9959667 chi2=3.115e+00 rel=1.2e-04
Body is not plunging, Fisher should be stable.
waveform shape: (3, 7889537)
Computing SNR for parameters: (np.float64(999997.2324848496), np.float64(10.000064392617169), np.float64(0.9000023026182085), np.float64(9.04845774786766), np.float64(0.2999983083531999), 1.0, 14.134243467540808, np.float64(1.045103442535221), np.float64(0.7837829845601348), 0.6283185307179586, 0.5235987755982988, np.float64(0.15024703969234862), 0.2, np.float64(0.21598403443472103), 0.95, False, False, False, True, np.float64(0.007751388517074218), np.float64(0.00040443619629626965))
Waveform Generated. SNR: 19.912115954020138
The optimal source SNR is <= 20. The Fisher approximation may not be valid!
calculating stable deltas...
minimum relative error is greater than 1% for dev_2. Fisher may be unstable!
Time taken to compute stable deltas is 44.11129593849182 seconds
calculating Fisher matrix...
Finished derivatives
Calculated Fisher is *atleast* positive-definite.
Time taken to compute FM is 4.2149152755737305 seconds
    CV from_MAP#1 it  25 lam=2.6e-01 ov=0.9959672 chi2=3.115e+00 rel=1.8e-04
Body is not plunging, Fisher should be stable.
waveform shape: (3, 7889537)
Computing SNR for parameters: (np.float64(999997.2324454638), np.float64(10.000064394373286), np.float64(0.9000023030483567), np.float64(9.048457747815387), np.float64(0.29999830864832466), 1.0, 14.134243467540808, np.float64(1.045075143688341), np.float64(0.7837731455169564), 0.6283185307179586, 0.5235987755982988, np.float64(0.15014325924689811), 0.2, np.float64(0.2162737840301267), 0.95, False, False, False, True, np.float64(0.007770028409205529), np.float64(0.0004041024864229136))
Waveform Generated. SNR: 19.91186887829646
The optimal source SNR is <= 20. The Fisher approximation may not be valid!
calculating Fisher matrix...
Finished derivatives
Calculated Fisher is *atleast* positive-definite.
Time taken to compute FM is 4.825184345245361 seconds
    CV from_MAP#1 it  26 lam=8.7e-02 ov=0.9959680 chi2=3.114e+00 rel=4.6e-04
Body is not plunging, Fisher should be stable.
waveform shape: (3, 7889537)
Computing SNR for parameters: (np.float64(999997.2323256913), np.float64(10.00006439926816), np.float64(0.9000023043781686), np.float64(9.048457747658292), np.float64(0.299998309351289), 1.0, 14.134243467540808, np.float64(1.0450407605159098), np.float64(0.7837524410927429), 0.6283185307179586, 0.5235987755982988, np.float64(0.1500195544063082), 0.2, np.float64(0.21656196847624753), 0.95, False, False, False, True, np.float64(0.007821613987570001), np.float64(0.0004044027116849556))
Waveform Generated. SNR: 19.91168824874795
The optimal source SNR is <= 20. The Fisher approximation may not be valid!
calculating Fisher matrix...
Finished derivatives
Calculated Fisher is *atleast* positive-definite.
Time taken to compute FM is 4.824388265609741 seconds
    CV from_MAP#1 it  27 lam=8.7e-02 ov=0.9959699 chi2=3.113e+00 rel=6.6e-04
Body is not plunging, Fisher should be stable.
waveform shape: (3, 7889537)
Computing SNR for parameters: (np.float64(999997.2320374263), np.float64(10.000064411195103), np.float64(0.9000023086919278), np.float64(9.04845774756022), np.float64(0.299998311448596), 1.0, 14.134243467540808, np.float64(1.0450184408794878), np.float64(0.7837193146257371), 0.6283185307179586, 0.5235987755982988, np.float64(0.14997442058640617), 0.2, np.float64(0.21665380655183364), 0.95, False, False, False, True, np.float64(0.007947750677990618), np.float64(0.00041650824698536337))
Waveform Generated. SNR: 19.915840314981526
The optimal source SNR is <= 20. The Fisher approximation may not be valid!
calculating Fisher matrix...
Finished derivatives
Calculated Fisher is *atleast* positive-definite.
Time taken to compute FM is 4.793087720870972 seconds
    CV from_MAP#1 it  28 lam=2.9e-02 ov=0.9959727 chi2=3.111e+00 rel=1.4e-03
Body is not plunging, Fisher should be stable.
waveform shape: (3, 7889537)
Computing SNR for parameters: (np.float64(999997.2316713121), np.float64(10.000064424438216), np.float64(0.9000023127928541), np.float64(9.048457747075), np.float64(0.2999983127593299), 1.0, 14.134243467540808, np.float64(1.045049103302483), np.float64(0.783732645915964), 0.6283185307179586, 0.5235987755982988, np.float64(0.15043751036251468), 0.2, np.float64(0.21630389189236207), 0.95, False, False, False, True, np.float64(0.008087002198433679), np.float64(0.000417122871838939))
Waveform Generated. SNR: 19.914009364019893
The optimal source SNR is <= 20. The Fisher approximation may not be valid!
calculating Fisher matrix...
Finished derivatives
Calculated Fisher is *atleast* positive-definite.
Time taken to compute FM is 4.815566062927246 seconds
    CV from_MAP#1 it  29 lam=1.1e-02 ov=0.9959783 chi2=3.106e+00 rel=3.2e-03
Body is not plunging, Fisher should be stable.
waveform shape: (3, 7889537)
Computing SNR for parameters: (np.float64(999997.2305752602), np.float64(10.000064468203972), np.float64(0.9000023242740037), np.float64(9.048457745450708), np.float64(0.29999831828531265), 1.0, 14.134243467540808, np.float64(1.0450080717747101), np.float64(0.7837405440658792), 0.6283185307179586, 0.5235987755982988, np.float64(0.1509996835517823), 0.2, np.float64(0.21580693100065593), 0.95, False, False, False, True, np.float64(0.008548810518110685), np.float64(0.00037726918990651137))
Waveform Generated. SNR: 19.90486481833264
The optimal source SNR is <= 20. The Fisher approximation may not be valid!
calculating stable deltas...
minimum relative error is greater than 1% for dev_2. Fisher may be unstable!
Time taken to compute stable deltas is 43.93404173851013 seconds
calculating Fisher matrix...
Finished derivatives
Calculated Fisher is *atleast* positive-definite.
Time taken to compute FM is 4.185425281524658 seconds
    CV from_MAP#1 it  30 lam=3.7e-03 ov=0.9959913 chi2=3.096e+00 rel=8.5e-03
Body is not plunging, Fisher should be stable.
waveform shape: (3, 7889537)
Computing SNR for parameters: (np.float64(999997.2281017352), np.float64(10.000064567781084), np.float64(0.9000023550182757), np.float64(9.04845774314553), np.float64(0.2999983311777232), 1.0, 14.134243467540808, np.float64(1.0448446535761209), np.float64(0.7836220964000772), 0.6283185307179586, 0.5235987755982988, np.float64(0.1525934126213745), 0.2, np.float64(0.2152979371097072), 0.95, False, False, False, True, np.float64(0.009609043782959441), np.float64(0.000381300616949183))
Waveform Generated. SNR: 19.90376175425167
The optimal source SNR is <= 20. The Fisher approximation may not be valid!
calculating Fisher matrix...
Finished derivatives
Calculated Fisher is *atleast* positive-definite.
Time taken to compute FM is 4.818698167800903 seconds
    CV from_MAP#1 it  31 lam=4.4e+00 ov=0.9960257 chi2=3.070e+00 rel=6.7e-05
Body is not plunging, Fisher should be stable.
waveform shape: (3, 7889537)
Computing SNR for parameters: (np.float64(999997.228099751), np.float64(10.000064567989446), np.float64(0.9000023551200752), np.float64(9.048457743163992), np.float64(0.29999833127147046), 1.0, 14.134243467540808, np.float64(1.0448425838746902), np.float64(0.7836197708199198), 0.6283185307179586, 0.5235987755982988, np.float64(0.1525644158457837), 0.2, np.float64(0.21528707805669994), 0.95, False, False, False, True, np.float64(0.009611332647718166), np.float64(0.0003875863417211217))
Waveform Generated. SNR: 19.904183966187716
The optimal source SNR is <= 20. The Fisher approximation may not be valid!
calculating Fisher matrix...
Finished derivatives
Calculated Fisher is *atleast* positive-definite.
Time taken to compute FM is 4.810774087905884 seconds
    CV from_MAP#1 it  32 lam=5.8e+00 ov=0.9960260 chi2=3.070e+00 rel=5.9e-05
Body is not plunging, Fisher should be stable.
waveform shape: (3, 7889537)
Computing SNR for parameters: (np.float64(999997.2281000616), np.float64(10.000064568043161), np.float64(0.9000023552275749), np.float64(9.048457743193138), np.float64(0.299998331329689), 1.0, 14.134243467540808, np.float64(1.0448438809932892), np.float64(0.7836164694548416), 0.6283185307179586, 0.5235987755982988, np.float64(0.15256222569147285), 0.2, np.float64(0.21530520648859705), 0.95, False, False, False, True, np.float64(0.00961197680574553), np.float64(0.00042459455104285325))
Waveform Generated. SNR: 19.90478084705486
The optimal source SNR is <= 20. The Fisher approximation may not be valid!
calculating Fisher matrix...
Finished derivatives
Calculated Fisher is *atleast* positive-definite.
Time taken to compute FM is 4.804842948913574 seconds
    CV from_MAP#1 it  33 lam=2.6e+00 ov=0.9960263 chi2=3.070e+00 rel=3.8e-05
Body is not plunging, Fisher should be stable.
waveform shape: (3, 7889537)
Computing SNR for parameters: (np.float64(999997.2281021584), np.float64(10.000064568073356), np.float64(0.9000023553090007), np.float64(9.04845774322305), np.float64(0.29999833140289583), 1.0, 14.134243467540808, np.float64(1.044844560588836), np.float64(0.7836141967942439), 0.6283185307179586, 0.5235987755982988, np.float64(0.15254353849909863), 0.2, np.float64(0.21529478539951927), 0.95, False, False, False, True, np.float64(0.009612383732596761), np.float64(0.0004245907393486892))
Waveform Generated. SNR: 19.905327802158446
The optimal source SNR is <= 20. The Fisher approximation may not be valid!
calculating Fisher matrix...
Finished derivatives
Calculated Fisher is *atleast* positive-definite.
Time taken to compute FM is 4.7980875968933105 seconds
    CV from_MAP#1 it  34 lam=8.5e-01 ov=0.9960264 chi2=3.069e+00 rel=5.0e-05
Body is not plunging, Fisher should be stable.
waveform shape: (3, 7889537)
Computing SNR for parameters: (np.float64(999997.2280974087), np.float64(10.000064568378564), np.float64(0.9000023554623231), np.float64(9.048457743243228), np.float64(0.29999833150767236), 1.0, 14.134243467540808, np.float64(1.0448436526251677), np.float64(0.7836120596495962), 0.6283185307179586, 0.5235987755982988, np.float64(0.15252698752395413), 0.2, np.float64(0.21529245726931326), 0.95, False, False, False, True, np.float64(0.009615695552651292), np.float64(0.0004245640637273733))
Waveform Generated. SNR: 19.905834576134232
The optimal source SNR is <= 20. The Fisher approximation may not be valid!
calculating stable deltas...
minimum relative error is greater than 1% for dev_2. Fisher may be unstable!
Time taken to compute stable deltas is 44.31953740119934 seconds
calculating Fisher matrix...
Finished derivatives
Calculated Fisher is *atleast* positive-definite.
Time taken to compute FM is 4.198967218399048 seconds
    CV from_MAP#1 it  35 lam=6.6e-01 ov=0.9960266 chi2=3.069e+00 rel=1.1e-04
Body is not plunging, Fisher should be stable.
waveform shape: (3, 7889537)
Computing SNR for parameters: (np.float64(999997.2280614787), np.float64(10.000064569860115), np.float64(0.9000023558479158), np.float64(9.048457743194238), np.float64(0.29999833169745754), 1.0, 14.134243467540808, np.float64(1.0448378167048245), np.float64(0.7836125557292568), 0.6283185307179586, 0.5235987755982988, np.float64(0.15252440957741145), 0.2, np.float64(0.21528780596131517), 0.95, False, False, False, True, np.float64(0.009631474336044207), np.float64(0.0004297651018418857))
Waveform Generated. SNR: 19.905477300943193
The optimal source SNR is <= 20. The Fisher approximation may not be valid!
calculating Fisher matrix...
Finished derivatives
Calculated Fisher is *atleast* positive-definite.
Time taken to compute FM is 4.805574893951416 seconds
    CV from_MAP#1 it  36 lam=2.2e-01 ov=0.9960271 chi2=3.069e+00 rel=1.5e-04
Body is not plunging, Fisher should be stable.
waveform shape: (3, 7889537)
Computing SNR for parameters: (np.float64(999997.2280231656), np.float64(10.00006457149566), np.float64(0.9000023563838428), np.float64(9.048457743174273), np.float64(0.2999983319564586), 1.0, 14.134243467540808, np.float64(1.0448336074417846), np.float64(0.7836100690427155), 0.6283185307179586, 0.5235987755982988, np.float64(0.15253095824480972), 0.2, np.float64(0.21530575119439743), 0.95, False, False, False, True, np.float64(0.009648586780454268), np.float64(0.00042925343698470644))
Waveform Generated. SNR: 19.90575097202513
The optimal source SNR is <= 20. The Fisher approximation may not be valid!
calculating Fisher matrix...
Finished derivatives
Calculated Fisher is *atleast* positive-definite.
Time taken to compute FM is 4.827557563781738 seconds
    CV from_MAP#1 it  37 lam=7.3e-02 ov=0.9960277 chi2=3.068e+00 rel=4.1e-04
Body is not plunging, Fisher should be stable.
waveform shape: (3, 7889537)
Computing SNR for parameters: (np.float64(999997.2279165909), np.float64(10.000064576055236), np.float64(0.9000023580314157), np.float64(9.048457743158698), np.float64(0.2999983327181532), 1.0, 14.134243467540808, np.float64(1.044830468963287), np.float64(0.7836048126437879), 0.6283185307179586, 0.5235987755982988, np.float64(0.1525993040259877), 0.2, np.float64(0.21529935423339852), 0.95, False, False, False, True, np.float64(0.009696628720471515), np.float64(0.0004256489594834481))
Waveform Generated. SNR: 19.907088757063825
The optimal source SNR is <= 20. The Fisher approximation may not be valid!
calculating Fisher matrix...
Finished derivatives
Calculated Fisher is *atleast* positive-definite.
Time taken to compute FM is 4.8107898235321045 seconds
    CV from_MAP#1 it  38 lam=7.3e-02 ov=0.9960293 chi2=3.067e+00 rel=8.0e-04
Body is not plunging, Fisher should be stable.
waveform shape: (3, 7889537)
Computing SNR for parameters: (np.float64(999997.2274444614), np.float64(10.000064593677083), np.float64(0.9000023624473752), np.float64(9.048457742338545), np.float64(0.2999983341532129), 1.0, 14.134243467540808, np.float64(1.0448449860841138), np.float64(0.783624267975274), 0.6283185307179586, 0.5235987755982988, np.float64(0.1529202695732834), 0.2, np.float64(0.21499915727794516), 0.95, False, False, False, True, np.float64(0.009881575677592888), np.float64(0.0003792560713415948))
Waveform Generated. SNR: 19.90073990468821
The optimal source SNR is <= 20. The Fisher approximation may not be valid!
calculating Fisher matrix...
Finished derivatives
Calculated Fisher is *atleast* positive-definite.
Time taken to compute FM is 4.7994606494903564 seconds
    CV from_MAP#1 it  39 lam=4.4e-02 ov=0.9960325 chi2=3.065e+00 rel=1.4e-03
Body is not plunging, Fisher should be stable.
waveform shape: (3, 7889537)
Computing SNR for parameters: (np.float64(999997.2270747789), np.float64(10.000064609605417), np.float64(0.9000023670537585), np.float64(9.048457742011951), np.float64(0.2999983364869354), 1.0, 14.134243467540808, np.float64(1.0447614589762724), np.float64(0.7835803570218864), 0.6283185307179586, 0.5235987755982988, np.float64(0.1529526320727169), 0.2, np.float64(0.21517392578900213), 0.95, False, False, False, True, np.float64(0.0100506611294895), np.float64(0.0003682006352787318))
Waveform Generated. SNR: 19.9006484622561
The optimal source SNR is <= 20. The Fisher approximation may not be valid!
calculating stable deltas...
minimum relative error is greater than 1% for dev_2. Fisher may be unstable!
Time taken to compute stable deltas is 44.21255970001221 seconds
calculating Fisher matrix...
Finished derivatives
Calculated Fisher is *atleast* positive-definite.
Time taken to compute FM is 4.2069878578186035 seconds
    CV from_MAP#1 it  40 lam=1.5e-02 ov=0.9960383 chi2=3.060e+00 rel=2.3e-03
Body is not plunging, Fisher should be stable.
waveform shape: (3, 7889537)
Computing SNR for parameters: (np.float64(999997.2264699258), np.float64(10.000064635048943), np.float64(0.9000023749083158), np.float64(9.048457741557511), np.float64(0.2999983400474041), 1.0, 14.134243467540808, np.float64(1.0447267790580994), np.float64(0.7835499670360158), 0.6283185307179586, 0.5235987755982988, np.float64(0.1533067755848727), 0.2, np.float64(0.21499191529416825), 0.95, False, False, False, True, np.float64(0.010318961313744128), np.float64(0.00036825337057521973))
Waveform Generated. SNR: 19.901865311216675
The optimal source SNR is <= 20. The Fisher approximation may not be valid!
calculating Fisher matrix...
Finished derivatives
Calculated Fisher is *atleast* positive-definite.
Time taken to compute FM is 4.8057684898376465 seconds
    CV from_MAP#1 it  41 lam=4.8e-03 ov=0.9960473 chi2=3.054e+00 rel=5.8e-03
Body is not plunging, Fisher should be stable.
waveform shape: (3, 7889537)
Computing SNR for parameters: (np.float64(999997.2247821828), np.float64(10.000064704998445), np.float64(0.9000023984457767), np.float64(9.04845774074822), np.float64(0.2999983487975109), 1.0, 14.134243467540808, np.float64(1.0446777882691736), np.float64(0.7835256354084538), 0.6283185307179586, 0.5235987755982988, np.float64(0.1555859626855873), 0.2, np.float64(0.2142591896604981), 0.95, False, False, False, True, np.float64(0.011075060786743847), np.float64(0.0003667585312972062))
Waveform Generated. SNR: 19.90474447773359
The optimal source SNR is <= 20. The Fisher approximation may not be valid!
calculating Fisher matrix...
Finished derivatives
Calculated Fisher is *atleast* positive-definite.
Time taken to compute FM is 4.804851531982422 seconds
    CV from_MAP#1 it  42 lam=5.1e+00 ov=0.9960704 chi2=3.036e+00 rel=1.1e-04
Body is not plunging, Fisher should be stable.
waveform shape: (3, 7889537)
Computing SNR for parameters: (np.float64(999997.224785572), np.float64(10.00006470512725), np.float64(0.9000023985216027), np.float64(9.048457740782293), np.float64(0.2999983489462112), 1.0, 14.134243467540808, np.float64(1.0446826697133933), np.float64(0.7835252177783769), 0.6283185307179586, 0.5235987755982988, np.float64(0.1555155832699008), 0.2, np.float64(0.21408004979615788), 0.95, False, False, False, True, np.float64(0.011076549136643972), np.float64(0.0003665411213269061))
Waveform Generated. SNR: 19.905589490408666
The optimal source SNR is <= 20. The Fisher approximation may not be valid!
calculating Fisher matrix...
Finished derivatives
Calculated Fisher is *atleast* positive-definite.
Time taken to compute FM is 4.798914909362793 seconds
    CV from_MAP#1 it  43 lam=5.0e+00 ov=0.9960708 chi2=3.035e+00 rel=7.7e-05
Body is not plunging, Fisher should be stable.
waveform shape: (3, 7889537)
Computing SNR for parameters: (np.float64(999997.2247829887), np.float64(10.000064705396195), np.float64(0.9000023985771197), np.float64(9.048457740786263), np.float64(0.29999834905154543), 1.0, 14.134243467540808, np.float64(1.0446858325694959), np.float64(0.7835264155966515), 0.6283185307179586, 0.5235987755982988, np.float64(0.15546344587353056), 0.2, np.float64(0.21393560275806559), 0.95, False, False, False, True, np.float64(0.0110795057362339), np.float64(0.0003668816211818343))
Waveform Generated. SNR: 19.905940162350163
The optimal source SNR is <= 20. The Fisher approximation may not be valid!
calculating Fisher matrix...
Finished derivatives
Calculated Fisher is *atleast* positive-definite.
Time taken to compute FM is 4.8167901039123535 seconds
    CV from_MAP#1 it  44 lam=4.0e+00 ov=0.9960711 chi2=3.035e+00 rel=5.1e-05
Body is not plunging, Fisher should be stable.
waveform shape: (3, 7889537)
Computing SNR for parameters: (np.float64(999997.2247763536), np.float64(10.000064705746912), np.float64(0.9000023986243276), np.float64(9.048457740771203), np.float64(0.2999983491214584), 1.0, 14.134243467540808, np.float64(1.0446878629471228), np.float64(0.7835285303951014), 0.6283185307179586, 0.5235987755982988, np.float64(0.15542942419716552), 0.2, np.float64(0.21382761966231645), 0.95, False, False, False, True, np.float64(0.011083259653660216), np.float64(0.00036701438733261507))
Waveform Generated. SNR: 19.9059311917874
The optimal source SNR is <= 20. The Fisher approximation may not be valid!
calculating stable deltas...
minimum relative error is greater than 1% for dev_2. Fisher may be unstable!
Time taken to compute stable deltas is 44.26260423660278 seconds
calculating Fisher matrix...
Finished derivatives
Calculated Fisher is *atleast* positive-definite.
Time taken to compute FM is 4.204914331436157 seconds
    CV from_MAP#1 it  45 lam=1.3e+00 ov=0.9960713 chi2=3.035e+00 rel=5.2e-05
Body is not plunging, Fisher should be stable.
waveform shape: (3, 7889537)
Computing SNR for parameters: (np.float64(999997.224767382), np.float64(10.000064706199339), np.float64(0.9000023986824884), np.float64(9.048457740749374), np.float64(0.2999983492026398), 1.0, 14.134243467540808, np.float64(1.044689857966638), np.float64(0.7835312712655492), 0.6283185307179586, 0.5235987755982988, np.float64(0.15539042154725782), 0.2, np.float64(0.21371570722487016), 0.95, False, False, False, True, np.float64(0.011088069345254567), np.float64(0.0003670204499254763))
Waveform Generated. SNR: 19.905776408724325
The optimal source SNR is <= 20. The Fisher approximation may not be valid!
calculating Fisher matrix...
Finished derivatives
Calculated Fisher is *atleast* positive-definite.
Time taken to compute FM is 4.810884475708008 seconds
    CV from_MAP#1 it  46 lam=1.3e+00 ov=0.9960715 chi2=3.035e+00 rel=9.0e-05
Body is not plunging, Fisher should be stable.
waveform shape: (3, 7889537)
Computing SNR for parameters: (np.float64(999997.2247501238), np.float64(10.00006470717391), np.float64(0.9000023989106732), np.float64(9.048457740737776), np.float64(0.2999983494349833), 1.0, 14.134243467540808, np.float64(1.0446975221687993), np.float64(0.7835354304265438), 0.6283185307179586, 0.5235987755982988, np.float64(0.15530591058313306), 0.2, np.float64(0.2135570120430884), 0.95, False, False, False, True, np.float64(0.011098546310291155), np.float64(0.00036706128088916356))
Waveform Generated. SNR: 19.90625857524153
The optimal source SNR is <= 20. The Fisher approximation may not be valid!
calculating Fisher matrix...
Finished derivatives
Calculated Fisher is *atleast* positive-definite.
Time taken to compute FM is 4.780821323394775 seconds
    CV from_MAP#1 it  47 lam=4.4e-01 ov=0.9960718 chi2=3.035e+00 rel=1.0e-04
Body is not plunging, Fisher should be stable.
waveform shape: (3, 7889537)
Computing SNR for parameters: (np.float64(999997.2247212585), np.float64(10.000064708395286), np.float64(0.9000023991131889), np.float64(9.0484577406712), np.float64(0.2999983495718326), 1.0, 14.134243467540808, np.float64(1.0447020851326174), np.float64(0.7835420861809648), 0.6283185307179586, 0.5235987755982988, np.float64(0.15527070008261287), 0.2, np.float64(0.21348743091108918), 0.95, False, False, False, True, np.float64(0.011111519916218622), np.float64(0.0003670725935398552))
Waveform Generated. SNR: 19.905492981195984
The optimal source SNR is <= 20. The Fisher approximation may not be valid!
calculating Fisher matrix...
Finished derivatives
Calculated Fisher is *atleast* positive-definite.
Time taken to compute FM is 4.787581920623779 seconds
    CV from_MAP#1 it  48 lam=1.5e-01 ov=0.9960722 chi2=3.034e+00 rel=2.2e-04
Body is not plunging, Fisher should be stable.
waveform shape: (3, 7889537)
Computing SNR for parameters: (np.float64(999997.2246542546), np.float64(10.000064711346754), np.float64(0.9000023998173741), np.float64(9.048457740578169), np.float64(0.29999834998671104), 1.0, 14.134243467540808, np.float64(1.0447110244584135), np.float64(0.7835501868912871), 0.6283185307179586, 0.5235987755982988, np.float64(0.15521089216332887), 0.2, np.float64(0.21349452267560518), 0.95, False, False, False, True, np.float64(0.011143049413951287), np.float64(0.0003670628650308468))
Waveform Generated. SNR: 19.905168932410987
The optimal source SNR is <= 20. The Fisher approximation may not be valid!
calculating Fisher matrix...
Finished derivatives
Calculated Fisher is *atleast* positive-definite.
Time taken to compute FM is 4.799631834030151 seconds
    CV from_MAP#1 it  49 lam=4.9e-02 ov=0.9960730 chi2=3.034e+00 rel=6.0e-04
Body is not plunging, Fisher should be stable.
waveform shape: (3, 7889537)
Computing SNR for parameters: (np.float64(999997.224464007), np.float64(10.00006471949419), np.float64(0.9000024020139834), np.float64(9.048457740365556), np.float64(0.299998351062148), 1.0, 14.134243467540808, np.float64(1.0447213253397711), np.float64(0.7835579045460237), 0.6283185307179586, 0.5235987755982988, np.float64(0.15521343182511882), 0.2, np.float64(0.21354139130974242), 0.95, False, False, False, True, np.float64(0.011229621159020273), np.float64(0.0003669711827217384))
Waveform Generated. SNR: 19.90416672398232
The optimal source SNR is <= 20. The Fisher approximation may not be valid!
calculating stable deltas...
minimum relative error is greater than 1% for dev_2. Fisher may be unstable!
Time taken to compute stable deltas is 43.93436241149902 seconds
calculating Fisher matrix...
Finished derivatives
Calculated Fisher is *atleast* positive-definite.
Time taken to compute FM is 4.193444490432739 seconds
    CV from_MAP#1 it  50 lam=4.3e+00 ov=0.9960753 chi2=3.032e+00 rel=1.3e-05
Body is not plunging, Fisher should be stable.
waveform shape: (3, 7889537)
Computing SNR for parameters: (np.float64(999997.2244596647), np.float64(10.000064719791123), np.float64(0.9000024021275975), np.float64(9.04845774037757), np.float64(0.2999983511547769), 1.0, 14.134243467540808, np.float64(1.044720924655538), np.float64(0.783556886423012), 0.6283185307179586, 0.5235987755982988, np.float64(0.15519114237806186), 0.2, np.float64(0.21353183338990223), 0.95, False, False, False, True, np.float64(0.011232831310735467), np.float64(0.0013761160706624832))
Waveform Generated. SNR: 19.90348411963666
The optimal source SNR is <= 20. The Fisher approximation may not be valid!
calculating Fisher matrix...
Finished derivatives
Calculated Fisher is *atleast* positive-definite.
Time taken to compute FM is 4.796428918838501 seconds
    CV from_MAP#1 it  51 lam=3.0e+00 ov=0.9960754 chi2=3.032e+00 rel=2.9e-05
Body is not plunging, Fisher should be stable.
waveform shape: (3, 7889537)
Computing SNR for parameters: (np.float64(999997.2244589935), np.float64(10.000064719925513), np.float64(0.9000024022194532), np.float64(9.048457740399034), np.float64(0.2999983512273406), 1.0, 14.134243467540808, np.float64(1.0447208314531542), np.float64(0.7835552548931007), 0.6283185307179586, 0.5235987755982988, np.float64(0.1551772704302824), 0.2, np.float64(0.21354054985542892), 0.95, False, False, False, True, np.float64(0.011234322374580875), np.float64(0.0012868350647310587))
Waveform Generated. SNR: 19.90403596105439
The optimal source SNR is <= 20. The Fisher approximation may not be valid!
calculating Fisher matrix...
Finished derivatives
Calculated Fisher is *atleast* positive-definite.
Time taken to compute FM is 4.815265655517578 seconds
    CV from_MAP#1 it  52 lam=3.1e+00 ov=0.9960755 chi2=3.032e+00 rel=2.6e-05
Body is not plunging, Fisher should be stable.
waveform shape: (3, 7889537)
Computing SNR for parameters: (np.float64(999997.2244557551), np.float64(10.000064720145408), np.float64(0.9000024023485479), np.float64(9.048457740419506), np.float64(0.29999835130327474), 1.0, 14.134243467540808, np.float64(1.0447215262367875), np.float64(0.7835535691411488), 0.6283185307179586, 0.5235987755982988, np.float64(0.15517472429556556), 0.2, np.float64(0.21356294427788505), 0.95, False, False, False, True, np.float64(0.01123661906046809), np.float64(0.0006536594346923873))
Waveform Generated. SNR: 19.904989628240575
The optimal source SNR is <= 20. The Fisher approximation may not be valid!
calculating Fisher matrix...
Finished derivatives
Calculated Fisher is *atleast* positive-definite.
Time taken to compute FM is 4.799737453460693 seconds
    CV from_MAP#1 it  53 lam=1.0e+00 ov=0.9960756 chi2=3.032e+00 rel=3.8e-05
Body is not plunging, Fisher should be stable.
waveform shape: (3, 7889537)
Computing SNR for parameters: (np.float64(999997.2244456057), np.float64(10.000064720542865), np.float64(0.9000024024512993), np.float64(9.048457740404343), np.float64(0.299998351337983), 1.0, 14.134243467540808, np.float64(1.0447213959725934), np.float64(0.7835542961479499), 0.6283185307179586, 0.5235987755982988, np.float64(0.15518651353440424), 0.2, np.float64(0.21357941531616154), 0.95, False, False, False, True, np.float64(0.011240934725985361), np.float64(0.0006155763454707622))
Waveform Generated. SNR: 19.904885926774295
The optimal source SNR is <= 20. The Fisher approximation may not be valid!
calculating Fisher matrix...
Finished derivatives
Calculated Fisher is *atleast* positive-definite.
Time taken to compute FM is 4.809065818786621 seconds
    CV from_MAP#1 it  54 lam=1.2e+02 ov=0.9960758 chi2=3.032e+00 rel=1.1e-06
Body is not plunging, Fisher should be stable.
waveform shape: (3, 7889537)
Computing SNR for parameters: (np.float64(999997.2244447593), np.float64(10.000064720571421), np.float64(0.90000240245483), np.float64(9.048457740401764), np.float64(0.2999983513375398), 1.0, 14.134243467540808, np.float64(1.0447212373552834), np.float64(0.7835544321668159), 0.6283185307179586, 0.5235987755982988, np.float64(0.15518778299617644), 0.2, np.float64(0.21358116530854032), 0.95, False, False, False, True, np.float64(0.01124123304070867), np.float64(0.0005117974896009254))
Waveform Generated. SNR: 19.904946288531345
The optimal source SNR is <= 20. The Fisher approximation may not be valid!
calculating stable deltas...
minimum relative error is greater than 1% for dev_1. Fisher may be unstable!
minimum relative error is greater than 1% for dev_2. Fisher may be unstable!
Time taken to compute stable deltas is 44.095940351486206 seconds
calculating Fisher matrix...
Finished derivatives
Calculated Fisher is *atleast* positive-definite.
Time taken to compute FM is 4.19680118560791 seconds
    CV from_MAP#1 it  55 lam=1.5e+02 ov=0.9960758 chi2=3.032e+00 rel=2.5e-07
Body is not plunging, Fisher should be stable.
waveform shape: (3, 7889537)
Computing SNR for parameters: (np.float64(999997.2244442417), np.float64(10.000064720588735), np.float64(0.9000024024566724), np.float64(9.048457740400103), np.float64(0.29999835133713554), 1.0, 14.134243467540808, np.float64(1.0447211335492257), np.float64(0.7835545211463482), 0.6283185307179586, 0.5235987755982988, np.float64(0.15518852523228432), 0.2, np.float64(0.21358206777045302), 0.95, False, False, False, True, np.float64(0.011241412922350964), np.float64(0.0005112391918052481))
Waveform Generated. SNR: 19.904984666550554
The optimal source SNR is <= 20. The Fisher approximation may not be valid!
calculating Fisher matrix...
Finished derivatives
Calculated Fisher is *atleast* positive-definite.
Time taken to compute FM is 4.798212051391602 seconds
    CV from_MAP#1 it  56 lam=1.5e+02 ov=0.9960758 chi2=3.032e+00 rel=5.1e-07
Body is not plunging, Fisher should be stable.
waveform shape: (3, 7889537)
Computing SNR for parameters: (np.float64(999997.2244438148), np.float64(10.000064720602923), np.float64(0.9000024024580959), np.float64(9.048457740398709), np.float64(0.2999983513367357), 1.0, 14.134243467540808, np.float64(1.0447210470944954), np.float64(0.7835545963323346), 0.6283185307179586, 0.5235987755982988, np.float64(0.1551891453129569), 0.2, np.float64(0.21358279642113331), 0.95, False, False, False, True, np.float64(0.011241560331671506), np.float64(0.000511372885749288))
Waveform Generated. SNR: 19.904916600533895
The optimal source SNR is <= 20. The Fisher approximation may not be valid!
calculating Fisher matrix...
Finished derivatives
Calculated Fisher is *atleast* positive-definite.
Time taken to compute FM is 4.798397541046143 seconds
    CV from_MAP#1 it  57 lam=3.9e+02 ov=0.9960758 chi2=3.032e+00 rel=5.4e-07
Body is not plunging, Fisher should be stable.
waveform shape: (3, 7889537)
Computing SNR for parameters: (np.float64(999997.2244437631), np.float64(10.000064720604655), np.float64(0.900002402458279), np.float64(9.048457740398543), np.float64(0.29999835133669667), 1.0, 14.134243467540808, np.float64(1.044721036552955), np.float64(0.783554605192024), 0.6283185307179586, 0.5235987755982988, np.float64(0.15518921808287228), 0.2, np.float64(0.21358288513766444), 0.95, False, False, False, True, np.float64(0.011241578469421023), np.float64(0.0005148057819629119))
Waveform Generated. SNR: 19.90490454774834
The optimal source SNR is <= 20. The Fisher approximation may not be valid!
calculating Fisher matrix...
Finished derivatives
Calculated Fisher is *atleast* positive-definite.
Time taken to compute FM is 4.798297166824341 seconds
    CV from_MAP#1 it  58 lam=2.6e+02 ov=0.9960758 chi2=3.032e+00 rel=2.3e-06
Body is not plunging, Fisher should be stable.
waveform shape: (3, 7889537)
Computing SNR for parameters: (np.float64(999997.2244436862), np.float64(10.000064720607238), np.float64(0.9000024024585556), np.float64(9.048457740398296), np.float64(0.2999983513366409), 1.0, 14.134243467540808, np.float64(1.0447210209194973), np.float64(0.7835546182947826), 0.6283185307179586, 0.5235987755982988, np.float64(0.15518932636231555), 0.2, np.float64(0.21358301799810978), 0.95, False, False, False, True, np.float64(0.011241605615556453), np.float64(0.0005145958161394769))
Waveform Generated. SNR: 19.904894552741013
The optimal source SNR is <= 20. The Fisher approximation may not be valid!
calculating Fisher matrix...
Finished derivatives
Calculated Fisher is *atleast* positive-definite.
Time taken to compute FM is 4.793999910354614 seconds
    CV from_MAP#1 it  59 lam=8.8e+04 ov=0.9960758 chi2=3.032e+00 rel=9.6e-07
Body is not plunging, Fisher should be stable.
waveform shape: (3, 7889537)
Computing SNR for parameters: (np.float64(999997.224443686), np.float64(10.000064720607245), np.float64(0.9000024024585563), np.float64(9.048457740398296), np.float64(0.2999983513366407), 1.0, 14.134243467540808, np.float64(1.0447210208736346), np.float64(0.7835546183331392), 0.6283185307179586, 0.5235987755982988, np.float64(0.15518932667859112), 0.2, np.float64(0.21358301838735455), 0.95, False, False, False, True, np.float64(0.011241605695370964), np.float64(0.0005145991267372908))
Waveform Generated. SNR: 19.904823768978364
The optimal source SNR is <= 20. The Fisher approximation may not be valid!
calculating stable deltas...
minimum relative error is greater than 1% for dev_2. Fisher may be unstable!
Time taken to compute stable deltas is 44.216227293014526 seconds
calculating Fisher matrix...
Finished derivatives
Calculated Fisher is *atleast* positive-definite.
Time taken to compute FM is 4.216647624969482 seconds
    CV from_MAP#1 it  60 lam=8.8e+07 ov=0.9960758 chi2=3.032e+00 rel=5.1e-12
    NM  nfev=2104 ov 0.9960758 -> 0.9968929 (accepted=True)
Body is not plunging, Fisher should be stable.
waveform shape: (3, 7889537)
Computing SNR for parameters: (np.float64(999995.704140138), np.float64(10.000054480710764), np.float64(0.9000027497123492), np.float64(9.048467719462902), np.float64(0.2999983522649772), 1.0, 14.134243467540808, np.float64(1.0458850502841075), np.float64(0.782995299701222), 0.6283185307179586, 0.5235987755982988, np.float64(0.22115700408272515), 0.2, np.float64(0.12326185770102617), 0.95, False, False, False, True, np.float64(0.26990636701460136), np.float64(-0.014551545224089291))
Waveform Generated. SNR: 19.784937322572468
The optimal source SNR is <= 20. The Fisher approximation may not be valid!
calculating stable deltas...
minimum relative error is greater than 1% for dev_2. Fisher may be unstable!
Time taken to compute stable deltas is 44.107993841171265 seconds
calculating Fisher matrix...
Finished derivatives
Calculated Fisher is *atleast* positive-definite.
Time taken to compute FM is 4.1927430629730225 seconds
    CV from_MAP#2 it   0 lam=7.6e+08 ov=0.9968929 chi2=2.400e+00 rel=1.2e-13

[idx14] --- start = from_0PAcv (overlap 0.9969379) ---
Body is not plunging, Fisher should be stable.
waveform shape: (3, 7889537)
Computing SNR for parameters: (np.float64(999999.5269184131), np.float64(10.000103696234472), np.float64(0.9000052110011653), np.float64(9.048450475798832), np.float64(0.2999967555902941), 1.0, 14.134243467540808, np.float64(1.046231851622652), np.float64(0.7821788932741249), 0.6283185307179586, 0.5235987755982988, np.float64(0.20856486638833024), 0.2, np.float64(0.12136562724626632), 0.95, False, False, False, True, np.float64(0.0), np.float64(0.0))
Waveform Generated. SNR: 19.797399119509244
The optimal source SNR is <= 20. The Fisher approximation may not be valid!
calculating stable deltas...
minimum relative error is greater than 1% for dev_1. Fisher may be unstable!
minimum relative error is greater than 1% for dev_2. Fisher may be unstable!
Time taken to compute stable deltas is 44.34286952018738 seconds
calculating Fisher matrix...
Finished derivatives
Calculated Fisher is *atleast* positive-definite.
Time taken to compute FM is 4.2310216426849365 seconds
    CV from_0PAcv#1 it   0 lam=6.9e+08 ov=0.9969379 chi2=2.366e+00 rel=4.3e-13
    NM  nfev=1833 ov 0.9969379 -> 0.9969379 (accepted=True)
Body is not plunging, Fisher should be stable.
waveform shape: (3, 7889537)
Computing SNR for parameters: (np.float64(999999.5259357122), np.float64(10.00010369655831), np.float64(0.9000052119733428), np.float64(9.048450481340206), np.float64(0.29999675596044056), 1.0, 14.134243467540808, np.float64(1.0462227693186206), np.float64(0.782190112498763), 0.6283185307179586, 0.5235987755982988, np.float64(0.20859503811123403), 0.2, np.float64(0.12121181562728338), 0.95, False, False, False, True, np.float64(8.219751422538771e-05), np.float64(0.0010925558671962812))
Waveform Generated. SNR: 19.797379477305167
The optimal source SNR is <= 20. The Fisher approximation may not be valid!
calculating stable deltas...
minimum relative error is greater than 1% for dev_1. Fisher may be unstable!
minimum relative error is greater than 1% for dev_2. Fisher may be unstable!
Time taken to compute stable deltas is 44.29652190208435 seconds
calculating Fisher matrix...
Finished derivatives
Calculated Fisher is *atleast* positive-definite.
Time taken to compute FM is 4.2098588943481445 seconds
    CV from_0PAcv#2 it   0 lam=2.3e+08 ov=0.9969379 chi2=2.366e+00 rel=5.2e-13

======================================================================
model = 0PA + simple_pe deviation  (EMRI grid, 11 params)
case        SNR       start    ov@start       ov@CV        chi2     ov@0PA
idx4      19.92    from_MAP    0.999097    0.999444   4.411e-01   0.999433
idx4      19.92  from_0PAcv    0.999433    0.999433   4.499e-01   0.999433
idx14     19.64    from_MAP    0.993861    0.996893   2.400e+00   0.996938
idx14     19.64  from_0PAcv    0.996938    0.996938   2.366e+00   0.996938

optimized 11-param points  [m1, m2, a, p0, e0, qS, phiS, Phi_phi0, Phi_r0, dev_1, dev_2]:
[idx4 from_MAP] ov=0.999444 = [9.99998415e+05, 1.00000657e+01, 9.00002583e-01, 9.08682295e+00, 9.99861948e-02, 1.04779619e+00, 7.84661185e-01, 1.29008199e-01, 9.78197649e-02, 5.05575506e-01, 2.99610328e+01]
[idx4 from_0PAcv] ov=0.999433 = [9.99991345e+05, 1.00000553e+01, 8.99998794e-01, 9.08684861e+00, 9.99982078e-02, 1.04680123e+00, 7.84546497e-01, 1.15984969e-01, 8.57870910e-02, 2.04792370e-05, 3.54942308e-02]
[idx14 from_MAP] ov=0.996893 = [9.99995704e+05, 1.00000545e+01, 9.00002750e-01, 9.04846772e+00, 2.99998352e-01, 1.04588505e+00, 7.82995300e-01, 2.21157004e-01, 1.23261858e-01, 2.69906367e-01, -1.45515452e-02]
[idx14 from_0PAcv] ov=0.996938 = [9.99999526e+05, 1.00001037e+01, 9.00005212e-01, 9.04845048e+00, 2.99996756e-01, 1.04622277e+00, 7.82190112e-01, 2.08595038e-01, 1.21211816e-01, 8.21975142e-05, 1.09255587e-03]

[saved] all results -> /home/svu/e1583490/EMRI_CV_bias/src/EMRI/results_emri_grid_simple_pe.json
