startup
[info] EMRI grid, dt=10.0, T=2.5; points ['idx1', 'idx7', 'idx10', 'idx16', 'idx19', 'idx22']; 6 x (1 + 2 + 2) = 30 CV climbs; out -> results_emri_grid_rest_a.json

==============================================================================
[idx1 (a=-0.5, e0=0.1) | 0PA | dt=10.0]  SNR=19.995 (A=14.153 E=14.124 T=0.023; T%=0.00)
    --- start from_MAP ---
    start overlap = 0.9999654
Body is not plunging, Fisher should be stable.
waveform shape: (3, 7889537)
Computing SNR for parameters: (np.float64(1000049.0328637321), np.float64(10.000056347583897), np.float64(-0.4998736893864009), np.float64(12.184054764143205), np.float64(0.09997988720542), 1.0, 3.8788539967713698, np.float64(1.0471975511965976), np.float64(0.7853981633974483), 0.6283185307179586, 0.5235987755982988, np.float64(0.10864481267604056), 0.2, np.float64(0.2763682057880512), 0.95, False, False, False, False)
Waveform Generated. SNR: 19.996123381632223
The optimal source SNR is <= 20. The Fisher approximation may not be valid!
calculating stable deltas...
Time taken to compute stable deltas is 30.091684579849243 seconds
calculating Fisher matrix...
Finished derivatives
Calculated Fisher is *atleast* positive-definite.
Time taken to compute FM is 2.889610767364502 seconds
    CV idx1/0PA/from_MAP#1 it   0 lam=3.3e-03 ov=0.9999654 chi2=2.766e-02 rel=4.7e-01
Body is not plunging, Fisher should be stable.
waveform shape: (3, 7889537)
Computing SNR for parameters: (np.float64(1000049.0316959582), np.float64(10.000055917501305), np.float64(-0.49987372077451303), np.float64(12.184054753299364), np.float64(0.09997977564551541), 1.0, 3.8788539967713698, np.float64(1.045990773845341), np.float64(0.7848062055935028), 0.6283185307179586, 0.5235987755982988, np.float64(0.10262589920516474), 0.2, np.float64(0.27630746842833737), 0.95, False, False, False, False)
Waveform Generated. SNR: 20.003150736611147
calculating Fisher matrix...
Finished derivatives
Calculated Fisher is *atleast* positive-definite.
Time taken to compute FM is 3.5799334049224854 seconds
    CV idx1/0PA/from_MAP#1 it   1 lam=1.1e-03 ov=0.9999816 chi2=1.479e-02 rel=1.3e-01
Body is not plunging, Fisher should be stable.
waveform shape: (3, 7889537)
Computing SNR for parameters: (np.float64(1000049.0361419632), np.float64(10.000055201165397), np.float64(-0.49987380295555023), np.float64(12.184054759642057), np.float64(0.09997967939109775), 1.0, 3.8788539967713698, np.float64(1.0459781080061672), np.float64(0.7849294098342707), 0.6283185307179586, 0.5235987755982988, np.float64(0.10002151927438847), 0.2, np.float64(0.2788661423304631), 0.95, False, False, False, False)
Waveform Generated. SNR: 20.002669017353334
calculating Fisher matrix...
Finished derivatives
Calculated Fisher is *atleast* positive-definite.
Time taken to compute FM is 3.7358007431030273 seconds
    CV idx1/0PA/from_MAP#1 it   2 lam=3.7e-04 ov=0.9999840 chi2=1.282e-02 rel=5.3e-02
Body is not plunging, Fisher should be stable.
waveform shape: (3, 7889537)
Computing SNR for parameters: (np.float64(1000049.0420944934), np.float64(10.00005470118747), np.float64(-0.4998738799173216), np.float64(12.18405477547429), np.float64(0.0999796002704015), 1.0, 3.8788539967713698, np.float64(1.045988139042777), np.float64(0.7849984467059055), 0.6283185307179586, 0.5235987755982988, np.float64(0.09854472166031734), 0.2, np.float64(0.2817739709552393), 0.95, False, False, False, False)
Waveform Generated. SNR: 20.0023327990392
calculating Fisher matrix...
Finished derivatives
Calculated Fisher is *atleast* positive-definite.
Time taken to compute FM is 3.4430789947509766 seconds
    CV idx1/0PA/from_MAP#1 it   3 lam=1.2e-04 ov=0.9999849 chi2=1.214e-02 rel=7.8e-03
Body is not plunging, Fisher should be stable.
waveform shape: (3, 7889537)
Computing SNR for parameters: (np.float64(1000049.049135518), np.float64(10.000054820872343), np.float64(-0.4998739082821016), np.float64(12.184054809098447), np.float64(0.09997952804892624), 1.0, 3.8788539967713698, np.float64(1.0460081271187287), np.float64(0.7850195565401854), 0.6283185307179586, 0.5235987755982988, np.float64(0.09801816086519818), 0.2, np.float64(0.2825878013505845), 0.95, False, False, False, False)
Waveform Generated. SNR: 20.002162663160725
calculating Fisher matrix...
Finished derivatives
Calculated Fisher is *atleast* positive-definite.
Time taken to compute FM is 3.4400179386138916 seconds
    CV idx1/0PA/from_MAP#1 it   4 lam=4.1e-05 ov=0.9999850 chi2=1.204e-02 rel=7.0e-03
Body is not plunging, Fisher should be stable.
waveform shape: (3, 7889537)
Computing SNR for parameters: (np.float64(1000049.0630309981), np.float64(10.000055603381538), np.float64(-0.4998739168386365), np.float64(12.184054889191696), np.float64(0.09997939791535887), 1.0, 3.8788539967713698, np.float64(1.046045485429907), np.float64(0.7850202390182346), 0.6283185307179586, 0.5235987755982988, np.float64(0.0978214706838566), 0.2, np.float64(0.2821201455908931), 0.95, False, False, False, False)
Waveform Generated. SNR: 20.00202341006683
calculating stable deltas...
Time taken to compute stable deltas is 30.360881805419922 seconds
calculating Fisher matrix...
Finished derivatives
Calculated Fisher is *atleast* positive-definite.
Time taken to compute FM is 2.8342039585113525 seconds
    CV idx1/0PA/from_MAP#1 it   5 lam=1.4e-05 ov=0.9999851 chi2=1.196e-02 rel=8.5e-03
Body is not plunging, Fisher should be stable.
waveform shape: (3, 7889537)
Computing SNR for parameters: (np.float64(1000049.086582361), np.float64(10.00005701385581), np.float64(-0.4998739262653807), np.float64(12.184055030760629), np.float64(0.0999791759933945), 1.0, 3.8788539967713698, np.float64(1.0460980141960077), np.float64(0.7850144290984975), 0.6283185307179586, 0.5235987755982988, np.float64(0.09757217271441791), 0.2, np.float64(0.28105400953918497), 0.95, False, False, False, False)
Waveform Generated. SNR: 20.00185091739239
calculating Fisher matrix...
Finished derivatives
Calculated Fisher is *atleast* positive-definite.
Time taken to compute FM is 3.436429500579834 seconds
    CV idx1/0PA/from_MAP#1 it   6 lam=4.6e-06 ov=0.9999852 chi2=1.186e-02 rel=3.9e-03
Body is not plunging, Fisher should be stable.
waveform shape: (3, 7889537)
Computing SNR for parameters: (np.float64(1000049.1073204392), np.float64(10.000058346717474), np.float64(-0.4998739378836397), np.float64(12.18405517609056), np.float64(0.09997896702543906), 1.0, 3.8788539967713698, np.float64(1.0461472676594465), np.float64(0.7850088333776407), 0.6283185307179586, 0.5235987755982988, np.float64(0.09733870711982813), 0.2, np.float64(0.28003894370599103), 0.95, False, False, False, False)
Waveform Generated. SNR: 20.00168937881741
calculating Fisher matrix...
Finished derivatives
Calculated Fisher is *atleast* positive-definite.
Time taken to compute FM is 3.443213701248169 seconds
    CV idx1/0PA/from_MAP#1 it   7 lam=1.5e-06 ov=0.9999853 chi2=1.181e-02 rel=5.1e-04
Body is not plunging, Fisher should be stable.
waveform shape: (3, 7889537)
Computing SNR for parameters: (np.float64(1000049.1095039698), np.float64(10.000058870422002), np.float64(-0.49987395393664746), np.float64(12.18405527993507), np.float64(0.0999788868374667), 1.0, 3.8788539967713698, np.float64(1.046166962576668), np.float64(0.7850066075101262), 0.6283185307179586, 0.5235987755982988, np.float64(0.09724724617435775), 0.2, np.float64(0.2796325616587945), 0.95, False, False, False, False)
Waveform Generated. SNR: 20.001626576736122
calculating Fisher matrix...
Finished derivatives
Calculated Fisher is *atleast* positive-definite.
Time taken to compute FM is 3.4027838706970215 seconds
    CV idx1/0PA/from_MAP#1 it   8 lam=1.0e-06 ov=0.9999853 chi2=1.181e-02 rel=1.1e-04
Body is not plunging, Fisher should be stable.
waveform shape: (3, 7889537)
Computing SNR for parameters: (np.float64(1000049.0900846388), np.float64(10.000058922469968), np.float64(-0.4998739933034369), np.float64(12.184055444141642), np.float64(0.09997888526097136), 1.0, 3.8788539967713698, np.float64(1.0461698091109266), np.float64(0.7850065654204121), 0.6283185307179586, 0.5235987755982988, np.float64(0.09724036509345742), 0.2, np.float64(0.27956648266648143), 0.95, False, False, False, False)
Waveform Generated. SNR: 20.001616460756026
calculating Fisher matrix...
Finished derivatives
Calculated Fisher is *atleast* positive-definite.
Time taken to compute FM is 3.450289249420166 seconds
    CV idx1/0PA/from_MAP#1 it   9 lam=3.4e-07 ov=0.9999853 chi2=1.180e-02 rel=1.7e-04
Body is not plunging, Fisher should be stable.
waveform shape: (3, 7889537)
Computing SNR for parameters: (np.float64(1000049.0591994475), np.float64(10.00005888260657), np.float64(-0.49987405116676176), np.float64(12.184055676951802), np.float64(0.09997890134338946), 1.0, 3.8788539967713698, np.float64(1.0461698159998967), np.float64(0.7850068818374628), 0.6283185307179586, 0.5235987755982988, np.float64(0.09724969585771619), 0.2, np.float64(0.2795562680323768), 0.95, False, False, False, False)
Waveform Generated. SNR: 20.001615302887444
calculating stable deltas...
Time taken to compute stable deltas is 29.682501792907715 seconds
calculating Fisher matrix...
Finished derivatives
Calculated Fisher is *atleast* positive-definite.
Time taken to compute FM is 2.8048722743988037 seconds
    CV idx1/0PA/from_MAP#1 it  10 lam=1.1e-07 ov=0.9999853 chi2=1.180e-02 rel=5.8e-04
Body is not plunging, Fisher should be stable.
waveform shape: (3, 7889537)
Computing SNR for parameters: (np.float64(1000048.9676352519), np.float64(10.00005876161373), np.float64(-0.49987422263352266), np.float64(12.184056366558), np.float64(0.09997894941535951), 1.0, 3.8788539967713698, np.float64(1.0461698055301165), np.float64(0.7850080863216223), 0.6283185307179586, 0.5235987755982988, np.float64(0.09727878799299824), 0.2, np.float64(0.2795296807747991), 0.95, False, False, False, False)
Waveform Generated. SNR: 20.001608997312697
calculating Fisher matrix...
Finished derivatives
Calculated Fisher is *atleast* positive-definite.
Time taken to compute FM is 3.442952871322632 seconds
    CV idx1/0PA/from_MAP#1 it  11 lam=3.8e-08 ov=0.9999853 chi2=1.180e-02 rel=1.2e-03
Body is not plunging, Fisher should be stable.
waveform shape: (3, 7889537)
Computing SNR for parameters: (np.float64(1000048.7212593204), np.float64(10.000058430167051), np.float64(-0.4998746837055271), np.float64(12.184058220642111), np.float64(0.09997907976064346), 1.0, 3.8788539967713698, np.float64(1.046169248807287), np.float64(0.7850111988140456), 0.6283185307179586, 0.5235987755982988, np.float64(0.09735793036336933), 0.2, np.float64(0.27946096513250795), 0.95, False, False, False, False)
Waveform Generated. SNR: 20.001594173692375
calculating Fisher matrix...
Finished derivatives
Calculated Fisher is *atleast* positive-definite.
Time taken to compute FM is 3.440668821334839 seconds
    CV idx1/0PA/from_MAP#1 it  12 lam=1.3e-08 ov=0.9999853 chi2=1.178e-02 rel=2.7e-03
Body is not plunging, Fisher should be stable.
waveform shape: (3, 7889537)
Computing SNR for parameters: (np.float64(1000048.1331102871), np.float64(10.000057648240945), np.float64(-0.4998757848108457), np.float64(12.184062648989457), np.float64(0.09997938937605476), 1.0, 3.8788539967713698, np.float64(1.0461682000698287), np.float64(0.7850185400348392), 0.6283185307179586, 0.5235987755982988, np.float64(0.097542340378175), 0.2, np.float64(0.2792898274354034), 0.95, False, False, False, False)
Waveform Generated. SNR: 20.001565318533597
calculating Fisher matrix...
Finished derivatives
Calculated Fisher is *atleast* positive-definite.
Time taken to compute FM is 3.409477710723877 seconds
    CV idx1/0PA/from_MAP#1 it  13 lam=4.2e-09 ov=0.9999854 chi2=1.175e-02 rel=3.8e-03
Body is not plunging, Fisher should be stable.
waveform shape: (3, 7889537)
Computing SNR for parameters: (np.float64(1000047.0063221322), np.float64(10.000056139972024), np.float64(-0.4998778939378632), np.float64(12.184071130560314), np.float64(0.09997998418884395), 1.0, 3.8788539967713698, np.float64(1.0461658178086206), np.float64(0.7850327094621539), 0.6283185307179586, 0.5235987755982988, np.float64(0.09790364657368686), 0.2, np.float64(0.27897323007044306), 0.95, False, False, False, False)
Waveform Generated. SNR: 20.001510186041546
calculating Fisher matrix...
Finished derivatives
Calculated Fisher is *atleast* positive-definite.
Time taken to compute FM is 3.422586679458618 seconds
    CV idx1/0PA/from_MAP#1 it  14 lam=1.4e-09 ov=0.9999854 chi2=1.170e-02 rel=1.9e-03
Body is not plunging, Fisher should be stable.
waveform shape: (3, 7889537)
Computing SNR for parameters: (np.float64(1000045.8564509944), np.float64(10.000054600124052), np.float64(-0.4998800462185134), np.float64(12.184079785723883), np.float64(0.09998059135232926), 1.0, 3.8788539967713698, np.float64(1.0461634054758644), np.float64(0.7850470729495522), 0.6283185307179586, 0.5235987755982988, np.float64(0.09827062044613166), 0.2, np.float64(0.27864904693429493), 0.95, False, False, False, False)
Waveform Generated. SNR: 20.001448247133595
calculating stable deltas...
Time taken to compute stable deltas is 30.169025897979736 seconds
calculating Fisher matrix...
Finished derivatives
Calculated Fisher is *atleast* positive-definite.
Time taken to compute FM is 3.252603769302368 seconds
    CV idx1/0PA/from_MAP#1 it  15 lam=4.7e-10 ov=0.9999854 chi2=1.168e-02 rel=2.6e-04
Body is not plunging, Fisher should be stable.
waveform shape: (3, 7889537)
Computing SNR for parameters: (np.float64(1000045.3837316072), np.float64(10.000053964567249), np.float64(-0.49988093090918073), np.float64(12.184083343186417), np.float64(0.09998084135560628), 1.0, 3.8788539967713698, np.float64(1.0461623542495264), np.float64(0.7850529077303331), 0.6283185307179586, 0.5235987755982988, np.float64(0.0984195899335149), 0.2, np.float64(0.2785165120405445), 0.95, False, False, False, False)
Waveform Generated. SNR: 20.00142707331024
calculating Fisher matrix...
Finished derivatives
Calculated Fisher is *atleast* positive-definite.
Time taken to compute FM is 3.4308407306671143 seconds
    CV idx1/0PA/from_MAP#1 it  16 lam=1.2e-09 ov=0.9999854 chi2=1.168e-02 rel=1.2e-05
Body is not plunging, Fisher should be stable.
waveform shape: (3, 7889537)
Computing SNR for parameters: (np.float64(1000045.3014102554), np.float64(10.000053855841308), np.float64(-0.49988108507568413), np.float64(12.184083963240411), np.float64(0.09998088456437206), 1.0, 3.8788539967713698, np.float64(1.0461622095630254), np.float64(0.7850540974245006), 0.6283185307179586, 0.5235987755982988, np.float64(0.09844599631967364), 0.2, np.float64(0.27849270586232816), 0.95, False, False, False, False)
Waveform Generated. SNR: 20.001423325740106
calculating Fisher matrix...
Finished derivatives
Calculated Fisher is *atleast* positive-definite.
Time taken to compute FM is 3.4218688011169434 seconds
    CV idx1/0PA/from_MAP#1 it  17 lam=1.2e+131 ov=0.9999854 chi2=1.168e-02 rel=0.0e+00
    NM  nfev=990 ov 0.9999854 -> 0.9999854 (accepted=True)
Body is not plunging, Fisher should be stable.
waveform shape: (3, 7889537)
Computing SNR for parameters: (np.float64(1000045.2993026277), np.float64(10.00005385406788), np.float64(-0.49988108898778233), np.float64(12.18408397915838), np.float64(0.09998088553301522), 1.0, 3.8788539967713698, np.float64(1.0461614105278367), np.float64(0.7850544957379), 0.6283185307179586, 0.5235987755982988, np.float64(0.09843775388357634), 0.2, np.float64(0.2784799537488812), 0.95, False, False, False, False)
Waveform Generated. SNR: 20.001426815755632
calculating stable deltas...
Time taken to compute stable deltas is 29.653085708618164 seconds
calculating Fisher matrix...
Finished derivatives
Calculated Fisher is *atleast* positive-definite.
Time taken to compute FM is 2.8151912689208984 seconds
    CV idx1/0PA/from_MAP#2 it   0 lam=8.9e+05 ov=0.9999854 chi2=1.168e-02 rel=4.9e-11
    RESULT idx1/0PA/from_MAP: ov 0.9999654 -> 0.9999854, chi2=1.1678e-02
    BEST  idx1/0PA: from_MAP ov=0.9999854
==============================================================================
[idx1 (a=-0.5, e0=0.1) | PN | dt=10.0]  SNR=19.995 (A=14.153 E=14.124 T=0.023; T%=0.00)
    --- start from_MAP ---
    start overlap = 0.9999654
Body is not plunging, Fisher should be stable.
waveform shape: (3, 7889537)
Computing SNR for parameters: (np.float64(1000049.0328637321), np.float64(10.000056347583897), np.float64(-0.4998736893864009), np.float64(12.184054764143205), np.float64(0.09997988720542), 1.0, 3.8788539967713698, np.float64(1.0471975511965976), np.float64(0.7853981633974483), 0.6283185307179586, 0.5235987755982988, np.float64(0.10864481267604056), 0.2, np.float64(0.2763682057880512), 0.95, False, False, False, True, np.float64(0.0), np.float64(0.0), 0.0, 0.0)
Waveform Generated. SNR: 19.996123381632223
The optimal source SNR is <= 20. The Fisher approximation may not be valid!
calculating stable deltas...
minimum relative error is greater than 1% for dev_1. Fisher may be unstable!
minimum relative error is greater than 1% for dev_2. Fisher may be unstable!
Time taken to compute stable deltas is 37.173447132110596 seconds
calculating Fisher matrix...
Finished derivatives
Calculated Fisher is *atleast* positive-definite.
Time taken to compute FM is 3.616854667663574 seconds
    CV idx1/PN/from_MAP#1 it   0 lam=1.0e-02 ov=0.9999654 chi2=2.766e-02 rel=2.0e-01
Body is not plunging, Fisher should be stable.
waveform shape: (3, 7889537)
Computing SNR for parameters: (np.float64(1000049.0344301318), np.float64(10.000056193682239), np.float64(-0.4998737314410457), np.float64(12.184054762986653), np.float64(0.09997987450351746), 1.0, 3.8788539967713698, np.float64(1.0463405809662327), np.float64(0.7850524218384298), 0.6283185307179586, 0.5235987755982988, np.float64(0.10537604190857211), 0.2, np.float64(0.2790162412177373), 0.95, False, False, False, True, np.float64(0.0007820284706735458), np.float64(-0.00013728768740734168), 0.0, 0.0)
Waveform Generated. SNR: 20.00079607710176
calculating Fisher matrix...
Finished derivatives
Calculated Fisher is *atleast* positive-definite.
Time taken to compute FM is 4.248877763748169 seconds
    CV idx1/PN/from_MAP#1 it   1 lam=2.1e-02 ov=0.9999723 chi2=2.218e-02 rel=1.8e-01
Body is not plunging, Fisher should be stable.
waveform shape: (3, 7889537)
Computing SNR for parameters: (np.float64(1000049.0319372476), np.float64(10.000056037030795), np.float64(-0.4998737432882936), np.float64(12.184054749040289), np.float64(0.09997979985876705), 1.0, 3.8788539967713698, np.float64(1.0460208470877985), np.float64(0.7845759776102343), 0.6283185307179586, 0.5235987755982988, np.float64(0.10195206204708365), 0.2, np.float64(0.2766273130219353), 0.95, False, False, False, True, np.float64(0.0011257219492007348), np.float64(5.710937530425462e-05), 0.0, 0.0)
Waveform Generated. SNR: 20.00401642361373
calculating Fisher matrix...
Finished derivatives
Calculated Fisher is not positive semi-definite. Try lowering inspiral error tolerance or increasing the derivative order.
Time taken to compute FM is 4.276549577713013 seconds
    CV idx1/PN/from_MAP#1 it   2 lam=1.4e+00 ov=0.9999772 chi2=1.828e-02 rel=6.7e-02
Body is not plunging, Fisher should be stable.
waveform shape: (3, 7889537)
Computing SNR for parameters: (np.float64(1000049.0321219412), np.float64(10.000056009688693), np.float64(-0.49987374037468735), np.float64(12.184054750643796), np.float64(0.0999797988065073), 1.0, 3.8788539967713698, np.float64(1.0459888915679694), np.float64(0.784581931854597), 0.6283185307179586, 0.5235987755982988, np.float64(0.10200984167891831), 0.2, np.float64(0.2772223607798585), 0.95, False, False, False, True, np.float64(0.0011314098719672858), np.float64(8.819576935034055e-05), 0.0, 0.0)
Waveform Generated. SNR: 20.004109373377972
calculating Fisher matrix...
Finished derivatives
Calculated Fisher is *atleast* positive-definite.
Time taken to compute FM is 4.244210481643677 seconds
    CV idx1/PN/from_MAP#1 it   3 lam=1.9e+00 ov=0.9999788 chi2=1.706e-02 rel=2.2e-02
Body is not plunging, Fisher should be stable.
waveform shape: (3, 7889537)
Computing SNR for parameters: (np.float64(1000049.0320008552), np.float64(10.000056004036479), np.float64(-0.4998737401775626), np.float64(12.184054750131116), np.float64(0.09997979554182931), 1.0, 3.8788539967713698, np.float64(1.0459424392724133), np.float64(0.7846214332346181), 0.6283185307179586, 0.5235987755982988, np.float64(0.1021599532632674), 0.2, np.float64(0.2775212706048527), 0.95, False, False, False, True, np.float64(0.0012314185038416164), np.float64(6.471160962247999e-05), 0.0, 0.0)
Waveform Generated. SNR: 20.0041160807933
calculating Fisher matrix...
Finished derivatives
Calculated Fisher is *atleast* positive-definite.
Time taken to compute FM is 4.266530752182007 seconds
    CV idx1/PN/from_MAP#1 it   4 lam=1.9e+00 ov=0.9999792 chi2=1.668e-02 rel=3.5e-02
Body is not plunging, Fisher should be stable.
waveform shape: (3, 7889537)
Computing SNR for parameters: (np.float64(1000049.0320448531), np.float64(10.000055986639845), np.float64(-0.4998737384908222), np.float64(12.184054750765679), np.float64(0.09997979347557846), 1.0, 3.8788539967713698, np.float64(1.045913760077824), np.float64(0.7846320373309761), 0.6283185307179586, 0.5235987755982988, np.float64(0.10229958672120429), 0.2, np.float64(0.2778416987725481), 0.95, False, False, False, True, np.float64(0.0012125348417866592), np.float64(7.583196731361709e-05), 0.0, 0.0)
Waveform Generated. SNR: 20.004178049871577
calculating stable deltas...
minimum relative error is greater than 1% for dev_1. Fisher may be unstable!
minimum relative error is greater than 1% for dev_2. Fisher may be unstable!
Time taken to compute stable deltas is 37.57128667831421 seconds
calculating Fisher matrix...
Finished derivatives
Calculated Fisher is *atleast* positive-definite.
Time taken to compute FM is 3.6217267513275146 seconds
    CV idx1/PN/from_MAP#1 it   5 lam=6.3e-01 ov=0.9999800 chi2=1.609e-02 rel=3.6e-02
Body is not plunging, Fisher should be stable.
waveform shape: (3, 7889537)
Computing SNR for parameters: (np.float64(1000049.0321161752), np.float64(10.000055970971328), np.float64(-0.4998737370466924), np.float64(12.184054751470985), np.float64(0.09997979219942861), 1.0, 3.8788539967713698, np.float64(1.0459002106517965), np.float64(0.7846337469467535), 0.6283185307179586, 0.5235987755982988, np.float64(0.10236331942076986), 0.2, np.float64(0.27793219914487843), 0.95, False, False, False, True, np.float64(0.0026434180667026437), np.float64(7.588409129450362e-05), 0.0, 0.0)
Waveform Generated. SNR: 20.00422242283519
calculating Fisher matrix...
Finished derivatives
Calculated Fisher is *atleast* positive-definite.
Time taken to compute FM is 4.248051881790161 seconds
    CV idx1/PN/from_MAP#1 it   6 lam=9.1e-01 ov=0.9999807 chi2=1.551e-02 rel=8.2e-03
Body is not plunging, Fisher should be stable.
waveform shape: (3, 7889537)
Computing SNR for parameters: (np.float64(1000049.0322257662), np.float64(10.000055947902535), np.float64(-0.49987373564361215), np.float64(12.18405475237407), np.float64(0.09997979022921254), 1.0, 3.8788539967713698, np.float64(1.0458899757573228), np.float64(0.7846628959198582), 0.6283185307179586, 0.5235987755982988, np.float64(0.10238074516120357), 0.2, np.float64(0.27770504762049214), 0.95, False, False, False, True, np.float64(0.00472857797804418), np.float64(8.146512735766876e-05), 0.0, 0.0)
Waveform Generated. SNR: 20.004135474972752
calculating Fisher matrix...
Finished derivatives
Calculated Fisher is not positive semi-definite. Try lowering inspiral error tolerance or increasing the derivative order.
Time taken to compute FM is 4.255124092102051 seconds
    CV idx1/PN/from_MAP#1 it   7 lam=9.1e-01 ov=0.9999809 chi2=1.538e-02 rel=2.9e-02
Body is not plunging, Fisher should be stable.
waveform shape: (3, 7889537)
Computing SNR for parameters: (np.float64(1000049.0321398358), np.float64(10.00005593575393), np.float64(-0.4998737351677193), np.float64(12.184054752109915), np.float64(0.09997978646354924), 1.0, 3.8788539967713698, np.float64(1.0458603023362774), np.float64(0.7846992927704189), 0.6283185307179586, 0.5235987755982988, np.float64(0.10255500788362508), 0.2, np.float64(0.2777601675962505), 0.95, False, False, False, True, np.float64(0.006962918311483105), np.float64(7.820509177670943e-05), 0.0, 0.0)
Waveform Generated. SNR: 20.00409223720867
calculating Fisher matrix...
Finished derivatives
Calculated Fisher is *atleast* positive-definite.
Time taken to compute FM is 4.242335319519043 seconds
    CV idx1/PN/from_MAP#1 it   8 lam=1.4e+00 ov=0.9999814 chi2=1.494e-02 rel=2.3e-03
Body is not plunging, Fisher should be stable.
waveform shape: (3, 7889537)
Computing SNR for parameters: (np.float64(1000049.0321099238), np.float64(10.000055926580611), np.float64(-0.4998737349794409), np.float64(12.184054752038774), np.float64(0.09997978426746128), 1.0, 3.8788539967713698, np.float64(1.0458848081966032), np.float64(0.7847136024426236), 0.6283185307179586, 0.5235987755982988, np.float64(0.10257460710078983), 0.2, np.float64(0.27758242560257046), 0.95, False, False, False, True, np.float64(0.008943472443545483), np.float64(8.354977167107561e-05), 0.0, 0.0)
Waveform Generated. SNR: 20.003937484327025
calculating Fisher matrix...
Finished derivatives
Calculated Fisher is *atleast* positive-definite.
Time taken to compute FM is 4.252452850341797 seconds
    CV idx1/PN/from_MAP#1 it   9 lam=1.4e+00 ov=0.9999814 chi2=1.491e-02 rel=1.1e-02
Body is not plunging, Fisher should be stable.
waveform shape: (3, 7889537)
Computing SNR for parameters: (np.float64(1000049.0319961683), np.float64(10.00005592682648), np.float64(-0.4998737355196917), np.float64(12.184054751379863), np.float64(0.09997978209854189), 1.0, 3.8788539967713698, np.float64(1.0458874875577169), np.float64(0.784730705224869), 0.6283185307179586, 0.5235987755982988, np.float64(0.10260793264216095), 0.2, np.float64(0.2775541788261694), 0.95, False, False, False, True, np.float64(0.00890911703902094), np.float64(8.301626804676984e-05), 0.0, 0.0)
Waveform Generated. SNR: 20.00385791596395
calculating stable deltas...
minimum relative error is greater than 1% for dev_2. Fisher may be unstable!
Time taken to compute stable deltas is 37.689014196395874 seconds
calculating Fisher matrix...
Finished derivatives
Calculated Fisher is *atleast* positive-definite.
Time taken to compute FM is 3.6577343940734863 seconds
    CV idx1/PN/from_MAP#1 it  10 lam=2.6e+00 ov=0.9999816 chi2=1.475e-02 rel=5.3e-04
Body is not plunging, Fisher should be stable.
waveform shape: (3, 7889537)
Computing SNR for parameters: (np.float64(1000049.0319622658), np.float64(10.00005592254114), np.float64(-0.4998737356042824), np.float64(12.184054751214957), np.float64(0.09997978064266454), 1.0, 3.8788539967713698, np.float64(1.0458858797719852), np.float64(0.7847416236069282), 0.6283185307179586, 0.5235987755982988, np.float64(0.1026256626585649), 0.2, np.float64(0.27749030241315653), 0.95, False, False, False, True, np.float64(0.009174672275064464), np.float64(0.00030562776218514735), 0.0, 0.0)
Waveform Generated. SNR: 20.003819214288782
calculating Fisher matrix...
Finished derivatives
Calculated Fisher is *atleast* positive-definite.
Time taken to compute FM is 4.2473437786102295 seconds
    CV idx1/PN/from_MAP#1 it  11 lam=2.7e+00 ov=0.9999817 chi2=1.474e-02 rel=2.7e-03
Body is not plunging, Fisher should be stable.
waveform shape: (3, 7889537)
Computing SNR for parameters: (np.float64(1000049.031961379), np.float64(10.00005591969143), np.float64(-0.4998737355549571), np.float64(12.184054751230923), np.float64(0.09997978011328912), 1.0, 3.8788539967713698, np.float64(1.0459001339547287), np.float64(0.7847411578876714), 0.6283185307179586, 0.5235987755982988, np.float64(0.1026093485349806), 0.2, np.float64(0.27743675618547337), 0.95, False, False, False, True, np.float64(0.009310949291540523), np.float64(0.0003412715989095899), 0.0, 0.0)
Waveform Generated. SNR: 20.003766908017386
calculating Fisher matrix...
Finished derivatives
Calculated Fisher is *atleast* positive-definite.
Time taken to compute FM is 4.243156671524048 seconds
    CV idx1/PN/from_MAP#1 it  12 lam=8.9e-01 ov=0.9999817 chi2=1.470e-02 rel=2.4e-03
Body is not plunging, Fisher should be stable.
waveform shape: (3, 7889537)
Computing SNR for parameters: (np.float64(1000049.0319609913), np.float64(10.000055916968517), np.float64(-0.49987373551898784), np.float64(12.184054751246018), np.float64(0.09997977961095923), 1.0, 3.8788539967713698, np.float64(1.0459103579957976), np.float64(0.7847413037215595), 0.6283185307179586, 0.5235987755982988, np.float64(0.10259214617176128), 0.2, np.float64(0.2773886625555196), 0.95, False, False, False, True, np.float64(0.009677185157201623), np.float64(0.0003385248780298767), 0.0, 0.0)
Waveform Generated. SNR: 20.003726037724913
calculating Fisher matrix...
Finished derivatives
Calculated Fisher is *atleast* positive-definite.
Time taken to compute FM is 4.265817880630493 seconds
    CV idx1/PN/from_MAP#1 it  13 lam=1.2e+00 ov=0.9999817 chi2=1.467e-02 rel=2.4e-03
Body is not plunging, Fisher should be stable.
waveform shape: (3, 7889537)
Computing SNR for parameters: (np.float64(1000049.0319625206), np.float64(10.000055908076416), np.float64(-0.49987373535507207), np.float64(12.184054751319769), np.float64(0.09997977798100183), 1.0, 3.8788539967713698, np.float64(1.0458955373606926), np.float64(0.7847532573208575), 0.6283185307179586, 0.5235987755982988, np.float64(0.10258713677213362), 0.2, np.float64(0.27738503134808634), 0.95, False, False, False, True, np.float64(0.010757385723194946), np.float64(0.0006269499376298803), 0.0, 0.0)
Waveform Generated. SNR: 20.003728782224854
calculating Fisher matrix...
Finished derivatives
Calculated Fisher is *atleast* positive-definite.
Time taken to compute FM is 4.283177614212036 seconds
    CV idx1/PN/from_MAP#1 it  14 lam=1.9e+01 ov=0.9999818 chi2=1.463e-02 rel=5.2e-04
Body is not plunging, Fisher should be stable.
waveform shape: (3, 7889537)
Computing SNR for parameters: (np.float64(1000049.0319479916), np.float64(10.000055908258714), np.float64(-0.4998737354508895), np.float64(12.184054751229295), np.float64(0.09997977772543575), 1.0, 3.8788539967713698, np.float64(1.0458971156012804), np.float64(0.7847551305522033), 0.6283185307179586, 0.5235987755982988, np.float64(0.10258845954233606), 0.2, np.float64(0.27737866294753605), 0.95, False, False, False, True, np.float64(0.010745375049676566), np.float64(0.0005568542386435418), 0.0, 0.0)
Waveform Generated. SNR: 20.003715004944766
calculating stable deltas...
minimum relative error is greater than 1% for dev_1. Fisher may be unstable!
minimum relative error is greater than 1% for dev_2. Fisher may be unstable!
Time taken to compute stable deltas is 38.35313081741333 seconds
calculating Fisher matrix...
Finished derivatives
Calculated Fisher is *atleast* positive-definite.
Time taken to compute FM is 3.6650798320770264 seconds
    CV idx1/PN/from_MAP#1 it  15 lam=2.8e+01 ov=0.9999818 chi2=1.462e-02 rel=2.5e-04
Body is not plunging, Fisher should be stable.
waveform shape: (3, 7889537)
Computing SNR for parameters: (np.float64(1000049.0319441712), np.float64(10.000055908180116), np.float64(-0.4998737354825117), np.float64(12.18405475120452), np.float64(0.0999797776339459), 1.0, 3.8788539967713698, np.float64(1.0458989442280675), np.float64(0.7847554667071058), 0.6283185307179586, 0.5235987755982988, np.float64(0.10258623247230853), 0.2, np.float64(0.2773696477449964), 0.95, False, False, False, True, np.float64(0.010756124057082447), np.float64(0.0005566396586977278), 0.0, 0.0)
Waveform Generated. SNR: 20.003706775070462
calculating Fisher matrix...
Finished derivatives
Calculated Fisher is not positive semi-definite. Try lowering inspiral error tolerance or increasing the derivative order.
Time taken to compute FM is 4.280092239379883 seconds
    CV idx1/PN/from_MAP#1 it  16 lam=3.4e+01 ov=0.9999818 chi2=1.462e-02 rel=1.9e-04
Body is not plunging, Fisher should be stable.
waveform shape: (3, 7889537)
Computing SNR for parameters: (np.float64(1000049.0319434509), np.float64(10.000055908029918), np.float64(-0.49987373549243064), np.float64(12.184054751199438), np.float64(0.0999797775909704), 1.0, 3.8788539967713698, np.float64(1.04590033300766), np.float64(0.7847554708165391), 0.6283185307179586, 0.5235987755982988, np.float64(0.10258395692723517), 0.2, np.float64(0.27736244106697056), 0.95, False, False, False, True, np.float64(0.010769207469876411), np.float64(0.0005565984092757811), 0.0, 0.0)
Waveform Generated. SNR: 20.003701498041767
calculating Fisher matrix...
Finished derivatives
Calculated Fisher is not positive semi-definite. Try lowering inspiral error tolerance or increasing the derivative order.
Time taken to compute FM is 4.2330687046051025 seconds
    CV idx1/PN/from_MAP#1 it  17 lam=3.4e+01 ov=0.9999818 chi2=1.462e-02 rel=8.7e-05
Body is not plunging, Fisher should be stable.
waveform shape: (3, 7889537)
Computing SNR for parameters: (np.float64(1000049.0319421658), np.float64(10.000055907947882), np.float64(-0.4998737355050931), np.float64(12.18405475119085), np.float64(0.09997977754954586), 1.0, 3.8788539967713698, np.float64(1.045901379524184), np.float64(0.7847555600867661), 0.6283185307179586, 0.5235987755982988, np.float64(0.10258232490819003), 0.2, np.float64(0.2773570228651204), 0.95, False, False, False, True, np.float64(0.010778953936263531), np.float64(0.0005566067352045162), 0.0, 0.0)
Waveform Generated. SNR: 20.003700530752955
calculating Fisher matrix...
Finished derivatives
Calculated Fisher is *atleast* positive-definite.
Time taken to compute FM is 4.241744756698608 seconds
    CV idx1/PN/from_MAP#1 it  18 lam=1.1e+01 ov=0.9999818 chi2=1.462e-02 rel=1.6e-04
Body is not plunging, Fisher should be stable.
waveform shape: (3, 7889537)
Computing SNR for parameters: (np.float64(1000049.0319409424), np.float64(10.000055907860895), np.float64(-0.49987373551729947), np.float64(12.184054751182671), np.float64(0.09997977750842735), 1.0, 3.8788539967713698, np.float64(1.0459024224739613), np.float64(0.7847556434092048), 0.6283185307179586, 0.5235987755982988, np.float64(0.10258066210728069), 0.2, np.float64(0.2773516550843955), 0.95, False, False, False, True, np.float64(0.010786879431894304), np.float64(0.0005566030543274821), 0.0, 0.0)
Waveform Generated. SNR: 20.00369719282656
calculating Fisher matrix...
Finished derivatives
Calculated Fisher is *atleast* positive-definite.
Time taken to compute FM is 4.204331874847412 seconds
    CV idx1/PN/from_MAP#1 it  19 lam=1.9e+01 ov=0.9999818 chi2=1.461e-02 rel=3.1e-04
Body is not plunging, Fisher should be stable.
waveform shape: (3, 7889537)
Computing SNR for parameters: (np.float64(1000049.0319388533), np.float64(10.000055907421418), np.float64(-0.4998737355317145), np.float64(12.184054751171088), np.float64(0.09997977738547315), 1.0, 3.8788539967713698, np.float64(1.0459052215086555), np.float64(0.784755640367782), 0.6283185307179586, 0.5235987755982988, np.float64(0.10257645744761555), 0.2, np.float64(0.2773408697971009), 0.95, False, False, False, True, np.float64(0.010828549709407111), np.float64(0.0005571421136475339), 0.0, 0.0)
Waveform Generated. SNR: 20.003685199385185
calculating stable deltas...
minimum relative error is greater than 1% for dev_1. Fisher may be unstable!
minimum relative error is greater than 1% for dev_2. Fisher may be unstable!
Time taken to compute stable deltas is 37.55902051925659 seconds
calculating Fisher matrix...
Finished derivatives
Calculated Fisher is *atleast* positive-definite.
Time taken to compute FM is 3.635080337524414 seconds
    CV idx1/PN/from_MAP#1 it  20 lam=3.4e+01 ov=0.9999818 chi2=1.461e-02 rel=1.3e-04
Body is not plunging, Fisher should be stable.
waveform shape: (3, 7889537)
Computing SNR for parameters: (np.float64(1000049.0319369665), np.float64(10.00005590721092), np.float64(-0.49987373554723913), np.float64(12.184054751159454), np.float64(0.09997977730829195), 1.0, 3.8788539967713698, np.float64(1.0459066627096847), np.float64(0.7847557941540889), 0.6283185307179586, 0.5235987755982988, np.float64(0.10257405774315591), 0.2, np.float64(0.2773335839904704), 0.95, False, False, False, True, np.float64(0.010774684793513395), np.float64(0.0005557331791406912), 0.0, 0.0)
Waveform Generated. SNR: 20.003679660831818
calculating Fisher matrix...
Finished derivatives
Calculated Fisher is *atleast* positive-definite.
Time taken to compute FM is 4.249406099319458 seconds
    CV idx1/PN/from_MAP#1 it  21 lam=5.5e+01 ov=0.9999818 chi2=1.461e-02 rel=7.4e-05
Body is not plunging, Fisher should be stable.
waveform shape: (3, 7889537)
Computing SNR for parameters: (np.float64(1000049.0319353148), np.float64(10.000055907143084), np.float64(-0.49987373556133813), np.float64(12.184054751148768), np.float64(0.09997977726229805), 1.0, 3.8788539967713698, np.float64(1.0459075124491537), np.float64(0.7847559520359845), 0.6283185307179586, 0.5235987755982988, np.float64(0.10257267278306123), 0.2, np.float64(0.2773292760715687), 0.95, False, False, False, True, np.float64(0.01080002146056606), np.float64(0.0005559504335302702), 0.0, 0.0)
Waveform Generated. SNR: 20.003675999691342
calculating Fisher matrix...
Finished derivatives
Calculated Fisher is *atleast* positive-definite.
Time taken to compute FM is 4.276803731918335 seconds
    CV idx1/PN/from_MAP#1 it  22 lam=9.5e+01 ov=0.9999818 chi2=1.461e-02 rel=1.2e-04
Body is not plunging, Fisher should be stable.
waveform shape: (3, 7889537)
Computing SNR for parameters: (np.float64(1000049.0319344952), np.float64(10.00005590708514), np.float64(-0.49987373556835496), np.float64(12.184054751143542), np.float64(0.09997977723495863), 1.0, 3.8788539967713698, np.float64(1.0459080309265512), np.float64(0.7847560282750661), 0.6283185307179586, 0.5235987755982988, np.float64(0.10257180308225128), 0.2, np.float64(0.277326653292784), 0.95, False, False, False, True, np.float64(0.0107892173985843), np.float64(0.0005561959409625903), 0.0, 0.0)
Waveform Generated. SNR: 20.003674003828554
calculating Fisher matrix...
Finished derivatives
Calculated Fisher is *atleast* positive-definite.
Time taken to compute FM is 4.235353469848633 seconds
    CV idx1/PN/from_MAP#1 it  23 lam=1.8e+02 ov=0.9999818 chi2=1.460e-02 rel=4.4e-05
Body is not plunging, Fisher should be stable.
waveform shape: (3, 7889537)
Computing SNR for parameters: (np.float64(1000049.0319340852), np.float64(10.000055907053586), np.float64(-0.49987373557267684), np.float64(12.18405475114076), np.float64(0.0999797772206551), 1.0, 3.8788539967713698, np.float64(1.045908373570484), np.float64(0.7847560642672881), 0.6283185307179586, 0.5235987755982988, np.float64(0.10257119623101137), 0.2, np.float64(0.27732483457885326), 0.95, False, False, False, True, np.float64(0.010794286407058658), np.float64(0.0005565202077196991), 0.0, 0.0)
Waveform Generated. SNR: 20.003672599697733
calculating Fisher matrix...
Finished derivatives
Calculated Fisher is *atleast* positive-definite.
Time taken to compute FM is 4.220047235488892 seconds
    CV idx1/PN/from_MAP#1 it  24 lam=1.7e+02 ov=0.9999818 chi2=1.460e-02 rel=5.5e-05
Body is not plunging, Fisher should be stable.
waveform shape: (3, 7889537)
Computing SNR for parameters: (np.float64(1000049.0319338853), np.float64(10.00005590703436), np.float64(-0.49987373557469184), np.float64(12.184054751139437), np.float64(0.09997977721298974), 1.0, 3.8788539967713698, np.float64(1.0459085527012109), np.float64(0.7847560790362214), 0.6283185307179586, 0.5235987755982988, np.float64(0.10257087629631949), 0.2, np.float64(0.2773239192619702), 0.95, False, False, False, True, np.float64(0.01081077958768856), np.float64(0.0005565445744713641), 0.0, 0.0)
Waveform Generated. SNR: 20.003672832902794
calculating stable deltas...
minimum relative error is greater than 1% for dev_1. Fisher may be unstable!
minimum relative error is greater than 1% for dev_2. Fisher may be unstable!
Time taken to compute stable deltas is 37.69253468513489 seconds
calculating Fisher matrix...
Finished derivatives
Calculated Fisher is *atleast* positive-definite.
Time taken to compute FM is 3.629357099533081 seconds
    CV idx1/PN/from_MAP#1 it  25 lam=3.3e+02 ov=0.9999818 chi2=1.460e-02 rel=1.3e-05
Body is not plunging, Fisher should be stable.
waveform shape: (3, 7889537)
Computing SNR for parameters: (np.float64(1000049.0319336766), np.float64(10.000055907014776), np.float64(-0.4998737355769088), np.float64(12.184054751138028), np.float64(0.09997977720504873), 1.0, 3.8788539967713698, np.float64(1.0459087443216686), np.float64(0.7847560967868527), 0.6283185307179586, 0.5235987755982988, np.float64(0.10257053029443283), 0.2, np.float64(0.2773229367550032), 0.95, False, False, False, True, np.float64(0.010812306618557196), np.float64(0.0005959623251129036), 0.0, 0.0)
Waveform Generated. SNR: 20.003672611159274
calculating Fisher matrix...
Finished derivatives
Calculated Fisher is *atleast* positive-definite.
Time taken to compute FM is 4.2222371101379395 seconds
    CV idx1/PN/from_MAP#1 it  26 lam=2.2e+02 ov=0.9999818 chi2=1.460e-02 rel=1.1e-05
Body is not plunging, Fisher should be stable.
waveform shape: (3, 7889537)
Computing SNR for parameters: (np.float64(1000049.0319336164), np.float64(10.00005590700985), np.float64(-0.49987373557748827), np.float64(12.184054751137632), np.float64(0.0999797772029062), 1.0, 3.8788539967713698, np.float64(1.0459087917672192), np.float64(0.7847561015909382), 0.6283185307179586, 0.5235987755982988, np.float64(0.10257044614595007), 0.2, np.float64(0.27732269506545754), 0.95, False, False, False, True, np.float64(0.010812792129522814), np.float64(0.0005957926368571436), 0.0, 0.0)
Waveform Generated. SNR: 20.003672114375664
calculating Fisher matrix...
Finished derivatives
Calculated Fisher is *atleast* positive-definite.
Time taken to compute FM is 4.24824857711792 seconds
    CV idx1/PN/from_MAP#1 it  27 lam=2.1e+142 ov=0.9999818 chi2=1.460e-02 rel=0.0e+00
    NM  nfev=2290 ov 0.9999818 -> 0.9999859 (accepted=True)
Body is not plunging, Fisher should be stable.
waveform shape: (3, 7889537)
Computing SNR for parameters: (np.float64(1000049.1714625973), np.float64(10.000055615954512), np.float64(-0.4998735361650773), np.float64(12.18405354343943), np.float64(0.09997943767451209), 1.0, 3.8788539967713698, np.float64(1.0463069199261426), np.float64(0.7849798695233743), 0.6283185307179586, 0.5235987755982988, np.float64(0.09588134650531133), 0.2, np.float64(0.2793977313070353), 0.95, False, False, False, True, np.float64(0.08037621662682735), np.float64(0.9766290560700643), 0.0, 0.0)
Waveform Generated. SNR: 20.001233645661838
calculating stable deltas...
Time taken to compute stable deltas is 37.54563236236572 seconds
calculating Fisher matrix...
Finished derivatives
Calculated Fisher is *atleast* positive-definite.
Time taken to compute FM is 3.6409475803375244 seconds
    CV idx1/PN/from_MAP#2 it   0 lam=9.8e-03 ov=0.9999859 chi2=1.128e-02 rel=1.4e-04
Body is not plunging, Fisher should be stable.
waveform shape: (3, 7889537)
Computing SNR for parameters: (np.float64(1000049.1712884685), np.float64(10.000055620001714), np.float64(-0.49987353661540573), np.float64(12.184053542442477), np.float64(0.09997943976051037), 1.0, 3.8788539967713698, np.float64(1.0463013975859898), np.float64(0.7849795209280195), 0.6283185307179586, 0.5235987755982988, np.float64(0.09586890251726793), 0.2, np.float64(0.27937571523658505), 0.95, False, False, False, True, np.float64(0.0824263453596196), np.float64(0.9727810609107176), 0.0, 0.0)
Waveform Generated. SNR: 20.0012546432663
calculating Fisher matrix...
Finished derivatives
Calculated Fisher is *atleast* positive-definite.
Time taken to compute FM is 4.258996248245239 seconds
    CV idx1/PN/from_MAP#2 it   1 lam=7.3e-03 ov=0.9999859 chi2=1.128e-02 rel=1.4e-04
Body is not plunging, Fisher should be stable.
waveform shape: (3, 7889537)
Computing SNR for parameters: (np.float64(1000049.1710459493), np.float64(10.000055624591525), np.float64(-0.4998735367138021), np.float64(12.184053541190671), np.float64(0.09997944094452675), 1.0, 3.8788539967713698, np.float64(1.0463025097462126), np.float64(0.7849791656711714), 0.6283185307179586, 0.5235987755982988, np.float64(0.09586174098423204), 0.2, np.float64(0.27939279479734336), 0.95, False, False, False, True, np.float64(0.0841555029619317), np.float64(0.976302366760895), 0.0, 0.0)
Waveform Generated. SNR: 20.001252242029445
calculating Fisher matrix...
Finished derivatives
Calculated Fisher is *atleast* positive-definite.
Time taken to compute FM is 4.280182838439941 seconds
    CV idx1/PN/from_MAP#2 it   2 lam=5.5e-03 ov=0.9999859 chi2=1.128e-02 rel=2.7e-04
Body is not plunging, Fisher should be stable.
waveform shape: (3, 7889537)
Computing SNR for parameters: (np.float64(1000049.170638851), np.float64(10.000055633851725), np.float64(-0.4998735365427285), np.float64(12.184053539176457), np.float64(0.09997944190312089), 1.0, 3.8788539967713698, np.float64(1.0463053652863759), np.float64(0.7849791201691178), 0.6283185307179586, 0.5235987755982988, np.float64(0.09584014811136156), 0.2, np.float64(0.27940137722004854), 0.95, False, False, False, True, np.float64(0.08676585008058026), np.float64(0.9855864071120823), 0.0, 0.0)
Waveform Generated. SNR: 20.00124512910428
calculating Fisher matrix...
Finished derivatives
Calculated Fisher is not positive semi-definite. Try lowering inspiral error tolerance or increasing the derivative order.
Time taken to compute FM is 4.241994857788086 seconds
    CV idx1/PN/from_MAP#2 it   3 lam=1.8e-03 ov=0.9999859 chi2=1.128e-02 rel=2.7e-04
Body is not plunging, Fisher should be stable.
waveform shape: (3, 7889537)
Computing SNR for parameters: (np.float64(1000049.1702626728), np.float64(10.00005564278116), np.float64(-0.49987353647794686), np.float64(12.184053537265028), np.float64(0.0999794452772365), 1.0, 3.8788539967713698, np.float64(1.0463043287836327), np.float64(0.7849795646000366), 0.6283185307179586, 0.5235987755982988, np.float64(0.09583563410251018), 0.2, np.float64(0.2794059779328715), 0.95, False, False, False, True, np.float64(0.08987198195750763), np.float64(0.9834207074065971), 0.0, 0.0)
Waveform Generated. SNR: 20.001245897547015
calculating Fisher matrix...
Finished derivatives
Calculated Fisher is not positive semi-definite. Try lowering inspiral error tolerance or increasing the derivative order.
Time taken to compute FM is 4.253897428512573 seconds
    CV idx1/PN/from_MAP#2 it   4 lam=1.6e-03 ov=0.9999859 chi2=1.128e-02 rel=9.6e-04
Body is not plunging, Fisher should be stable.
waveform shape: (3, 7889537)
Computing SNR for parameters: (np.float64(1000049.1696513671), np.float64(10.000055666665311), np.float64(-0.49987353908148385), np.float64(12.184053533491273), np.float64(0.09997945993432873), 1.0, 3.8788539967713698, np.float64(1.0462904281352698), np.float64(0.7849816625004521), 0.6283185307179586, 0.5235987755982988, np.float64(0.09592628885990949), 0.2, np.float64(0.27956063263079856), 0.95, False, False, False, True, np.float64(0.10059411367116014), np.float64(0.945467065612835), 0.0, 0.0)
Waveform Generated. SNR: 20.00128440365013
calculating stable deltas...
Time taken to compute stable deltas is 37.74594020843506 seconds
calculating Fisher matrix...
Finished derivatives
Calculated Fisher is *atleast* positive-definite.
Time taken to compute FM is 3.6654717922210693 seconds
    CV idx1/PN/from_MAP#2 it   5 lam=5.3e-04 ov=0.9999860 chi2=1.126e-02 rel=1.0e-03
Body is not plunging, Fisher should be stable.
waveform shape: (3, 7889537)
Computing SNR for parameters: (np.float64(1000049.1683410897), np.float64(10.000055703305623), np.float64(-0.499873539015156), np.float64(12.184053526888318), np.float64(0.09997946901154987), 1.0, 3.8788539967713698, np.float64(1.0462931363255437), np.float64(0.7849813183358113), 0.6283185307179586, 0.5235987755982988, np.float64(0.09591278853281915), 0.2, np.float64(0.27961314355202627), 0.95, False, False, False, True, np.float64(0.11115674566900029), np.float64(0.9529498611643865), 0.0, 0.0)
Waveform Generated. SNR: 20.001277999048718
calculating Fisher matrix...
Finished derivatives
Calculated Fisher is not positive semi-definite. Try lowering inspiral error tolerance or increasing the derivative order.
Time taken to compute FM is 4.294173717498779 seconds
    CV idx1/PN/from_MAP#2 it   6 lam=1.8e-04 ov=0.9999860 chi2=1.125e-02 rel=3.1e-03
Body is not plunging, Fisher should be stable.
waveform shape: (3, 7889537)
Computing SNR for parameters: (np.float64(1000049.1641166117), np.float64(10.000055830446101), np.float64(-0.49987353651736127), np.float64(12.18405350602141), np.float64(0.0999794970256013), 1.0, 3.8788539967713698, np.float64(1.0462981819264825), np.float64(0.7849805648824588), 0.6283185307179586, 0.5235987755982988, np.float64(0.09586385746568368), 0.2, np.float64(0.27965834496426667), 0.95, False, False, False, True, np.float64(0.14398409804521684), np.float64(0.9787250447437117), 0.0, 0.0)
Waveform Generated. SNR: 20.00126308970599
calculating Fisher matrix...
Finished derivatives
Calculated Fisher is *atleast* positive-definite.
Time taken to compute FM is 4.262421607971191 seconds
    CV idx1/PN/from_MAP#2 it   7 lam=5.9e-05 ov=0.9999860 chi2=1.122e-02 rel=9.8e-03
Body is not plunging, Fisher should be stable.
waveform shape: (3, 7889537)
Computing SNR for parameters: (np.float64(1000049.1518912016), np.float64(10.000056244222389), np.float64(-0.49987353176447563), np.float64(12.184053445330553), np.float64(0.09997958683377416), 1.0, 3.8788539967713698, np.float64(1.0462997933102693), np.float64(0.7849811729994379), 0.6283185307179586, 0.5235987755982988, np.float64(0.09581995214222029), 0.2, np.float64(0.2799011187209101), 0.95, False, False, False, True, np.float64(0.2479043441584367), np.float64(1.0183847939385602), 0.0, 0.0)
Waveform Generated. SNR: 20.00125764198142
calculating Fisher matrix...
Finished derivatives
Calculated Fisher is not positive semi-definite. Try lowering inspiral error tolerance or increasing the derivative order.
Time taken to compute FM is 4.252743482589722 seconds
    CV idx1/PN/from_MAP#2 it   8 lam=3.8e-05 ov=0.9999862 chi2=1.111e-02 rel=3.1e-02
Body is not plunging, Fisher should be stable.
waveform shape: (3, 7889537)
Computing SNR for parameters: (np.float64(1000049.1156326139), np.float64(10.000058006879689), np.float64(-0.49987352180944583), np.float64(12.184053266075473), np.float64(0.09997985808701622), 1.0, 3.8788539967713698, np.float64(1.0463152883076938), np.float64(0.7849819630327197), 0.6283185307179586, 0.5235987755982988, np.float64(0.09569536148379057), 0.2, np.float64(0.2807248750463878), 0.95, False, False, False, True, np.float64(0.6125350473756022), np.float64(1.1023474793436763), 0.0, 0.0)
Waveform Generated. SNR: 20.001205274128182
calculating Fisher matrix...
Finished derivatives
Calculated Fisher is *atleast* positive-definite.
Time taken to compute FM is 4.304834842681885 seconds
    CV idx1/PN/from_MAP#2 it   9 lam=2.8e-05 ov=0.9999866 chi2=1.076e-02 rel=3.3e-02
Body is not plunging, Fisher should be stable.
waveform shape: (3, 7889537)
Computing SNR for parameters: (np.float64(1000049.0690330582), np.float64(10.000060204796085), np.float64(-0.49987350816334114), np.float64(12.184053042657622), np.float64(0.09998020486881112), 1.0, 3.8788539967713698, np.float64(1.0463241371656755), np.float64(0.7849813827764952), 0.6283185307179586, 0.5235987755982988, np.float64(0.0955910596557875), 0.2, np.float64(0.28172843657031876), 0.95, False, False, False, True, np.float64(1.0731619294086079), np.float64(1.2086329385883017), 0.0, 0.0)
Waveform Generated. SNR: 20.001184075680552
calculating stable deltas...
Time taken to compute stable deltas is 37.71587610244751 seconds
calculating Fisher matrix...
Finished derivatives
Calculated Fisher is *atleast* positive-definite.
Time taken to compute FM is 3.6701693534851074 seconds
    CV idx1/PN/from_MAP#2 it  10 lam=9.5e-06 ov=0.9999870 chi2=1.041e-02 rel=5.3e-02
Body is not plunging, Fisher should be stable.
waveform shape: (3, 7889537)
Computing SNR for parameters: (np.float64(1000049.0144477717), np.float64(10.000063097756648), np.float64(-0.499873494732194), np.float64(12.184052788681607), np.float64(0.09998059763491275), 1.0, 3.8788539967713698, np.float64(1.0463480221991073), np.float64(0.7849789245572185), 0.6283185307179586, 0.5235987755982988, np.float64(0.09537865644078405), 0.2, np.float64(0.2828403859333805), 0.95, False, False, False, True, np.float64(1.637142820071031), np.float64(1.344113948944708), 0.0, 0.0)
Waveform Generated. SNR: 20.001119827704912
calculating Fisher matrix...
Finished derivatives
Calculated Fisher is not positive semi-definite. Try lowering inspiral error tolerance or increasing the derivative order.
Time taken to compute FM is 4.247470140457153 seconds
    CV idx1/PN/from_MAP#2 it  11 lam=3.2e-06 ov=0.9999877 chi2=9.859e-03 rel=1.1e-01
Body is not plunging, Fisher should be stable.
waveform shape: (3, 7889537)
Computing SNR for parameters: (np.float64(1000048.8980268002), np.float64(10.000072251115391), np.float64(-0.49987349129421704), np.float64(12.184052294711142), np.float64(0.09998142446867975), 1.0, 3.8788539967713698, np.float64(1.046399380049491), np.float64(0.7849807074699438), 0.6283185307179586, 0.5235987755982988, np.float64(0.0950643607506452), 0.2, np.float64(0.28547839364131594), 0.95, False, False, False, True, np.float64(3.140947953096446), np.float64(1.4871079386801356), 0.0, 0.0)
Waveform Generated. SNR: 20.000952277078824
calculating Fisher matrix...
Finished derivatives
Calculated Fisher is not positive semi-definite. Try lowering inspiral error tolerance or increasing the derivative order.
Time taken to compute FM is 4.288843870162964 seconds
    CV idx1/PN/from_MAP#2 it  12 lam=1.1e-06 ov=0.9999890 chi2=8.793e-03 rel=2.1e-01
Body is not plunging, Fisher should be stable.
waveform shape: (3, 7889537)
Computing SNR for parameters: (np.float64(1000048.7630024168), np.float64(10.000099517883006), np.float64(-0.4998736303783272), np.float64(12.184052013773556), np.float64(0.09998227349119579), 1.0, 3.8788539967713698, np.float64(1.0465056756866704), np.float64(0.7849951863284426), 0.6283185307179586, 0.5235987755982988, np.float64(0.0949308069631074), 0.2, np.float64(0.2896647750239456), 0.95, False, False, False, True, np.float64(6.529368352699333), np.float64(0.895252889603268), 0.0, 0.0)
Waveform Generated. SNR: 20.000560179477677
calculating Fisher matrix...
Finished derivatives
Calculated Fisher is not positive semi-definite. Try lowering inspiral error tolerance or increasing the derivative order.
Time taken to compute FM is 4.25186014175415 seconds
    CV idx1/PN/from_MAP#2 it  13 lam=3.5e-07 ov=0.9999914 chi2=6.925e-03 rel=4.1e-01
Body is not plunging, Fisher should be stable.
waveform shape: (3, 7889537)
Computing SNR for parameters: (np.float64(1000048.7123664547), np.float64(10.000165419177767), np.float64(-0.4998741754759341), np.float64(12.184052981004601), np.float64(0.099982158762941), 1.0, 3.8788539967713698, np.float64(1.0466990243572318), np.float64(0.7850561120205131), 0.6283185307179586, 0.5235987755982988, np.float64(0.09596896680356289), 0.2, np.float64(0.2947462846038327), 0.95, False, False, False, True, np.float64(13.256566235914448), np.float64(-1.8243068697776215), 0.0, 0.0)
Waveform Generated. SNR: 19.999679530567644
The optimal source SNR is <= 20. The Fisher approximation may not be valid!
calculating Fisher matrix...
Finished derivatives
Calculated Fisher is *atleast* positive-definite.
Time taken to compute FM is 4.266291856765747 seconds
    CV idx1/PN/from_MAP#2 it  14 lam=1.2e-07 ov=0.9999949 chi2=4.063e-03 rel=6.7e-01
Body is not plunging, Fisher should be stable.
waveform shape: (3, 7889537)
Computing SNR for parameters: (np.float64(1000048.7679657324), np.float64(10.000266425975793), np.float64(-0.4998751311224301), np.float64(12.184055331093147), np.float64(0.09998088950268587), 1.0, 3.8788539967713698, np.float64(1.046956890752471), np.float64(0.7851486161101793), 0.6283185307179586, 0.5235987755982988, np.float64(0.09803121292213648), 0.2, np.float64(0.29999523633446873), 0.95, False, False, False, True, np.float64(22.83603087377548), np.float64(-6.675616367116407), 0.0, 0.0)
Waveform Generated. SNR: 19.998458410763384
The optimal source SNR is <= 20. The Fisher approximation may not be valid!
calculating stable deltas...
Time taken to compute stable deltas is 38.31904721260071 seconds
calculating Fisher matrix...
Finished derivatives
Calculated Fisher is *atleast* positive-definite.
Time taken to compute FM is 3.6538894176483154 seconds
    CV idx1/PN/from_MAP#2 it  15 lam=3.9e-08 ov=0.9999983 chi2=1.337e-03 rel=6.8e-01
Body is not plunging, Fisher should be stable.
waveform shape: (3, 7889537)
Computing SNR for parameters: (np.float64(1000048.7734673627), np.float64(10.000341267826023), np.float64(-0.49987595610838803), np.float64(12.184057591331934), np.float64(0.09997985960761531), 1.0, 3.8788539967713698, np.float64(1.0471483062993125), np.float64(0.7852185588169264), 0.6283185307179586, 0.5235987755982988, np.float64(0.09976098104119026), 0.2, np.float64(0.30372435497711064), 0.95, False, False, False, True, np.float64(29.844083123328573), np.float64(-10.420721003048781), 0.0, 0.0)
Waveform Generated. SNR: 19.997541605018476
The optimal source SNR is <= 20. The Fisher approximation may not be valid!
calculating Fisher matrix...
Finished derivatives
Calculated Fisher is *atleast* positive-definite.
Time taken to compute FM is 4.254827976226807 seconds
    CV idx1/PN/from_MAP#2 it  16 lam=1.3e-08 ov=0.9999995 chi2=4.340e-04 rel=1.4e-01
Body is not plunging, Fisher should be stable.
waveform shape: (3, 7889537)
Computing SNR for parameters: (np.float64(1000048.5655722736), np.float64(10.000362649318157), np.float64(-0.49987656321743024), np.float64(12.184059709416701), np.float64(0.09997972377689882), 1.0, 3.8788539967713698, np.float64(1.0472084928970902), np.float64(0.7852405865896395), 0.6283185307179586, 0.5235987755982988, np.float64(0.1002468291706488), 0.2, np.float64(0.3048067618764357), 0.95, False, False, False, True, np.float64(31.91342960002965), np.float64(-11.434710630712152), 0.0, 0.0)
Waveform Generated. SNR: 19.997250035969167
The optimal source SNR is <= 20. The Fisher approximation may not be valid!
calculating Fisher matrix...
Finished derivatives
Calculated Fisher is *atleast* positive-definite.
Time taken to compute FM is 4.272007942199707 seconds
    CV idx1/PN/from_MAP#2 it  17 lam=4.3e-09 ov=0.9999995 chi2=3.724e-04 rel=3.3e-02
Body is not plunging, Fisher should be stable.
waveform shape: (3, 7889537)
Computing SNR for parameters: (np.float64(1000047.8916658033), np.float64(10.000360058291326), np.float64(-0.49987774909449967), np.float64(12.18406444923719), np.float64(0.0999802508235493), 1.0, 3.8788539967713698, np.float64(1.0472130801170214), np.float64(0.7852440285600136), 0.6283185307179586, 0.5235987755982988, np.float64(0.10029495649454906), 0.2, np.float64(0.3048372408962192), 0.95, False, False, False, True, np.float64(31.8600232585912), np.float64(-11.232032677222628), 0.0, 0.0)
Waveform Generated. SNR: 19.99721635265954
The optimal source SNR is <= 20. The Fisher approximation may not be valid!
calculating Fisher matrix...
Finished derivatives
Calculated Fisher is not positive semi-definite. Try lowering inspiral error tolerance or increasing the derivative order.
Time taken to compute FM is 4.258344411849976 seconds
    CV idx1/PN/from_MAP#2 it  18 lam=1.4e-09 ov=0.9999996 chi2=3.601e-04 rel=9.1e-02
Body is not plunging, Fisher should be stable.
waveform shape: (3, 7889537)
Computing SNR for parameters: (np.float64(1000045.9273725468), np.float64(10.000347133662283), np.float64(-0.49988114447373555), np.float64(12.18407809372897), np.float64(0.09998186452268927), 1.0, 3.8788539967713698, np.float64(1.047213991002649), np.float64(0.7852520148003563), 0.6283185307179586, 0.5235987755982988, np.float64(0.10028168781166714), 0.2, np.float64(0.30465973548678416), 0.95, False, False, False, True, np.float64(31.203542025857402), np.float64(-10.371298744809007), 0.0, 0.0)
Waveform Generated. SNR: 19.997166944650168
The optimal source SNR is <= 20. The Fisher approximation may not be valid!
calculating Fisher matrix...
Finished derivatives
Calculated Fisher is *atleast* positive-definite.
Time taken to compute FM is 4.229711532592773 seconds
    CV idx1/PN/from_MAP#2 it  19 lam=4.8e-10 ov=0.9999996 chi2=3.273e-04 rel=2.3e-01
Body is not plunging, Fisher should be stable.
waveform shape: (3, 7889537)
Computing SNR for parameters: (np.float64(1000040.9169822346), np.float64(10.000312839429526), np.float64(-0.4998897925008006), np.float64(12.184112867784117), np.float64(0.09998599336168305), 1.0, 3.8788539967713698, np.float64(1.047209946677041), np.float64(0.785270367840928), 0.6283185307179586, 0.5235987755982988, np.float64(0.10024275202741069), 0.2, np.float64(0.30413369116480893), 0.95, False, False, False, True, np.float64(29.400749948367057), np.float64(-8.113825545311968), 0.0, 0.0)
Waveform Generated. SNR: 19.997073012588785
The optimal source SNR is <= 20. The Fisher approximation may not be valid!
calculating stable deltas...
Time taken to compute stable deltas is 37.697842597961426 seconds
calculating Fisher matrix...
Finished derivatives
Calculated Fisher is *atleast* positive-definite.
Time taken to compute FM is 3.653338670730591 seconds
    CV idx1/PN/from_MAP#2 it  20 lam=1.6e-10 ov=0.9999997 chi2=2.513e-04 rel=4.9e-01
Body is not plunging, Fisher should be stable.
waveform shape: (3, 7889537)
Computing SNR for parameters: (np.float64(1000030.5325459702), np.float64(10.000241847200048), np.float64(-0.4999077185313521), np.float64(12.184184945299828), np.float64(0.09999454962816302), 1.0, 3.8788539967713698, np.float64(1.0472010719195992), np.float64(0.7853106502228053), 0.6283185307179586, 0.5235987755982988, np.float64(0.1001690781642545), 0.2, np.float64(0.3030710869736758), 0.95, False, False, False, True, np.float64(25.6717592234688), np.float64(-3.44643669196416), 0.0, 0.0)
Waveform Generated. SNR: 19.996865371167857
The optimal source SNR is <= 20. The Fisher approximation may not be valid!
calculating Fisher matrix...
Finished derivatives
Calculated Fisher is not positive semi-definite. Try lowering inspiral error tolerance or increasing the derivative order.
Time taken to compute FM is 4.255432605743408 seconds
    CV idx1/PN/from_MAP#2 it  21 lam=9.5e-11 ov=0.9999998 chi2=1.269e-04 rel=6.7e-01
Body is not plunging, Fisher should be stable.
waveform shape: (3, 7889537)
Computing SNR for parameters: (np.float64(1000016.8637609563), np.float64(10.000148164509184), np.float64(-0.499931303161736), np.float64(12.184279778175839), np.float64(0.10000582773192118), 1.0, 3.8788539967713698, np.float64(1.0472081001889613), np.float64(0.785363072737918), 0.6283185307179586, 0.5235987755982988, np.float64(0.09997439617533656), 0.2, np.float64(0.3016137931790035), 0.95, False, False, False, True, np.float64(20.75091642629878), np.float64(2.734915559793884), 0.0, 0.0)
Waveform Generated. SNR: 19.99652740388403
The optimal source SNR is <= 20. The Fisher approximation may not be valid!
calculating Fisher matrix...
Finished derivatives
Calculated Fisher is *atleast* positive-definite.
Time taken to compute FM is 4.61917519569397 seconds
    CV idx1/PN/from_MAP#2 it  22 lam=1.2e-10 ov=0.9999999 chi2=4.127e-05 rel=1.6e-01
Body is not plunging, Fisher should be stable.
waveform shape: (3, 7889537)
Computing SNR for parameters: (np.float64(1000010.1700915953), np.float64(10.000105146178155), np.float64(-0.4999428871735741), np.float64(12.184326315446398), np.float64(0.10001130111234155), 1.0, 3.8788539967713698, np.float64(1.0472082180816635), np.float64(0.7853902525240186), 0.6283185307179586, 0.5235987755982988, np.float64(0.09987050280304324), 0.2, np.float64(0.30100585678085884), 0.95, False, False, False, True, np.float64(18.607733878851107), np.float64(5.6198701607500885), 0.0, 0.0)
Waveform Generated. SNR: 19.99637155112468
The optimal source SNR is <= 20. The Fisher approximation may not be valid!
calculating Fisher matrix...
Finished derivatives
Calculated Fisher is *atleast* positive-definite.
Time taken to compute FM is 4.257913827896118 seconds
    CV idx1/PN/from_MAP#2 it  23 lam=3.9e-11 ov=1.0000000 chi2=3.478e-05 rel=7.8e-01
Body is not plunging, Fisher should be stable.
waveform shape: (3, 7889537)
Computing SNR for parameters: (np.float64(1000007.8980336558), np.float64(10.000088451252228), np.float64(-0.49994679554094246), np.float64(12.184342047259191), np.float64(0.10001319548011038), 1.0, 3.8788539967713698, np.float64(1.0472066712232777), np.float64(0.785395118293659), 0.6283185307179586, 0.5235987755982988, np.float64(0.09989201701135975), 0.2, np.float64(0.3007464946261398), 0.95, False, False, False, True, np.float64(17.683831810284268), np.float64(6.694130358083436), 0.0, 0.0)
Waveform Generated. SNR: 19.996339740405194
The optimal source SNR is <= 20. The Fisher approximation may not be valid!
calculating Fisher matrix...
Finished derivatives
Calculated Fisher is *atleast* positive-definite.
Time taken to compute FM is 4.236958980560303 seconds
    CV idx1/PN/from_MAP#2 it  24 lam=3.4e-11 ov=1.0000000 chi2=7.524e-06 rel=1.0e-01
Body is not plunging, Fisher should be stable.
waveform shape: (3, 7889537)
Computing SNR for parameters: (np.float64(1000006.9371004668), np.float64(10.000081613339924), np.float64(-0.49994844980297154), np.float64(12.184348702879516), np.float64(0.10001399295496183), 1.0, 3.8788539967713698, np.float64(1.0472063015975686), np.float64(0.7853977748211245), 0.6283185307179586, 0.5235987755982988, np.float64(0.09987816905002947), 0.2, np.float64(0.30063187327160706), 0.95, False, False, False, True, np.float64(17.31564523802606), np.float64(7.146071608957255), 0.0, 0.0)
Waveform Generated. SNR: 19.996323305884285
The optimal source SNR is <= 20. The Fisher approximation may not be valid!
calculating stable deltas...
Time taken to compute stable deltas is 37.6242413520813 seconds
calculating Fisher matrix...
Finished derivatives
Calculated Fisher is *atleast* positive-definite.
Time taken to compute FM is 3.663198471069336 seconds
    CV idx1/PN/from_MAP#2 it  25 lam=1.6e-11 ov=1.0000000 chi2=6.735e-06 rel=3.5e-02
Body is not plunging, Fisher should be stable.
waveform shape: (3, 7889537)
Computing SNR for parameters: (np.float64(1000006.6670141913), np.float64(10.000079461900468), np.float64(-0.4999489125872815), np.float64(12.184350567797424), np.float64(0.10001422020296914), 1.0, 3.8788539967713698, np.float64(1.0472054698240179), np.float64(0.7853990618900403), 0.6283185307179586, 0.5235987755982988, np.float64(0.09988431324527451), 0.2, np.float64(0.30059703145386896), 0.95, False, False, False, True, np.float64(17.190212574265804), np.float64(7.282272826105945), 0.0, 0.0)
Waveform Generated. SNR: 19.996319090715495
The optimal source SNR is <= 20. The Fisher approximation may not be valid!
calculating Fisher matrix...
Finished derivatives
Calculated Fisher is not positive semi-definite. Try lowering inspiral error tolerance or increasing the derivative order.
Time taken to compute FM is 4.247937440872192 seconds
    CV idx1/PN/from_MAP#2 it  26 lam=5.3e-12 ov=1.0000000 chi2=6.500e-06 rel=2.9e-03
Body is not plunging, Fisher should be stable.
waveform shape: (3, 7889537)
Computing SNR for parameters: (np.float64(1000006.6177459622), np.float64(10.000079106745702), np.float64(-0.4999489974087071), np.float64(12.184350909134361), np.float64(0.10001426110051358), 1.0, 3.8788539967713698, np.float64(1.0472054475262407), np.float64(0.7853992756098297), 0.6283185307179586, 0.5235987755982988, np.float64(0.09988397601238624), 0.2, np.float64(0.30059127280681297), 0.95, False, False, False, True, np.float64(17.170811934601286), np.float64(7.305367832114839), 0.0, 0.0)
Waveform Generated. SNR: 19.996317401615258
The optimal source SNR is <= 20. The Fisher approximation may not be valid!
calculating Fisher matrix...
Finished derivatives
Calculated Fisher is not positive semi-definite. Try lowering inspiral error tolerance or increasing the derivative order.
Time taken to compute FM is 4.259274244308472 seconds
    CV idx1/PN/from_MAP#2 it  27 lam=1.8e-12 ov=1.0000000 chi2=6.481e-06 rel=1.1e-04
Body is not plunging, Fisher should be stable.
waveform shape: (3, 7889537)
Computing SNR for parameters: (np.float64(1000006.6247605595), np.float64(10.000079179239899), np.float64(-0.49994898559356465), np.float64(12.184350861272813), np.float64(0.10001425493906678), 1.0, 3.8788539967713698, np.float64(1.0472055304124266), np.float64(0.785399250944326), 0.6283185307179586, 0.5235987755982988, np.float64(0.09988413541771848), 0.2, np.float64(0.3005929734799985), 0.95, False, False, False, True, np.float64(17.175610604386385), np.float64(7.300922238116574), 0.0, 0.0)
Waveform Generated. SNR: 19.996317306347372
The optimal source SNR is <= 20. The Fisher approximation may not be valid!
calculating Fisher matrix...
Finished derivatives
Calculated Fisher is not positive semi-definite. Try lowering inspiral error tolerance or increasing the derivative order.
Time taken to compute FM is 4.275635242462158 seconds
    CV idx1/PN/from_MAP#2 it  28 lam=1.7e+128 ov=1.0000000 chi2=6.480e-06 rel=0.0e+00
    RESULT idx1/PN/from_MAP: ov 0.9999654 -> 1.0000000, chi2=6.4804e-06
    --- start from_0PA ---
    start overlap = 0.9999854
Body is not plunging, Fisher should be stable.
waveform shape: (3, 7889537)
Computing SNR for parameters: (np.float64(1000045.2993026277), np.float64(10.00005385406788), np.float64(-0.49988108898778233), np.float64(12.18408397915838), np.float64(0.09998088553301522), 1.0, 3.8788539967713698, np.float64(1.0461614105279566), np.float64(0.7850544957377287), 0.6283185307179586, 0.5235987755982988, np.float64(0.09843775388386215), 0.2, np.float64(0.27847995375181317), 0.95, False, False, False, True, np.float64(0.0), np.float64(0.0), 0.0, 0.0)
Waveform Generated. SNR: 20.001426815754552
calculating stable deltas...
minimum relative error is greater than 1% for dev_1. Fisher may be unstable!
minimum relative error is greater than 1% for dev_2. Fisher may be unstable!
Time taken to compute stable deltas is 37.30534219741821 seconds
calculating Fisher matrix...
Finished derivatives
Calculated Fisher is *atleast* positive-definite.
Time taken to compute FM is 3.6160061359405518 seconds
    CV idx1/PN/from_0PA#1 it   0 lam=1.3e+09 ov=0.9999854 chi2=1.168e-02 rel=2.1e-12
    NM  nfev=1907 ov 0.9999854 -> 0.9999895 (accepted=True)
Body is not plunging, Fisher should be stable.
waveform shape: (3, 7889537)
Computing SNR for parameters: (np.float64(1000045.7122471249), np.float64(10.000060867029026), np.float64(-0.49987874761385004), np.float64(12.184073312404939), np.float64(0.09998448996401695), 1.0, 3.8788539967713698, np.float64(1.0466864864997953), np.float64(0.7849773489397143), 0.6283185307179586, 0.5235987755982988, np.float64(0.09323510925488412), 0.2, np.float64(0.28370201711252657), 0.95, False, False, False, True, np.float64(3.3958518704325207), np.float64(3.674722699192836), 0.0, 0.0)
Waveform Generated. SNR: 19.999911556199773
The optimal source SNR is <= 20. The Fisher approximation may not be valid!
calculating stable deltas...
Time taken to compute stable deltas is 37.44937777519226 seconds
calculating Fisher matrix...
Finished derivatives
Calculated Fisher is not positive semi-definite. Try lowering inspiral error tolerance or increasing the derivative order.
Time taken to compute FM is 3.649275779724121 seconds
    CV idx1/PN/from_0PA#2 it   0 lam=3.3e-03 ov=0.9999895 chi2=8.423e-03 rel=1.3e-02
Body is not plunging, Fisher should be stable.
waveform shape: (3, 7889537)
Computing SNR for parameters: (np.float64(1000045.7129392395), np.float64(10.000060833723595), np.float64(-0.49987875297986883), np.float64(12.184073314515445), np.float64(0.09998450455014367), 1.0, 3.8788539967713698, np.float64(1.0466524519950064), np.float64(0.7849618672443154), 0.6283185307179586, 0.5235987755982988, np.float64(0.09335928952808276), 0.2, np.float64(0.28390679732489), 0.95, False, False, False, True, np.float64(3.3996503774223132), np.float64(3.583317113312646), 0.0, 0.0)
Waveform Generated. SNR: 20.000102674100436
calculating Fisher matrix...
Finished derivatives
Calculated Fisher is not positive semi-definite. Try lowering inspiral error tolerance or increasing the derivative order.
Time taken to compute FM is 4.235628604888916 seconds
    CV idx1/PN/from_0PA#2 it   1 lam=1.1e-03 ov=0.9999896 chi2=8.313e-03 rel=2.2e-02
Body is not plunging, Fisher should be stable.
waveform shape: (3, 7889537)
Computing SNR for parameters: (np.float64(1000045.7146317397), np.float64(10.00006075864733), np.float64(-0.4998787698036119), np.float64(12.184073318988371), np.float64(0.09998453799993022), 1.0, 3.8788539967713698, np.float64(1.046594964099856), np.float64(0.7849691273280608), 0.6283185307179586, 0.5235987755982988, np.float64(0.0937780099903601), 0.2, np.float64(0.28470498292612606), 0.95, False, False, False, True, np.float64(3.409731817017781), np.float64(3.40145380352279), 0.0, 0.0)
Waveform Generated. SNR: 20.000284713781017
calculating Fisher matrix...
Finished derivatives
Calculated Fisher is *atleast* positive-definite.
Time taken to compute FM is 4.2431018352508545 seconds
    CV idx1/PN/from_0PA#2 it   2 lam=3.7e-04 ov=0.9999899 chi2=8.131e-03 rel=2.1e-02
Body is not plunging, Fisher should be stable.
waveform shape: (3, 7889537)
Computing SNR for parameters: (np.float64(1000045.716822182), np.float64(10.000060672120973), np.float64(-0.4998787984120789), np.float64(12.184073323867056), np.float64(0.09998458539954223), 1.0, 3.8788539967713698, np.float64(1.0465185652015252), np.float64(0.7849812923279452), 0.6283185307179586, 0.5235987755982988, np.float64(0.09431434158266642), 0.2, np.float64(0.28606028602719424), 0.95, False, False, False, True, np.float64(3.4316406136151545), np.float64(3.146067329472597), 0.0, 0.0)
Waveform Generated. SNR: 20.00051812466948
calculating Fisher matrix...
Finished derivatives
Calculated Fisher is *atleast* positive-definite.
Time taken to compute FM is 4.229472875595093 seconds
    CV idx1/PN/from_0PA#2 it   3 lam=1.2e-04 ov=0.9999901 chi2=7.960e-03 rel=8.6e-03
Body is not plunging, Fisher should be stable.
waveform shape: (3, 7889537)
Computing SNR for parameters: (np.float64(1000045.7171532719), np.float64(10.000060784337778), np.float64(-0.49987882164115227), np.float64(12.18407332320032), np.float64(0.09998462803623966), 1.0, 3.8788539967713698, np.float64(1.046463753292508), np.float64(0.7849918894803412), 0.6283185307179586, 0.5235987755982988, np.float64(0.09467941820462807), 0.2, np.float64(0.2871545146346892), 0.95, False, False, False, True, np.float64(3.473304057940179), np.float64(2.956764028567788), 0.0, 0.0)
Waveform Generated. SNR: 20.000674509903238
calculating Fisher matrix...
Finished derivatives
Calculated Fisher is *atleast* positive-definite.
Time taken to compute FM is 4.2310662269592285 seconds
    CV idx1/PN/from_0PA#2 it   4 lam=4.1e-05 ov=0.9999902 chi2=7.892e-03 rel=7.1e-03
Body is not plunging, Fisher should be stable.
waveform shape: (3, 7889537)
Computing SNR for parameters: (np.float64(1000045.7125476516), np.float64(10.000061474758764), np.float64(-0.4998788308226257), np.float64(12.184073308424853), np.float64(0.09998467115880197), 1.0, 3.8788539967713698, np.float64(1.0464516023457169), np.float64(0.7849954027590546), 0.6283185307179586, 0.5235987755982988, np.float64(0.09476804509312899), 0.2, np.float64(0.28759766277896753), 0.95, False, False, False, True, np.float64(3.5744248001312453), np.float64(2.89630547976354), 0.0, 0.0)
Waveform Generated. SNR: 20.00071100160196
calculating stable deltas...
Time taken to compute stable deltas is 37.742751359939575 seconds
calculating Fisher matrix...
Finished derivatives
Calculated Fisher is not positive semi-definite. Try lowering inspiral error tolerance or increasing the derivative order.
Time taken to compute FM is 3.6005804538726807 seconds
    CV idx1/PN/from_0PA#2 it   5 lam=1.4e-05 ov=0.9999902 chi2=7.835e-03 rel=1.9e-02
Body is not plunging, Fisher should be stable.
waveform shape: (3, 7889537)
Computing SNR for parameters: (np.float64(1000045.6983213567), np.float64(10.00006360404418), np.float64(-0.49987883976948366), np.float64(12.184073267763505), np.float64(0.09998476478720841), 1.0, 3.8788539967713698, np.float64(1.0464600057518374), np.float64(0.7849966169467897), 0.6283185307179586, 0.5235987755982988, np.float64(0.09474655711130751), 0.2, np.float64(0.2879997672691271), 0.95, False, False, False, True, np.float64(3.8576188343730986), np.float64(2.865862212342426), 0.0, 0.0)
Waveform Generated. SNR: 20.00067728648444
calculating Fisher matrix...
Finished derivatives
Calculated Fisher is not positive semi-definite. Try lowering inspiral error tolerance or increasing the derivative order.
Time taken to compute FM is 4.224699974060059 seconds
    CV idx1/PN/from_0PA#2 it   6 lam=4.6e-06 ov=0.9999904 chi2=7.684e-03 rel=5.3e-02
Body is not plunging, Fisher should be stable.
waveform shape: (3, 7889537)
Computing SNR for parameters: (np.float64(1000045.6690159348), np.float64(10.000070017892254), np.float64(-0.4998788758124825), np.float64(12.184073219578904), np.float64(0.09998494554191721), 1.0, 3.8788539967713698, np.float64(1.046480743873486), np.float64(0.7850015196638648), 0.6283185307179586, 0.5235987755982988, np.float64(0.09475575557236549), 0.2, np.float64(0.288975782614183), 0.95, False, False, False, True, np.float64(4.641603293020735), np.float64(2.705228642302936), 0.0, 0.0)
Waveform Generated. SNR: 20.00059469155442
calculating Fisher matrix...
Finished derivatives
Calculated Fisher is not positive semi-definite. Try lowering inspiral error tolerance or increasing the derivative order.
Time taken to compute FM is 4.213020086288452 seconds
    CV idx1/PN/from_0PA#2 it   7 lam=1.5e-06 ov=0.9999909 chi2=7.279e-03 rel=1.4e-01
Body is not plunging, Fisher should be stable.
waveform shape: (3, 7889537)
Computing SNR for parameters: (np.float64(1000045.6264668381), np.float64(10.000088612399093), np.float64(-0.4998790069529632), np.float64(12.184073319897589), np.float64(0.0999851357995471), 1.0, 3.8788539967713698, np.float64(1.046541394869179), np.float64(0.7850142145248248), 0.6283185307179586, 0.5235987755982988, np.float64(0.09489718211545364), 0.2, np.float64(0.2909023414039249), 0.95, False, False, False, True, np.float64(6.690823700575506), np.float64(2.0775727112653444), 0.0, 0.0)
Waveform Generated. SNR: 20.00035044091574
calculating Fisher matrix...
Finished derivatives
Calculated Fisher is *atleast* positive-definite.
Time taken to compute FM is 4.2218780517578125 seconds
    CV idx1/PN/from_0PA#2 it   8 lam=5.1e-07 ov=0.9999922 chi2=6.295e-03 rel=3.3e-01
Body is not plunging, Fisher should be stable.
waveform shape: (3, 7889537)
Computing SNR for parameters: (np.float64(1000045.6195135207), np.float64(10.000136544384565), np.float64(-0.49987941610273373), np.float64(12.184074141159579), np.float64(0.09998485104211678), 1.0, 3.8788539967713698, np.float64(1.0466800763041049), np.float64(0.7850575081854329), 0.6283185307179586, 0.5235987755982988, np.float64(0.09574264751144974), 0.2, np.float64(0.29416332724638206), 0.95, False, False, False, True, np.float64(11.449316523600796), np.float64(-0.03293593388425142), 0.0, 0.0)
Waveform Generated. SNR: 19.99971711113726
The optimal source SNR is <= 20. The Fisher approximation may not be valid!
calculating Fisher matrix...
Finished derivatives
Calculated Fisher is not positive semi-definite. Try lowering inspiral error tolerance or increasing the derivative order.
Time taken to compute FM is 4.231593370437622 seconds
    CV idx1/PN/from_0PA#2 it   9 lam=1.7e-07 ov=0.9999947 chi2=4.237e-03 rel=6.0e-01
Body is not plunging, Fisher should be stable.
waveform shape: (3, 7889537)
Computing SNR for parameters: (np.float64(1000045.6790182568), np.float64(10.000222365758821), np.float64(-0.4998802151128711), np.float64(12.184076100001427), np.float64(0.09998375232619144), 1.0, 3.8788539967713698, np.float64(1.0469028375705993), np.float64(0.7851393028130813), 0.6283185307179586, 0.5235987755982988, np.float64(0.09761395774432437), 0.2, np.float64(0.29865192015478637), 0.95, False, False, False, True, np.float64(19.565629996408767), np.float64(-4.199854588694116), 0.0, 0.0)
Waveform Generated. SNR: 19.99864814490368
The optimal source SNR is <= 20. The Fisher approximation may not be valid!
calculating stable deltas...
Time taken to compute stable deltas is 37.50831079483032 seconds
calculating Fisher matrix...
Finished derivatives
Calculated Fisher is not positive semi-definite. Try lowering inspiral error tolerance or increasing the derivative order.
Time taken to compute FM is 3.649958372116089 seconds
    CV idx1/PN/from_0PA#2 it  10 lam=5.6e-08 ov=0.9999979 chi2=1.687e-03 rel=7.2e-01
Body is not plunging, Fisher should be stable.
waveform shape: (3, 7889537)
Computing SNR for parameters: (np.float64(1000045.7165874337), np.float64(10.000305585140806), np.float64(-0.49988106367657664), np.float64(12.184078335178947), np.float64(0.09998259172763055), 1.0, 3.8788539967713698, np.float64(1.047112019348369), np.float64(0.7852138450957443), 0.6283185307179586, 0.5235987755982988, np.float64(0.09939589084256079), 0.2, np.float64(0.3026948955053573), 0.95, False, False, False, True, np.float64(27.368129265859473), np.float64(-8.298000789386009), 0.0, 0.0)
Waveform Generated. SNR: 19.997657728775835
The optimal source SNR is <= 20. The Fisher approximation may not be valid!
calculating Fisher matrix...
Finished derivatives
Calculated Fisher is not positive semi-definite. Try lowering inspiral error tolerance or increasing the derivative order.
Time taken to compute FM is 4.254709243774414 seconds
    CV idx1/PN/from_0PA#2 it  11 lam=1.9e-08 ov=0.9999994 chi2=4.677e-04 rel=3.0e-01
Body is not plunging, Fisher should be stable.
waveform shape: (3, 7889537)
Computing SNR for parameters: (np.float64(1000045.6038368954), np.float64(10.00033890550504), np.float64(-0.4998816357187826), np.float64(12.184080154528342), np.float64(0.09998221504296147), 1.0, 3.8788539967713698, np.float64(1.0471984661566347), np.float64(0.7852471814997493), 0.6283185307179586, 0.5235987755982988, np.float64(0.10015609243388307), 0.2, np.float64(0.30433600276501444), 0.95, False, False, False, True, np.float64(30.523758196866822), np.float64(-9.92611893115969), 0.0, 0.0)
Waveform Generated. SNR: 19.99723555546345
The optimal source SNR is <= 20. The Fisher approximation may not be valid!
calculating Fisher matrix...
Finished derivatives
Calculated Fisher is not positive semi-definite. Try lowering inspiral error tolerance or increasing the derivative order.
Time taken to compute FM is 4.269114017486572 seconds
    CV idx1/PN/from_0PA#2 it  12 lam=6.3e-09 ov=0.9999996 chi2=3.260e-04 rel=3.3e-02
Body is not plunging, Fisher should be stable.
waveform shape: (3, 7889537)
Computing SNR for parameters: (np.float64(1000045.1792225265), np.float64(10.000341600892826), np.float64(-0.4998824326946488), np.float64(12.184083281161772), np.float64(0.09998248263354861), 1.0, 3.8788539967713698, np.float64(1.047212306435691), np.float64(0.7852543511097939), 0.6283185307179586, 0.5235987755982988, np.float64(0.10026917335760165), 0.2, np.float64(0.3045514601253947), 0.95, False, False, False, True, np.float64(30.89284179013374), np.float64(-10.016340487294359), 0.0, 0.0)
Waveform Generated. SNR: 19.997157492247627
The optimal source SNR is <= 20. The Fisher approximation may not be valid!
calculating Fisher matrix...
Finished derivatives
Calculated Fisher is not positive semi-definite. Try lowering inspiral error tolerance or increasing the derivative order.
Time taken to compute FM is 4.248866319656372 seconds
    CV idx1/PN/from_0PA#2 it  13 lam=2.1e-09 ov=0.9999996 chi2=3.151e-04 rel=6.3e-02
Body is not plunging, Fisher should be stable.
waveform shape: (3, 7889537)
Computing SNR for parameters: (np.float64(1000043.9186293645), np.float64(10.00033328753895), np.float64(-0.49988461045728344), np.float64(12.184092032000605), np.float64(0.0999835209242914), 1.0, 3.8788539967713698, np.float64(1.0472125597250757), np.float64(0.7852595769029778), 0.6283185307179586, 0.5235987755982988, np.float64(0.10025955106723501), 0.2, np.float64(0.3044415935023667), 0.95, False, False, False, True, np.float64(30.471690053693553), np.float64(-9.460149849067093), 0.0, 0.0)
Waveform Generated. SNR: 19.997127636831365
The optimal source SNR is <= 20. The Fisher approximation may not be valid!
calculating Fisher matrix...
Finished derivatives
Calculated Fisher is *atleast* positive-definite.
Time taken to compute FM is 4.27229642868042 seconds
    CV idx1/PN/from_0PA#2 it  14 lam=7.0e-10 ov=0.9999996 chi2=2.953e-04 rel=1.7e-01
Body is not plunging, Fisher should be stable.
waveform shape: (3, 7889537)
Computing SNR for parameters: (np.float64(1000040.4103155129), np.float64(10.000309271953704), np.float64(-0.4998906643104996), np.float64(12.184116374084232), np.float64(0.09998641542256272), 1.0, 3.8788539967713698, np.float64(1.047212349493038), np.float64(0.7852719465960518), 0.6283185307179586, 0.5235987755982988, np.float64(0.10021591192543429), 0.2, np.float64(0.3040723042136724), 0.95, False, False, False, True, np.float64(29.211317977869683), np.float64(-7.875495059610474), 0.0, 0.0)
Waveform Generated. SNR: 19.997052315655253
The optimal source SNR is <= 20. The Fisher approximation may not be valid!
calculating stable deltas...
Time taken to compute stable deltas is 37.60172629356384 seconds
calculating Fisher matrix...
Finished derivatives
Calculated Fisher is *atleast* positive-definite.
Time taken to compute FM is 3.663757801055908 seconds
    CV idx1/PN/from_0PA#2 it  15 lam=2.3e-10 ov=0.9999997 chi2=2.439e-04 rel=4.1e-01
Body is not plunging, Fisher should be stable.
waveform shape: (3, 7889537)
Computing SNR for parameters: (np.float64(1000032.4274872168), np.float64(10.00025478020187), np.float64(-0.4999044428761462), np.float64(12.184171773804957), np.float64(0.09999299585664112), 1.0, 3.8788539967713698, np.float64(1.0472095461167463), np.float64(0.7853005523759873), 0.6283185307179586, 0.5235987755982988, np.float64(0.10014154321360201), 0.2, np.float64(0.3032493680534093), 0.95, False, False, False, True, np.float64(26.3559088182341), np.float64(-4.28267050552515), 0.0, 0.0)
Waveform Generated. SNR: 19.99688937434534
The optimal source SNR is <= 20. The Fisher approximation may not be valid!
calculating Fisher matrix...
Finished derivatives
Calculated Fisher is *atleast* positive-definite.
Time taken to compute FM is 4.254393577575684 seconds
    CV idx1/PN/from_0PA#2 it  16 lam=1.6e-10 ov=0.9999998 chi2=1.444e-04 rel=5.8e-01
Body is not plunging, Fisher should be stable.
waveform shape: (3, 7889537)
Computing SNR for parameters: (np.float64(1000020.0434170789), np.float64(10.000169599373123), np.float64(-0.49992581067973174), np.float64(12.184257697386617), np.float64(0.10000321111305056), 1.0, 3.8788539967713698, np.float64(1.0472094213498164), np.float64(0.7853452791147811), 0.6283185307179586, 0.5235987755982988, np.float64(0.10000985246972649), 0.2, np.float64(0.30192869151198576), 0.95, False, False, False, True, np.float64(21.86549959381533), np.float64(1.325352743804797), 0.0, 0.0)
Waveform Generated. SNR: 19.99662147778695
The optimal source SNR is <= 20. The Fisher approximation may not be valid!
calculating Fisher matrix...
Finished derivatives
Calculated Fisher is *atleast* positive-definite.
Time taken to compute FM is 4.25116491317749 seconds
    CV idx1/PN/from_0PA#2 it  17 lam=7.4e-11 ov=0.9999999 chi2=6.041e-05 rel=7.0e-01
Body is not plunging, Fisher should be stable.
waveform shape: (3, 7889537)
Computing SNR for parameters: (np.float64(1000012.3822129453), np.float64(10.000117639303904), np.float64(-0.4999390380253813), np.float64(12.184310876799621), np.float64(0.10000952223267978), 1.0, 3.8788539967713698, np.float64(1.0472029031836751), np.float64(0.7853763862030747), 0.6283185307179586, 0.5235987755982988, np.float64(0.09995855240156706), 0.2, np.float64(0.30115797003909794), 0.95, False, False, False, True, np.float64(19.156522914021366), np.float64(4.754300745390374), 0.0, 0.0)
Waveform Generated. SNR: 19.996461599801016
The optimal source SNR is <= 20. The Fisher approximation may not be valid!
calculating Fisher matrix...
Finished derivatives
Calculated Fisher is *atleast* positive-definite.
Time taken to compute FM is 4.257189512252808 seconds
    CV idx1/PN/from_0PA#2 it  18 lam=4.5e-11 ov=1.0000000 chi2=1.810e-05 rel=5.4e-01
Body is not plunging, Fisher should be stable.
waveform shape: (3, 7889537)
Computing SNR for parameters: (np.float64(1000008.0795454945), np.float64(10.000088974114421), np.float64(-0.49994647274568943), np.float64(12.184340760106906), np.float64(0.10001305851729109), 1.0, 3.8788539967713698, np.float64(1.0472056205966183), np.float64(0.7853939817651336), 0.6283185307179586, 0.5235987755982988, np.float64(0.09990391248619827), 0.2, np.float64(0.3007381212809711), 0.95, False, False, False, True, np.float64(17.68364720869832), np.float64(6.653821695482456), 0.0, 0.0)
Waveform Generated. SNR: 19.99634891647112
The optimal source SNR is <= 20. The Fisher approximation may not be valid!
calculating Fisher matrix...
Finished derivatives
Calculated Fisher is not positive semi-definite. Try lowering inspiral error tolerance or increasing the derivative order.
Time taken to compute FM is 4.242733001708984 seconds
    CV idx1/PN/from_0PA#2 it  19 lam=1.5e-11 ov=1.0000000 chi2=8.351e-06 rel=2.1e-01
Body is not plunging, Fisher should be stable.
waveform shape: (3, 7889537)
Computing SNR for parameters: (np.float64(1000006.8711115579), np.float64(10.000080825167634), np.float64(-0.4999485598227807), np.float64(12.18434914993694), np.float64(0.10001405267573654), 1.0, 3.8788539967713698, np.float64(1.0472052191060848), np.float64(0.7853984523142897), 0.6283185307179586, 0.5235987755982988, np.float64(0.09988703190419108), 0.2, np.float64(0.3006173207588536), 0.95, False, False, False, True, np.float64(17.26058732742692), np.float64(7.192629423753962), 0.0, 0.0)
Waveform Generated. SNR: 19.996323566158054
The optimal source SNR is <= 20. The Fisher approximation may not be valid!
calculating stable deltas...
Time taken to compute stable deltas is 38.0540816783905 seconds
calculating Fisher matrix...
Finished derivatives
Calculated Fisher is *atleast* positive-definite.
Time taken to compute FM is 3.6646995544433594 seconds
    CV idx1/PN/from_0PA#2 it  20 lam=5.0e-12 ov=1.0000000 chi2=6.576e-06 rel=1.4e-02
Body is not plunging, Fisher should be stable.
waveform shape: (3, 7889537)
Computing SNR for parameters: (np.float64(1000006.6327302157), np.float64(10.000079230713988), np.float64(-0.49994897177917447), np.float64(12.18435080577636), np.float64(0.10001424843744063), 1.0, 3.8788539967713698, np.float64(1.0472055222784404), np.float64(0.7853992505193761), 0.6283185307179586, 0.5235987755982988, np.float64(0.0998840241532137), 0.2, np.float64(0.3005935102690946), 0.95, False, False, False, True, np.float64(17.178216046987966), np.float64(7.297641980137661), 0.0, 0.0)
Waveform Generated. SNR: 19.996317413872593
The optimal source SNR is <= 20. The Fisher approximation may not be valid!
calculating Fisher matrix...
Finished derivatives
Calculated Fisher is *atleast* positive-definite.
Time taken to compute FM is 4.294946670532227 seconds
    CV idx1/PN/from_0PA#2 it  21 lam=3.3e-12 ov=1.0000000 chi2=6.481e-06 rel=2.2e-04
Body is not plunging, Fisher should be stable.
waveform shape: (3, 7889537)
Computing SNR for parameters: (np.float64(1000006.622800086), np.float64(10.000079161729023), np.float64(-0.49994898892495737), np.float64(12.184350874728556), np.float64(0.10001425662354863), 1.0, 3.8788539967713698, np.float64(1.0472054993577862), np.float64(0.7853992795759671), 0.6283185307179586, 0.5235987755982988, np.float64(0.09988404659987826), 0.2, np.float64(0.3005926836844549), 0.95, False, False, False, True, np.float64(17.174527760324267), np.float64(7.302053732057052), 0.0, 0.0)
Waveform Generated. SNR: 19.99631728480701
The optimal source SNR is <= 20. The Fisher approximation may not be valid!
calculating Fisher matrix...
Finished derivatives
Calculated Fisher is not positive semi-definite. Try lowering inspiral error tolerance or increasing the derivative order.
Time taken to compute FM is 4.254380941390991 seconds
    CV idx1/PN/from_0PA#2 it  22 lam=8.2e+07 ov=1.0000000 chi2=6.480e-06 rel=1.3e-11
    RESULT idx1/PN/from_0PA: ov 0.9999854 -> 1.0000000, chi2=6.4797e-06
    BEST  idx1/PN: from_0PA ov=1.0000000
==============================================================================
[idx1 (a=-0.5, e0=0.1) | simple | dt=10.0]  SNR=19.995 (A=14.153 E=14.124 T=0.023; T%=0.00)
    --- start from_MAP ---
    start overlap = 0.9999654
Body is not plunging, Fisher should be stable.
waveform shape: (3, 7889537)
Computing SNR for parameters: (np.float64(1000049.0328637321), np.float64(10.000056347583897), np.float64(-0.4998736893864009), np.float64(12.184054764143205), np.float64(0.09997988720542), 1.0, 3.8788539967713698, np.float64(1.0471975511965976), np.float64(0.7853981633974483), 0.6283185307179586, 0.5235987755982988, np.float64(0.10864481267604056), 0.2, np.float64(0.2763682057880512), 0.95, False, False, False, True, 0.0, 0.0, np.float64(0.0), np.float64(0.0))
Waveform Generated. SNR: 19.996123381632223
The optimal source SNR is <= 20. The Fisher approximation may not be valid!
calculating stable deltas...
minimum relative error is greater than 1% for dev_2. Fisher may be unstable!
Time taken to compute stable deltas is 37.331603050231934 seconds
calculating Fisher matrix...
Finished derivatives
Calculated Fisher is *atleast* positive-definite.
Time taken to compute FM is 3.665210723876953 seconds
    CV idx1/simple/from_MAP#1 it   0 lam=1.3e-02 ov=0.9999654 chi2=2.766e-02 rel=9.6e-02
Body is not plunging, Fisher should be stable.
waveform shape: (3, 7889537)
Computing SNR for parameters: (np.float64(1000049.0319003435), np.float64(10.000056149031408), np.float64(-0.49987372931281127), np.float64(12.184054751543044), np.float64(0.09997982006095074), 1.0, 3.8788539967713698, np.float64(1.0465121934379802), np.float64(0.7850311053091056), 0.6283185307179586, 0.5235987755982988, np.float64(0.10551228431634208), 0.2, np.float64(0.2801363705202119), 0.95, False, False, False, True, 0.0, 0.0, np.float64(-0.0016481094056278475), np.float64(-6.171544348827327e-05))
Waveform Generated. SNR: 20.00025478877844
calculating Fisher matrix...
Finished derivatives
Calculated Fisher is not positive semi-definite. Try lowering inspiral error tolerance or increasing the derivative order.
Time taken to compute FM is 4.314899444580078 seconds
    CV idx1/simple/from_MAP#1 it   1 lam=9.9e-02 ov=0.9999688 chi2=2.501e-02 rel=2.8e-01
Body is not plunging, Fisher should be stable.
waveform shape: (3, 7889537)
Computing SNR for parameters: (np.float64(1000049.0315427535), np.float64(10.000056107479798), np.float64(-0.4998737306786356), np.float64(12.1840547496911), np.float64(0.09997980566905845), 1.0, 3.8788539967713698, np.float64(1.0460996899739041), np.float64(0.7848059840568825), 0.6283185307179586, 0.5235987755982988, np.float64(0.10434909662036544), 0.2, np.float64(0.27810191541257673), 0.95, False, False, False, True, 0.0, 0.0, np.float64(-0.0019994398309394878), np.float64(-5.814972069428121e-05))
Waveform Generated. SNR: 20.0027459872103
calculating Fisher matrix...
Finished derivatives
Calculated Fisher is *atleast* positive-definite.
Time taken to compute FM is 4.2948408126831055 seconds
    CV idx1/simple/from_MAP#1 it   2 lam=7.3e-02 ov=0.9999775 chi2=1.803e-02 rel=1.4e-01
Body is not plunging, Fisher should be stable.
waveform shape: (3, 7889537)
Computing SNR for parameters: (np.float64(1000049.0316443843), np.float64(10.000056062452664), np.float64(-0.4998737321859717), np.float64(12.184054750012203), np.float64(0.09997979881358916), 1.0, 3.8788539967713698, np.float64(1.0460339515515804), np.float64(0.7847524156237013), 0.6283185307179586, 0.5235987755982988, np.float64(0.1030651764825342), 0.2, np.float64(0.2772244957540576), 0.95, False, False, False, True, 0.0, 0.0, np.float64(-0.0023677808456766683), np.float64(-5.972791754386498e-05))
Waveform Generated. SNR: 20.003218365967708
calculating Fisher matrix...
Finished derivatives
Calculated Fisher is *atleast* positive-definite.
Time taken to compute FM is 4.244024991989136 seconds
    CV idx1/simple/from_MAP#1 it   3 lam=5.2e-02 ov=0.9999808 chi2=1.543e-02 rel=5.3e-02
Body is not plunging, Fisher should be stable.
waveform shape: (3, 7889537)
Computing SNR for parameters: (np.float64(1000049.0312577558), np.float64(10.000056001323676), np.float64(-0.49987373503201454), np.float64(12.184054747782568), np.float64(0.0999797790776575), 1.0, 3.8788539967713698, np.float64(1.0459787904109312), np.float64(0.784810470872559), 0.6283185307179586, 0.5235987755982988, np.float64(0.10262657120253334), 0.2, np.float64(0.27730869177472006), 0.95, False, False, False, True, 0.0, 0.0, np.float64(-0.002977042617571124), np.float64(-5.684292942855011e-05))
Waveform Generated. SNR: 20.003175903144776
calculating Fisher matrix...
Finished derivatives
Calculated Fisher is *atleast* positive-definite.
Time taken to compute FM is 4.289096832275391 seconds
    CV idx1/simple/from_MAP#1 it   4 lam=3.3e+00 ov=0.9999818 chi2=1.461e-02 rel=4.9e-03
Body is not plunging, Fisher should be stable.
waveform shape: (3, 7889537)
Computing SNR for parameters: (np.float64(1000049.0312062189), np.float64(10.00005600413679), np.float64(-0.4998737355889512), np.float64(12.18405474740725), np.float64(0.09997977852383605), 1.0, 3.8788539967713698, np.float64(1.0459788403544885), np.float64(0.7848141630845494), 0.6283185307179586, 0.5235987755982988, np.float64(0.10260626355022423), 0.2, np.float64(0.2772441260964497), 0.95, False, False, False, True, 0.0, 0.0, np.float64(-0.0029507243813002362), np.float64(-5.582447276594273e-05))
Waveform Generated. SNR: 20.003160807274302
calculating stable deltas...
minimum relative error is greater than 1% for dev_1. Fisher may be unstable!
minimum relative error is greater than 1% for dev_2. Fisher may be unstable!
Time taken to compute stable deltas is 37.71000623703003 seconds
calculating Fisher matrix...
Finished derivatives
Calculated Fisher is *atleast* positive-definite.
Time taken to compute FM is 3.7573602199554443 seconds
    CV idx1/simple/from_MAP#1 it   5 lam=3.6e+00 ov=0.9999819 chi2=1.454e-02 rel=1.6e-03
Body is not plunging, Fisher should be stable.
waveform shape: (3, 7889537)
Computing SNR for parameters: (np.float64(1000049.0311882753), np.float64(10.000056005006646), np.float64(-0.4998737359277635), np.float64(12.18405474724552), np.float64(0.09997977827697985), 1.0, 3.8788539967713698, np.float64(1.0459819818532925), np.float64(0.7848138651092749), 0.6283185307179586, 0.5235987755982988, np.float64(0.10257352949990897), 0.2, np.float64(0.2771648018448229), 0.95, False, False, False, True, 0.0, 0.0, np.float64(-0.0029434960057367738), np.float64(-0.00047303524089256145))
Waveform Generated. SNR: 20.003150184311146
calculating Fisher matrix...
Finished derivatives
Calculated Fisher is *atleast* positive-definite.
Time taken to compute FM is 4.327542781829834 seconds
    CV idx1/simple/from_MAP#1 it   6 lam=6.9e+00 ov=0.9999819 chi2=1.451e-02 rel=2.2e-04
Body is not plunging, Fisher should be stable.
waveform shape: (3, 7889537)
Computing SNR for parameters: (np.float64(1000049.03116558), np.float64(10.000056005226623), np.float64(-0.49987373615667485), np.float64(12.184054747087439), np.float64(0.09997977784182328), 1.0, 3.8788539967713698, np.float64(1.0459793181721666), np.float64(0.7848141426560284), 0.6283185307179586, 0.5235987755982988, np.float64(0.10256023239573535), 0.2, np.float64(0.2771494910241254), 0.95, False, False, False, True, 0.0, 0.0, np.float64(-0.0029422584720640538), np.float64(-8.635347610950057e-05))
Waveform Generated. SNR: 20.003158911743167
calculating Fisher matrix...
Finished derivatives
Calculated Fisher is *atleast* positive-definite.
Time taken to compute FM is 4.255347728729248 seconds
    CV idx1/simple/from_MAP#1 it   7 lam=6.1e+00 ov=0.9999819 chi2=1.451e-02 rel=1.3e-03
Body is not plunging, Fisher should be stable.
waveform shape: (3, 7889537)
Computing SNR for parameters: (np.float64(1000049.031174663), np.float64(10.000056004361571), np.float64(-0.49987373616693404), np.float64(12.184054747131336), np.float64(0.099979777844298), 1.0, 3.8788539967713698, np.float64(1.0459819020195702), np.float64(0.7848117184241504), 0.6283185307179586, 0.5235987755982988, np.float64(0.10254094180138612), 0.2, np.float64(0.277120577055399), 0.95, False, False, False, True, 0.0, 0.0, np.float64(-0.002951184531237858), np.float64(-0.00012070136189823159))
Waveform Generated. SNR: 20.003160082916377
calculating Fisher matrix...
Finished derivatives
Calculated Fisher is *atleast* positive-definite.
Time taken to compute FM is 4.310134649276733 seconds
    CV idx1/simple/from_MAP#1 it   8 lam=6.1e+00 ov=0.9999820 chi2=1.449e-02 rel=5.8e-04
Body is not plunging, Fisher should be stable.
waveform shape: (3, 7889537)
Computing SNR for parameters: (np.float64(1000049.0311773727), np.float64(10.00005600381003), np.float64(-0.4998737362274439), np.float64(12.184054747133068), np.float64(0.09997977777548074), 1.0, 3.8788539967713698, np.float64(1.0459833666181648), np.float64(0.7848101552592281), 0.6283185307179586, 0.5235987755982988, np.float64(0.1025221752377182), 0.2, np.float64(0.2770950912914052), 0.95, False, False, False, True, 0.0, 0.0, np.float64(-0.002956926335792207), np.float64(-6.711969333445312e-05))
Waveform Generated. SNR: 20.00315920054788
calculating Fisher matrix...
Finished derivatives
Calculated Fisher is *atleast* positive-definite.
Time taken to compute FM is 4.297644138336182 seconds
    CV idx1/simple/from_MAP#1 it   9 lam=1.1e+01 ov=0.9999820 chi2=1.448e-02 rel=3.5e-04
Body is not plunging, Fisher should be stable.
waveform shape: (3, 7889537)
Computing SNR for parameters: (np.float64(1000049.0311626487), np.float64(10.000056004237374), np.float64(-0.4998737363961287), np.float64(12.184054747025197), np.float64(0.09997977754112751), 1.0, 3.8788539967713698, np.float64(1.0459816723540019), np.float64(0.7848113299462346), 0.6283185307179586, 0.5235987755982988, np.float64(0.10251224447325741), 0.2, np.float64(0.27708607179699096), 0.95, False, False, False, True, 0.0, 0.0, np.float64(-0.0029514961833796943), np.float64(0.00011523496833912641))
Waveform Generated. SNR: 20.00316156571332
calculating stable deltas...
minimum relative error is greater than 1% for dev_1. Fisher may be unstable!
minimum relative error is greater than 1% for dev_2. Fisher may be unstable!
Time taken to compute stable deltas is 37.76044297218323 seconds
calculating Fisher matrix...
Finished derivatives
Calculated Fisher is *atleast* positive-definite.
Time taken to compute FM is 3.6597824096679688 seconds
    CV idx1/simple/from_MAP#1 it  10 lam=1.5e+01 ov=0.9999820 chi2=1.448e-02 rel=4.0e-04
Body is not plunging, Fisher should be stable.
waveform shape: (3, 7889537)
Computing SNR for parameters: (np.float64(1000049.031165455), np.float64(10.000056003751777), np.float64(-0.49987373640664684), np.float64(12.184054747037958), np.float64(0.09997977749810373), 1.0, 3.8788539967713698, np.float64(1.0459819803489945), np.float64(0.7848103212955927), 0.6283185307179586, 0.5235987755982988, np.float64(0.1025034031325956), 0.2, np.float64(0.2770775041898924), 0.95, False, False, False, True, 0.0, 0.0, np.float64(-0.002956247725915915), np.float64(0.0001429223482193056))
Waveform Generated. SNR: 20.00316609253729
calculating Fisher matrix...
Finished derivatives
Calculated Fisher is *atleast* positive-definite.
Time taken to compute FM is 4.289479970932007 seconds
    CV idx1/simple/from_MAP#1 it  11 lam=1.5e+01 ov=0.9999820 chi2=1.447e-02 rel=1.8e-04
Body is not plunging, Fisher should be stable.
waveform shape: (3, 7889537)
Computing SNR for parameters: (np.float64(1000049.0311653501), np.float64(10.000056003554581), np.float64(-0.4998737364320629), np.float64(12.184054747032656), np.float64(0.09997977745239824), 1.0, 3.8788539967713698, np.float64(1.0459821633034088), np.float64(0.7848098769973058), 0.6283185307179586, 0.5235987755982988, np.float64(0.10249713431407544), 0.2, np.float64(0.27707133114548077), 0.95, False, False, False, True, 0.0, 0.0, np.float64(-0.0029578906499068067), np.float64(0.00014039835444974215))
Waveform Generated. SNR: 20.00316499425346
calculating Fisher matrix...
Finished derivatives
Calculated Fisher is *atleast* positive-definite.
Time taken to compute FM is 4.307887554168701 seconds
    CV idx1/simple/from_MAP#1 it  12 lam=1.8e+01 ov=0.9999820 chi2=1.447e-02 rel=2.6e-04
Body is not plunging, Fisher should be stable.
waveform shape: (3, 7889537)
Computing SNR for parameters: (np.float64(1000049.0311668192), np.float64(10.000056003271922), np.float64(-0.49987373644767025), np.float64(12.184054747037251), np.float64(0.09997977742201031), 1.0, 3.8788539967713698, np.float64(1.0459825963473826), np.float64(0.7848092585720118), 0.6283185307179586, 0.5235987755982988, np.float64(0.10249022712344696), 0.2, np.float64(0.27706447868533274), 0.95, False, False, False, True, 0.0, 0.0, np.float64(-0.0029608329343748527), np.float64(0.00012654223227144722))
Waveform Generated. SNR: 20.00316661656231
calculating Fisher matrix...
Finished derivatives
Calculated Fisher is *atleast* positive-definite.
Time taken to compute FM is 4.247553110122681 seconds
    CV idx1/simple/from_MAP#1 it  13 lam=6.1e+00 ov=0.9999820 chi2=1.447e-02 rel=1.8e-04
Body is not plunging, Fisher should be stable.
waveform shape: (3, 7889537)
Computing SNR for parameters: (np.float64(1000049.0311659515), np.float64(10.0000560031495), np.float64(-0.4998737364730098), np.float64(12.184054747028087), np.float64(0.09997977737630068), 1.0, 3.8788539967713698, np.float64(1.0459825734629344), np.float64(0.7848090219328655), 0.6283185307179586, 0.5235987755982988, np.float64(0.10248545320797528), 0.2, np.float64(0.27706051959695865), 0.95, False, False, False, True, 0.0, 0.0, np.float64(-0.002962121829934614), np.float64(0.00012672624027863354))
Waveform Generated. SNR: 20.003167340497022
calculating Fisher matrix...
Finished derivatives
Calculated Fisher is *atleast* positive-definite.
Time taken to compute FM is 4.313036203384399 seconds
    CV idx1/simple/from_MAP#1 it  14 lam=6.2e+00 ov=0.9999820 chi2=1.446e-02 rel=4.2e-04
Body is not plunging, Fisher should be stable.
waveform shape: (3, 7889537)
Computing SNR for parameters: (np.float64(1000049.0311632276), np.float64(10.000056002695512), np.float64(-0.4998737365382627), np.float64(12.184054747002648), np.float64(0.09997977722287597), 1.0, 3.8788539967713698, np.float64(1.0459821923403207), np.float64(0.78480833891925), 0.6283185307179586, 0.5235987755982988, np.float64(0.10247279113884289), 0.2, np.float64(0.2770531046689636), 0.95, False, False, False, True, 0.0, 0.0, np.float64(-0.0029659814361035963), np.float64(9.46304362952712e-05))
Waveform Generated. SNR: 20.003170998789532
calculating stable deltas...
minimum relative error is greater than 1% for dev_2. Fisher may be unstable!
Time taken to compute stable deltas is 37.75451302528381 seconds
calculating Fisher matrix...
Finished derivatives
Calculated Fisher is *atleast* positive-definite.
Time taken to compute FM is 3.7003066539764404 seconds
    CV idx1/simple/from_MAP#1 it  15 lam=1.1e+01 ov=0.9999820 chi2=1.446e-02 rel=3.2e-04
Body is not plunging, Fisher should be stable.
waveform shape: (3, 7889537)
Computing SNR for parameters: (np.float64(1000049.0311650136), np.float64(10.000056001864104), np.float64(-0.4998737365596141), np.float64(12.184054747009492), np.float64(0.09997977709017844), 1.0, 3.8788539967713698, np.float64(1.0459810701943755), np.float64(0.7848084997404607), 0.6283185307179586, 0.5235987755982988, np.float64(0.10246168909812799), 0.2, np.float64(0.2770534169105485), 0.95, False, False, False, True, 0.0, 0.0, np.float64(-0.0029740337501362193), np.float64(-0.0013969275995231306))
Waveform Generated. SNR: 20.00317484317249
calculating Fisher matrix...
Finished derivatives
Calculated Fisher is *atleast* positive-definite.
Time taken to compute FM is 4.269160747528076 seconds
    CV idx1/simple/from_MAP#1 it  16 lam=1.8e+01 ov=0.9999820 chi2=1.445e-02 rel=2.3e-04
Body is not plunging, Fisher should be stable.
waveform shape: (3, 7889537)
Computing SNR for parameters: (np.float64(1000049.031162691), np.float64(10.000056001683562), np.float64(-0.49987373660168094), np.float64(12.184054746990007), np.float64(0.09997977700205515), 1.0, 3.8788539967713698, np.float64(1.045980532567568), np.float64(0.7848084907819776), 0.6283185307179586, 0.5235987755982988, np.float64(0.10245504545660704), 0.2, np.float64(0.27704973341539607), 0.95, False, False, False, True, 0.0, 0.0, np.float64(-0.0029756103814088516), np.float64(-0.001977233949504846))
Waveform Generated. SNR: 20.003176723504847
calculating Fisher matrix...
Finished derivatives
Calculated Fisher is *atleast* positive-definite.
Time taken to compute FM is 4.302100658416748 seconds
    CV idx1/simple/from_MAP#1 it  17 lam=1.8e+01 ov=0.9999820 chi2=1.445e-02 rel=2.1e-04
Body is not plunging, Fisher should be stable.
waveform shape: (3, 7889537)
Computing SNR for parameters: (np.float64(1000049.0311588218), np.float64(10.00005600170807), np.float64(-0.49987373664335705), np.float64(12.18405474696254), np.float64(0.09997977692439351), 1.0, 3.8788539967713698, np.float64(1.045979972622975), np.float64(0.7848086617007779), 0.6283185307179586, 0.5235987755982988, np.float64(0.102451850790571), 0.2, np.float64(0.2770492754806645), 0.95, False, False, False, True, 0.0, 0.0, np.float64(-0.0029755045085812387), np.float64(-0.0020741670284907285))
Waveform Generated. SNR: 20.003178247569174
calculating Fisher matrix...
Finished derivatives
Calculated Fisher is *atleast* positive-definite.
Time taken to compute FM is 4.307213306427002 seconds
    CV idx1/simple/from_MAP#1 it  18 lam=2.9e+01 ov=0.9999820 chi2=1.445e-02 rel=1.6e-04
Body is not plunging, Fisher should be stable.
waveform shape: (3, 7889537)
Computing SNR for parameters: (np.float64(1000049.0311565198), np.float64(10.000056001630123), np.float64(-0.49987373667317786), np.float64(12.184054746945439), np.float64(0.0999797768591665), 1.0, 3.8788539967713698, np.float64(1.0459794964228246), np.float64(0.7848086329372655), 0.6283185307179586, 0.5235987755982988, np.float64(0.1024483937457477), 0.2, np.float64(0.2770485059800555), 0.95, False, False, False, True, 0.0, 0.0, np.float64(-0.0029764998001395575), np.float64(-0.0018588488271362366))
Waveform Generated. SNR: 20.00318085384797
calculating Fisher matrix...
Finished derivatives
Calculated Fisher is *atleast* positive-definite.
Time taken to compute FM is 4.238147974014282 seconds
    CV idx1/simple/from_MAP#1 it  19 lam=9.8e+00 ov=0.9999820 chi2=1.444e-02 rel=1.4e-04
Body is not plunging, Fisher should be stable.
waveform shape: (3, 7889537)
Computing SNR for parameters: (np.float64(1000049.0311550661), np.float64(10.00005600159549), np.float64(-0.49987373669351653), np.float64(12.184054746934262), np.float64(0.09997977682046458), 1.0, 3.8788539967713698, np.float64(1.0459793296608588), np.float64(0.7848086217368909), 0.6283185307179586, 0.5235987755982988, np.float64(0.10244597756088746), 0.2, np.float64(0.27704738871421525), 0.95, False, False, False, True, 0.0, 0.0, np.float64(-0.0029768437822132792), np.float64(-0.0018547696348997392))
Waveform Generated. SNR: 20.003182582935217
calculating stable deltas...
minimum relative error is greater than 1% for dev_2. Fisher may be unstable!
Time taken to compute stable deltas is 37.682984828948975 seconds
calculating Fisher matrix...
Finished derivatives
Calculated Fisher is *atleast* positive-definite.
Time taken to compute FM is 3.682443380355835 seconds
    CV idx1/simple/from_MAP#1 it  20 lam=9.8e+00 ov=0.9999820 chi2=1.444e-02 rel=2.5e-04
Body is not plunging, Fisher should be stable.
waveform shape: (3, 7889537)
Computing SNR for parameters: (np.float64(1000049.031152314), np.float64(10.000056001398335), np.float64(-0.4998737367441145), np.float64(12.184054746910954), np.float64(0.09997977671902004), 1.0, 3.8788539967713698, np.float64(1.0459790624013336), np.float64(0.7848083965295141), 0.6283185307179586, 0.5235987755982988, np.float64(0.10243816424894817), 0.2, np.float64(0.2770432094647302), 0.95, False, False, False, True, 0.0, 0.0, np.float64(-0.0029789257291052357), np.float64(-0.0018547463901124224))
Waveform Generated. SNR: 20.00318272478064
calculating Fisher matrix...
Finished derivatives
Calculated Fisher is *atleast* positive-definite.
Time taken to compute FM is 4.2926530838012695 seconds
    CV idx1/simple/from_MAP#1 it  21 lam=1.7e+01 ov=0.9999820 chi2=1.444e-02 rel=2.5e-04
Body is not plunging, Fisher should be stable.
waveform shape: (3, 7889537)
Computing SNR for parameters: (np.float64(1000049.031152822), np.float64(10.000056001054187), np.float64(-0.4998737367792419), np.float64(12.184054746906982), np.float64(0.09997977665411047), 1.0, 3.8788539967713698, np.float64(1.0459793347552284), np.float64(0.7848077324803988), 0.6283185307179586, 0.5235987755982988, np.float64(0.10242855698549673), 0.2, np.float64(0.27703519342930805), 0.95, False, False, False, True, 0.0, 0.0, np.float64(-0.0029824385974838883), np.float64(-0.0018545533872271391))
Waveform Generated. SNR: 20.003184354096465
calculating Fisher matrix...
Finished derivatives
Calculated Fisher is *atleast* positive-definite.
Time taken to compute FM is 4.253869295120239 seconds
    CV idx1/simple/from_MAP#1 it  22 lam=1.5e+01 ov=0.9999820 chi2=1.443e-02 rel=1.4e-04
Body is not plunging, Fisher should be stable.
waveform shape: (3, 7889537)
Computing SNR for parameters: (np.float64(1000049.0311495423), np.float64(10.000056001021733), np.float64(-0.49987373681807473), np.float64(12.184054746883131), np.float64(0.09997977657716149), 1.0, 3.8788539967713698, np.float64(1.045978850955303), np.float64(0.7848078394949188), 0.6283185307179586, 0.5235987755982988, np.float64(0.10242481521880549), 0.2, np.float64(0.27703477323873743), 0.95, False, False, False, True, 0.0, 0.0, np.float64(-0.002982683947003121), np.float64(-0.0018545537867466742))
Waveform Generated. SNR: 20.0031884579429
calculating Fisher matrix...
Finished derivatives
Calculated Fisher is *atleast* positive-definite.
Time taken to compute FM is 4.291612863540649 seconds
    CV idx1/simple/from_MAP#1 it  23 lam=1.9e+01 ov=0.9999820 chi2=1.443e-02 rel=2.1e-04
Body is not plunging, Fisher should be stable.
waveform shape: (3, 7889537)
Computing SNR for parameters: (np.float64(1000049.0311463099), np.float64(10.000056000991023), np.float64(-0.4998737368628095), np.float64(12.184054746858223), np.float64(0.09997977649992029), 1.0, 3.8788539967713698, np.float64(1.0459784888154522), np.float64(0.7848079393249903), 0.6283185307179586, 0.5235987755982988, np.float64(0.10242007994276543), 0.2, np.float64(0.277032712765927), 0.95, False, False, False, True, 0.0, 0.0, np.float64(-0.0029830989593739262), np.float64(-0.0018545005675903135))
Waveform Generated. SNR: 20.00318770156535
calculating Fisher matrix...
Finished derivatives
Calculated Fisher is *atleast* positive-definite.
Time taken to compute FM is 4.2829484939575195 seconds
    CV idx1/simple/from_MAP#1 it  24 lam=2.1e+01 ov=0.9999820 chi2=1.443e-02 rel=1.2e-04
Body is not plunging, Fisher should be stable.
waveform shape: (3, 7889537)
Computing SNR for parameters: (np.float64(1000049.031145063), np.float64(10.000056000870737), np.float64(-0.499873736885583), np.float64(12.184054746847808), np.float64(0.09997977644799988), 1.0, 3.8788539967713698, np.float64(1.0459783004771555), np.float64(0.7848078270923005), 0.6283185307179586, 0.5235987755982988, np.float64(0.1024163351630569), 0.2, np.float64(0.2770316057917231), 0.95, False, False, False, True, 0.0, 0.0, np.float64(-0.002984201578700263), np.float64(-0.0018544888929962636))
Waveform Generated. SNR: 20.00318881264587
calculating stable deltas...
minimum relative error is greater than 1% for dev_1. Fisher may be unstable!
minimum relative error is greater than 1% for dev_2. Fisher may be unstable!
Time taken to compute stable deltas is 37.5847327709198 seconds
calculating Fisher matrix...
Finished derivatives
Calculated Fisher is *atleast* positive-definite.
Time taken to compute FM is 3.6230955123901367 seconds
    CV idx1/simple/from_MAP#1 it  25 lam=2.2e+01 ov=0.9999820 chi2=1.443e-02 rel=1.5e-04
Body is not plunging, Fisher should be stable.
waveform shape: (3, 7889537)
Computing SNR for parameters: (np.float64(1000049.0311437518), np.float64(10.000056000779024), np.float64(-0.4998737369083204), np.float64(12.184054746836994), np.float64(0.09997977640035961), 1.0, 3.8788539967713698, np.float64(1.0459781478547323), np.float64(0.784807750987335), 0.6283185307179586, 0.5235987755982988, np.float64(0.1024129049702621), 0.2, np.float64(0.2770304134944431), 0.95, False, False, False, True, 0.0, 0.0, np.float64(-0.00298500855929352), np.float64(-0.0018527316309477565))
Waveform Generated. SNR: 20.003189188407234
calculating Fisher matrix...
Finished derivatives
Calculated Fisher is *atleast* positive-definite.
Time taken to compute FM is 4.30089259147644 seconds
    CV idx1/simple/from_MAP#1 it  26 lam=2.2e+01 ov=0.9999820 chi2=1.443e-02 rel=1.3e-04
Body is not plunging, Fisher should be stable.
waveform shape: (3, 7889537)
Computing SNR for parameters: (np.float64(1000049.0311417729), np.float64(10.000056000712704), np.float64(-0.4998737369334158), np.float64(12.184054746822412), np.float64(0.09997977634453349), 1.0, 3.8788539967713698, np.float64(1.0459778210117463), np.float64(0.7848077682049489), 0.6283185307179586, 0.5235987755982988, np.float64(0.10240999423193106), 0.2, np.float64(0.27703035022499595), 0.95, False, False, False, True, 0.0, 0.0, np.float64(-0.00298573689606765), np.float64(-0.0018533191174678414))
Waveform Generated. SNR: 20.003192994042376
calculating Fisher matrix...
Finished derivatives
Calculated Fisher is *atleast* positive-definite.
Time taken to compute FM is 4.268769025802612 seconds
    CV idx1/simple/from_MAP#1 it  27 lam=2.3e+01 ov=0.9999820 chi2=1.442e-02 rel=3.7e-05
Body is not plunging, Fisher should be stable.
waveform shape: (3, 7889537)
Computing SNR for parameters: (np.float64(1000049.0311405008), np.float64(10.000056000612624), np.float64(-0.499873736954328), np.float64(12.184054746812206), np.float64(0.09997977629646448), 1.0, 3.8788539967713698, np.float64(1.045977626189811), np.float64(0.7848076944108647), 0.6283185307179586, 0.5235987755982988, np.float64(0.10240678764595403), 0.2, np.float64(0.2770296521059803), 0.95, False, False, False, True, 0.0, 0.0, np.float64(-0.002986539161717055), np.float64(-0.0018533938843865712))
Waveform Generated. SNR: 20.00319113206411
calculating Fisher matrix...
Finished derivatives
Calculated Fisher is *atleast* positive-definite.
Time taken to compute FM is 4.246770143508911 seconds
    CV idx1/simple/from_MAP#1 it  28 lam=3.0e+01 ov=0.9999820 chi2=1.442e-02 rel=1.9e-04
Body is not plunging, Fisher should be stable.
waveform shape: (3, 7889537)
Computing SNR for parameters: (np.float64(1000049.0311400114), np.float64(10.00005600046716), np.float64(-0.49987373696858173), np.float64(12.184054746807318), np.float64(0.09997977625591811), 1.0, 3.8788539967713698, np.float64(1.0459774901643846), np.float64(0.784807535120176), 0.6283185307179586, 0.5235987755982988, np.float64(0.1024036178755709), 0.2, np.float64(0.27702893049271515), 0.95, False, False, False, True, 0.0, 0.0, np.float64(-0.0029878414259832346), np.float64(-0.001851889076388324))
Waveform Generated. SNR: 20.00319274737303
calculating Fisher matrix...
Finished derivatives
Calculated Fisher is *atleast* positive-definite.
Time taken to compute FM is 4.332756996154785 seconds
    CV idx1/simple/from_MAP#1 it  29 lam=3.7e+01 ov=0.9999820 chi2=1.442e-02 rel=7.7e-05
Body is not plunging, Fisher should be stable.
waveform shape: (3, 7889537)
Computing SNR for parameters: (np.float64(1000049.0311389262), np.float64(10.00005600040877), np.float64(-0.49987373698551246), np.float64(12.184054746798715), np.float64(0.0999797762202636), 1.0, 3.8788539967713698, np.float64(1.0459773089280031), np.float64(0.7848075270731382), 0.6283185307179586, 0.5235987755982988, np.float64(0.10240133775537688), 0.2, np.float64(0.27702832393427207), 0.95, False, False, False, True, 0.0, 0.0, np.float64(-0.002988365435792522), np.float64(-0.0018487627126805917))
Waveform Generated. SNR: 20.003193020270235
calculating stable deltas...
minimum relative error is greater than 1% for dev_2. Fisher may be unstable!
Time taken to compute stable deltas is 37.6346480846405 seconds
calculating Fisher matrix...
Finished derivatives
Calculated Fisher is *atleast* positive-definite.
Time taken to compute FM is 3.702277898788452 seconds
    CV idx1/simple/from_MAP#1 it  30 lam=4.0e+02 ov=0.9999820 chi2=1.442e-02 rel=1.6e-05
Body is not plunging, Fisher should be stable.
waveform shape: (3, 7889537)
Computing SNR for parameters: (np.float64(1000049.0311388153), np.float64(10.000056000402184), np.float64(-0.4998737369871554), np.float64(12.184054746797857), np.float64(0.09997977621652836), 1.0, 3.8788539967713698, np.float64(1.0459772917020673), np.float64(0.7848075241355801), 0.6283185307179586, 0.5235987755982988, np.float64(0.10240110910695985), 0.2, np.float64(0.27702829090416164), 0.95, False, False, False, True, 0.0, 0.0, np.float64(-0.0029881864874150275), np.float64(-0.0018520125266774214))
Waveform Generated. SNR: 20.00319627232707
calculating Fisher matrix...
Finished derivatives
Calculated Fisher is not positive semi-definite. Try lowering inspiral error tolerance or increasing the derivative order.
Time taken to compute FM is 4.231666088104248 seconds
    CV idx1/simple/from_MAP#1 it  31 lam=7.7e+02 ov=0.9999820 chi2=1.442e-02 rel=1.8e-06
Body is not plunging, Fisher should be stable.
waveform shape: (3, 7889537)
Computing SNR for parameters: (np.float64(1000049.0311387321), np.float64(10.000056000397237), np.float64(-0.49987373698837057), np.float64(12.184054746797216), np.float64(0.09997977621372567), 1.0, 3.8788539967713698, np.float64(1.0459772782953276), np.float64(0.7848075220463877), 0.6283185307179586, 0.5235987755982988, np.float64(0.10240094084560755), 0.2, np.float64(0.27702827169761585), 0.95, False, False, False, True, 0.0, 0.0, np.float64(-0.002991072890797216), np.float64(-0.0018516127792823863))
Waveform Generated. SNR: 20.003193257439285
calculating Fisher matrix...
Finished derivatives
Calculated Fisher is *atleast* positive-definite.
Time taken to compute FM is 4.2848920822143555 seconds
    CV idx1/simple/from_MAP#1 it  32 lam=1.7e+03 ov=0.9999820 chi2=1.442e-02 rel=5.3e-06
Body is not plunging, Fisher should be stable.
waveform shape: (3, 7889537)
Computing SNR for parameters: (np.float64(1000049.0311387089), np.float64(10.000056000396087), np.float64(-0.4998737369886981), np.float64(12.18405474679704), np.float64(0.09997977621299328), 1.0, 3.8788539967713698, np.float64(1.0459772746208138), np.float64(0.7848075217917293), 0.6283185307179586, 0.5235987755982988, np.float64(0.10240089794937624), 0.2, np.float64(0.2770282666019389), 0.95, False, False, False, True, 0.0, 0.0, np.float64(-0.002991022738658715), np.float64(-0.0018517937823265386))
Waveform Generated. SNR: 20.003193168756205
calculating Fisher matrix...
Finished derivatives
Calculated Fisher is *atleast* positive-definite.
Time taken to compute FM is 4.3049726486206055 seconds
    CV idx1/simple/from_MAP#1 it  33 lam=4.4e+03 ov=0.9999820 chi2=1.442e-02 rel=6.1e-05
Body is not plunging, Fisher should be stable.
waveform shape: (3, 7889537)
Computing SNR for parameters: (np.float64(1000049.0311387061), np.float64(10.000056000395958), np.float64(-0.4998737369887364), np.float64(12.184054746797019), np.float64(0.09997977621290773), 1.0, 3.8788539967713698, np.float64(1.0459772741868192), np.float64(0.7848075217696048), 0.6283185307179586, 0.5235987755982988, np.float64(0.1024008930143934), 0.2, np.float64(0.2770282660733385), 0.95, False, False, False, True, 0.0, 0.0, np.float64(-0.0029910289408319655), np.float64(-0.0018518488062940236))
Waveform Generated. SNR: 20.003193461441278
calculating Fisher matrix...
Finished derivatives
Calculated Fisher is *atleast* positive-definite.
Time taken to compute FM is 4.29088020324707 seconds
    CV idx1/simple/from_MAP#1 it  34 lam=2.4e+12 ov=0.9999820 chi2=1.442e-02 rel=2.4e-16
    NM  nfev=2075 ov 0.9999820 -> 0.9999857 (accepted=True)
Body is not plunging, Fisher should be stable.
waveform shape: (3, 7889537)
Computing SNR for parameters: (np.float64(1000049.2025087758), np.float64(10.000056047553272), np.float64(-0.49987363380888694), np.float64(12.184054043958211), np.float64(0.09997905158171255), 1.0, 3.8788539967713698, np.float64(1.0462719105074048), np.float64(0.7849846524012882), 0.6283185307179586, 0.5235987755982988, np.float64(0.0963950604884367), 0.2, np.float64(0.2786956546269193), 0.95, False, False, False, True, 0.0, 0.0, np.float64(0.014590905055850235), np.float64(-1.5561656303111469))
Waveform Generated. SNR: 20.001331625658672
calculating stable deltas...
Time taken to compute stable deltas is 37.68399453163147 seconds
calculating Fisher matrix...
Finished derivatives
Calculated Fisher is *atleast* positive-definite.
Time taken to compute FM is 3.6410624980926514 seconds
    CV idx1/simple/from_MAP#2 it   0 lam=3.3e-03 ov=0.9999857 chi2=1.150e-02 rel=2.0e-04
Body is not plunging, Fisher should be stable.
waveform shape: (3, 7889537)
Computing SNR for parameters: (np.float64(1000049.202267676), np.float64(10.000056041888834), np.float64(-0.49987363393503037), np.float64(12.184054042734411), np.float64(0.09997905056827036), 1.0, 3.8788539967713698, np.float64(1.0462772315560236), np.float64(0.7849844100658847), 0.6283185307179586, 0.5235987755982988, np.float64(0.09636130292889385), 0.2, np.float64(0.2787378203538715), 0.95, False, False, False, True, 0.0, 0.0, np.float64(0.014572550267139854), np.float64(-1.590918567369367))
Waveform Generated. SNR: 20.001312298054977
calculating Fisher matrix...
Finished derivatives
Calculated Fisher is not positive semi-definite. Try lowering inspiral error tolerance or increasing the derivative order.
Time taken to compute FM is 4.283579349517822 seconds
    CV idx1/simple/from_MAP#2 it   1 lam=2.6e-03 ov=0.9999857 chi2=1.150e-02 rel=5.5e-04
Body is not plunging, Fisher should be stable.
waveform shape: (3, 7889537)
Computing SNR for parameters: (np.float64(1000049.2013788673), np.float64(10.000056037853765), np.float64(-0.49987363254712514), np.float64(12.184054038586735), np.float64(0.09997904871336748), 1.0, 3.8788539967713698, np.float64(1.0462883299311958), np.float64(0.784984526203165), 0.6283185307179586, 0.5235987755982988, np.float64(0.09625981781426425), 0.2, np.float64(0.27869881882808), 0.95, False, False, False, True, 0.0, 0.0, np.float64(0.014427956515237596), np.float64(-1.6884990662835788))
Waveform Generated. SNR: 20.001270289418734
calculating Fisher matrix...
Finished derivatives
Calculated Fisher is not positive semi-definite. Try lowering inspiral error tolerance or increasing the derivative order.
Time taken to compute FM is 4.3004679679870605 seconds
    CV idx1/simple/from_MAP#2 it   2 lam=8.8e-04 ov=0.9999857 chi2=1.149e-02 rel=3.9e-04
Body is not plunging, Fisher should be stable.
waveform shape: (3, 7889537)
Computing SNR for parameters: (np.float64(1000049.2005334862), np.float64(10.000056031496888), np.float64(-0.49987363110512156), np.float64(12.184054034593577), np.float64(0.09997905149453279), 1.0, 3.8788539967713698, np.float64(1.0462919165043225), np.float64(0.7849849583283127), 0.6283185307179586, 0.5235987755982988, np.float64(0.09621295546289671), 0.2, np.float64(0.2786574417026344), 0.95, False, False, False, True, 0.0, 0.0, np.float64(0.014228096557810998), np.float64(-1.7333117084982304))
Waveform Generated. SNR: 20.00125485002673
calculating Fisher matrix...
Finished derivatives
Calculated Fisher is *atleast* positive-definite.
Time taken to compute FM is 4.229861497879028 seconds
    CV idx1/simple/from_MAP#2 it   3 lam=2.9e-04 ov=0.9999857 chi2=1.149e-02 rel=9.9e-04
Body is not plunging, Fisher should be stable.
waveform shape: (3, 7889537)
Computing SNR for parameters: (np.float64(1000049.1980000054), np.float64(10.000056007918277), np.float64(-0.49987362685740466), np.float64(12.184054022524002), np.float64(0.0999790632413991), 1.0, 3.8788539967713698, np.float64(1.0463007718147872), np.float64(0.7849838373243692), 0.6283185307179586, 0.5235987755982988, np.float64(0.09614472275600845), 0.2, np.float64(0.2785741641663837), 0.95, False, False, False, True, 0.0, 0.0, np.float64(0.013651107998008092), np.float64(-1.8460718886488874))
Waveform Generated. SNR: 20.001230660580276
calculating Fisher matrix...
Finished derivatives
Calculated Fisher is *atleast* positive-definite.
Time taken to compute FM is 4.2863383293151855 seconds
    CV idx1/simple/from_MAP#2 it   4 lam=9.8e-05 ov=0.9999857 chi2=1.148e-02 rel=2.1e-03
Body is not plunging, Fisher should be stable.
waveform shape: (3, 7889537)
Computing SNR for parameters: (np.float64(1000049.1917933661), np.float64(10.000055851572062), np.float64(-0.4998736205402857), np.float64(12.184053991807637), np.float64(0.09997910678582124), 1.0, 3.8788539967713698, np.float64(1.0463026998528964), np.float64(0.7849824538077451), 0.6283185307179586, 0.5235987755982988, np.float64(0.09611330120138654), 0.2, np.float64(0.27859195002274073), 0.95, False, False, False, True, 0.0, 0.0, np.float64(0.01248066284416383), np.float64(-1.969145135734686))
Waveform Generated. SNR: 20.0012327092232
calculating stable deltas...
Time taken to compute stable deltas is 37.4749801158905 seconds
calculating Fisher matrix...
Finished derivatives
Calculated Fisher is not positive semi-definite. Try lowering inspiral error tolerance or increasing the derivative order.
Time taken to compute FM is 3.689526319503784 seconds
    CV idx1/simple/from_MAP#2 it   5 lam=3.3e-05 ov=0.9999857 chi2=1.145e-02 rel=6.9e-03
Body is not plunging, Fisher should be stable.
waveform shape: (3, 7889537)
Computing SNR for parameters: (np.float64(1000049.1718628719), np.float64(10.000055543156588), np.float64(-0.4998736033284999), np.float64(12.184053892921193), np.float64(0.09997924734211001), 1.0, 3.8788539967713698, np.float64(1.0463098945172407), np.float64(0.7849798839940891), 0.6283185307179586, 0.5235987755982988, np.float64(0.09600003992594833), 0.2, np.float64(0.27879506568735346), 0.95, False, False, False, True, 0.0, 0.0, np.float64(0.006481019944933738), np.float64(-2.354377274482966))
Waveform Generated. SNR: 20.001217139430103
calculating Fisher matrix...
Finished derivatives
Calculated Fisher is not positive semi-definite. Try lowering inspiral error tolerance or increasing the derivative order.
Time taken to compute FM is 4.271320104598999 seconds
    CV idx1/simple/from_MAP#2 it   6 lam=1.1e-05 ov=0.9999858 chi2=1.137e-02 rel=1.4e-02
Body is not plunging, Fisher should be stable.
waveform shape: (3, 7889537)
Computing SNR for parameters: (np.float64(1000049.1290043615), np.float64(10.00005335700179), np.float64(-0.4998735689036819), np.float64(12.184053683796098), np.float64(0.09997955599178404), 1.0, 3.8788539967713698, np.float64(1.046308624947647), np.float64(0.7849769301984247), 0.6283185307179586, 0.5235987755982988, np.float64(0.09585340187380252), 0.2, np.float64(0.27932390293479537), 0.95, False, False, False, True, 0.0, 0.0, np.float64(0.008502210840500395), np.float64(-3.0670701292288913))
Waveform Generated. SNR: 20.001236071720694
calculating Fisher matrix...
Finished derivatives
Calculated Fisher is not positive semi-definite. Try lowering inspiral error tolerance or increasing the derivative order.
Time taken to compute FM is 4.289769411087036 seconds
    CV idx1/simple/from_MAP#2 it   7 lam=3.7e-06 ov=0.9999860 chi2=1.121e-02 rel=3.0e-02
Body is not plunging, Fisher should be stable.
waveform shape: (3, 7889537)
Computing SNR for parameters: (np.float64(1000049.0195055954), np.float64(10.00005014585027), np.float64(-0.49987349015503163), np.float64(12.184053184110361), np.float64(0.09998032266416416), 1.0, 3.8788539967713698, np.float64(1.0463179686217978), np.float64(0.7849705956262416), 0.6283185307179586, 0.5235987755982988, np.float64(0.09538470609781907), 0.2, np.float64(0.2807060868765128), 0.95, False, False, False, True, 0.0, 0.0, np.float64(-0.008816684296838167), np.float64(-4.891482391675913))
Waveform Generated. SNR: 20.00123788357238
calculating Fisher matrix...
Finished derivatives
Calculated Fisher is not positive semi-definite. Try lowering inspiral error tolerance or increasing the derivative order.
Time taken to compute FM is 4.306702375411987 seconds
    CV idx1/simple/from_MAP#2 it   8 lam=2.3e-06 ov=0.9999864 chi2=1.087e-02 rel=4.1e-02
Body is not plunging, Fisher should be stable.
waveform shape: (3, 7889537)
Computing SNR for parameters: (np.float64(1000048.7853354325), np.float64(10.000042993099997), np.float64(-0.49987335168065816), np.float64(12.184052296307017), np.float64(0.09998184914427538), 1.0, 3.8788539967713698, np.float64(1.0463483666586335), np.float64(0.7849599613316398), 0.6283185307179586, 0.5235987755982988, np.float64(0.09447563079764058), 0.2, np.float64(0.2831091424626885), 0.95, False, False, False, True, 0.0, 0.0, np.float64(-0.03533455750158141), np.float64(-8.77040613543505))
Waveform Generated. SNR: 20.001193994298323
calculating Fisher matrix...
Finished derivatives
Calculated Fisher is *atleast* positive-definite.
Time taken to compute FM is 4.248418092727661 seconds
    CV idx1/simple/from_MAP#2 it   9 lam=7.7e-07 ov=0.9999870 chi2=1.043e-02 rel=1.1e-02
Body is not plunging, Fisher should be stable.
waveform shape: (3, 7889537)
Computing SNR for parameters: (np.float64(1000048.6412100988), np.float64(10.000044861513738), np.float64(-0.4998733689556499), np.float64(12.184052182685184), np.float64(0.09998257951911346), 1.0, 3.8788539967713698, np.float64(1.0463393346787195), np.float64(0.7849447877828414), 0.6283185307179586, 0.5235987755982988, np.float64(0.09417345412025359), 0.2, np.float64(0.2845967318001289), 0.95, False, False, False, True, 0.0, 0.0, np.float64(-0.10003195607344273), np.float64(-10.331080584530719))
Waveform Generated. SNR: 20.00131236519041
calculating stable deltas...
Time taken to compute stable deltas is 37.72675180435181 seconds
calculating Fisher matrix...
Finished derivatives
Calculated Fisher is *atleast* positive-definite.
Time taken to compute FM is 3.697343587875366 seconds
    CV idx1/simple/from_MAP#2 it  10 lam=2.6e-07 ov=0.9999871 chi2=1.031e-02 rel=8.3e-03
Body is not plunging, Fisher should be stable.
waveform shape: (3, 7889537)
Computing SNR for parameters: (np.float64(1000048.3868083202), np.float64(10.000042089651764), np.float64(-0.4998735984928304), np.float64(12.184052962799948), np.float64(0.09998331150559542), 1.0, 3.8788539967713698, np.float64(1.046364575783213), np.float64(0.7849396996073656), 0.6283185307179586, 0.5235987755982988, np.float64(0.09374345180729372), 0.2, np.float64(0.28550549483411874), 0.95, False, False, False, True, 0.0, 0.0, np.float64(-0.11635387190977875), np.float64(-11.993140069551957))
Waveform Generated. SNR: 20.00125404915556
calculating Fisher matrix...
Finished derivatives
Calculated Fisher is not positive semi-definite. Try lowering inspiral error tolerance or increasing the derivative order.
Time taken to compute FM is 4.29421329498291 seconds
    CV idx1/simple/from_MAP#2 it  11 lam=8.5e-08 ov=0.9999873 chi2=1.022e-02 rel=1.4e-02
Body is not plunging, Fisher should be stable.
waveform shape: (3, 7889537)
Computing SNR for parameters: (np.float64(1000047.8453117778), np.float64(10.000039387024565), np.float64(-0.49987452438202024), np.float64(12.18405663546771), np.float64(0.09998381044956836), 1.0, 3.8788539967713698, np.float64(1.0463691515815896), np.float64(0.7849431490547856), 0.6283185307179586, 0.5235987755982988, np.float64(0.09374879972178313), 0.2, np.float64(0.2857257053275206), 0.95, False, False, False, True, 0.0, 0.0, np.float64(-0.1110142191653726), np.float64(-12.571982406704171))
Waveform Generated. SNR: 20.00121835202254
calculating Fisher matrix...
Finished derivatives
Calculated Fisher is not positive semi-definite. Try lowering inspiral error tolerance or increasing the derivative order.
Time taken to compute FM is 4.274875164031982 seconds
    CV idx1/simple/from_MAP#2 it  12 lam=6.3e-08 ov=0.9999874 chi2=1.008e-02 rel=3.8e-02
Body is not plunging, Fisher should be stable.
waveform shape: (3, 7889537)
Computing SNR for parameters: (np.float64(1000046.3684260754), np.float64(9.99998865883474), np.float64(-0.4998771198190157), np.float64(12.184066988350544), np.float64(0.09998498709789712), 1.0, 3.8788539967713698, np.float64(1.046388956299229), np.float64(0.7849517246116702), 0.6283185307179586, 0.5235987755982988, np.float64(0.09388402651347386), 0.2, np.float64(0.2858933082148936), 0.95, False, False, False, True, 0.0, 0.0, np.float64(0.3496073937996864), np.float64(-13.30208146701307))
Waveform Generated. SNR: 20.001013760877438
calculating Fisher matrix...
Finished derivatives
Calculated Fisher is *atleast* positive-definite.
Time taken to compute FM is 4.303046464920044 seconds
    CV idx1/simple/from_MAP#2 it  13 lam=6.3e-08 ov=0.9999879 chi2=9.703e-03 rel=4.0e-02
Body is not plunging, Fisher should be stable.
waveform shape: (3, 7889537)
Computing SNR for parameters: (np.float64(1000044.3392859189), np.float64(9.999906557037088), np.float64(-0.49988066707324175), np.float64(12.184081129180997), np.float64(0.09998664875289691), 1.0, 3.8788539967713698, np.float64(1.046406232287357), np.float64(0.7849632594681567), 0.6283185307179586, 0.5235987755982988, np.float64(0.09409466316330752), 0.2, np.float64(0.2861981478212), 0.95, False, False, False, True, 0.0, 0.0, np.float64(1.1033658797479848), np.float64(-14.332179710809575))
Waveform Generated. SNR: 20.000747718988183
calculating Fisher matrix...
Finished derivatives
Calculated Fisher is not positive semi-definite. Try lowering inspiral error tolerance or increasing the derivative order.
Time taken to compute FM is 4.316661834716797 seconds
    CV idx1/simple/from_MAP#2 it  14 lam=2.9e-08 ov=0.9999884 chi2=9.315e-03 rel=6.6e-02
Body is not plunging, Fisher should be stable.
waveform shape: (3, 7889537)
Computing SNR for parameters: (np.float64(1000042.360653831), np.float64(9.999858455086907), np.float64(-0.4998841532053462), np.float64(12.184095028660455), np.float64(0.09998821130436598), 1.0, 3.8788539967713698, np.float64(1.0464358311629778), np.float64(0.7849830745268513), 0.6283185307179586, 0.5235987755982988, np.float64(0.09411552948867843), 0.2, np.float64(0.28643577898674116), 0.95, False, False, False, True, 0.0, 0.0, np.float64(1.5227852688330865), np.float64(-15.392759519562178))
Waveform Generated. SNR: 20.000467038350802
calculating stable deltas...
Time taken to compute stable deltas is 37.74880886077881 seconds
calculating Fisher matrix...
Finished derivatives
Calculated Fisher is not positive semi-definite. Try lowering inspiral error tolerance or increasing the derivative order.
Time taken to compute FM is 3.664660692214966 seconds
    CV idx1/simple/from_MAP#2 it  15 lam=9.8e-09 ov=0.9999891 chi2=8.703e-03 rel=1.1e-01
Body is not plunging, Fisher should be stable.
waveform shape: (3, 7889537)
Computing SNR for parameters: (np.float64(1000038.2886933824), np.float64(9.999852455856482), np.float64(-0.4998912994240196), np.float64(12.184123510653487), np.float64(0.09999149636535941), 1.0, 3.8788539967713698, np.float64(1.0464725167647215), np.float64(0.7850141055798149), 0.6283185307179586, 0.5235987755982988, np.float64(0.09441307323103182), 0.2, np.float64(0.2870587453378284), 0.95, False, False, False, True, 0.0, 0.0, np.float64(1.4512489414483751), np.float64(-18.724372248705585))
Waveform Generated. SNR: 20.000208720428112
calculating Fisher matrix...
Finished derivatives
Calculated Fisher is *atleast* positive-definite.
Time taken to compute FM is 4.339775562286377 seconds
    CV idx1/simple/from_MAP#2 it  16 lam=3.3e-09 ov=0.9999903 chi2=7.747e-03 rel=2.8e-01
Body is not plunging, Fisher should be stable.
waveform shape: (3, 7889537)
Computing SNR for parameters: (np.float64(1000027.7931349919), np.float64(9.999821845487425), np.float64(-0.4999097171000358), np.float64(12.184196933688895), np.float64(0.09999994409814307), 1.0, 3.8788539967713698, np.float64(1.0465844012890275), np.float64(0.7850994793246616), 0.6283185307179586, 0.5235987755982988, np.float64(0.09519148811766014), 0.2, np.float64(0.28853243287838143), 0.95, False, False, False, True, 0.0, 0.0, np.float64(1.4192876878107348), np.float64(-27.294848526756354))
Waveform Generated. SNR: 19.99942261518371
The optimal source SNR is <= 20. The Fisher approximation may not be valid!
calculating Fisher matrix...
Finished derivatives
Calculated Fisher is *atleast* positive-definite.
Time taken to compute FM is 4.3131396770477295 seconds
    CV idx1/simple/from_MAP#2 it  17 lam=1.1e-09 ov=0.9999930 chi2=5.586e-03 rel=5.5e-01
Body is not plunging, Fisher should be stable.
waveform shape: (3, 7889537)
Computing SNR for parameters: (np.float64(1000007.9424624692), np.float64(9.999820582866795), np.float64(-0.49994464428713786), np.float64(12.184336210064865), np.float64(0.10001572970457076), 1.0, 3.8788539967713698, np.float64(1.0467887530841893), np.float64(0.7852517770087196), 0.6283185307179586, 0.5235987755982988, np.float64(0.0968720030556022), 0.2, np.float64(0.29114289941146254), 0.95, False, False, False, True, 0.0, 0.0, np.float64(0.8064195645828338), np.float64(-43.2350147780394))
Waveform Generated. SNR: 19.998109144161546
The optimal source SNR is <= 20. The Fisher approximation may not be valid!
calculating Fisher matrix...
Finished derivatives
Calculated Fisher is *atleast* positive-definite.
Time taken to compute FM is 4.257174491882324 seconds
    CV idx1/simple/from_MAP#2 it  18 lam=3.6e-10 ov=0.9999969 chi2=2.488e-03 rel=7.4e-01
Body is not plunging, Fisher should be stable.
waveform shape: (3, 7889537)
Computing SNR for parameters: (np.float64(999986.4397118267), np.float64(9.999659116330516), np.float64(-0.4999825636145377), np.float64(12.18448747437754), np.float64(0.10003259509575373), 1.0, 3.8788539967713698, np.float64(1.0470132068600873), np.float64(0.7854099141523844), 0.6283185307179586, 0.5235987755982988, np.float64(0.09832493900516424), 0.2, np.float64(0.2933209548485228), 0.95, False, False, False, True, 0.0, 0.0, np.float64(1.7578632969478964), np.float64(-58.49494520564579))
Waveform Generated. SNR: 19.996377559994833
The optimal source SNR is <= 20. The Fisher approximation may not be valid!
calculating Fisher matrix...
Finished derivatives
Calculated Fisher is *atleast* positive-definite.
Time taken to compute FM is 4.306886196136475 seconds
    CV idx1/simple/from_MAP#2 it  19 lam=1.2e-10 ov=0.9999992 chi2=6.440e-04 rel=4.5e-01
Body is not plunging, Fisher should be stable.
waveform shape: (3, 7889537)
Computing SNR for parameters: (np.float64(999975.5780805664), np.float64(9.999763859918401), np.float64(-0.5000016701297049), np.float64(12.1845636674991), np.float64(0.10004123669427928), 1.0, 3.8788539967713698, np.float64(1.047137954100223), np.float64(0.7854891617371138), 0.6283185307179586, 0.5235987755982988, np.float64(0.09920747639013806), 0.2, np.float64(0.2947367735823092), 0.95, False, False, False, True, 0.0, 0.0, np.float64(0.36767633300285696), np.float64(-68.32058743502579))
Waveform Generated. SNR: 19.995837613028932
The optimal source SNR is <= 20. The Fisher approximation may not be valid!
calculating stable deltas...
Time taken to compute stable deltas is 37.725632190704346 seconds
calculating Fisher matrix...
Finished derivatives
Calculated Fisher is *atleast* positive-definite.
Time taken to compute FM is 3.7514774799346924 seconds
    CV idx1/simple/from_MAP#2 it  20 lam=1.5e-07 ov=0.9999996 chi2=3.567e-04 rel=9.7e-03
Body is not plunging, Fisher should be stable.
waveform shape: (3, 7889537)
Computing SNR for parameters: (np.float64(999975.5566162595), np.float64(9.999750792231877), np.float64(-0.5000017116419639), np.float64(12.184563833341352), np.float64(0.10004124308507852), 1.0, 3.8788539967713698, np.float64(1.0471299809526795), np.float64(0.7854924179628032), 0.6283185307179586, 0.5235987755982988, np.float64(0.09926624770298619), 0.2, np.float64(0.29474462623041914), 0.95, False, False, False, True, 0.0, 0.0, np.float64(0.4980699406116318), np.float64(-68.19498719379035))
Waveform Generated. SNR: 19.99582761657213
The optimal source SNR is <= 20. The Fisher approximation may not be valid!
calculating Fisher matrix...
Finished derivatives
Calculated Fisher is *atleast* positive-definite.
Time taken to compute FM is 4.2506327629089355 seconds
    CV idx1/simple/from_MAP#2 it  21 lam=5.1e-08 ov=0.9999996 chi2=3.532e-04 rel=8.7e-03
Body is not plunging, Fisher should be stable.
waveform shape: (3, 7889537)
Computing SNR for parameters: (np.float64(999975.5305889306), np.float64(9.999752059762098), np.float64(-0.5000017560584654), np.float64(12.184564006446948), np.float64(0.10004127017356047), 1.0, 3.8788539967713698, np.float64(1.047131758817089), np.float64(0.7854929808991602), 0.6283185307179586, 0.5235987755982988, np.float64(0.09920659518138493), 0.2, np.float64(0.29475991574072535), 0.95, False, False, False, True, 0.0, 0.0, np.float64(0.48417389712520786), np.float64(-68.22087051267907))
Waveform Generated. SNR: 19.9958211117325
The optimal source SNR is <= 20. The Fisher approximation may not be valid!
calculating Fisher matrix...
Finished derivatives
Calculated Fisher is not positive semi-definite. Try lowering inspiral error tolerance or increasing the derivative order.
Time taken to compute FM is 4.295498847961426 seconds
    CV idx1/simple/from_MAP#2 it  22 lam=5.1e-08 ov=0.9999996 chi2=3.501e-04 rel=1.5e-03
Body is not plunging, Fisher should be stable.
waveform shape: (3, 7889537)
Computing SNR for parameters: (np.float64(999975.4571414441), np.float64(9.999747658552405), np.float64(-0.5000018852891833), np.float64(12.184564522750867), np.float64(0.1000413280972832), 1.0, 3.8788539967713698, np.float64(1.0471325926381838), np.float64(0.7854941066041606), 0.6283185307179586, 0.5235987755982988, np.float64(0.0992195886560967), 0.2, np.float64(0.2947704363109219), 0.95, False, False, False, True, 0.0, 0.0, np.float64(0.5259430155321588), np.float64(-68.23845351775135))
Waveform Generated. SNR: 19.995807048115445
The optimal source SNR is <= 20. The Fisher approximation may not be valid!
calculating Fisher matrix...
Finished derivatives
Calculated Fisher is not positive semi-definite. Try lowering inspiral error tolerance or increasing the derivative order.
Time taken to compute FM is 4.28284215927124 seconds
    CV idx1/simple/from_MAP#2 it  23 lam=3.8e-07 ov=0.9999996 chi2=3.496e-04 rel=3.4e-04
Body is not plunging, Fisher should be stable.
waveform shape: (3, 7889537)
Computing SNR for parameters: (np.float64(999975.4471545852), np.float64(9.999747992563794), np.float64(-0.5000019025166629), np.float64(12.184564590903399), np.float64(0.10004133648225093), 1.0, 3.8788539967713698, np.float64(1.0471330990991121), np.float64(0.7854937641768014), 0.6283185307179586, 0.5235987755982988, np.float64(0.09921241770862893), 0.2, np.float64(0.2947668607703254), 0.95, False, False, False, True, 0.0, 0.0, np.float64(0.5221995704795405), np.float64(-68.255007287272))
Waveform Generated. SNR: 19.995804973726646
The optimal source SNR is <= 20. The Fisher approximation may not be valid!
calculating Fisher matrix...
Finished derivatives
Calculated Fisher is *atleast* positive-definite.
Time taken to compute FM is 4.271596670150757 seconds
    CV idx1/simple/from_MAP#2 it  24 lam=4.2e-06 ov=0.9999996 chi2=3.495e-04 rel=1.9e-04
Body is not plunging, Fisher should be stable.
waveform shape: (3, 7889537)
Computing SNR for parameters: (np.float64(999975.4471241343), np.float64(9.999747515056383), np.float64(-0.5000019056129259), np.float64(12.184564605496412), np.float64(0.10004132880151521), 1.0, 3.8788539967713698, np.float64(1.0471327340430137), np.float64(0.785493779087245), 0.6283185307179586, 0.5235987755982988, np.float64(0.09921839523264118), 0.2, np.float64(0.29474958277776864), 0.95, False, False, False, True, 0.0, 0.0, np.float64(0.5274979049365053), np.float64(-68.23032599376073))
Waveform Generated. SNR: 19.99580526235736
The optimal source SNR is <= 20. The Fisher approximation may not be valid!
calculating stable deltas...
Time taken to compute stable deltas is 37.795604944229126 seconds
calculating Fisher matrix...
Finished derivatives
Calculated Fisher is not positive semi-definite. Try lowering inspiral error tolerance or increasing the derivative order.
Time taken to compute FM is 3.694321632385254 seconds
    CV idx1/simple/from_MAP#2 it  25 lam=2.8e-06 ov=0.9999996 chi2=3.494e-04 rel=2.0e-04
Body is not plunging, Fisher should be stable.
waveform shape: (3, 7889537)
Computing SNR for parameters: (np.float64(999975.4463575715), np.float64(9.999747494792507), np.float64(-0.5000019061547655), np.float64(12.184564606956968), np.float64(0.10004133141610982), 1.0, 3.8788539967713698, np.float64(1.0471330890488162), np.float64(0.7854938339193753), 0.6283185307179586, 0.5235987755982988, np.float64(0.0992152335972025), 0.2, np.float64(0.2947546750500936), 0.95, False, False, False, True, 0.0, 0.0, np.float64(0.527536221821832), np.float64(-68.23637982076272))
Waveform Generated. SNR: 19.995803765919586
The optimal source SNR is <= 20. The Fisher approximation may not be valid!
calculating Fisher matrix...
Finished derivatives
Calculated Fisher is *atleast* positive-definite.
Time taken to compute FM is 4.707117795944214 seconds
    CV idx1/simple/from_MAP#2 it  26 lam=2.6e+134 ov=0.9999996 chi2=3.493e-04 rel=0.0e+00
    RESULT idx1/simple/from_MAP: ov 0.9999654 -> 0.9999996, chi2=3.4933e-04
    --- start from_0PA ---
    start overlap = 0.9999854
Body is not plunging, Fisher should be stable.
waveform shape: (3, 7889537)
Computing SNR for parameters: (np.float64(1000045.2993026277), np.float64(10.00005385406788), np.float64(-0.49988108898778233), np.float64(12.18408397915838), np.float64(0.09998088553301522), 1.0, 3.8788539967713698, np.float64(1.0461614105279566), np.float64(0.7850544957377287), 0.6283185307179586, 0.5235987755982988, np.float64(0.09843775388386215), 0.2, np.float64(0.27847995375181317), 0.95, False, False, False, True, 0.0, 0.0, np.float64(0.0), np.float64(0.0))
Waveform Generated. SNR: 20.001426815754552
calculating stable deltas...
minimum relative error is greater than 1% for dev_1. Fisher may be unstable!
minimum relative error is greater than 1% for dev_2. Fisher may be unstable!
Time taken to compute stable deltas is 37.92310929298401 seconds
calculating Fisher matrix...
Finished derivatives
Calculated Fisher is *atleast* positive-definite.
Time taken to compute FM is 3.6703743934631348 seconds
    CV idx1/simple/from_0PA#1 it   0 lam=2.3e+08 ov=0.9999854 chi2=1.168e-02 rel=2.1e-12
    NM  nfev=2029 ov 0.9999854 -> 0.9999858 (accepted=True)
Body is not plunging, Fisher should be stable.
waveform shape: (3, 7889537)
Computing SNR for parameters: (np.float64(1000045.2372493814), np.float64(10.000053145061978), np.float64(-0.49988108287012706), np.float64(12.18408414076317), np.float64(0.09998093818008368), 1.0, 3.8788539967713698, np.float64(1.046360496571056), np.float64(0.7850252090552622), 0.6283185307179586, 0.5235987755982988, np.float64(0.0970370136549869), 0.2, np.float64(0.2759907953447464), 0.95, False, False, False, True, 0.0, 0.0, np.float64(0.0035841405805422276), np.float64(-2.0276410338304176))
Waveform Generated. SNR: 20.00081313761959
calculating stable deltas...
Time taken to compute stable deltas is 37.675403118133545 seconds
calculating Fisher matrix...
Finished derivatives
Calculated Fisher is *atleast* positive-definite.
Time taken to compute FM is 3.6772217750549316 seconds
    CV idx1/simple/from_0PA#2 it   0 lam=1.0e-02 ov=0.9999858 chi2=1.135e-02 rel=2.9e-04
Body is not plunging, Fisher should be stable.
waveform shape: (3, 7889537)
Computing SNR for parameters: (np.float64(1000045.2370338594), np.float64(10.000053146438965), np.float64(-0.4998810848370548), np.float64(12.184084139078141), np.float64(0.09998094261880629), 1.0, 3.8788539967713698, np.float64(1.0463584937952486), np.float64(0.7850267669373581), 0.6283185307179586, 0.5235987755982988, np.float64(0.09705551109150293), 0.2, np.float64(0.27609160818123074), 0.95, False, False, False, True, 0.0, 0.0, np.float64(0.003180695067000779), np.float64(-2.0019152456816687))
Waveform Generated. SNR: 20.00081078618927
calculating Fisher matrix...
Finished derivatives
Calculated Fisher is *atleast* positive-definite.
Time taken to compute FM is 4.266106128692627 seconds
    CV idx1/simple/from_0PA#2 it   1 lam=8.3e-03 ov=0.9999858 chi2=1.135e-02 rel=3.5e-04
Body is not plunging, Fisher should be stable.
waveform shape: (3, 7889537)
Computing SNR for parameters: (np.float64(1000045.2368224729), np.float64(10.000053145186296), np.float64(-0.4998810860208943), np.float64(12.1840841375969), np.float64(0.09998094664349023), 1.0, 3.8788539967713698, np.float64(1.0463565273139743), np.float64(0.7850272682117602), 0.6283185307179586, 0.5235987755982988, np.float64(0.09706702510669532), 0.2, np.float64(0.2761672690224299), 0.95, False, False, False, True, 0.0, 0.0, np.float64(0.0029038910302296417), np.float64(-1.9807770383833767))
Waveform Generated. SNR: 20.00081601602784
calculating Fisher matrix...
Finished derivatives
Calculated Fisher is *atleast* positive-definite.
Time taken to compute FM is 4.293428182601929 seconds
    CV idx1/simple/from_0PA#2 it   2 lam=7.9e-03 ov=0.9999859 chi2=1.134e-02 rel=2.2e-04
Body is not plunging, Fisher should be stable.
waveform shape: (3, 7889537)
Computing SNR for parameters: (np.float64(1000045.236594686), np.float64(10.000053138487166), np.float64(-0.4998810867479888), np.float64(12.184084136109606), np.float64(0.09998095112708619), 1.0, 3.8788539967713698, np.float64(1.0463528365153467), np.float64(0.7850271847580599), 0.6283185307179586, 0.5235987755982988, np.float64(0.09709312934519714), 0.2, np.float64(0.27622532432614777), 0.95, False, False, False, True, 0.0, 0.0, np.float64(0.00271034514469228), np.float64(-1.9580548983179695))
Waveform Generated. SNR: 20.000830343401674
calculating Fisher matrix...
Finished derivatives
Calculated Fisher is not positive semi-definite. Try lowering inspiral error tolerance or increasing the derivative order.
Time taken to compute FM is 4.315263748168945 seconds
    CV idx1/simple/from_0PA#2 it   3 lam=8.0e-03 ov=0.9999859 chi2=1.134e-02 rel=3.4e-04
Body is not plunging, Fisher should be stable.
waveform shape: (3, 7889537)
Computing SNR for parameters: (np.float64(1000045.2362197129), np.float64(10.000053146421715), np.float64(-0.4998810883585047), np.float64(12.184084133677867), np.float64(0.09998095572473993), 1.0, 3.8788539967713698, np.float64(1.0463505885701465), np.float64(0.7850289136190334), 0.6283185307179586, 0.5235987755982988, np.float64(0.09709355969086336), 0.2, np.float64(0.2763186930978618), 0.95, False, False, False, True, 0.0, 0.0, np.float64(0.002187070493491482), np.float64(-1.9409182134658378))
Waveform Generated. SNR: 20.00083443479714
calculating Fisher matrix...
Finished derivatives
Calculated Fisher is *atleast* positive-definite.
Time taken to compute FM is 4.242165803909302 seconds
    CV idx1/simple/from_0PA#2 it   4 lam=8.0e-03 ov=0.9999859 chi2=1.133e-02 rel=1.3e-04
Body is not plunging, Fisher should be stable.
waveform shape: (3, 7889537)
Computing SNR for parameters: (np.float64(1000045.236026606), np.float64(10.000053126921136), np.float64(-0.4998810874348352), np.float64(12.184084132753739), np.float64(0.09998095908167866), 1.0, 3.8788539967713698, np.float64(1.0463484573160966), np.float64(0.7850265130445512), 0.6283185307179586, 0.5235987755982988, np.float64(0.09713208829352922), 0.2, np.float64(0.2763068359347353), 0.95, False, False, False, True, 0.0, 0.0, np.float64(0.002362064259950439), np.float64(-1.9328847758564587))
Waveform Generated. SNR: 20.000850471639726
calculating stable deltas...
minimum relative error is greater than 1% for dev_1. Fisher may be unstable!
Time taken to compute stable deltas is 37.766802072525024 seconds
calculating Fisher matrix...
Finished derivatives
Calculated Fisher is *atleast* positive-definite.
Time taken to compute FM is 3.6826419830322266 seconds
    CV idx1/simple/from_0PA#2 it   5 lam=6.5e-03 ov=0.9999859 chi2=1.133e-02 rel=1.6e-04
Body is not plunging, Fisher should be stable.
waveform shape: (3, 7889537)
Computing SNR for parameters: (np.float64(1000045.2358274641), np.float64(10.000053112211228), np.float64(-0.4998810874906422), np.float64(12.18408413157625), np.float64(0.09998096279243325), 1.0, 3.8788539967713698, np.float64(1.0463450465879474), np.float64(0.7850269968941316), 0.6283185307179586, 0.5235987755982988, np.float64(0.09715458644387427), 0.2, np.float64(0.2763216269899655), 0.95, False, False, False, True, 0.0, 0.0, np.float64(0.002336732950313977), np.float64(-1.9124808742558737))
Waveform Generated. SNR: 20.0008615635714
calculating Fisher matrix...
Finished derivatives
Calculated Fisher is not positive semi-definite. Try lowering inspiral error tolerance or increasing the derivative order.
Time taken to compute FM is 4.302430152893066 seconds
    CV idx1/simple/from_0PA#2 it   6 lam=2.2e-03 ov=0.9999859 chi2=1.133e-02 rel=2.2e-04
Body is not plunging, Fisher should be stable.
waveform shape: (3, 7889537)
Computing SNR for parameters: (np.float64(1000045.2355523079), np.float64(10.000053095556227), np.float64(-0.4998810877686371), np.float64(12.184084129938432), np.float64(0.09998096689609264), 1.0, 3.8788539967713698, np.float64(1.046342527610755), np.float64(0.7850271358560599), 0.6283185307179586, 0.5235987755982988, np.float64(0.09717428583977007), 0.2, np.float64(0.2763553569561574), 0.95, False, False, False, True, 0.0, 0.0, np.float64(0.0022769914893816423), np.float64(-1.896789984518153))
Waveform Generated. SNR: 20.00087041271206
calculating Fisher matrix...
Finished derivatives
Calculated Fisher is *atleast* positive-definite.
Time taken to compute FM is 4.2510645389556885 seconds
    CV idx1/simple/from_0PA#2 it   7 lam=2.2e-03 ov=0.9999859 chi2=1.133e-02 rel=8.4e-04
Body is not plunging, Fisher should be stable.
waveform shape: (3, 7889537)
Computing SNR for parameters: (np.float64(1000045.2341173214), np.float64(10.000053115777597), np.float64(-0.4998810899293429), np.float64(12.184084121645876), np.float64(0.09998097975948815), 1.0, 3.8788539967713698, np.float64(1.046340051895695), np.float64(0.7850294044680571), 0.6283185307179586, 0.5235987755982988, np.float64(0.0971620824526627), 0.2, np.float64(0.2765347271405161), 0.95, False, False, False, True, 0.0, 0.0, np.float64(0.0009592537835496947), np.float64(-1.893091234593003))
Waveform Generated. SNR: 20.000871648530524
calculating Fisher matrix...
Finished derivatives
Calculated Fisher is *atleast* positive-definite.
Time taken to compute FM is 4.303911924362183 seconds
    CV idx1/simple/from_0PA#2 it   8 lam=1.6e-03 ov=0.9999859 chi2=1.132e-02 rel=5.1e-04
Body is not plunging, Fisher should be stable.
waveform shape: (3, 7889537)
Computing SNR for parameters: (np.float64(1000045.2331382133), np.float64(10.000053056107571), np.float64(-0.49988108718047963), np.float64(12.184084116839607), np.float64(0.09998098764954293), 1.0, 3.8788539967713698, np.float64(1.0463393287116356), np.float64(0.7850269727001951), 0.6283185307179586, 0.5235987755982988, np.float64(0.0971922307656893), 0.2, np.float64(0.2764729964500048), 0.95, False, False, False, True, 0.0, 0.0, np.float64(0.0013090001002308332), np.float64(-1.9117789635655706))
Waveform Generated. SNR: 20.000883926037428
calculating Fisher matrix...
Finished derivatives
Calculated Fisher is not positive semi-definite. Try lowering inspiral error tolerance or increasing the derivative order.
Time taken to compute FM is 4.287637948989868 seconds
    CV idx1/simple/from_0PA#2 it   9 lam=1.1e-03 ov=0.9999859 chi2=1.131e-02 rel=5.9e-04
Body is not plunging, Fisher should be stable.
waveform shape: (3, 7889537)
Computing SNR for parameters: (np.float64(1000045.2318631555), np.float64(10.0000529798646), np.float64(-0.49988108571467316), np.float64(12.184084110116641), np.float64(0.09998099775566782), 1.0, 3.8788539967713698, np.float64(1.0463387152643147), np.float64(0.7850265439752363), 0.6283185307179586, 0.5235987755982988, np.float64(0.09719875926258585), 0.2, np.float64(0.27647489510252576), 0.95, False, False, False, True, 0.0, 0.0, np.float64(0.0014841801050791046), np.float64(-1.9273853378981958))
Waveform Generated. SNR: 20.00088819327647
calculating stable deltas...
Time taken to compute stable deltas is 37.75272059440613 seconds
calculating Fisher matrix...
Finished derivatives
Calculated Fisher is not positive semi-definite. Try lowering inspiral error tolerance or increasing the derivative order.
Time taken to compute FM is 3.6699180603027344 seconds
    CV idx1/simple/from_0PA#2 it  10 lam=3.6e-04 ov=0.9999859 chi2=1.131e-02 rel=1.1e-03
Body is not plunging, Fisher should be stable.
waveform shape: (3, 7889537)
Computing SNR for parameters: (np.float64(1000045.2298830563), np.float64(10.000052895319635), np.float64(-0.4998810852519953), np.float64(12.184084099302423), np.float64(0.09998101502698958), 1.0, 3.8788539967713698, np.float64(1.046335548206905), np.float64(0.7850279050748049), 0.6283185307179586, 0.5235987755982988, np.float64(0.09720434831091873), 0.2, np.float64(0.2765630486693026), 0.95, False, False, False, True, 0.0, 0.0, np.float64(0.0011786090638016293), np.float64(-1.933755668827328))
Waveform Generated. SNR: 20.00089555931546
calculating Fisher matrix...
Finished derivatives
Calculated Fisher is *atleast* positive-definite.
Time taken to compute FM is 4.324606657028198 seconds
    CV idx1/simple/from_0PA#2 it  11 lam=3.9e-04 ov=0.9999859 chi2=1.129e-02 rel=3.1e-03
Body is not plunging, Fisher should be stable.
waveform shape: (3, 7889537)
Computing SNR for parameters: (np.float64(1000045.220549685), np.float64(10.00005312056869), np.float64(-0.49988108234010153), np.float64(12.184084049697855), np.float64(0.0999810838761706), 1.0, 3.8788539967713698, np.float64(1.0463307819485965), np.float64(0.7850284995319702), 0.6283185307179586, 0.5235987755982988, np.float64(0.09715604435401098), 0.2, np.float64(0.27691471315561506), 0.95, False, False, False, True, 0.0, 0.0, np.float64(-0.006130188559050717), np.float64(-2.0710955116596197))
Waveform Generated. SNR: 20.000915204518474
calculating Fisher matrix...
Finished derivatives
Calculated Fisher is *atleast* positive-definite.
Time taken to compute FM is 4.321200132369995 seconds
    CV idx1/simple/from_0PA#2 it  12 lam=3.9e-04 ov=0.9999860 chi2=1.126e-02 rel=4.6e-03
Body is not plunging, Fisher should be stable.
waveform shape: (3, 7889537)
Computing SNR for parameters: (np.float64(1000045.212235149), np.float64(10.000053315041585), np.float64(-0.4998810750238823), np.float64(12.18408400661327), np.float64(0.09998115072640129), 1.0, 3.8788539967713698, np.float64(1.0463358609836095), np.float64(0.7850310246032134), 0.6283185307179586, 0.5235987755982988, np.float64(0.09713842724266963), 0.2, np.float64(0.27705453391488816), 0.95, False, False, False, True, 0.0, 0.0, np.float64(-0.01199917458144207), np.float64(-2.200586342370444))
Waveform Generated. SNR: 20.000884602326746
calculating Fisher matrix...
Finished derivatives
Calculated Fisher is not positive semi-definite. Try lowering inspiral error tolerance or increasing the derivative order.
Time taken to compute FM is 4.253259658813477 seconds
    CV idx1/simple/from_0PA#2 it  13 lam=3.9e-04 ov=0.9999860 chi2=1.121e-02 rel=2.8e-03
Body is not plunging, Fisher should be stable.
waveform shape: (3, 7889537)
Computing SNR for parameters: (np.float64(1000045.2076688133), np.float64(10.000052861392502), np.float64(-0.49988106447584596), np.float64(12.184083983688842), np.float64(0.09998117770684004), 1.0, 3.8788539967713698, np.float64(1.0463367670711636), np.float64(0.7850275308329525), 0.6283185307179586, 0.5235987755982988, np.float64(0.0971583092063095), 0.2, np.float64(0.2767910199711811), 0.95, False, False, False, True, 0.0, 0.0, np.float64(-0.008874268829853428), np.float64(-2.3460306033819682))
Waveform Generated. SNR: 20.00089635618957
calculating Fisher matrix...
Finished derivatives
Calculated Fisher is not positive semi-definite. Try lowering inspiral error tolerance or increasing the derivative order.
Time taken to compute FM is 4.313780784606934 seconds
    CV idx1/simple/from_0PA#2 it  14 lam=3.9e-04 ov=0.9999861 chi2=1.118e-02 rel=1.9e-03
Body is not plunging, Fisher should be stable.
waveform shape: (3, 7889537)
Computing SNR for parameters: (np.float64(1000045.2035720001), np.float64(10.000052391971131), np.float64(-0.4998810598314754), np.float64(12.184083961963049), np.float64(0.09998120759711847), 1.0, 3.8788539967713698, np.float64(1.0463362903806186), np.float64(0.7850224181899728), 0.6283185307179586, 0.5235987755982988, np.float64(0.0971321113388243), 0.2, np.float64(0.2768184468077862), 0.95, False, False, False, True, 0.0, 0.0, np.float64(-0.006007331441769816), np.float64(-2.4248303057462035))
Waveform Generated. SNR: 20.000917886148233
calculating stable deltas...
Time taken to compute stable deltas is 37.77500629425049 seconds
calculating Fisher matrix...
Finished derivatives
Calculated Fisher is *atleast* positive-definite.
Time taken to compute FM is 3.7180278301239014 seconds
    CV idx1/simple/from_0PA#2 it  15 lam=1.3e-04 ov=0.9999861 chi2=1.116e-02 rel=2.8e-03
Body is not plunging, Fisher should be stable.
waveform shape: (3, 7889537)
Computing SNR for parameters: (np.float64(1000045.1981514985), np.float64(10.00005215273242), np.float64(-0.49988105782312237), np.float64(12.184083932720469), np.float64(0.09998124975034602), 1.0, 3.8788539967713698, np.float64(1.0463361696397966), np.float64(0.7850252090761645), 0.6283185307179586, 0.5235987755982988, np.float64(0.09708276107068668), 0.2, np.float64(0.27699419702566774), 0.95, False, False, False, True, 0.0, 0.0, np.float64(-0.006537733004687088), np.float64(-2.4876209952712616))
Waveform Generated. SNR: 20.000907576494676
calculating Fisher matrix...
Finished derivatives
Calculated Fisher is not positive semi-definite. Try lowering inspiral error tolerance or increasing the derivative order.
Time taken to compute FM is 4.272245168685913 seconds
    CV idx1/simple/from_0PA#2 it  16 lam=4.3e-05 ov=0.9999861 chi2=1.112e-02 rel=8.3e-03
Body is not plunging, Fisher should be stable.
waveform shape: (3, 7889537)
Computing SNR for parameters: (np.float64(1000045.1801151665), np.float64(10.000051701737949), np.float64(-0.4998810443248195), np.float64(12.18408384196984), np.float64(0.09998138098233061), 1.0, 3.8788539967713698, np.float64(1.0463375872999363), np.float64(0.7850245995409395), 0.6283185307179586, 0.5235987755982988, np.float64(0.0969936614495545), 0.2, np.float64(0.27728926281223715), 0.95, False, False, False, True, 0.0, 0.0, np.float64(-0.010624421930823462), np.float64(-2.7958354770464977))
Waveform Generated. SNR: 20.000906472756824
calculating Fisher matrix...
Finished derivatives
Calculated Fisher is not positive semi-definite. Try lowering inspiral error tolerance or increasing the derivative order.
Time taken to compute FM is 4.29927659034729 seconds
    CV idx1/simple/from_0PA#2 it  17 lam=1.4e-05 ov=0.9999862 chi2=1.103e-02 rel=2.1e-02
Body is not plunging, Fisher should be stable.
waveform shape: (3, 7889537)
Computing SNR for parameters: (np.float64(1000045.1333531805), np.float64(10.00004976831473), np.float64(-0.49988100355885895), np.float64(12.184083604142375), np.float64(0.09998171871707666), 1.0, 3.8788539967713698, np.float64(1.046343755501617), np.float64(0.7850206459818823), 0.6283185307179586, 0.5235987755982988, np.float64(0.09679027686851298), 0.2, np.float64(0.2778160107791663), 0.95, False, False, False, True, 0.0, 0.0, np.float64(-0.01304658410456733), np.float64(-3.6347720461943256))
Waveform Generated. SNR: 20.00090312048278
calculating Fisher matrix...
Finished derivatives
Calculated Fisher is *atleast* positive-definite.
Time taken to compute FM is 4.309462070465088 seconds
    CV idx1/simple/from_0PA#2 it  18 lam=1.4e-05 ov=0.9999865 chi2=1.080e-02 rel=4.2e-02
Body is not plunging, Fisher should be stable.
waveform shape: (3, 7889537)
Computing SNR for parameters: (np.float64(1000044.9955652569), np.float64(10.000050121394617), np.float64(-0.49988089054156), np.float64(12.184082909804935), np.float64(0.0999827249353835), 1.0, 3.8788539967713698, np.float64(1.0463541124056135), np.float64(0.7850187199561295), 0.6283185307179586, 0.5235987755982988, np.float64(0.09642070495151772), 0.2, np.float64(0.2797607024179116), 0.95, False, False, False, True, 0.0, 0.0, np.float64(-0.0814827237676171), np.float64(-6.063068760795128))
Waveform Generated. SNR: 20.00089927660248
calculating Fisher matrix...
Finished derivatives
Calculated Fisher is not positive semi-definite. Try lowering inspiral error tolerance or increasing the derivative order.
Time taken to compute FM is 4.2768800258636475 seconds
    CV idx1/simple/from_0PA#2 it  19 lam=4.7e-06 ov=0.9999871 chi2=1.034e-02 rel=4.4e-02
Body is not plunging, Fisher should be stable.
waveform shape: (3, 7889537)
Computing SNR for parameters: (np.float64(1000044.8987064249), np.float64(10.000047113848076), np.float64(-0.49988081199738665), np.float64(12.18408243646195), np.float64(0.09998341086575156), 1.0, 3.8788539967713698, np.float64(1.0463628313071474), np.float64(0.7850031560789208), 0.6283185307179586, 0.5235987755982988, np.float64(0.09580723825506471), 0.2, np.float64(0.28079052924308456), 0.95, False, False, False, True, 0.0, 0.0, np.float64(-0.09577923660725324), np.float64(-7.764478902349989))
Waveform Generated. SNR: 20.000943795603156
calculating stable deltas...
Time taken to compute stable deltas is 37.83900260925293 seconds
calculating Fisher matrix...
Finished derivatives
Calculated Fisher is not positive semi-definite. Try lowering inspiral error tolerance or increasing the derivative order.
Time taken to compute FM is 3.715771436691284 seconds
    CV idx1/simple/from_0PA#2 it  20 lam=1.6e-06 ov=0.9999877 chi2=9.890e-03 rel=4.5e-02
Body is not plunging, Fisher should be stable.
waveform shape: (3, 7889537)
Computing SNR for parameters: (np.float64(1000044.7031014753), np.float64(10.000042517129396), np.float64(-0.4998806868142588), np.float64(12.184081630553603), np.float64(0.09998472963254536), 1.0, 3.8788539967713698, np.float64(1.0463840351584612), np.float64(0.7849879354915071), 0.6283185307179586, 0.5235987755982988, np.float64(0.09503074285488376), 0.2, np.float64(0.2830472407314744), 0.95, False, False, False, True, 0.0, 0.0, np.float64(-0.1345887512863276), np.float64(-10.98305018029371))
Waveform Generated. SNR: 20.000953237406307
calculating Fisher matrix...
Finished derivatives
Calculated Fisher is *atleast* positive-definite.
Time taken to compute FM is 4.311030626296997 seconds
    CV idx1/simple/from_0PA#2 it  21 lam=5.2e-07 ov=0.9999882 chi2=9.445e-03 rel=2.3e-02
Body is not plunging, Fisher should be stable.
waveform shape: (3, 7889537)
Computing SNR for parameters: (np.float64(1000044.4586482887), np.float64(10.000037740205672), np.float64(-0.4998806644935257), np.float64(12.184081244768535), np.float64(0.09998604638442656), 1.0, 3.8788539967713698, np.float64(1.046401152191647), np.float64(0.7849745137244154), 0.6283185307179586, 0.5235987755982988, np.float64(0.09430334160970075), 0.2, np.float64(0.28523835701758077), 0.95, False, False, False, True, 0.0, 0.0, np.float64(-0.1704358053055827), np.float64(-14.118582705315063))
Waveform Generated. SNR: 20.00096821061746
calculating Fisher matrix...
Finished derivatives
Calculated Fisher is *atleast* positive-definite.
Time taken to compute FM is 4.2490925788879395 seconds
    CV idx1/simple/from_0PA#2 it  22 lam=5.2e-07 ov=0.9999885 chi2=9.224e-03 rel=8.3e-03
Body is not plunging, Fisher should be stable.
waveform shape: (3, 7889537)
Computing SNR for parameters: (np.float64(1000044.1088392085), np.float64(10.000050566962202), np.float64(-0.49988102280611624), np.float64(12.184082507311334), np.float64(0.099986959454028), 1.0, 3.8788539967713698, np.float64(1.0464123488154227), np.float64(0.7849696538173944), 0.6283185307179586, 0.5235987755982988, np.float64(0.0939535852884412), 0.2, np.float64(0.2865055283283481), 0.95, False, False, False, True, 0.0, 0.0, np.float64(-0.3526668965188075), np.float64(-16.245923039322946))
Waveform Generated. SNR: 20.000990688952683
calculating Fisher matrix...
Finished derivatives
Calculated Fisher is *atleast* positive-definite.
Time taken to compute FM is 4.300267219543457 seconds
    CV idx1/simple/from_0PA#2 it  23 lam=1.7e-07 ov=0.9999886 chi2=9.148e-03 rel=7.4e-03
Body is not plunging, Fisher should be stable.
waveform shape: (3, 7889537)
Computing SNR for parameters: (np.float64(1000043.9008805172), np.float64(10.000048945931704), np.float64(-0.4998814738670319), np.float64(12.184084353300433), np.float64(0.09998692275291707), 1.0, 3.8788539967713698, np.float64(1.0464086131712378), np.float64(0.7849739585177269), 0.6283185307179586, 0.5235987755982988, np.float64(0.09407686910552594), 0.2, np.float64(0.28619511493223004), 0.95, False, False, False, True, 0.0, 0.0, np.float64(-0.32932817955287585), np.float64(-15.786985137663708))
Waveform Generated. SNR: 20.000980542314053
calculating Fisher matrix...
Finished derivatives
Calculated Fisher is not positive semi-definite. Try lowering inspiral error tolerance or increasing the derivative order.
Time taken to compute FM is 4.3062498569488525 seconds
    CV idx1/simple/from_0PA#2 it  24 lam=5.8e-08 ov=0.9999887 chi2=9.080e-03 rel=2.0e-02
Body is not plunging, Fisher should be stable.
waveform shape: (3, 7889537)
Computing SNR for parameters: (np.float64(1000043.1752048716), np.float64(10.000055161685495), np.float64(-0.49988274028154145), np.float64(12.184089397964474), np.float64(0.09998752313751039), 1.0, 3.8788539967713698, np.float64(1.0464194754194898), np.float64(0.7849797825828946), 0.6283185307179586, 0.5235987755982988, np.float64(0.09410766514039438), 0.2, np.float64(0.2863227750412472), 0.95, False, False, False, True, 0.0, 0.0, np.float64(-0.4159906035245693), np.float64(-16.51119661441595))
Waveform Generated. SNR: 20.000931518089697
calculating stable deltas...
Time taken to compute stable deltas is 37.80282711982727 seconds
calculating Fisher matrix...
Finished derivatives
Calculated Fisher is not positive semi-definite. Try lowering inspiral error tolerance or increasing the derivative order.
Time taken to compute FM is 3.661653518676758 seconds
    CV idx1/simple/from_0PA#2 it  25 lam=1.9e-08 ov=0.9999889 chi2=8.903e-03 rel=5.8e-02
Body is not plunging, Fisher should be stable.
waveform shape: (3, 7889537)
Computing SNR for parameters: (np.float64(1000041.0290528933), np.float64(10.000064847031048), np.float64(-0.4998864847145401), np.float64(12.18410431340627), np.float64(0.09998930277076458), 1.0, 3.8788539967713698, np.float64(1.0464440358148888), np.float64(0.7849942966133561), 0.6283185307179586, 0.5235987755982988, np.float64(0.09420785245159491), 0.2, np.float64(0.2867007698402538), 0.95, False, False, False, True, 0.0, 0.0, np.float64(-0.5854325280381566), np.float64(-18.57122822234703))
Waveform Generated. SNR: 20.00081055143578
calculating Fisher matrix...
Finished derivatives
Calculated Fisher is not positive semi-definite. Try lowering inspiral error tolerance or increasing the derivative order.
Time taken to compute FM is 4.320952892303467 seconds
    CV idx1/simple/from_0PA#2 it  26 lam=6.5e-09 ov=0.9999895 chi2=8.387e-03 rel=1.6e-01
Body is not plunging, Fisher should be stable.
waveform shape: (3, 7889537)
Computing SNR for parameters: (np.float64(1000035.2219854489), np.float64(10.000024672492245), np.float64(-0.4998967278667538), np.float64(12.184145176998182), np.float64(0.09999385331034674), 1.0, 3.8788539967713698, np.float64(1.0465068372149349), np.float64(0.7850377209132429), 0.6283185307179586, 0.5235987755982988, np.float64(0.09469880712240464), 0.2, np.float64(0.28731241602039537), 0.95, False, False, False, True, 0.0, 0.0, np.float64(-0.36222286140387705), np.float64(-22.68880977933039))
Waveform Generated. SNR: 20.00034130271847
calculating Fisher matrix...
Finished derivatives
Calculated Fisher is not positive semi-definite. Try lowering inspiral error tolerance or increasing the derivative order.
Time taken to compute FM is 4.293057918548584 seconds
    CV idx1/simple/from_0PA#2 it  27 lam=2.2e-09 ov=0.9999912 chi2=7.070e-03 rel=3.7e-01
Body is not plunging, Fisher should be stable.
waveform shape: (3, 7889537)
Computing SNR for parameters: (np.float64(1000021.5856391032), np.float64(9.99998570206926), np.float64(-0.4999207152142756), np.float64(12.184240827921409), np.float64(0.1000047044711143), 1.0, 3.8788539967713698, np.float64(1.0466419107387184), np.float64(0.7851396749480063), 0.6283185307179586, 0.5235987755982988, np.float64(0.09575138157019118), 0.2, np.float64(0.2890876857554942), 0.95, False, False, False, True, 0.0, 0.0, np.float64(-0.4027984846711664), np.float64(-33.34043596963993))
Waveform Generated. SNR: 19.999390593610322
The optimal source SNR is <= 20. The Fisher approximation may not be valid!
calculating Fisher matrix...
Finished derivatives
Calculated Fisher is not positive semi-definite. Try lowering inspiral error tolerance or increasing the derivative order.
Time taken to compute FM is 4.258150100708008 seconds
    CV idx1/simple/from_0PA#2 it  28 lam=7.2e-10 ov=0.9999944 chi2=4.485e-03 rel=6.5e-01
Body is not plunging, Fisher should be stable.
waveform shape: (3, 7889537)
Computing SNR for parameters: (np.float64(999999.6865547153), np.float64(9.999948621935095), np.float64(-0.49995923427236716), np.float64(12.18439443506754), np.float64(0.10002211897326935), 1.0, 3.8788539967713698, np.float64(1.0468874052323178), np.float64(0.7853047020279484), 0.6283185307179586, 0.5235987755982988, np.float64(0.09728161885181238), 0.2, np.float64(0.291715815605607), 0.95, False, False, False, True, 0.0, 0.0, np.float64(-0.7232067731573834), np.float64(-50.819598544519124))
Waveform Generated. SNR: 19.997809430421366
The optimal source SNR is <= 20. The Fisher approximation may not be valid!
calculating Fisher matrix...
Finished derivatives
Calculated Fisher is *atleast* positive-definite.
Time taken to compute FM is 4.319044351577759 seconds
    CV idx1/simple/from_0PA#2 it  29 lam=2.4e-10 ov=0.9999980 chi2=1.565e-03 rel=6.8e-01
Body is not plunging, Fisher should be stable.
waveform shape: (3, 7889537)
Computing SNR for parameters: (np.float64(999981.0262496467), np.float64(9.999810522899699), np.float64(-0.4999920790323057), np.float64(12.184525414870942), np.float64(0.10003691757086024), 1.0, 3.8788539967713698, np.float64(1.0470762698360372), np.float64(0.785444325152625), 0.6283185307179586, 0.5235987755982988, np.float64(0.09875416332264453), 0.2, np.float64(0.29404670122202997), 0.95, False, False, False, True, 0.0, 0.0, np.float64(0.07183905037861182), np.float64(-64.43723614424175))
Waveform Generated. SNR: 19.996326706333367
The optimal source SNR is <= 20. The Fisher approximation may not be valid!
calculating stable deltas...
Time taken to compute stable deltas is 37.85246133804321 seconds
calculating Fisher matrix...
Finished derivatives
Calculated Fisher is not positive semi-definite. Try lowering inspiral error tolerance or increasing the derivative order.
Time taken to compute FM is 3.7142581939697266 seconds
    CV idx1/simple/from_0PA#2 it  30 lam=8.0e-11 ov=0.9999994 chi2=4.965e-04 rel=3.1e-01
Body is not plunging, Fisher should be stable.
waveform shape: (3, 7889537)
Computing SNR for parameters: (np.float64(999974.476808198), np.float64(9.999798950366129), np.float64(-0.5000036009102828), np.float64(12.184571366385974), np.float64(0.10004212137086421), 1.0, 3.8788539967713698, np.float64(1.0471551513617037), np.float64(0.7854938632764483), 0.6283185307179586, 0.5235987755982988, np.float64(0.0992611260753995), 0.2, np.float64(0.2948597100164649), 0.95, False, False, False, True, 0.0, 0.0, np.float64(-0.018845014053892953), np.float64(-69.63999852443875))
Waveform Generated. SNR: 19.99582966258859
The optimal source SNR is <= 20. The Fisher approximation may not be valid!
calculating Fisher matrix...
Finished derivatives
Calculated Fisher is *atleast* positive-definite.
Time taken to compute FM is 4.26541805267334 seconds
    CV idx1/simple/from_0PA#2 it  31 lam=2.6e-06 ov=0.9999996 chi2=3.447e-04 rel=2.0e-03
Body is not plunging, Fisher should be stable.
waveform shape: (3, 7889537)
Computing SNR for parameters: (np.float64(999974.481467381), np.float64(9.999799250771968), np.float64(-0.500003608895799), np.float64(12.184571398533516), np.float64(0.10004208727093712), 1.0, 3.8788539967713698, np.float64(1.0471416765168886), np.float64(0.7855021217025789), 0.6283185307179586, 0.5235987755982988, np.float64(0.09930802862450047), 0.2, np.float64(0.29487429259448344), 0.95, False, False, False, True, 0.0, 0.0, np.float64(-0.0197156743129665), np.float64(-69.49102848819183))
Waveform Generated. SNR: 19.995845447346095
The optimal source SNR is <= 20. The Fisher approximation may not be valid!
calculating Fisher matrix...
Finished derivatives
Calculated Fisher is not positive semi-definite. Try lowering inspiral error tolerance or increasing the derivative order.
Time taken to compute FM is 4.307117462158203 seconds
    CV idx1/simple/from_0PA#2 it  32 lam=4.2e-06 ov=0.9999996 chi2=3.440e-04 rel=2.3e-04
Body is not plunging, Fisher should be stable.
waveform shape: (3, 7889537)
Computing SNR for parameters: (np.float64(999974.4807955604), np.float64(9.999798399381294), np.float64(-0.5000036092616843), np.float64(12.184571401894722), np.float64(0.10004208752177961), 1.0, 3.8788539967713698, np.float64(1.0471441296732837), np.float64(0.7855013728895032), 0.6283185307179586, 0.5235987755982988, np.float64(0.09929962548342715), 0.2, np.float64(0.294851534920067), 0.95, False, False, False, True, 0.0, 0.0, np.float64(-0.011186238518728775), np.float64(-69.49789156908756))
Waveform Generated. SNR: 19.995837203271034
The optimal source SNR is <= 20. The Fisher approximation may not be valid!
calculating Fisher matrix...
Finished derivatives
Calculated Fisher is *atleast* positive-definite.
Time taken to compute FM is 4.254055738449097 seconds
    CV idx1/simple/from_0PA#2 it  33 lam=6.3e-05 ov=0.9999996 chi2=3.439e-04 rel=4.3e-06
Body is not plunging, Fisher should be stable.
waveform shape: (3, 7889537)
Computing SNR for parameters: (np.float64(999974.480051229), np.float64(9.999798354162298), np.float64(-0.5000036084734789), np.float64(12.184571398632782), np.float64(0.10004209162503794), 1.0, 3.8788539967713698, np.float64(1.0471448423092768), np.float64(0.7855011590615515), 0.6283185307179586, 0.5235987755982988, np.float64(0.0992832319177973), 0.2, np.float64(0.2948435615201652), 0.95, False, False, False, True, 0.0, 0.0, np.float64(-0.011025429998032733), np.float64(-69.51961867559905))
Waveform Generated. SNR: 19.99583517070113
The optimal source SNR is <= 20. The Fisher approximation may not be valid!
calculating Fisher matrix...
Finished derivatives
Calculated Fisher is *atleast* positive-definite.
Time taken to compute FM is 4.304254055023193 seconds
    CV idx1/simple/from_0PA#2 it  34 lam=4.3e-05 ov=0.9999996 chi2=3.439e-04 rel=1.3e-04
Body is not plunging, Fisher should be stable.
waveform shape: (3, 7889537)
Computing SNR for parameters: (np.float64(999974.4800824232), np.float64(9.999798315618902), np.float64(-0.5000036087587981), np.float64(12.184571398992347), np.float64(0.10004209195584986), 1.0, 3.8788539967713698, np.float64(1.0471438410464542), np.float64(0.7855012737206215), 0.6283185307179586, 0.5235987755982988, np.float64(0.09928990995014149), 0.2, np.float64(0.29485385685423987), 0.95, False, False, False, True, 0.0, 0.0, np.float64(-0.010653484281632014), np.float64(-69.51104846421035))
Waveform Generated. SNR: 19.995838701176154
The optimal source SNR is <= 20. The Fisher approximation may not be valid!
calculating stable deltas...
minimum relative error is greater than 1% for dev_1. Fisher may be unstable!
Time taken to compute stable deltas is 38.76324415206909 seconds
calculating Fisher matrix...
Finished derivatives
Calculated Fisher is *atleast* positive-definite.
Time taken to compute FM is 3.7044129371643066 seconds
    CV idx1/simple/from_0PA#2 it  35 lam=1.0e-04 ov=0.9999996 chi2=3.439e-04 rel=7.7e-05
Body is not plunging, Fisher should be stable.
waveform shape: (3, 7889537)
Computing SNR for parameters: (np.float64(999974.4802633678), np.float64(9.999798270135837), np.float64(-0.5000036089776415), np.float64(12.184571400055255), np.float64(0.10004209078470218), 1.0, 3.8788539967713698, np.float64(1.0471434233668055), np.float64(0.7855012544470995), 0.6283185307179586, 0.5235987755982988, np.float64(0.09929410648101933), 0.2, np.float64(0.2948536677169975), 0.95, False, False, False, True, 0.0, 0.0, np.float64(-0.010117142606624102), np.float64(-69.50506908339625))
Waveform Generated. SNR: 19.99584043029519
The optimal source SNR is <= 20. The Fisher approximation may not be valid!
calculating Fisher matrix...
Finished derivatives
Calculated Fisher is *atleast* positive-definite.
Time taken to compute FM is 4.326034784317017 seconds
    CV idx1/simple/from_0PA#2 it  36 lam=9.5e+135 ov=0.9999996 chi2=3.439e-04 rel=0.0e+00
    RESULT idx1/simple/from_0PA: ov 0.9999854 -> 0.9999996, chi2=3.4387e-04
    BEST  idx1/simple: from_0PA ov=0.9999996
==============================================================================
[idx7 (a=+0.0, e0=0.2) | 0PA | dt=10.0]  SNR=19.991 (A=14.119 E=14.153 T=0.030; T%=0.00)
    --- start from_MAP ---
    start overlap = 0.9997485
Body is not plunging, Fisher should be stable.
waveform shape: (3, 7889537)
Computing SNR for parameters: (np.float64(1000046.9407340881), np.float64(10.000091856326865), np.float64(9.360413131232411e-05), np.float64(11.097043137679432), np.float64(0.19998857002973178), 1.0, 6.165893030556978, np.float64(1.0471975511965976), np.float64(0.7853981633974483), 0.6283185307179586, 0.5235987755982988, np.float64(0.1373444014777716), 0.2, np.float64(0.2623020706691114), 0.95, False, False, False, False)
Waveform Generated. SNR: 19.9930724119672
The optimal source SNR is <= 20. The Fisher approximation may not be valid!
calculating stable deltas...
minimum relative error is greater than 1% for a. Fisher may be unstable!
Time taken to compute stable deltas is 31.826204299926758 seconds
calculating Fisher matrix...
Finished derivatives
Calculated Fisher is *atleast* positive-definite.
Time taken to compute FM is 3.029550075531006 seconds
    CV idx7/0PA/from_MAP#1 it   0 lam=3.0e-02 ov=0.9997485 chi2=2.010e-01 rel=5.8e-02
Body is not plunging, Fisher should be stable.
waveform shape: (3, 7889537)
Computing SNR for parameters: (np.float64(1000046.9349524137), np.float64(10.000091375279498), np.float64(9.355769825737514e-05), np.float64(11.097043102410456), np.float64(0.19998845082413227), 1.0, 6.165893030556978, np.float64(1.046257051792089), np.float64(0.7838893286632002), 0.6283185307179586, 0.5235987755982988, np.float64(0.12406989677502109), 0.2, np.float64(0.26160310708180723), 0.95, False, False, False, False)
Waveform Generated. SNR: 20.004503763752766
calculating Fisher matrix...
Finished derivatives
Calculated Fisher is *atleast* positive-definite.
Time taken to compute FM is 3.6488144397735596 seconds
    CV idx7/0PA/from_MAP#1 it   1 lam=1.0e-02 ov=0.9997634 chi2=1.894e-01 rel=5.8e-01
Body is not plunging, Fisher should be stable.
waveform shape: (3, 7889537)
Computing SNR for parameters: (np.float64(1000046.9372492401), np.float64(10.000090980510038), np.float64(9.355091255162739e-05), np.float64(11.097043105978114), np.float64(0.19998842013281484), 1.0, 6.165893030556978, np.float64(1.0461074092013785), np.float64(0.783952451947945), 0.6283185307179586, 0.5235987755982988, np.float64(0.11768693189492613), 0.2, np.float64(0.25931194046288636), 0.95, False, False, False, False)
Waveform Generated. SNR: 20.00482823235314
calculating Fisher matrix...
Finished derivatives
Calculated Fisher is *atleast* positive-definite.
Time taken to compute FM is 3.620258092880249 seconds
    CV idx7/0PA/from_MAP#1 it   2 lam=1.0e-02 ov=0.9999011 chi2=7.926e-02 rel=5.0e-02
Body is not plunging, Fisher should be stable.
waveform shape: (3, 7889537)
Computing SNR for parameters: (np.float64(1000046.9413790739), np.float64(10.000090567686481), np.float64(9.353903834876691e-05), np.float64(11.097043071527553), np.float64(0.1999883733495899), 1.0, 6.165893030556978, np.float64(1.0460125106741531), np.float64(0.7841870708310558), 0.6283185307179586, 0.5235987755982988, np.float64(0.1129123186181326), 0.2, np.float64(0.25785712320520815), 0.95, False, False, False, False)
Waveform Generated. SNR: 20.00412591815024
calculating Fisher matrix...
Finished derivatives
Calculated Fisher is *atleast* positive-definite.
Time taken to compute FM is 3.6016838550567627 seconds
    CV idx7/0PA/from_MAP#1 it   3 lam=9.1e-02 ov=0.9999060 chi2=7.527e-02 rel=6.2e-02
Body is not plunging, Fisher should be stable.
waveform shape: (3, 7889537)
Computing SNR for parameters: (np.float64(1000046.9432999484), np.float64(10.000090531737918), np.float64(9.348972712310375e-05), np.float64(11.097043073032046), np.float64(0.19998838230413218), 1.0, 6.165893030556978, np.float64(1.0460632898879043), np.float64(0.7843004011876842), 0.6283185307179586, 0.5235987755982988, np.float64(0.11290109584070916), 0.2, np.float64(0.25935433656990686), 0.95, False, False, False, False)
Waveform Generated. SNR: 20.003366471584197
calculating Fisher matrix...
Finished derivatives
Calculated Fisher is *atleast* positive-definite.
Time taken to compute FM is 3.6989314556121826 seconds
    CV idx7/0PA/from_MAP#1 it   4 lam=8.5e-02 ov=0.9999119 chi2=7.059e-02 rel=1.0e-01
Body is not plunging, Fisher should be stable.
waveform shape: (3, 7889537)
Computing SNR for parameters: (np.float64(1000046.9447653084), np.float64(10.00009032689814), np.float64(9.347935381802107e-05), np.float64(11.097043080265768), np.float64(0.19998837073727907), 1.0, 6.165893030556978, np.float64(1.0460205632061428), np.float64(0.7841526764611765), 0.6283185307179586, 0.5235987755982988, np.float64(0.11368983188898327), 0.2, np.float64(0.26202116995413677), 0.95, False, False, False, False)
Waveform Generated. SNR: 20.004250946823852
calculating stable deltas...
Time taken to compute stable deltas is 31.803523540496826 seconds
calculating Fisher matrix...
Finished derivatives
Calculated Fisher is *atleast* positive-definite.
Time taken to compute FM is 3.03938364982605 seconds
    CV idx7/0PA/from_MAP#1 it   5 lam=2.8e-02 ov=0.9999208 chi2=6.345e-02 rel=4.7e-02
Body is not plunging, Fisher should be stable.
waveform shape: (3, 7889537)
Computing SNR for parameters: (np.float64(1000046.9452064493), np.float64(10.000090224143108), np.float64(9.346395704361752e-05), np.float64(11.097043079622235), np.float64(0.19998836076773532), 1.0, 6.165893030556978, np.float64(1.0461107955605977), np.float64(0.7841455407351443), 0.6283185307179586, 0.5235987755982988, np.float64(0.1127295683876195), 0.2, np.float64(0.2619501500468118), 0.95, False, False, False, False)
Waveform Generated. SNR: 20.003884363958594
calculating Fisher matrix...
Finished derivatives
Calculated Fisher is *atleast* positive-definite.
Time taken to compute FM is 3.615403413772583 seconds
    CV idx7/0PA/from_MAP#1 it   6 lam=9.4e-03 ov=0.9999246 chi2=6.044e-02 rel=8.3e-02
Body is not plunging, Fisher should be stable.
waveform shape: (3, 7889537)
Computing SNR for parameters: (np.float64(1000046.9469355651), np.float64(10.000089940874641), np.float64(9.343316329766495e-05), np.float64(11.097043079522196), np.float64(0.19998833768886407), 1.0, 6.165893030556978, np.float64(1.0461323869545645), np.float64(0.7842033890711618), 0.6283185307179586, 0.5235987755982988, np.float64(0.11074444632435926), 0.2, np.float64(0.26262046225144203), 0.95, False, False, False, False)
Waveform Generated. SNR: 20.00350833038883
calculating Fisher matrix...
Finished derivatives
Calculated Fisher is *atleast* positive-definite.
Time taken to compute FM is 3.6224141120910645 seconds
    CV idx7/0PA/from_MAP#1 it   7 lam=3.1e-03 ov=0.9999309 chi2=5.540e-02 rel=1.9e-01
Body is not plunging, Fisher should be stable.
waveform shape: (3, 7889537)
Computing SNR for parameters: (np.float64(1000046.9516723019), np.float64(10.000089255068248), np.float64(9.334554470723817e-05), np.float64(11.097043083039404), np.float64(0.1999882903409666), 1.0, 6.165893030556978, np.float64(1.046188787769871), np.float64(0.7843444176574644), 0.6283185307179586, 0.5235987755982988, np.float64(0.107034680785613), 0.2, np.float64(0.2655122808697044), 0.95, False, False, False, False)
Waveform Generated. SNR: 20.002570018237403
calculating Fisher matrix...
Finished derivatives
Calculated Fisher is *atleast* positive-definite.
Time taken to compute FM is 3.6271846294403076 seconds
    CV idx7/0PA/from_MAP#1 it   8 lam=2.7e-03 ov=0.9999441 chi2=4.483e-02 rel=2.3e-01
Body is not plunging, Fisher should be stable.
waveform shape: (3, 7889537)
Computing SNR for parameters: (np.float64(1000046.9593724946), np.float64(10.000088020550246), np.float64(9.318501112818938e-05), np.float64(11.097043103704275), np.float64(0.19998821960518964), 1.0, 6.165893030556978, np.float64(1.046282538601381), np.float64(0.7845206838624238), 0.6283185307179586, 0.5235987755982988, np.float64(0.10234136315808137), 0.2, np.float64(0.27211335050109187), 0.95, False, False, False, False)
Waveform Generated. SNR: 20.001283163035012
calculating Fisher matrix...
Finished derivatives
Calculated Fisher is *atleast* positive-definite.
Time taken to compute FM is 3.5917820930480957 seconds
    CV idx7/0PA/from_MAP#1 it   9 lam=9.0e-04 ov=0.9999571 chi2=3.438e-02 rel=1.1e-01
Body is not plunging, Fisher should be stable.
waveform shape: (3, 7889537)
Computing SNR for parameters: (np.float64(1000046.9612081493), np.float64(10.0000874859061), np.float64(9.313269518916436e-05), np.float64(11.097043089863233), np.float64(0.19998818413682606), 1.0, 6.165893030556978, np.float64(1.0463368406379583), np.float64(0.784611068400762), 0.6283185307179586, 0.5235987755982988, np.float64(0.09892454947249346), 0.2, np.float64(0.27318092766972163), 0.95, False, False, False, False)
Waveform Generated. SNR: 20.000607317130253
calculating stable deltas...
minimum relative error is greater than 1% for a. Fisher may be unstable!
Time taken to compute stable deltas is 31.818063974380493 seconds
calculating Fisher matrix...
Finished derivatives
Calculated Fisher is *atleast* positive-definite.
Time taken to compute FM is 2.9557600021362305 seconds
    CV idx7/0PA/from_MAP#1 it  10 lam=9.1e-04 ov=0.9999616 chi2=3.076e-02 rel=1.8e-02
Body is not plunging, Fisher should be stable.
waveform shape: (3, 7889537)
Computing SNR for parameters: (np.float64(1000046.9604286036), np.float64(10.000086795178618), np.float64(9.307153770236441e-05), np.float64(11.097043076181054), np.float64(0.19998817232218374), 1.0, 6.165893030556978, np.float64(1.0463164755977046), np.float64(0.7846811092432667), 0.6283185307179586, 0.5235987755982988, np.float64(0.096919057760514), 0.2, np.float64(0.2756925467078426), 0.95, False, False, False, False)
Waveform Generated. SNR: 20.00034939634135
calculating Fisher matrix...
Finished derivatives
Calculated Fisher is *atleast* positive-definite.
Time taken to compute FM is 3.669947385787964 seconds
    CV idx7/0PA/from_MAP#1 it  11 lam=1.0e-03 ov=0.9999623 chi2=3.020e-02 rel=1.0e-02
Body is not plunging, Fisher should be stable.
waveform shape: (3, 7889537)
Computing SNR for parameters: (np.float64(1000046.9533684787), np.float64(10.00008631225067), np.float64(9.302763595211705e-05), np.float64(11.097043088433278), np.float64(0.19998817165276542), 1.0, 6.165893030556978, np.float64(1.0463446759960693), np.float64(0.7847259023997673), 0.6283185307179586, 0.5235987755982988, np.float64(0.0959336668006431), 0.2, np.float64(0.27738416990504566), 0.95, False, False, False, False)
Waveform Generated. SNR: 20.00001040562342
calculating Fisher matrix...
Finished derivatives
Calculated Fisher is *atleast* positive-definite.
Time taken to compute FM is 3.675187349319458 seconds
    CV idx7/0PA/from_MAP#1 it  12 lam=1.0e-03 ov=0.9999627 chi2=2.989e-02 rel=1.1e-02
Body is not plunging, Fisher should be stable.
waveform shape: (3, 7889537)
Computing SNR for parameters: (np.float64(1000046.9455509236), np.float64(10.000086010884504), np.float64(9.300743948304175e-05), np.float64(11.097043106778042), np.float64(0.19998818131896418), 1.0, 6.165893030556978, np.float64(1.0463509405923352), np.float64(0.7847271339032811), 0.6283185307179586, 0.5235987755982988, np.float64(0.09534032260373315), 0.2, np.float64(0.27797378149210644), 0.95, False, False, False, False)
Waveform Generated. SNR: 19.999972067810855
The optimal source SNR is <= 20. The Fisher approximation may not be valid!
calculating Fisher matrix...
Finished derivatives
Calculated Fisher is *atleast* positive-definite.
Time taken to compute FM is 3.620309591293335 seconds
    CV idx7/0PA/from_MAP#1 it  13 lam=3.3e-04 ov=0.9999631 chi2=2.956e-02 rel=6.4e-03
Body is not plunging, Fisher should be stable.
waveform shape: (3, 7889537)
Computing SNR for parameters: (np.float64(1000046.9384444816), np.float64(10.000085890365366), np.float64(9.301350126732078e-05), np.float64(11.09704310644827), np.float64(0.19998820082608698), 1.0, 6.165893030556978, np.float64(1.0463356994744666), np.float64(0.7847283662684893), 0.6283185307179586, 0.5235987755982988, np.float64(0.09549498375733156), 0.2, np.float64(0.27763971786686714), 0.95, False, False, False, False)
Waveform Generated. SNR: 20.000035369352204
calculating Fisher matrix...
Finished derivatives
Calculated Fisher is *atleast* positive-definite.
Time taken to compute FM is 3.624711751937866 seconds
    CV idx7/0PA/from_MAP#1 it  14 lam=3.4e-04 ov=0.9999633 chi2=2.937e-02 rel=6.1e-03
Body is not plunging, Fisher should be stable.
waveform shape: (3, 7889537)
Computing SNR for parameters: (np.float64(1000046.9319675275), np.float64(10.00008563174256), np.float64(9.30546289281375e-05), np.float64(11.09704302120506), np.float64(0.1999882578444823), 1.0, 6.165893030556978, np.float64(1.0462709017997995), np.float64(0.7847032487145472), 0.6283185307179586, 0.5235987755982988, np.float64(0.09678197095847198), 0.2, np.float64(0.27685757279614026), 0.95, False, False, False, False)
Waveform Generated. SNR: 20.000447815633894
calculating stable deltas...
minimum relative error is greater than 1% for a. Fisher may be unstable!
Time taken to compute stable deltas is 31.89776611328125 seconds
calculating Fisher matrix...
Finished derivatives
Calculated Fisher is *atleast* positive-definite.
Time taken to compute FM is 3.0055911540985107 seconds
    CV idx7/0PA/from_MAP#1 it  15 lam=2.5e-02 ov=0.9999636 chi2=2.919e-02 rel=2.2e-03
Body is not plunging, Fisher should be stable.
waveform shape: (3, 7889537)
Computing SNR for parameters: (np.float64(1000046.931529475), np.float64(10.000085670692583), np.float64(9.306322003599844e-05), np.float64(11.09704301626806), np.float64(0.1999882594817866), 1.0, 6.165893030556978, np.float64(1.046257540448754), np.float64(0.7847142395263929), 0.6283185307179586, 0.5235987755982988, np.float64(0.09688257477588992), 0.2, np.float64(0.27647328183340636), 0.95, False, False, False, False)
Waveform Generated. SNR: 20.000455666290215
calculating Fisher matrix...
Finished derivatives
Calculated Fisher is *atleast* positive-definite.
Time taken to compute FM is 3.6114795207977295 seconds
    CV idx7/0PA/from_MAP#1 it  16 lam=2.3e-02 ov=0.9999637 chi2=2.912e-02 rel=7.3e-04
Body is not plunging, Fisher should be stable.
waveform shape: (3, 7889537)
Computing SNR for parameters: (np.float64(1000046.9315038393), np.float64(10.000085675688364), np.float64(9.306415358544487e-05), np.float64(11.097043014543987), np.float64(0.19998826129407377), 1.0, 6.165893030556978, np.float64(1.0462617415311783), np.float64(0.7847066301937866), 0.6283185307179586, 0.5235987755982988, np.float64(0.0968748672950875), 0.2, np.float64(0.27643139344771067), 0.95, False, False, False, False)
Waveform Generated. SNR: 20.000473798056817
calculating Fisher matrix...
Finished derivatives
Calculated Fisher is *atleast* positive-definite.
Time taken to compute FM is 3.6458301544189453 seconds
    CV idx7/0PA/from_MAP#1 it  17 lam=2.2e-02 ov=0.9999637 chi2=2.910e-02 rel=1.3e-04
Body is not plunging, Fisher should be stable.
waveform shape: (3, 7889537)
Computing SNR for parameters: (np.float64(1000046.9314709179), np.float64(10.000085672671782), np.float64(9.30643893149895e-05), np.float64(11.097043012984743), np.float64(0.1999882623617689), 1.0, 6.165893030556978, np.float64(1.0462613771888472), np.float64(0.7847019764441663), 0.6283185307179586, 0.5235987755982988, np.float64(0.09691711975762136), 0.2, np.float64(0.27647190285491496), 0.95, False, False, False, False)
Waveform Generated. SNR: 20.000497167294718
calculating Fisher matrix...
Finished derivatives
Calculated Fisher is *atleast* positive-definite.
Time taken to compute FM is 3.6126139163970947 seconds
    CV idx7/0PA/from_MAP#1 it  18 lam=2.4e+02 ov=0.9999637 chi2=2.910e-02 rel=1.0e-05
Body is not plunging, Fisher should be stable.
waveform shape: (3, 7889537)
Computing SNR for parameters: (np.float64(1000046.9314709286), np.float64(10.000085672671192), np.float64(9.306438971674176e-05), np.float64(11.097043012984761), np.float64(0.19998826236186432), 1.0, 6.165893030556978, np.float64(1.0462613793623374), np.float64(0.7847019746563854), 0.6283185307179586, 0.5235987755982988, np.float64(0.09691711295648305), 0.2, np.float64(0.27647189136595607), 0.95, False, False, False, False)
Waveform Generated. SNR: 20.00049697147017
calculating Fisher matrix...
Finished derivatives
Calculated Fisher is *atleast* positive-definite.
Time taken to compute FM is 3.592681407928467 seconds
    CV idx7/0PA/from_MAP#1 it  19 lam=1.7e+08 ov=0.9999637 chi2=2.910e-02 rel=3.2e-06
Body is not plunging, Fisher should be stable.
waveform shape: (3, 7889537)
Computing SNR for parameters: (np.float64(1000046.9314709286), np.float64(10.000085672671192), np.float64(9.306438971674106e-05), np.float64(11.097043012984761), np.float64(0.19998826236186432), 1.0, 6.165893030556978, np.float64(1.0462613793623403), np.float64(0.784701974656383), 0.6283185307179586, 0.5235987755982988, np.float64(0.0969171129564742), 0.2, np.float64(0.276471891365941), 0.95, False, False, False, False)
Waveform Generated. SNR: 20.000496971361553
calculating stable deltas...
minimum relative error is greater than 1% for a. Fisher may be unstable!
Time taken to compute stable deltas is 31.82571792602539 seconds
calculating Fisher matrix...
Finished derivatives
Calculated Fisher is *atleast* positive-definite.
Time taken to compute FM is 3.021615743637085 seconds
    CV idx7/0PA/from_MAP#1 it  20 lam=5.6e+07 ov=0.9999637 chi2=2.910e-02 rel=2.6e-06
Body is not plunging, Fisher should be stable.
waveform shape: (3, 7889537)
Computing SNR for parameters: (np.float64(1000046.9314709286), np.float64(10.000085672671192), np.float64(9.306438971673982e-05), np.float64(11.097043012984761), np.float64(0.19998826236186432), 1.0, 6.165893030556978, np.float64(1.0462613793623488), np.float64(0.7847019746563759), 0.6283185307179586, 0.5235987755982988, np.float64(0.0969171129564478), 0.2, np.float64(0.27647189136589606), 0.95, False, False, False, False)
Waveform Generated. SNR: 20.000496970805294
calculating Fisher matrix...
Finished derivatives
Calculated Fisher is *atleast* positive-definite.
Time taken to compute FM is 3.605659246444702 seconds
    CV idx7/0PA/from_MAP#1 it  21 lam=1.9e+07 ov=0.9999637 chi2=2.910e-02 rel=4.0e-06
Body is not plunging, Fisher should be stable.
waveform shape: (3, 7889537)
Computing SNR for parameters: (np.float64(1000046.9314709286), np.float64(10.000085672671192), np.float64(9.306438971673676e-05), np.float64(11.097043012984761), np.float64(0.19998826236186432), 1.0, 6.165893030556978, np.float64(1.0462613793623745), np.float64(0.7847019746563548), 0.6283185307179586, 0.5235987755982988, np.float64(0.09691711295636829), 0.2, np.float64(0.2764718913657604), 0.95, False, False, False, False)
Waveform Generated. SNR: 20.000496971209177
calculating Fisher matrix...
Finished derivatives
Calculated Fisher is *atleast* positive-definite.
Time taken to compute FM is 3.611541509628296 seconds
    CV idx7/0PA/from_MAP#1 it  22 lam=1.8e+147 ov=0.9999637 chi2=2.910e-02 rel=0.0e+00
    NM  nfev=1294 ov 0.9999637 -> 0.9999645 (accepted=True)
Body is not plunging, Fisher should be stable.
waveform shape: (3, 7889537)
Computing SNR for parameters: (np.float64(1000047.1805236185), np.float64(10.000082847917094), np.float64(9.350763000904402e-05), np.float64(11.097040593233551), np.float64(0.19998843499595909), 1.0, 6.165893030556978, np.float64(1.0460552977610775), np.float64(0.7847136672659716), 0.6283185307179586, 0.5235987755982988, np.float64(0.09665406592600335), 0.2, np.float64(0.28042940471297895), 0.95, False, False, False, False)
Waveform Generated. SNR: 20.001353921955356
calculating stable deltas...
minimum relative error is greater than 1% for a. Fisher may be unstable!
Time taken to compute stable deltas is 31.897661209106445 seconds
calculating Fisher matrix...
Finished derivatives
Calculated Fisher is *atleast* positive-definite.
Time taken to compute FM is 3.0138230323791504 seconds
    CV idx7/0PA/from_MAP#2 it   0 lam=2.3e+08 ov=0.9999645 chi2=2.850e-02 rel=2.2e-13
    RESULT idx7/0PA/from_MAP: ov 0.9997485 -> 0.9999645, chi2=2.8495e-02
    BEST  idx7/0PA: from_MAP ov=0.9999645
==============================================================================
[idx7 (a=+0.0, e0=0.2) | PN | dt=10.0]  SNR=19.991 (A=14.119 E=14.153 T=0.030; T%=0.00)
    --- start from_MAP ---
    start overlap = 0.9997485
Body is not plunging, Fisher should be stable.
waveform shape: (3, 7889537)
Computing SNR for parameters: (np.float64(1000046.9407340881), np.float64(10.000091856326865), np.float64(9.360413131232411e-05), np.float64(11.097043137679432), np.float64(0.19998857002973178), 1.0, 6.165893030556978, np.float64(1.0471975511965976), np.float64(0.7853981633974483), 0.6283185307179586, 0.5235987755982988, np.float64(0.1373444014777716), 0.2, np.float64(0.2623020706691114), 0.95, False, False, False, True, np.float64(0.0), np.float64(0.0), 0.0, 0.0)
Waveform Generated. SNR: 19.9930724119672
The optimal source SNR is <= 20. The Fisher approximation may not be valid!
calculating stable deltas...
minimum relative error is greater than 1% for a. Fisher may be unstable!
minimum relative error is greater than 1% for dev_1. Fisher may be unstable!
minimum relative error is greater than 1% for dev_2. Fisher may be unstable!
Time taken to compute stable deltas is 39.67588806152344 seconds
calculating Fisher matrix...
Finished derivatives
Calculated Fisher is *atleast* positive-definite.
Time taken to compute FM is 3.83345890045166 seconds
    CV idx7/PN/from_MAP#1 it   0 lam=5.7e-02 ov=0.9997485 chi2=2.010e-01 rel=3.9e-01
Body is not plunging, Fisher should be stable.
waveform shape: (3, 7889537)
Computing SNR for parameters: (np.float64(1000046.9361319302), np.float64(10.000091838472501), np.float64(9.35812768494583e-05), np.float64(11.097043115196742), np.float64(0.1999885244816474), 1.0, 6.165893030556978, np.float64(1.0469753905556556), np.float64(0.7835895140431252), 0.6283185307179586, 0.5235987755982988, np.float64(0.12856051859997766), 0.2, np.float64(0.26259669764691523), 0.95, False, False, False, True, np.float64(-0.00011443061779392724), np.float64(-2.9740437965573923e-05), 0.0, 0.0)
Waveform Generated. SNR: 20.002712330779136
calculating Fisher matrix...
Finished derivatives
Calculated Fisher is *atleast* positive-definite.
Time taken to compute FM is 4.451017618179321 seconds
    CV idx7/PN/from_MAP#1 it   1 lam=2.0e-01 ov=0.9998472 chi2=1.223e-01 rel=1.1e-02
Body is not plunging, Fisher should be stable.
waveform shape: (3, 7889537)
Computing SNR for parameters: (np.float64(1000046.9362188866), np.float64(10.000091671431754), np.float64(9.361469773577992e-05), np.float64(11.097043115953474), np.float64(0.1999885047854325), 1.0, 6.165893030556978, np.float64(1.046069159325315), np.float64(0.7836831633363603), 0.6283185307179586, 0.5235987755982988, np.float64(0.12694155464680665), 0.2, np.float64(0.2616766773559812), 0.95, False, False, False, True, np.float64(-6.195511525177946e-05), np.float64(-2.896484620652883e-05), 0.0, 0.0)
Waveform Generated. SNR: 20.006281827967733
calculating Fisher matrix...
Finished derivatives
Calculated Fisher is *atleast* positive-definite.
Time taken to compute FM is 4.4415600299835205 seconds
    CV idx7/PN/from_MAP#1 it   2 lam=2.3e-01 ov=0.9998490 chi2=1.210e-01 rel=7.8e-02
Body is not plunging, Fisher should be stable.
waveform shape: (3, 7889537)
Computing SNR for parameters: (np.float64(1000046.9363383235), np.float64(10.00009161937832), np.float64(9.360555372638149e-05), np.float64(11.097043115071285), np.float64(0.19998849870137478), 1.0, 6.165893030556978, np.float64(1.0460809075037512), np.float64(0.7838470867569886), 0.6283185307179586, 0.5235987755982988, np.float64(0.12589706859329788), 0.2, np.float64(0.2612065358931062), 0.95, False, False, False, True, np.float64(4.266920822818335e-05), np.float64(-1.721159785530512e-05), 0.0, 0.0)
Waveform Generated. SNR: 20.0054485573472
calculating Fisher matrix...
Finished derivatives
Calculated Fisher is *atleast* positive-definite.
Time taken to compute FM is 4.478556871414185 seconds
    CV idx7/PN/from_MAP#1 it   3 lam=2.3e-01 ov=0.9998608 chi2=1.115e-01 rel=7.4e-02
Body is not plunging, Fisher should be stable.
waveform shape: (3, 7889537)
Computing SNR for parameters: (np.float64(1000046.9345878293), np.float64(10.000091673684928), np.float64(9.360795892945704e-05), np.float64(11.097043103188433), np.float64(0.19998848684719575), 1.0, 6.165893030556978, np.float64(1.0461170271184426), np.float64(0.7838637268745842), 0.6283185307179586, 0.5235987755982988, np.float64(0.12426888669684372), 0.2, np.float64(0.25941079360708996), 0.95, False, False, False, True, np.float64(6.684354458308823e-05), np.float64(9.26465737399958e-07), 0.0, 0.0)
Waveform Generated. SNR: 20.005228644180182
calculating Fisher matrix...
Finished derivatives
Calculated Fisher is *atleast* positive-definite.
Time taken to compute FM is 4.708120107650757 seconds
    CV idx7/PN/from_MAP#1 it   4 lam=4.7e-01 ov=0.9998711 chi2=1.033e-01 rel=3.2e-02
Body is not plunging, Fisher should be stable.
waveform shape: (3, 7889537)
Computing SNR for parameters: (np.float64(1000046.935125959), np.float64(10.00009162476183), np.float64(9.360825435733495e-05), np.float64(11.097043105914272), np.float64(0.1999884862152435), 1.0, 6.165893030556978, np.float64(1.046177275174417), np.float64(0.783796046714756), 0.6283185307179586, 0.5235987755982988, np.float64(0.12320554610527634), 0.2, np.float64(0.2587914097690821), 0.95, False, False, False, True, np.float64(5.085915113362081e-05), np.float64(5.613481098639224e-06), 0.0, 0.0)
Waveform Generated. SNR: 20.00526881663949
calculating stable deltas...
minimum relative error is greater than 1% for a. Fisher may be unstable!
minimum relative error is greater than 1% for dev_1. Fisher may be unstable!
minimum relative error is greater than 1% for dev_2. Fisher may be unstable!
Time taken to compute stable deltas is 39.671489000320435 seconds
calculating Fisher matrix...
Finished derivatives
Calculated Fisher is *atleast* positive-definite.
Time taken to compute FM is 3.8578426837921143 seconds
    CV idx7/PN/from_MAP#1 it   5 lam=4.7e-01 ov=0.9998753 chi2=9.993e-02 rel=2.9e-02
Body is not plunging, Fisher should be stable.
waveform shape: (3, 7889537)
Computing SNR for parameters: (np.float64(1000046.934608297), np.float64(10.000091617148172), np.float64(9.360356317487837e-05), np.float64(11.097043102675244), np.float64(0.19998847976112077), 1.0, 6.165893030556978, np.float64(1.0461042752660832), np.float64(0.7838297695429435), 0.6283185307179586, 0.5235987755982988, np.float64(0.12297579469459977), 0.2, np.float64(0.25909251523885507), 0.95, False, False, False, True, np.float64(9.930526496244733e-05), np.float64(5.651354354849264e-06), 0.0, 0.0)
Waveform Generated. SNR: 20.005444102548157
calculating Fisher matrix...
Finished derivatives
Calculated Fisher is *atleast* positive-definite.
Time taken to compute FM is 4.469074487686157 seconds
    CV idx7/PN/from_MAP#1 it   6 lam=3.9e-01 ov=0.9998790 chi2=9.698e-02 rel=2.9e-02
Body is not plunging, Fisher should be stable.
waveform shape: (3, 7889537)
Computing SNR for parameters: (np.float64(1000046.9345897579), np.float64(10.000091594171892), np.float64(9.360163242905583e-05), np.float64(11.097043102201907), np.float64(0.1999884766417883), 1.0, 6.165893030556978, np.float64(1.0461687162643019), np.float64(0.7837856570152715), 0.6283185307179586, 0.5235987755982988, np.float64(0.12216269123990967), 0.2, np.float64(0.25870656162400335), 0.95, False, False, False, True, np.float64(0.0001239104727901665), np.float64(5.567288832613567e-06), 0.0, 0.0)
Waveform Generated. SNR: 20.005362772470754
calculating Fisher matrix...
Finished derivatives
Calculated Fisher is *atleast* positive-definite.
Time taken to compute FM is 4.4842565059661865 seconds
    CV idx7/PN/from_MAP#1 it   7 lam=5.1e-01 ov=0.9998825 chi2=9.413e-02 rel=5.7e-03
Body is not plunging, Fisher should be stable.
waveform shape: (3, 7889537)
Computing SNR for parameters: (np.float64(1000046.9345836585), np.float64(10.00009155411408), np.float64(9.360001006537114e-05), np.float64(11.097043101943528), np.float64(0.19998847142680767), 1.0, 6.165893030556978, np.float64(1.0460305000372547), np.float64(0.7838303982863917), 0.6283185307179586, 0.5235987755982988, np.float64(0.12188284632919945), 0.2, np.float64(0.25904276941200755), 0.95, False, False, False, True, np.float64(0.0001147343201022415), np.float64(5.846907002716425e-06), 0.0, 0.0)
Waveform Generated. SNR: 20.005767124511802
calculating Fisher matrix...
Finished derivatives
Calculated Fisher is *atleast* positive-definite.
Time taken to compute FM is 4.486964225769043 seconds
    CV idx7/PN/from_MAP#1 it   8 lam=8.9e-01 ov=0.9998832 chi2=9.360e-02 rel=1.2e-02
Body is not plunging, Fisher should be stable.
waveform shape: (3, 7889537)
Computing SNR for parameters: (np.float64(1000046.9343347946), np.float64(10.000091553406039), np.float64(9.359597400840709e-05), np.float64(11.097043099945411), np.float64(0.19998846866448813), 1.0, 6.165893030556978, np.float64(1.0463786568395783), np.float64(0.7836983271373319), 0.6283185307179586, 0.5235987755982988, np.float64(0.12121151408506126), 0.2, np.float64(0.25920733510397875), 0.95, False, False, False, True, np.float64(3.814836269907485e-05), np.float64(7.640656336894367e-06), 0.0, 0.0)
Waveform Generated. SNR: 20.00485432857624
calculating Fisher matrix...
Finished derivatives
Calculated Fisher is *atleast* positive-definite.
Time taken to compute FM is 4.486527919769287 seconds
    CV idx7/PN/from_MAP#1 it   9 lam=2.9e+00 ov=0.9998846 chi2=9.244e-02 rel=2.3e-03
Body is not plunging, Fisher should be stable.
waveform shape: (3, 7889537)
Computing SNR for parameters: (np.float64(1000046.9343603476), np.float64(10.000091542865883), np.float64(9.359572182408953e-05), np.float64(11.097043100054954), np.float64(0.19998846757131863), 1.0, 6.165893030556978, np.float64(1.0462838416297915), np.float64(0.7837186030963482), 0.6283185307179586, 0.5235987755982988, np.float64(0.1211829342596534), 0.2, np.float64(0.2592786283529908), 0.95, False, False, False, True, np.float64(1.727944010009992e-05), np.float64(7.688911230692534e-06), 0.0, 0.0)
Waveform Generated. SNR: 20.00517645280666
calculating stable deltas...
minimum relative error is greater than 1% for a. Fisher may be unstable!
minimum relative error is greater than 1% for dev_1. Fisher may be unstable!
minimum relative error is greater than 1% for dev_2. Fisher may be unstable!
Time taken to compute stable deltas is 39.88905048370361 seconds
calculating Fisher matrix...
Finished derivatives
Calculated Fisher is *atleast* positive-definite.
Time taken to compute FM is 3.9022436141967773 seconds
    CV idx7/PN/from_MAP#1 it  10 lam=2.4e+00 ov=0.9998849 chi2=9.223e-02 rel=8.3e-03
Body is not plunging, Fisher should be stable.
waveform shape: (3, 7889537)
Computing SNR for parameters: (np.float64(1000046.9344613985), np.float64(10.000091533942115), np.float64(9.35957363609279e-05), np.float64(11.09704310058187), np.float64(0.19998846749197854), 1.0, 6.165893030556978, np.float64(1.0462692275822834), np.float64(0.7837145108088586), 0.6283185307179586, 0.5235987755982988, np.float64(0.12104752985208223), 0.2, np.float64(0.2591207535194891), 0.95, False, False, False, True, np.float64(1.7280868634960666e-05), np.float64(1.3783345808726042e-05), 0.0, 0.0)
Waveform Generated. SNR: 20.005256826754522
calculating Fisher matrix...
Finished derivatives
Calculated Fisher is *atleast* positive-definite.
Time taken to compute FM is 4.4984259605407715 seconds
    CV idx7/PN/from_MAP#1 it  11 lam=2.4e+00 ov=0.9998859 chi2=9.146e-02 rel=3.4e-03
Body is not plunging, Fisher should be stable.
waveform shape: (3, 7889537)
Computing SNR for parameters: (np.float64(1000046.934489975), np.float64(10.000091526911088), np.float64(9.359543861432943e-05), np.float64(11.097043100680864), np.float64(0.19998846688131425), 1.0, 6.165893030556978, np.float64(1.046238052122928), np.float64(0.7837230134413554), 0.6283185307179586, 0.5235987755982988, np.float64(0.12095620862615916), 0.2, np.float64(0.2590487835898797), 0.95, False, False, False, True, np.float64(1.72767492303119e-05), np.float64(1.6585730378571647e-05), 0.0, 0.0)
Waveform Generated. SNR: 20.005358749110187
calculating Fisher matrix...
Finished derivatives
Calculated Fisher is *atleast* positive-definite.
Time taken to compute FM is 4.489304542541504 seconds
    CV idx7/PN/from_MAP#1 it  12 lam=3.5e+00 ov=0.9998862 chi2=9.115e-02 rel=1.6e-03
Body is not plunging, Fisher should be stable.
waveform shape: (3, 7889537)
Computing SNR for parameters: (np.float64(1000046.934485872), np.float64(10.00009152047415), np.float64(9.359505024408064e-05), np.float64(11.097043100623566), np.float64(0.19998846601155593), 1.0, 6.165893030556978, np.float64(1.0461979077462267), np.float64(0.7837361934457785), 0.6283185307179586, 0.5235987755982988, np.float64(0.12092223473374966), 0.2, np.float64(0.2591016650622803), 0.95, False, False, False, True, np.float64(1.7260748136792728e-05), np.float64(1.5711684394411344e-05), 0.0, 0.0)
Waveform Generated. SNR: 20.005471600701508
calculating Fisher matrix...
Finished derivatives
Calculated Fisher is *atleast* positive-definite.
Time taken to compute FM is 4.498921155929565 seconds
    CV idx7/PN/from_MAP#1 it  13 lam=4.5e+00 ov=0.9998864 chi2=9.101e-02 rel=2.6e-03
Body is not plunging, Fisher should be stable.
waveform shape: (3, 7889537)
Computing SNR for parameters: (np.float64(1000046.9345257791), np.float64(10.000091513886371), np.float64(9.359507120118616e-05), np.float64(11.09704310084311), np.float64(0.19998846559732456), 1.0, 6.165893030556978, np.float64(1.0461814181849884), np.float64(0.7837368801004749), 0.6283185307179586, 0.5235987755982988, np.float64(0.12088105618670524), 0.2, np.float64(0.2591046409510986), 0.95, False, False, False, True, np.float64(1.726818329583718e-05), np.float64(1.6748821174615404e-05), 0.0, 0.0)
Waveform Generated. SNR: 20.005544561184106
calculating Fisher matrix...
Finished derivatives
Calculated Fisher is *atleast* positive-definite.
Time taken to compute FM is 4.4857017993927 seconds
    CV idx7/PN/from_MAP#1 it  14 lam=4.5e+00 ov=0.9998867 chi2=9.077e-02 rel=2.0e-03
Body is not plunging, Fisher should be stable.
waveform shape: (3, 7889537)
Computing SNR for parameters: (np.float64(1000046.9345714239), np.float64(10.000091508806387), np.float64(9.359526175752786e-05), np.float64(11.097043101073869), np.float64(0.19998846542723128), 1.0, 6.165893030556978, np.float64(1.0461779815780061), np.float64(0.7837356979314646), 0.6283185307179586, 0.5235987755982988, np.float64(0.12081483281978413), 0.2, np.float64(0.25903517047122643), 0.95, False, False, False, True, np.float64(1.7271197065564114e-05), np.float64(1.6224631109537557e-05), 0.0, 0.0)
Waveform Generated. SNR: 20.00556441187434
calculating stable deltas...
minimum relative error is greater than 1% for a. Fisher may be unstable!
minimum relative error is greater than 1% for dev_1. Fisher may be unstable!
minimum relative error is greater than 1% for dev_2. Fisher may be unstable!
Time taken to compute stable deltas is 39.892651081085205 seconds
calculating Fisher matrix...
Finished derivatives
Calculated Fisher is *atleast* positive-definite.
Time taken to compute FM is 3.889169931411743 seconds
    CV idx7/PN/from_MAP#1 it  15 lam=7.9e+00 ov=0.9998869 chi2=9.059e-02 rel=1.2e-03
Body is not plunging, Fisher should be stable.
waveform shape: (3, 7889537)
Computing SNR for parameters: (np.float64(1000046.9345713378), np.float64(10.00009150615497), np.float64(9.359511224962012e-05), np.float64(11.097043101023013), np.float64(0.1999884650665708), 1.0, 6.165893030556978, np.float64(1.0461636043773608), np.float64(0.7837441275590245), 0.6283185307179586, 0.5235987755982988, np.float64(0.12077967976645454), 0.2, np.float64(0.2590134239812197), 0.95, False, False, False, True, np.float64(1.583181595380076e-05), np.float64(-0.0002504517274183768), 0.0, 0.0)
Waveform Generated. SNR: 20.005586450848675
calculating Fisher matrix...
Finished derivatives
Calculated Fisher is *atleast* positive-definite.
Time taken to compute FM is 4.495448589324951 seconds
    CV idx7/PN/from_MAP#1 it  16 lam=1.1e+01 ov=0.9998871 chi2=9.048e-02 rel=8.2e-04
Body is not plunging, Fisher should be stable.
waveform shape: (3, 7889537)
Computing SNR for parameters: (np.float64(1000046.9345847289), np.float64(10.000091503741473), np.float64(9.35950269530254e-05), np.float64(11.097043101084212), np.float64(0.19998846489798236), 1.0, 6.165893030556978, np.float64(1.046160329336619), np.float64(0.7837446061831176), 0.6283185307179586, 0.5235987755982988, np.float64(0.12075311034131472), 0.2, np.float64(0.2589942464384701), 0.95, False, False, False, True, np.float64(1.6023180363999827e-05), np.float64(-0.0003105602643882973), 0.0, 0.0)
Waveform Generated. SNR: 20.00559774302606
calculating Fisher matrix...
Finished derivatives
Calculated Fisher is *atleast* positive-definite.
Time taken to compute FM is 4.49639630317688 seconds
    CV idx7/PN/from_MAP#1 it  17 lam=2.1e+01 ov=0.9998872 chi2=9.040e-02 rel=4.0e-04
Body is not plunging, Fisher should be stable.
waveform shape: (3, 7889537)
Computing SNR for parameters: (np.float64(1000046.9345765408), np.float64(10.000091502880554), np.float64(9.359492265586554e-05), np.float64(11.097043101021656), np.float64(0.19998846469715412), 1.0, 6.165893030556978, np.float64(1.0461546651549498), np.float64(0.7837474771436354), 0.6283185307179586, 0.5235987755982988, np.float64(0.12074413899285075), 0.2, np.float64(0.25899464707014075), 0.95, False, False, False, True, np.float64(1.4895312065962852e-05), np.float64(-0.0003489552892275895), 0.0, 0.0)
Waveform Generated. SNR: 20.005609359407583
calculating Fisher matrix...
Finished derivatives
Calculated Fisher is *atleast* positive-definite.
Time taken to compute FM is 4.475074291229248 seconds
    CV idx7/PN/from_MAP#1 it  18 lam=2.1e+01 ov=0.9998872 chi2=9.037e-02 rel=3.4e-04
Body is not plunging, Fisher should be stable.
waveform shape: (3, 7889537)
Computing SNR for parameters: (np.float64(1000046.9345822979), np.float64(10.000091501964302), np.float64(9.35949092962879e-05), np.float64(11.097043101047644), np.float64(0.19998846464015796), 1.0, 6.165893030556978, np.float64(1.0461541243488826), np.float64(0.7837475183143338), 0.6283185307179586, 0.5235987755982988, np.float64(0.12073212659442586), 0.2, np.float64(0.2589833591031982), 0.95, False, False, False, True, np.float64(1.4858018452339553e-05), np.float64(-0.0003502498621724497), 0.0, 0.0)
Waveform Generated. SNR: 20.005610814487174
calculating Fisher matrix...
Finished derivatives
Calculated Fisher is *atleast* positive-definite.
Time taken to compute FM is 4.536910533905029 seconds
    CV idx7/PN/from_MAP#1 it  19 lam=2.9e+01 ov=0.9998873 chi2=9.033e-02 rel=3.1e-04
Body is not plunging, Fisher should be stable.
waveform shape: (3, 7889537)
Computing SNR for parameters: (np.float64(1000046.9345853395), np.float64(10.00009150116859), np.float64(9.359484893644898e-05), np.float64(11.097043101057738), np.float64(0.19998846456948263), 1.0, 6.165893030556978, np.float64(1.0461529328559973), np.float64(0.7837480247932264), 0.6283185307179586, 0.5235987755982988, np.float64(0.12072207027839241), 0.2, np.float64(0.25897519627647825), 0.95, False, False, False, True, np.float64(1.487462705267743e-05), np.float64(-0.000373653506184631), 0.0, 0.0)
Waveform Generated. SNR: 20.005614774828498
calculating stable deltas...
minimum relative error is greater than 1% for a. Fisher may be unstable!
minimum relative error is greater than 1% for dev_1. Fisher may be unstable!
minimum relative error is greater than 1% for dev_2. Fisher may be unstable!
Time taken to compute stable deltas is 39.91733741760254 seconds
calculating Fisher matrix...
Finished derivatives
Calculated Fisher is *atleast* positive-definite.
Time taken to compute FM is 3.868027925491333 seconds
    CV idx7/PN/from_MAP#1 it  20 lam=5.0e+01 ov=0.9998873 chi2=9.031e-02 rel=2.1e-04
Body is not plunging, Fisher should be stable.
waveform shape: (3, 7889537)
Computing SNR for parameters: (np.float64(1000046.9345869857), np.float64(10.000091500624716), np.float64(9.359481182108399e-05), np.float64(11.097043101061931), np.float64(0.19998846451654956), 1.0, 6.165893030556978, np.float64(1.0461521262480287), np.float64(0.7837484013842312), 0.6283185307179586, 0.5235987755982988, np.float64(0.12071536659403594), 0.2, np.float64(0.25896997540370165), 0.95, False, False, False, True, np.float64(1.4884831905001e-05), np.float64(-0.00046840588884647556), 0.0, 0.0)
Waveform Generated. SNR: 20.00561736729139
calculating Fisher matrix...
Finished derivatives
Calculated Fisher is *atleast* positive-definite.
Time taken to compute FM is 4.503946304321289 seconds
    CV idx7/PN/from_MAP#1 it  21 lam=7.9e+01 ov=0.9998873 chi2=9.029e-02 rel=1.1e-04
Body is not plunging, Fisher should be stable.
waveform shape: (3, 7889537)
Computing SNR for parameters: (np.float64(1000046.9345885625), np.float64(10.000091500279932), np.float64(9.359480892159671e-05), np.float64(11.0970431010681), np.float64(0.19998846448877775), 1.0, 6.165893030556978, np.float64(1.0461517112797412), np.float64(0.7837485541985277), 0.6283185307179586, 0.5235987755982988, np.float64(0.12071108394803057), 0.2, np.float64(0.25896655237764604), 0.95, False, False, False, True, np.float64(1.488348508945114e-05), np.float64(-0.00041358954605973856), 0.0, 0.0)
Waveform Generated. SNR: 20.005618489648743
calculating Fisher matrix...
Finished derivatives
Calculated Fisher is *atleast* positive-definite.
Time taken to compute FM is 4.504772186279297 seconds
    CV idx7/PN/from_MAP#1 it  22 lam=7.8e+01 ov=0.9998873 chi2=9.028e-02 rel=7.7e-05
Body is not plunging, Fisher should be stable.
waveform shape: (3, 7889537)
Computing SNR for parameters: (np.float64(1000046.9345896274), np.float64(10.00009150006257), np.float64(9.359480071958355e-05), np.float64(11.097043101072273), np.float64(0.19998846447199004), 1.0, 6.165893030556978, np.float64(1.046151522378202), np.float64(0.7837486318570126), 0.6283185307179586, 0.5235987755982988, np.float64(0.12070818443932356), 0.2, np.float64(0.25896397214774175), 0.95, False, False, False, True, np.float64(1.4883002568119597e-05), np.float64(-0.00041337240763177606), 0.0, 0.0)
Waveform Generated. SNR: 20.00561926099205
calculating Fisher matrix...
Finished derivatives
Calculated Fisher is *atleast* positive-definite.
Time taken to compute FM is 4.529681205749512 seconds
    CV idx7/PN/from_MAP#1 it  23 lam=1.2e+02 ov=0.9998873 chi2=9.027e-02 rel=8.4e-05
Body is not plunging, Fisher should be stable.
waveform shape: (3, 7889537)
Computing SNR for parameters: (np.float64(1000046.934590417), np.float64(10.000091499854129), np.float64(9.359479946467339e-05), np.float64(11.0970431010748), np.float64(0.19998846445338497), 1.0, 6.165893030556978, np.float64(1.0461512533058421), np.float64(0.7837487596213456), 0.6283185307179586, 0.5235987755982988, np.float64(0.12070545811909004), 0.2, np.float64(0.25896168706196004), 0.95, False, False, False, True, np.float64(1.4885940771443783e-05), np.float64(-0.00046013252687555613), 0.0, 0.0)
Waveform Generated. SNR: 20.005620695446847
calculating Fisher matrix...
Finished derivatives
Calculated Fisher is *atleast* positive-definite.
Time taken to compute FM is 4.483987331390381 seconds
    CV idx7/PN/from_MAP#1 it  24 lam=1.4e+02 ov=0.9998874 chi2=9.026e-02 rel=6.1e-05
Body is not plunging, Fisher should be stable.
waveform shape: (3, 7889537)
Computing SNR for parameters: (np.float64(1000046.9345912032), np.float64(10.000091499703965), np.float64(9.359479280401411e-05), np.float64(11.097043101078002), np.float64(0.199988464442324), 1.0, 6.165893030556978, np.float64(1.0461511322996966), np.float64(0.7837488039641967), 0.6283185307179586, 0.5235987755982988, np.float64(0.12070346350356807), 0.2, np.float64(0.2589598989063367), 0.95, False, False, False, True, np.float64(1.4885476977474155e-05), np.float64(-0.0004714997473223182), 0.0, 0.0)
Waveform Generated. SNR: 20.00561999505463
calculating stable deltas...
minimum relative error is greater than 1% for a. Fisher may be unstable!
minimum relative error is greater than 1% for dev_1. Fisher may be unstable!
minimum relative error is greater than 1% for dev_2. Fisher may be unstable!
Time taken to compute stable deltas is 39.8392014503479 seconds
calculating Fisher matrix...
Finished derivatives
Calculated Fisher is *atleast* positive-definite.
Time taken to compute FM is 3.9353904724121094 seconds
    CV idx7/PN/from_MAP#1 it  25 lam=2.7e+02 ov=0.9998874 chi2=9.026e-02 rel=3.8e-05
Body is not plunging, Fisher should be stable.
waveform shape: (3, 7889537)
Computing SNR for parameters: (np.float64(1000046.9345918327), np.float64(10.000091499582451), np.float64(9.359478785901814e-05), np.float64(11.097043101080526), np.float64(0.19998846443327403), 1.0, 6.165893030556978, np.float64(1.0461510134431957), np.float64(0.7837488488212956), 0.6283185307179586, 0.5235987755982988, np.float64(0.12070187141771187), 0.2, np.float64(0.2589584876013364), 0.95, False, False, False, True, np.float64(1.4858259155296487e-05), np.float64(-0.00047158259682125183), 0.0, 0.0)
Waveform Generated. SNR: 20.00562005521415
calculating Fisher matrix...
Finished derivatives
Calculated Fisher is *atleast* positive-definite.
Time taken to compute FM is 4.494067668914795 seconds
    CV idx7/PN/from_MAP#1 it  26 lam=4.3e+02 ov=0.9998874 chi2=9.025e-02 rel=2.4e-05
Body is not plunging, Fisher should be stable.
waveform shape: (3, 7889537)
Computing SNR for parameters: (np.float64(1000046.9345921356), np.float64(10.00009149951961), np.float64(9.359478588551764e-05), np.float64(11.097043101081706), np.float64(0.19998846442836746), 1.0, 6.165893030556978, np.float64(1.046150955211647), np.float64(0.7837488721081741), 0.6283185307179586, 0.5235987755982988, np.float64(0.12070104132153572), 0.2, np.float64(0.2589577660154379), 0.95, False, False, False, True, np.float64(1.4876710447707094e-05), np.float64(-0.0004715822331392561), 0.0, 0.0)
Waveform Generated. SNR: 20.00562075194268
calculating Fisher matrix...
Finished derivatives
Calculated Fisher is *atleast* positive-definite.
Time taken to compute FM is 4.528798818588257 seconds
    CV idx7/PN/from_MAP#1 it  27 lam=1.4e+02 ov=0.9998874 chi2=9.025e-02 rel=2.2e-05
Body is not plunging, Fisher should be stable.
waveform shape: (3, 7889537)
Computing SNR for parameters: (np.float64(1000046.9345923113), np.float64(10.00009149948042), np.float64(9.35947845986314e-05), np.float64(11.097043101082356), np.float64(0.19998846442516455), 1.0, 6.165893030556978, np.float64(1.0461509151741257), np.float64(0.7837488896124546), 0.6283185307179586, 0.5235987755982988, np.float64(0.1207005240223571), 0.2, np.float64(0.25895732009576095), 0.95, False, False, False, True, np.float64(1.4876563684595063e-05), np.float64(-0.00047158264586850523), 0.0, 0.0)
Waveform Generated. SNR: 20.00562056440236
calculating Fisher matrix...
Finished derivatives
Calculated Fisher is *atleast* positive-definite.
Time taken to compute FM is 4.485050678253174 seconds
    CV idx7/PN/from_MAP#1 it  28 lam=2.1e+02 ov=0.9998874 chi2=9.025e-02 rel=3.9e-05
Body is not plunging, Fisher should be stable.
waveform shape: (3, 7889537)
Computing SNR for parameters: (np.float64(1000046.9345929137), np.float64(10.000091499359621), np.float64(9.359478386804507e-05), np.float64(11.097043101084743), np.float64(0.19998846441594426), 1.0, 6.165893030556978, np.float64(1.046150809861124), np.float64(0.7837489317201755), 0.6283185307179586, 0.5235987755982988, np.float64(0.12069892472277266), 0.2, np.float64(0.25895591431799697), 0.95, False, False, False, True, np.float64(1.4870729804304027e-05), np.float64(-0.0004715609891369845), 0.0, 0.0)
Waveform Generated. SNR: 20.005620829092983
calculating Fisher matrix...
Finished derivatives
Calculated Fisher is *atleast* positive-definite.
Time taken to compute FM is 4.475379228591919 seconds
    CV idx7/PN/from_MAP#1 it  29 lam=3.6e+02 ov=0.9998874 chi2=9.025e-02 rel=3.2e-05
Body is not plunging, Fisher should be stable.
waveform shape: (3, 7889537)
Computing SNR for parameters: (np.float64(1000046.9345932071), np.float64(10.00009149928297), np.float64(9.359478222894222e-05), np.float64(11.0970431010857), np.float64(0.19998846440913923), 1.0, 6.165893030556978, np.float64(1.0461507142377304), np.float64(0.7837489775458447), 0.6283185307179586, 0.5235987755982988, np.float64(0.12069792589624721), 0.2, np.float64(0.2589550903351378), 0.95, False, False, False, True, np.float64(1.4872988000584055e-05), np.float64(-0.00047157307561594545), 0.0, 0.0)
Waveform Generated. SNR: 20.005621097524177
calculating stable deltas...
minimum relative error is greater than 1% for a. Fisher may be unstable!
minimum relative error is greater than 1% for dev_1. Fisher may be unstable!
minimum relative error is greater than 1% for dev_2. Fisher may be unstable!
Time taken to compute stable deltas is 39.955172061920166 seconds
calculating Fisher matrix...
Finished derivatives
Calculated Fisher is *atleast* positive-definite.
Time taken to compute FM is 3.8723742961883545 seconds
    CV idx7/PN/from_MAP#1 it  30 lam=6.2e+02 ov=0.9998874 chi2=9.024e-02 rel=1.2e-05
Body is not plunging, Fisher should be stable.
waveform shape: (3, 7889537)
Computing SNR for parameters: (np.float64(1000046.9345934174), np.float64(10.000091499235936), np.float64(9.359477961160734e-05), np.float64(11.097043101086474), np.float64(0.19998846440528886), 1.0, 6.165893030556978, np.float64(1.0461506667191318), np.float64(0.7837489990409204), 0.6283185307179586, 0.5235987755982988, np.float64(0.12069730310695867), 0.2, np.float64(0.2589545548325252), 0.95, False, False, False, True, np.float64(1.4872755447002015e-05), np.float64(-0.0004715678001904721), 0.0, 0.0)
Waveform Generated. SNR: 20.005621170885775
calculating Fisher matrix...
Finished derivatives
Calculated Fisher is *atleast* positive-definite.
Time taken to compute FM is 4.483018636703491 seconds
    CV idx7/PN/from_MAP#1 it  31 lam=6.7e+02 ov=0.9998874 chi2=9.024e-02 rel=3.4e-06
Body is not plunging, Fisher should be stable.
waveform shape: (3, 7889537)
Computing SNR for parameters: (np.float64(1000046.9345935311), np.float64(10.000091499209026), np.float64(9.359477886705349e-05), np.float64(11.097043101086877), np.float64(0.19998846440301496), 1.0, 6.165893030556978, np.float64(1.0461506373188691), np.float64(0.7837490125610043), 0.6283185307179586, 0.5235987755982988, np.float64(0.12069694863658513), 0.2, np.float64(0.2589542542340896), 0.95, False, False, False, True, np.float64(1.4872770738213886e-05), np.float64(-0.0004715674707578258), 0.0, 0.0)
Waveform Generated. SNR: 20.005621391804542
calculating Fisher matrix...
Finished derivatives
Calculated Fisher is *atleast* positive-definite.
Time taken to compute FM is 4.50351619720459 seconds
    CV idx7/PN/from_MAP#1 it  32 lam=1.2e+03 ov=0.9998874 chi2=9.024e-02 rel=3.2e-06
Body is not plunging, Fisher should be stable.
waveform shape: (3, 7889537)
Computing SNR for parameters: (np.float64(1000046.9345936347), np.float64(10.000091499184252), np.float64(9.359477795762483e-05), np.float64(11.097043101087241), np.float64(0.19998846440090998), 1.0, 6.165893030556978, np.float64(1.0461506096190623), np.float64(0.7837490252590354), 0.6283185307179586, 0.5235987755982988, np.float64(0.12069662334190565), 0.2, np.float64(0.2589539800658405), 0.95, False, False, False, True, np.float64(1.4872773421869051e-05), np.float64(-0.00047156341708589147), 0.0, 0.0)
Waveform Generated. SNR: 20.005621400128806
calculating Fisher matrix...
Finished derivatives
Calculated Fisher is *atleast* positive-definite.
Time taken to compute FM is 4.505762338638306 seconds
    CV idx7/PN/from_MAP#1 it  33 lam=3.9e+02 ov=0.9998874 chi2=9.024e-02 rel=1.3e-05
Body is not plunging, Fisher should be stable.
waveform shape: (3, 7889537)
Computing SNR for parameters: (np.float64(1000046.9345936934), np.float64(10.000091499170201), np.float64(9.359477715818644e-05), np.float64(11.097043101087447), np.float64(0.1999884643997159), 1.0, 6.165893030556978, np.float64(1.0461505941023035), np.float64(0.7837490324323367), 0.6283185307179586, 0.5235987755982988, np.float64(0.12069643831136849), 0.2, np.float64(0.25895382360753244), 0.95, False, False, False, True, np.float64(1.4872784947062053e-05), np.float64(-0.000471563011466287), 0.0, 0.0)
Waveform Generated. SNR: 20.005621800107747
calculating Fisher matrix...
Finished derivatives
Calculated Fisher is *atleast* positive-definite.
Time taken to compute FM is 4.489110946655273 seconds
    CV idx7/PN/from_MAP#1 it  34 lam=6.4e+02 ov=0.9998874 chi2=9.024e-02 rel=2.9e-05
Body is not plunging, Fisher should be stable.
waveform shape: (3, 7889537)
Computing SNR for parameters: (np.float64(1000046.9345938616), np.float64(10.00009149912834), np.float64(9.359477462698192e-05), np.float64(11.09704310108802), np.float64(0.19998846439608606), 1.0, 6.165893030556978, np.float64(1.0461505446522505), np.float64(0.7837490553248379), 0.6283185307179586, 0.5235987755982988, np.float64(0.12069589175630875), 0.2, np.float64(0.2589533710593748), 0.95, False, False, False, True, np.float64(1.4872975033340834e-05), np.float64(-0.00047155902016136257), 0.0, 0.0)
Waveform Generated. SNR: 20.0056215843587
calculating stable deltas...
minimum relative error is greater than 1% for a. Fisher may be unstable!
minimum relative error is greater than 1% for dev_1. Fisher may be unstable!
minimum relative error is greater than 1% for dev_2. Fisher may be unstable!
Time taken to compute stable deltas is 39.88956022262573 seconds
calculating Fisher matrix...
Finished derivatives
Calculated Fisher is *atleast* positive-definite.
Time taken to compute FM is 3.886414051055908 seconds
    CV idx7/PN/from_MAP#1 it  35 lam=5.4e+03 ov=0.9998874 chi2=9.024e-02 rel=2.0e-06
Body is not plunging, Fisher should be stable.
waveform shape: (3, 7889537)
Computing SNR for parameters: (np.float64(1000046.9345938754), np.float64(10.000091499125071), np.float64(9.359477454081985e-05), np.float64(11.09704310108807), np.float64(0.19998846439581033), 1.0, 6.165893030556978, np.float64(1.046150541094741), np.float64(0.7837490569562485), 0.6283185307179586, 0.5235987755982988, np.float64(0.12069584871636004), 0.2, np.float64(0.25895333462442854), 0.95, False, False, False, True, np.float64(1.4872623421612159e-05), np.float64(-0.0004734824612154696), 0.0, 0.0)
Waveform Generated. SNR: 20.005621515839234
calculating Fisher matrix...
Finished derivatives
Calculated Fisher is *atleast* positive-definite.
Time taken to compute FM is 4.487621068954468 seconds
    CV idx7/PN/from_MAP#1 it  36 lam=5.9e+07 ov=0.9998874 chi2=9.024e-02 rel=5.9e-06
Body is not plunging, Fisher should be stable.
waveform shape: (3, 7889537)
Computing SNR for parameters: (np.float64(1000046.9345938754), np.float64(10.000091499125071), np.float64(9.359477454081816e-05), np.float64(11.09704310108807), np.float64(0.19998846439581033), 1.0, 6.165893030556978, np.float64(1.0461505410946368), np.float64(0.783749056956297), 0.6283185307179586, 0.5235987755982988, np.float64(0.12069584871512981), 0.2, np.float64(0.2589533346233909), 0.95, False, False, False, True, np.float64(1.4872623399623128e-05), np.float64(-0.00047348248183915327), 0.0, 0.0)
Waveform Generated. SNR: 20.005621509052034
calculating Fisher matrix...
Finished derivatives
Calculated Fisher is *atleast* positive-definite.
Time taken to compute FM is 4.475067615509033 seconds
    CV idx7/PN/from_MAP#1 it  37 lam=5.6e+147 ov=0.9998874 chi2=9.024e-02 rel=0.0e+00
    NM  nfev=2091 ov 0.9998874 -> 0.9999647 (accepted=True)
Body is not plunging, Fisher should be stable.
waveform shape: (3, 7889537)
Computing SNR for parameters: (np.float64(1000047.1038088666), np.float64(10.00008457173092), np.float64(9.326672494305945e-05), np.float64(11.097041717532237), np.float64(0.19998832399815666), 1.0, 6.165893030556978, np.float64(1.0459922159896853), np.float64(0.7847395689639032), 0.6283185307179586, 0.5235987755982988, np.float64(0.09763988048353545), 0.2, np.float64(0.2807641085820268), 0.95, False, False, False, True, np.float64(0.0026915764730878213), np.float64(-0.10027253746573002), 0.0, 0.0)
Waveform Generated. SNR: 20.00150576869748
calculating stable deltas...
minimum relative error is greater than 1% for a. Fisher may be unstable!
minimum relative error is greater than 1% for dev_1. Fisher may be unstable!
Time taken to compute stable deltas is 39.88590168952942 seconds
calculating Fisher matrix...
Finished derivatives
Calculated Fisher is *atleast* positive-definite.
Time taken to compute FM is 3.8736724853515625 seconds
    CV idx7/PN/from_MAP#2 it   0 lam=3.5e+11 ov=0.9999647 chi2=2.827e-02 rel=3.7e-16
    RESULT idx7/PN/from_MAP: ov 0.9997485 -> 0.9999647, chi2=2.8274e-02
    --- start from_0PA ---
    start overlap = 0.9999645
Body is not plunging, Fisher should be stable.
waveform shape: (3, 7889537)
Computing SNR for parameters: (np.float64(1000047.1805236185), np.float64(10.000082847917094), np.float64(9.3507630009044e-05), np.float64(11.097040593233551), np.float64(0.19998843499595909), 1.0, 6.165893030556978, np.float64(1.0460552977610775), np.float64(0.7847136672659717), 0.6283185307179586, 0.5235987755982988, np.float64(0.09665406592600409), 0.2, np.float64(0.2804294047129685), 0.95, False, False, False, True, np.float64(0.0), np.float64(0.0), 0.0, 0.0)
Waveform Generated. SNR: 20.001353921955232
calculating stable deltas...
minimum relative error is greater than 1% for a. Fisher may be unstable!
minimum relative error is greater than 1% for dev_2. Fisher may be unstable!
Time taken to compute stable deltas is 39.98723554611206 seconds
calculating Fisher matrix...
Finished derivatives
Calculated Fisher is *atleast* positive-definite.
Time taken to compute FM is 3.8892929553985596 seconds
    CV idx7/PN/from_0PA#1 it   0 lam=2.3e+08 ov=0.9999645 chi2=2.850e-02 rel=4.8e-14
    NM  nfev=1558 ov 0.9999645 -> 0.9999648 (accepted=True)
Body is not plunging, Fisher should be stable.
waveform shape: (3, 7889537)
Computing SNR for parameters: (np.float64(1000047.0616352531), np.float64(10.000085507224375), np.float64(9.312824557995417e-05), np.float64(11.097042336913427), np.float64(0.19998826699410452), 1.0, 6.165893030556978, np.float64(1.045937596268191), np.float64(0.7847579233505044), 0.6283185307179586, 0.5235987755982988, np.float64(0.09819847610383199), 0.2, np.float64(0.2811940783419763), 0.95, False, False, False, True, np.float64(0.008263620564144777), np.float64(-0.16251249125130612), 0.0, 0.0)
Waveform Generated. SNR: 20.00165271581348
calculating stable deltas...
Time taken to compute stable deltas is 39.651451110839844 seconds
calculating Fisher matrix...
Finished derivatives
Calculated Fisher is *atleast* positive-definite.
Time taken to compute FM is 3.875471830368042 seconds
    CV idx7/PN/from_0PA#2 it   0 lam=1.0e-02 ov=0.9999648 chi2=2.824e-02 rel=2.6e-04
Body is not plunging, Fisher should be stable.
waveform shape: (3, 7889537)
Computing SNR for parameters: (np.float64(1000047.061418713), np.float64(10.000085534629552), np.float64(9.313214510471689e-05), np.float64(11.09704233531641), np.float64(0.19998826616242746), 1.0, 6.165893030556978, np.float64(1.0459460753063532), np.float64(0.7847551121711531), 0.6283185307179586, 0.5235987755982988, np.float64(0.09820693626089046), 0.2, np.float64(0.28103835621558787), 0.95, False, False, False, True, np.float64(0.008187509428921609), np.float64(-0.15929788807921202), 0.0, 0.0)
Waveform Generated. SNR: 20.001630125639842
calculating Fisher matrix...
Finished derivatives
Calculated Fisher is *atleast* positive-definite.
Time taken to compute FM is 4.466747045516968 seconds
    CV idx7/PN/from_0PA#2 it   1 lam=1.0e-02 ov=0.9999648 chi2=2.823e-02 rel=2.5e-04
Body is not plunging, Fisher should be stable.
waveform shape: (3, 7889537)
Computing SNR for parameters: (np.float64(1000047.0612386684), np.float64(10.000085556762297), np.float64(9.31346088811698e-05), np.float64(11.097042333924117), np.float64(0.1999882652700213), 1.0, 6.165893030556978, np.float64(1.045951757243939), np.float64(0.7847528710219293), 0.6283185307179586, 0.5235987755982988, np.float64(0.09820293913140374), 0.2, np.float64(0.28092417351252097), 0.95, False, False, False, True, np.float64(0.008356711768518266), np.float64(-0.15629164676769616), 0.0, 0.0)
Waveform Generated. SNR: 20.00161643589984
calculating Fisher matrix...
Finished derivatives
Calculated Fisher is *atleast* positive-definite.
Time taken to compute FM is 4.495457410812378 seconds
    CV idx7/PN/from_0PA#2 it   2 lam=6.9e-01 ov=0.9999648 chi2=2.822e-02 rel=4.4e-05
Body is not plunging, Fisher should be stable.
waveform shape: (3, 7889537)
Computing SNR for parameters: (np.float64(1000047.0612331151), np.float64(10.000085557264137), np.float64(9.313492101790126e-05), np.float64(11.09704233388349), np.float64(0.19998826524510274), 1.0, 6.165893030556978, np.float64(1.045951445561944), np.float64(0.7847531786186775), 0.6283185307179586, 0.5235987755982988, np.float64(0.09820479462615359), 0.2, np.float64(0.28091825432315437), 0.95, False, False, False, True, np.float64(0.008266014101941211), np.float64(-0.15626051213472886), 0.0, 0.0)
Waveform Generated. SNR: 20.00161616187062
calculating Fisher matrix...
Finished derivatives
Calculated Fisher is *atleast* positive-definite.
Time taken to compute FM is 4.49220609664917 seconds
    CV idx7/PN/from_0PA#2 it   3 lam=6.6e+139 ov=0.9999648 chi2=2.822e-02 rel=0.0e+00
    RESULT idx7/PN/from_0PA: ov 0.9999645 -> 0.9999648, chi2=2.8222e-02
    BEST  idx7/PN: from_0PA ov=0.9999648
==============================================================================
[idx7 (a=+0.0, e0=0.2) | simple | dt=10.0]  SNR=19.991 (A=14.119 E=14.153 T=0.030; T%=0.00)
    --- start from_MAP ---
    start overlap = 0.9997485
Body is not plunging, Fisher should be stable.
waveform shape: (3, 7889537)
Computing SNR for parameters: (np.float64(1000046.9407340881), np.float64(10.000091856326865), np.float64(9.360413131232411e-05), np.float64(11.097043137679432), np.float64(0.19998857002973178), 1.0, 6.165893030556978, np.float64(1.0471975511965976), np.float64(0.7853981633974483), 0.6283185307179586, 0.5235987755982988, np.float64(0.1373444014777716), 0.2, np.float64(0.2623020706691114), 0.95, False, False, False, True, 0.0, 0.0, np.float64(0.0), np.float64(0.0))
Waveform Generated. SNR: 19.9930724119672
The optimal source SNR is <= 20. The Fisher approximation may not be valid!
calculating stable deltas...
minimum relative error is greater than 1% for a. Fisher may be unstable!
minimum relative error is greater than 1% for dev_1. Fisher may be unstable!
minimum relative error is greater than 1% for dev_2. Fisher may be unstable!
Time taken to compute stable deltas is 40.110416889190674 seconds
calculating Fisher matrix...
Finished derivatives
Calculated Fisher is *atleast* positive-definite.
Time taken to compute FM is 3.8563575744628906 seconds
    CV idx7/simple/from_MAP#1 it   0 lam=7.3e-02 ov=0.9997485 chi2=2.010e-01 rel=3.1e-01
Body is not plunging, Fisher should be stable.
waveform shape: (3, 7889537)
Computing SNR for parameters: (np.float64(1000046.9360586895), np.float64(10.000091829395364), np.float64(9.35810644207101e-05), np.float64(11.097043114518776), np.float64(0.1999885225585126), 1.0, 6.165893030556978, np.float64(1.0465990571265096), np.float64(0.7839067428927589), 0.6283185307179586, 0.5235987755982988, np.float64(0.12926048367055018), 0.2, np.float64(0.2625182847915534), 0.95, False, False, False, True, 0.0, 0.0, np.float64(-0.0002609102052592749), np.float64(-0.005074012886516775))
Waveform Generated. SNR: 20.002879365652273
calculating Fisher matrix...
Finished derivatives
Calculated Fisher is *atleast* positive-definite.
Time taken to compute FM is 4.451925039291382 seconds
    CV idx7/simple/from_MAP#1 it   1 lam=3.9e-02 ov=0.9998260 chi2=1.393e-01 rel=2.9e-01
Body is not plunging, Fisher should be stable.
waveform shape: (3, 7889537)
Computing SNR for parameters: (np.float64(1000046.9351342807), np.float64(10.00009169141252), np.float64(9.359157944143771e-05), np.float64(11.09704310828435), np.float64(0.19998849652914197), 1.0, 6.165893030556978, np.float64(1.0461779259481336), np.float64(0.7838415443996964), 0.6283185307179586, 0.5235987755982988, np.float64(0.12367676392359943), 0.2, np.float64(0.26025787541433226), 0.95, False, False, False, True, 0.0, 0.0, np.float64(-0.0015274792008188192), np.float64(0.015106838660661474))
Waveform Generated. SNR: 20.005053060113735
calculating Fisher matrix...
Finished derivatives
Calculated Fisher is *atleast* positive-definite.
Time taken to compute FM is 4.441674709320068 seconds
    CV idx7/simple/from_MAP#1 it   2 lam=3.3e-01 ov=0.9998760 chi2=9.935e-02 rel=2.2e-02
Body is not plunging, Fisher should be stable.
waveform shape: (3, 7889537)
Computing SNR for parameters: (np.float64(1000046.934458544), np.float64(10.000091663234736), np.float64(9.358869118246384e-05), np.float64(11.097043104405866), np.float64(0.19998848606831), 1.0, 6.165893030556978, np.float64(1.0461059524761775), np.float64(0.7838295973026604), 0.6283185307179586, 0.5235987755982988, np.float64(0.1235187556746663), 0.2, np.float64(0.2606392011029578), 0.95, False, False, False, True, 0.0, 0.0, np.float64(-0.0018582552934257191), np.float64(0.009271814922232603))
Waveform Generated. SNR: 20.005434440427123
calculating Fisher matrix...
Finished derivatives
Calculated Fisher is *atleast* positive-definite.
Time taken to compute FM is 4.455419540405273 seconds
    CV idx7/simple/from_MAP#1 it   3 lam=1.1e+00 ov=0.9998787 chi2=9.718e-02 rel=7.1e-03
Body is not plunging, Fisher should be stable.
waveform shape: (3, 7889537)
Computing SNR for parameters: (np.float64(1000046.9343915143), np.float64(10.000091639206353), np.float64(9.35826846143536e-05), np.float64(11.097043104096747), np.float64(0.19998848245383724), 1.0, 6.165893030556978, np.float64(1.0460648228579592), np.float64(0.783811414116325), 0.6283185307179586, 0.5235987755982988, np.float64(0.12331913090676984), 0.2, np.float64(0.2609216985297443), 0.95, False, False, False, True, 0.0, 0.0, np.float64(-0.002112414888067798), np.float64(0.0014827418961776322))
Waveform Generated. SNR: 20.005702563109224
calculating Fisher matrix...
Finished derivatives
Calculated Fisher is *atleast* positive-definite.
Time taken to compute FM is 4.464191436767578 seconds
    CV idx7/simple/from_MAP#1 it   4 lam=1.1e+00 ov=0.9998796 chi2=9.648e-02 rel=2.6e-02
Body is not plunging, Fisher should be stable.
waveform shape: (3, 7889537)
Computing SNR for parameters: (np.float64(1000046.9344732423), np.float64(10.000091628922954), np.float64(9.358340798530079e-05), np.float64(11.09704310431421), np.float64(0.19998848200399982), 1.0, 6.165893030556978, np.float64(1.0461645783127458), np.float64(0.7837824028004694), 0.6283185307179586, 0.5235987755982988, np.float64(0.12276299755168484), 0.2, np.float64(0.2602162339802843), 0.95, False, False, False, True, 0.0, 0.0, np.float64(-0.002211787351692218), np.float64(-0.000705073333984662))
Waveform Generated. SNR: 20.005389413388915
calculating stable deltas...
minimum relative error is greater than 1% for a. Fisher may be unstable!
minimum relative error is greater than 1% for dev_2. Fisher may be unstable!
Time taken to compute stable deltas is 40.00546646118164 seconds
calculating Fisher matrix...
Finished derivatives
Calculated Fisher is *atleast* positive-definite.
Time taken to compute FM is 3.862494707107544 seconds
    CV idx7/simple/from_MAP#1 it   5 lam=2.0e+00 ov=0.9998827 chi2=9.398e-02 rel=2.3e-03
Body is not plunging, Fisher should be stable.
waveform shape: (3, 7889537)
Computing SNR for parameters: (np.float64(1000046.9344394977), np.float64(10.000091627629857), np.float64(9.358163256800007e-05), np.float64(11.097043103744374), np.float64(0.19998848141130557), 1.0, 6.165893030556978, np.float64(1.0462541169853272), np.float64(0.7837814425000599), 0.6283185307179586, 0.5235987755982988, np.float64(0.12222511998770236), 0.2, np.float64(0.2596742494789435), 0.95, False, False, False, True, 0.0, 0.0, np.float64(-0.0022295852616038975), np.float64(-0.0007089595185419487))
Waveform Generated. SNR: 20.00499749408027
calculating Fisher matrix...
Finished derivatives
Calculated Fisher is *atleast* positive-definite.
Time taken to compute FM is 4.471685886383057 seconds
    CV idx7/simple/from_MAP#1 it   6 lam=2.0e+00 ov=0.9998830 chi2=9.377e-02 rel=1.7e-02
Body is not plunging, Fisher should be stable.
waveform shape: (3, 7889537)
Computing SNR for parameters: (np.float64(1000046.9342466536), np.float64(10.000091627532258), np.float64(9.357999602405865e-05), np.float64(11.097043102666715), np.float64(0.1999884794158832), 1.0, 6.165893030556978, np.float64(1.0462057823218964), np.float64(0.7837985227494153), 0.6283185307179586, 0.5235987755982988, np.float64(0.1222276416334386), 0.2, np.float64(0.25996819210355493), 0.95, False, False, False, True, 0.0, 0.0, np.float64(-0.0022317093657534827), np.float64(-0.0007093037081453768))
Waveform Generated. SNR: 20.005134368014637
calculating Fisher matrix...
Finished derivatives
Calculated Fisher is *atleast* positive-definite.
Time taken to compute FM is 4.454627752304077 seconds
    CV idx7/simple/from_MAP#1 it   7 lam=2.6e+00 ov=0.9998849 chi2=9.219e-02 rel=3.6e-03
Body is not plunging, Fisher should be stable.
waveform shape: (3, 7889537)
Computing SNR for parameters: (np.float64(1000046.9341793818), np.float64(10.000091622206618), np.float64(9.357956422953085e-05), np.float64(11.097043102301104), np.float64(0.19998847807881137), 1.0, 6.165893030556978, np.float64(1.0461801550600784), np.float64(0.7837973705094275), 0.6283185307179586, 0.5235987755982988, np.float64(0.12214821450730753), 0.2, np.float64(0.2600838976796082), 0.95, False, False, False, True, 0.0, 0.0, np.float64(-0.00228880518680491), np.float64(-0.0007089566841428951))
Waveform Generated. SNR: 20.00525452227488
calculating Fisher matrix...
Finished derivatives
Calculated Fisher is *atleast* positive-definite.
Time taken to compute FM is 4.452549695968628 seconds
    CV idx7/simple/from_MAP#1 it   8 lam=2.4e+00 ov=0.9998854 chi2=9.186e-02 rel=4.4e-03
Body is not plunging, Fisher should be stable.
waveform shape: (3, 7889537)
Computing SNR for parameters: (np.float64(1000046.9341826966), np.float64(10.000091616894581), np.float64(9.35792898329541e-05), np.float64(11.097043102295322), np.float64(0.1999884774676808), 1.0, 6.165893030556978, np.float64(1.0461910888075148), np.float64(0.7837884079985901), 0.6283185307179586, 0.5235987755982988, np.float64(0.12200064595866646), 0.2, np.float64(0.2600098636023173), 0.95, False, False, False, True, 0.0, 0.0, np.float64(-0.002347555712741497), np.float64(-0.0007089006459742224))
Waveform Generated. SNR: 20.005247815114082
calculating Fisher matrix...
Finished derivatives
Calculated Fisher is *atleast* positive-definite.
Time taken to compute FM is 4.459896564483643 seconds
    CV idx7/simple/from_MAP#1 it   9 lam=1.9e+00 ov=0.9998859 chi2=9.145e-02 rel=4.3e-03
Body is not plunging, Fisher should be stable.
waveform shape: (3, 7889537)
Computing SNR for parameters: (np.float64(1000046.9341514233), np.float64(10.000091612395622), np.float64(9.357823408768399e-05), np.float64(11.097043102091723), np.float64(0.19998847659626873), 1.0, 6.165893030556978, np.float64(1.0461931965753535), np.float64(0.7837846595401371), 0.6283185307179586, 0.5235987755982988, np.float64(0.12186890683722372), 0.2, np.float64(0.2599837992881598), 0.95, False, False, False, True, 0.0, 0.0, np.float64(-0.0023961365344807523), np.float64(-0.0007089343410778698))
Waveform Generated. SNR: 20.005256466677793
calculating stable deltas...
minimum relative error is greater than 1% for a. Fisher may be unstable!
minimum relative error is greater than 1% for dev_2. Fisher may be unstable!
Time taken to compute stable deltas is 39.94955897331238 seconds
calculating Fisher matrix...
Finished derivatives
Calculated Fisher is *atleast* positive-definite.
Time taken to compute FM is 3.8524811267852783 seconds
    CV idx7/simple/from_MAP#1 it  10 lam=3.7e+00 ov=0.9998864 chi2=9.105e-02 rel=1.2e-03
Body is not plunging, Fisher should be stable.
waveform shape: (3, 7889537)
Computing SNR for parameters: (np.float64(1000046.9342130524), np.float64(10.000091606473836), np.float64(9.357821584388112e-05), np.float64(11.097043102255327), np.float64(0.19998847638279932), 1.0, 6.165893030556978, np.float64(1.0461698333985034), np.float64(0.7838088644956208), 0.6283185307179586, 0.5235987755982988, np.float64(0.12167905558878071), 0.2, np.float64(0.2598920408413673), 0.95, False, False, False, True, 0.0, 0.0, np.float64(-0.002454610846908806), np.float64(-0.0006751949126018997))
Waveform Generated. SNR: 20.005243040839535
calculating Fisher matrix...
Finished derivatives
Calculated Fisher is *atleast* positive-definite.
Time taken to compute FM is 4.4791741371154785 seconds
    CV idx7/simple/from_MAP#1 it  11 lam=5.3e+00 ov=0.9998865 chi2=9.094e-02 rel=3.6e-03
Body is not plunging, Fisher should be stable.
waveform shape: (3, 7889537)
Computing SNR for parameters: (np.float64(1000046.934145232), np.float64(10.000091604827515), np.float64(9.35782744717012e-05), np.float64(11.097043101875345), np.float64(0.1999884754807066), 1.0, 6.165893030556978, np.float64(1.046153743471187), np.float64(0.7838126152680251), 0.6283185307179586, 0.5235987755982988, np.float64(0.12166516183126719), 0.2, np.float64(0.2600068942571294), 0.95, False, False, False, True, 0.0, 0.0, np.float64(-0.002472155813713576), np.float64(-0.000674741391789907))
Waveform Generated. SNR: 20.005296132896646
calculating Fisher matrix...
Finished derivatives
Calculated Fisher is *atleast* positive-definite.
Time taken to compute FM is 4.457489490509033 seconds
    CV idx7/simple/from_MAP#1 it  12 lam=5.2e+00 ov=0.9998869 chi2=9.062e-02 rel=1.7e-03
Body is not plunging, Fisher should be stable.
waveform shape: (3, 7889537)
Computing SNR for parameters: (np.float64(1000046.9341146899), np.float64(10.000091603678236), np.float64(9.357827144336098e-05), np.float64(11.097043101681763), np.float64(0.19998847502254566), 1.0, 6.165893030556978, np.float64(1.046156188621702), np.float64(0.7838121836203675), 0.6283185307179586, 0.5235987755982988, np.float64(0.12161848623560753), 0.2, np.float64(0.25999500028970574), 0.95, False, False, False, True, 0.0, 0.0, np.float64(-0.0024836802667854833), np.float64(-0.0006751691618415393))
Waveform Generated. SNR: 20.005286803163457
calculating Fisher matrix...
Finished derivatives
Calculated Fisher is *atleast* positive-definite.
Time taken to compute FM is 4.46524715423584 seconds
    CV idx7/simple/from_MAP#1 it  13 lam=5.9e+00 ov=0.9998871 chi2=9.047e-02 rel=1.6e-03
Body is not plunging, Fisher should be stable.
waveform shape: (3, 7889537)
Computing SNR for parameters: (np.float64(1000046.9340898801), np.float64(10.000091602569361), np.float64(9.357827153562129e-05), np.float64(11.0970431015073), np.float64(0.19998847462373642), 1.0, 6.165893030556978, np.float64(1.0461604985909008), np.float64(0.783811243751582), 0.6283185307179586, 0.5235987755982988, np.float64(0.12155912425402378), 0.2, np.float64(0.2599532319893704), 0.95, False, False, False, True, 0.0, 0.0, np.float64(-0.002496674066730358), np.float64(-0.0006772569854934441))
Waveform Generated. SNR: 20.00527357578039
calculating Fisher matrix...
Finished derivatives
Calculated Fisher is *atleast* positive-definite.
Time taken to compute FM is 4.4495909214019775 seconds
    CV idx7/simple/from_MAP#1 it  14 lam=2.0e+00 ov=0.9998873 chi2=9.033e-02 rel=1.5e-03
Body is not plunging, Fisher should be stable.
waveform shape: (3, 7889537)
Computing SNR for parameters: (np.float64(1000046.934056499), np.float64(10.000091601769249), np.float64(9.357827040529344e-05), np.float64(11.09704310129803), np.float64(0.19998847417762733), 1.0, 6.165893030556978, np.float64(1.0461605167424852), np.float64(0.783812024204853), 0.6283185307179586, 0.5235987755982988, np.float64(0.12152207792548975), 0.2, np.float64(0.25994989600160134), 0.95, False, False, False, True, 0.0, 0.0, np.float64(-0.0025064106193516808), np.float64(-0.0006773601286527229))
Waveform Generated. SNR: 20.005270020796
calculating stable deltas...
minimum relative error is greater than 1% for a. Fisher may be unstable!
minimum relative error is greater than 1% for dev_1. Fisher may be unstable!
minimum relative error is greater than 1% for dev_2. Fisher may be unstable!
Time taken to compute stable deltas is 40.09598445892334 seconds
calculating Fisher matrix...
Finished derivatives
Calculated Fisher is *atleast* positive-definite.
Time taken to compute FM is 3.8544387817382812 seconds
    CV idx7/simple/from_MAP#1 it  15 lam=2.4e+00 ov=0.9998874 chi2=9.019e-02 rel=2.8e-03
Body is not plunging, Fisher should be stable.
waveform shape: (3, 7889537)
Computing SNR for parameters: (np.float64(1000046.9340448234), np.float64(10.000091594561214), np.float64(9.357837445051189e-05), np.float64(11.097043101215732), np.float64(0.19998847317426827), 1.0, 6.165893030556978, np.float64(1.0461622194110127), np.float64(0.7838029512051086), 0.6283185307179586, 0.5235987755982988, np.float64(0.12139434897213565), 0.2, np.float64(0.2599506454250358), 0.95, False, False, False, True, 0.0, 0.0, np.float64(-0.002584877033706136), np.float64(-0.000678188976621645))
Waveform Generated. SNR: 20.005306244486967
calculating Fisher matrix...
Finished derivatives
Calculated Fisher is *atleast* positive-definite.
Time taken to compute FM is 4.453935384750366 seconds
    CV idx7/simple/from_MAP#1 it  16 lam=4.2e+00 ov=0.9998878 chi2=8.994e-02 rel=1.5e-03
Body is not plunging, Fisher should be stable.
waveform shape: (3, 7889537)
Computing SNR for parameters: (np.float64(1000046.9340155433), np.float64(10.000091589512534), np.float64(9.35789317832623e-05), np.float64(11.097043101025957), np.float64(0.1999884722389937), 1.0, 6.165893030556978, np.float64(1.0461531142072085), np.float64(0.7838024204459899), 0.6283185307179586, 0.5235987755982988, np.float64(0.12132945228274807), 0.2, np.float64(0.2599822988615713), 0.95, False, False, False, True, 0.0, 0.0, np.float64(-0.002638316867604832), np.float64(-0.0006778371547269768))
Waveform Generated. SNR: 20.005348154234444
calculating Fisher matrix...
Finished derivatives
Calculated Fisher is *atleast* positive-definite.
Time taken to compute FM is 4.44866681098938 seconds
    CV idx7/simple/from_MAP#1 it  17 lam=4.2e+00 ov=0.9998879 chi2=8.980e-02 rel=4.2e-03
Body is not plunging, Fisher should be stable.
waveform shape: (3, 7889537)
Computing SNR for parameters: (np.float64(1000046.9339583882), np.float64(10.000091589780041), np.float64(9.35781436326346e-05), np.float64(11.097043100634414), np.float64(0.1999884716612782), 1.0, 6.165893030556978, np.float64(1.046156764103402), np.float64(0.7838075662239103), 0.6283185307179586, 0.5235987755982988, np.float64(0.12126626179313219), 0.2, np.float64(0.2599196030446723), 0.95, False, False, False, True, 0.0, 0.0, np.float64(-0.0026363245056153124), np.float64(-0.0006776312833034341))
Waveform Generated. SNR: 20.00530786333823
calculating Fisher matrix...
Finished derivatives
Calculated Fisher is *atleast* positive-definite.
Time taken to compute FM is 4.470537424087524 seconds
    CV idx7/simple/from_MAP#1 it  18 lam=4.6e+00 ov=0.9998884 chi2=8.942e-02 rel=2.5e-03
Body is not plunging, Fisher should be stable.
waveform shape: (3, 7889537)
Computing SNR for parameters: (np.float64(1000046.9339050137), np.float64(10.00009158880996), np.float64(9.357755144981198e-05), np.float64(11.097043100305335), np.float64(0.1999884709840213), 1.0, 6.165893030556978, np.float64(1.0461534351405595), np.float64(0.7838103515742119), 0.6283185307179586, 0.5235987755982988, np.float64(0.12122994597528107), 0.2, np.float64(0.2599396119914303), 0.95, False, False, False, True, 0.0, 0.0, np.float64(-0.0026478133493264265), np.float64(-0.0006780793652444904))
Waveform Generated. SNR: 20.00530896458677
calculating Fisher matrix...
Finished derivatives
Calculated Fisher is *atleast* positive-definite.
Time taken to compute FM is 4.421864986419678 seconds
    CV idx7/simple/from_MAP#1 it  19 lam=8.6e+00 ov=0.9998887 chi2=8.920e-02 rel=7.1e-04
Body is not plunging, Fisher should be stable.
waveform shape: (3, 7889537)
Computing SNR for parameters: (np.float64(1000046.9338439059), np.float64(10.000091589310543), np.float64(9.35773895114081e-05), np.float64(11.097043099901697), np.float64(0.1999884703925444), 1.0, 6.165893030556978, np.float64(1.0461567423891778), np.float64(0.7838171989117128), 0.6283185307179586, 0.5235987755982988, np.float64(0.12119079920627658), 0.2, np.float64(0.2599325739234441), 0.95, False, False, False, True, 0.0, 0.0, np.float64(-0.0026435680118750858), np.float64(-0.0006768034287505446))
Waveform Generated. SNR: 20.005266870905903
calculating stable deltas...
minimum relative error is greater than 1% for a. Fisher may be unstable!
minimum relative error is greater than 1% for dev_2. Fisher may be unstable!
Time taken to compute stable deltas is 39.637725591659546 seconds
calculating Fisher matrix...
Finished derivatives
Calculated Fisher is *atleast* positive-definite.
Time taken to compute FM is 3.816859245300293 seconds
    CV idx7/simple/from_MAP#1 it  20 lam=7.5e+00 ov=0.9998887 chi2=8.914e-02 rel=1.7e-03
Body is not plunging, Fisher should be stable.
waveform shape: (3, 7889537)
Computing SNR for parameters: (np.float64(1000046.9338556495), np.float64(10.000091587350267), np.float64(9.357738854052045e-05), np.float64(11.097043099954647), np.float64(0.1999884702707237), 1.0, 6.165893030556978, np.float64(1.046161796953061), np.float64(0.7838137543650255), 0.6283185307179586, 0.5235987755982988, np.float64(0.1211459978143219), 0.2, np.float64(0.25989231409443536), 0.95, False, False, False, True, 0.0, 0.0, np.float64(-0.0026637209374043664), np.float64(-0.0006768594604068083))
Waveform Generated. SNR: 20.005256505349998
calculating Fisher matrix...
Finished derivatives
Calculated Fisher is *atleast* positive-definite.
Time taken to compute FM is 4.442585229873657 seconds
    CV idx7/simple/from_MAP#1 it  21 lam=1.2e+01 ov=0.9998889 chi2=8.899e-02 rel=1.2e-03
Body is not plunging, Fisher should be stable.
waveform shape: (3, 7889537)
Computing SNR for parameters: (np.float64(1000046.9338730687), np.float64(10.00009158492103), np.float64(9.357739244520798e-05), np.float64(11.097043100037727), np.float64(0.19998847014770757), 1.0, 6.165893030556978, np.float64(1.0461659039948077), np.float64(0.783809923619944), 0.6283185307179586, 0.5235987755982988, np.float64(0.12109572422097208), 0.2, np.float64(0.25985203965080916), 0.95, False, False, False, True, 0.0, 0.0, np.float64(-0.0026897246623793255), np.float64(-0.0006765083522676279))
Waveform Generated. SNR: 20.005257060530806
calculating Fisher matrix...
Finished derivatives
Calculated Fisher is *atleast* positive-definite.
Time taken to compute FM is 4.458755731582642 seconds
    CV idx7/simple/from_MAP#1 it  22 lam=2.2e+01 ov=0.9998891 chi2=8.888e-02 rel=5.7e-04
Body is not plunging, Fisher should be stable.
waveform shape: (3, 7889537)
Computing SNR for parameters: (np.float64(1000046.9338548133), np.float64(10.000091584803759), np.float64(9.357739354704324e-05), np.float64(11.097043099915135), np.float64(0.1999884699388095), 1.0, 6.165893030556978, np.float64(1.046166806003839), np.float64(0.7838115596013162), 0.6283185307179586, 0.5235987755982988, np.float64(0.12107922732992063), 0.2, np.float64(0.2598450029937264), 0.95, False, False, False, True, 0.0, 0.0, np.float64(-0.0026914525393435884), np.float64(-0.0006752725121686467))
Waveform Generated. SNR: 20.00524592103133
calculating Fisher matrix...
Finished derivatives
Calculated Fisher is *atleast* positive-definite.
Time taken to compute FM is 4.4590981006622314 seconds
    CV idx7/simple/from_MAP#1 it  23 lam=2.2e+01 ov=0.9998891 chi2=8.883e-02 rel=3.4e-04
Body is not plunging, Fisher should be stable.
waveform shape: (3, 7889537)
Computing SNR for parameters: (np.float64(1000046.9338511095), np.float64(10.000091584410349), np.float64(9.357739279228045e-05), np.float64(11.097043099887438), np.float64(0.19998846985020294), 1.0, 6.165893030556978, np.float64(1.0461668412687537), np.float64(0.7838115465981932), 0.6283185307179586, 0.5235987755982988, np.float64(0.12106752158363294), 0.2, np.float64(0.2598382438093154), 0.95, False, False, False, True, 0.0, 0.0, np.float64(-0.0026956610269228535), np.float64(-0.0006752728729727304))
Waveform Generated. SNR: 20.005245552045338
calculating Fisher matrix...
Finished derivatives
Calculated Fisher is *atleast* positive-definite.
Time taken to compute FM is 4.432563543319702 seconds
    CV idx7/simple/from_MAP#1 it  24 lam=2.8e+01 ov=0.9998892 chi2=8.880e-02 rel=3.5e-04
Body is not plunging, Fisher should be stable.
waveform shape: (3, 7889537)
Computing SNR for parameters: (np.float64(1000046.9338441095), np.float64(10.000091584136948), np.float64(9.357739360695763e-05), np.float64(11.097043099840832), np.float64(0.1999884697419501), 1.0, 6.165893030556978, np.float64(1.0461661090206364), np.float64(0.7838120309635017), 0.6283185307179586, 0.5235987755982988, np.float64(0.12105820313068176), 0.2, np.float64(0.2598357367158241), 0.95, False, False, False, True, 0.0, 0.0, np.float64(-0.002698807349937525), np.float64(-0.0006752825073107084))
Waveform Generated. SNR: 20.005246384177237
calculating stable deltas...
minimum relative error is greater than 1% for a. Fisher may be unstable!
minimum relative error is greater than 1% for dev_1. Fisher may be unstable!
minimum relative error is greater than 1% for dev_2. Fisher may be unstable!
Time taken to compute stable deltas is 39.91099143028259 seconds
calculating Fisher matrix...
Finished derivatives
Calculated Fisher is *atleast* positive-definite.
Time taken to compute FM is 3.8423540592193604 seconds
    CV idx7/simple/from_MAP#1 it  25 lam=3.8e+01 ov=0.9998892 chi2=8.877e-02 rel=2.8e-04
Body is not plunging, Fisher should be stable.
waveform shape: (3, 7889537)
Computing SNR for parameters: (np.float64(1000046.9338403057), np.float64(10.000091583842197), np.float64(9.357734674241712e-05), np.float64(11.097043099814437), np.float64(0.19998846966490505), 1.0, 6.165893030556978, np.float64(1.0461658063095403), np.float64(0.783812137927083), 0.6283185307179586, 0.5235987755982988, np.float64(0.12104999121787391), 0.2, np.float64(0.2598328456559504), 0.95, False, False, False, True, 0.0, 0.0, np.float64(-0.002700091171274302), np.float64(-0.0006626592679257677))
Waveform Generated. SNR: 20.00524707785904
calculating Fisher matrix...
Finished derivatives
Calculated Fisher is *atleast* positive-definite.
Time taken to compute FM is 4.463190793991089 seconds
    CV idx7/simple/from_MAP#1 it  26 lam=4.1e+01 ov=0.9998892 chi2=8.875e-02 rel=2.5e-04
Body is not plunging, Fisher should be stable.
waveform shape: (3, 7889537)
Computing SNR for parameters: (np.float64(1000046.9338388764), np.float64(10.00009158357244), np.float64(9.357732273804195e-05), np.float64(11.09704309980265), np.float64(0.1999884696159332), 1.0, 6.165893030556978, np.float64(1.0461659758340032), np.float64(0.7838120142636525), 0.6283185307179586, 0.5235987755982988, np.float64(0.12104272095172515), 0.2, np.float64(0.25982859466273506), 0.95, False, False, False, True, 0.0, 0.0, np.float64(-0.002708398103606594), np.float64(-0.0006583114265150729))
Waveform Generated. SNR: 20.005247268723803
calculating Fisher matrix...
Finished derivatives
Calculated Fisher is *atleast* positive-definite.
Time taken to compute FM is 4.434552907943726 seconds
    CV idx7/simple/from_MAP#1 it  27 lam=1.4e+01 ov=0.9998893 chi2=8.873e-02 rel=2.1e-04
Body is not plunging, Fisher should be stable.
waveform shape: (3, 7889537)
Computing SNR for parameters: (np.float64(1000046.9338366815), np.float64(10.000091583361126), np.float64(9.357729415510975e-05), np.float64(11.09704309978665), np.float64(0.19998846956619304), 1.0, 6.165893030556978, np.float64(1.0461659314180556), np.float64(0.7838120434512964), 0.6283185307179586, 0.5235987755982988, np.float64(0.1210365987504737), 0.2, np.float64(0.25982550670262095), 0.95, False, False, False, True, 0.0, 0.0, np.float64(-0.0027098187424092163), np.float64(-0.0006573605011836996))
Waveform Generated. SNR: 20.0052471234257
calculating Fisher matrix...
Finished derivatives
Calculated Fisher is *atleast* positive-definite.
Time taken to compute FM is 4.472582101821899 seconds
    CV idx7/simple/from_MAP#1 it  28 lam=1.9e+01 ov=0.9998893 chi2=8.871e-02 rel=6.8e-04
Body is not plunging, Fisher should be stable.
waveform shape: (3, 7889537)
Computing SNR for parameters: (np.float64(1000046.9338249587), np.float64(10.000091582993969), np.float64(9.357714060528698e-05), np.float64(11.097043099707035), np.float64(0.19998846939525802), 1.0, 6.165893030556978, np.float64(1.0461647334037167), np.float64(0.7838130875008984), 0.6283185307179586, 0.5235987755982988, np.float64(0.12102122324519735), 0.2, np.float64(0.25981929693749206), 0.95, False, False, False, True, 0.0, 0.0, np.float64(-0.0027242414761728517), np.float64(-0.0006162489263464338))
Waveform Generated. SNR: 20.005247227927935
calculating Fisher matrix...
Finished derivatives
Calculated Fisher is *atleast* positive-definite.
Time taken to compute FM is 4.460811376571655 seconds
    CV idx7/simple/from_MAP#1 it  29 lam=1.9e+01 ov=0.9998894 chi2=8.865e-02 rel=5.3e-04
Body is not plunging, Fisher should be stable.
waveform shape: (3, 7889537)
Computing SNR for parameters: (np.float64(1000046.9338211928), np.float64(10.00009158247356), np.float64(9.357704892534284e-05), np.float64(11.097043099678348), np.float64(0.19998846929011668), 1.0, 6.165893030556978, np.float64(1.046164714501285), np.float64(0.7838130145749117), 0.6283185307179586, 0.5235987755982988, np.float64(0.12100744621247933), 0.2, np.float64(0.2598126969663114), 0.95, False, False, False, True, 0.0, 0.0, np.float64(-0.0027415289864319977), np.float64(-0.0006173427212443399))
Waveform Generated. SNR: 20.00524769323497
calculating stable deltas...
minimum relative error is greater than 1% for a. Fisher may be unstable!
minimum relative error is greater than 1% for dev_2. Fisher may be unstable!
Time taken to compute stable deltas is 40.00927519798279 seconds
calculating Fisher matrix...
Finished derivatives
Calculated Fisher is *atleast* positive-definite.
Time taken to compute FM is 3.8250248432159424 seconds
    CV idx7/simple/from_MAP#1 it  30 lam=1.7e+01 ov=0.9998894 chi2=8.860e-02 rel=5.6e-04
Body is not plunging, Fisher should be stable.
waveform shape: (3, 7889537)
Computing SNR for parameters: (np.float64(1000046.9338183468), np.float64(10.000091581917328), np.float64(9.357699026083104e-05), np.float64(11.097043099654835), np.float64(0.19998846919009497), 1.0, 6.165893030556978, np.float64(1.0461648935771268), np.float64(0.7838128040597059), 0.6283185307179586, 0.5235987755982988, np.float64(0.12099299139584084), 0.2, np.float64(0.2598049215909837), 0.95, False, False, False, True, 0.0, 0.0, np.float64(-0.002747701636466534), np.float64(-4.112225967121074e-05))
Waveform Generated. SNR: 20.005247508320718
calculating Fisher matrix...
Finished derivatives
Calculated Fisher is *atleast* positive-definite.
Time taken to compute FM is 4.464905261993408 seconds
    CV idx7/simple/from_MAP#1 it  31 lam=9.6e+00 ov=0.9998895 chi2=8.855e-02 rel=5.1e-04
Body is not plunging, Fisher should be stable.
waveform shape: (3, 7889537)
Computing SNR for parameters: (np.float64(1000046.9338154792), np.float64(10.000091581294962), np.float64(9.357693373785093e-05), np.float64(11.097043099630351), np.float64(0.1999884690814259), 1.0, 6.165893030556978, np.float64(1.046165108467297), np.float64(0.7838125658131616), 0.6283185307179586, 0.5235987755982988, np.float64(0.12097684573523325), 0.2, np.float64(0.25979606642617753), 0.95, False, False, False, True, 0.0, 0.0, np.float64(-0.0027541954710098597), np.float64(0.00037050828949966824))
Waveform Generated. SNR: 20.005250290914972
calculating Fisher matrix...
Finished derivatives
Calculated Fisher is *atleast* positive-definite.
Time taken to compute FM is 4.387047290802002 seconds
    CV idx7/simple/from_MAP#1 it  32 lam=1.1e+01 ov=0.9998895 chi2=8.850e-02 rel=9.7e-04
Body is not plunging, Fisher should be stable.
waveform shape: (3, 7889537)
Computing SNR for parameters: (np.float64(1000046.9338156382), np.float64(10.000091579931356), np.float64(9.357687290292213e-05), np.float64(11.09704309961932), np.float64(0.19998846891134814), 1.0, 6.165893030556978, np.float64(1.0461653285715469), np.float64(0.7838117068552488), 0.6283185307179586, 0.5235987755982988, np.float64(0.12094815151769192), 0.2, np.float64(0.2597817860590407), 0.95, False, False, False, True, 0.0, 0.0, np.float64(-0.0027685880626660622), np.float64(0.001661968142470977))
Waveform Generated. SNR: 20.005254719165865
calculating Fisher matrix...
Finished derivatives
Calculated Fisher is *atleast* positive-definite.
Time taken to compute FM is 4.454715728759766 seconds
    CV idx7/simple/from_MAP#1 it  33 lam=3.3e+01 ov=0.9998896 chi2=8.842e-02 rel=3.5e-04
Body is not plunging, Fisher should be stable.
waveform shape: (3, 7889537)
Computing SNR for parameters: (np.float64(1000046.9338130007), np.float64(10.000091579440717), np.float64(9.357682097852378e-05), np.float64(11.097043099597645), np.float64(0.1999884688210852), 1.0, 6.165893030556978, np.float64(1.046164749783581), np.float64(0.7838117225412692), 0.6283185307179586, 0.5235987755982988, np.float64(0.12093682038014492), 0.2, np.float64(0.2597767256707419), 0.95, False, False, False, True, 0.0, 0.0, np.float64(-0.0027737699149096404), np.float64(0.00641320105103854))
Waveform Generated. SNR: 20.005255063529578
calculating Fisher matrix...
Finished derivatives
Calculated Fisher is *atleast* positive-definite.
Time taken to compute FM is 4.428008794784546 seconds
    CV idx7/simple/from_MAP#1 it  34 lam=3.6e+01 ov=0.9998897 chi2=8.839e-02 rel=3.2e-04
Body is not plunging, Fisher should be stable.
waveform shape: (3, 7889537)
Computing SNR for parameters: (np.float64(1000046.9338173665), np.float64(10.000091578857798), np.float64(9.357681583119851e-05), np.float64(11.09704309961905), np.float64(0.19998846879351292), 1.0, 6.165893030556978, np.float64(1.0461655739108453), np.float64(0.783810865568587), 0.6283185307179586, 0.5235987755982988, np.float64(0.120925460449293), 0.2, np.float64(0.25976747742440476), 0.95, False, False, False, True, 0.0, 0.0, np.float64(-0.0027798729446255224), np.float64(0.007832989778555467))
Waveform Generated. SNR: 20.005255920620506
calculating stable deltas...
minimum relative error is greater than 1% for a. Fisher may be unstable!
minimum relative error is greater than 1% for dev_1. Fisher may be unstable!
minimum relative error is greater than 1% for dev_2. Fisher may be unstable!
Time taken to compute stable deltas is 39.35225772857666 seconds
calculating Fisher matrix...
Finished derivatives
Calculated Fisher is *atleast* positive-definite.
Time taken to compute FM is 3.8092572689056396 seconds
    CV idx7/simple/from_MAP#1 it  35 lam=1.2e+01 ov=0.9998897 chi2=8.836e-02 rel=4.8e-04
Body is not plunging, Fisher should be stable.
waveform shape: (3, 7889537)
Computing SNR for parameters: (np.float64(1000046.9338224222), np.float64(10.000091578283048), np.float64(9.357681802825615e-05), np.float64(11.097043099645017), np.float64(0.19998846877433846), 1.0, 6.165893030556978, np.float64(1.04616653421803), np.float64(0.7838099251917284), 0.6283185307179586, 0.5235987755982988, np.float64(0.12091456285902463), 0.2, np.float64(0.2597583714073681), 0.95, False, False, False, True, 0.0, 0.0, np.float64(-0.002785764422223239), np.float64(0.007828335747908107))
Waveform Generated. SNR: 20.00525622639697
calculating Fisher matrix...
Finished derivatives
Calculated Fisher is *atleast* positive-definite.
Time taken to compute FM is 4.398955345153809 seconds
    CV idx7/simple/from_MAP#1 it  36 lam=4.1e+00 ov=0.9998898 chi2=8.832e-02 rel=9.7e-04
Body is not plunging, Fisher should be stable.
waveform shape: (3, 7889537)
Computing SNR for parameters: (np.float64(1000046.9338296531), np.float64(10.0000915769263), np.float64(9.357680812087747e-05), np.float64(11.09704309967601), np.float64(0.19998846867878892), 1.0, 6.165893030556978, np.float64(1.0461677853820637), np.float64(0.7838084122325554), 0.6283185307179586, 0.5235987755982988, np.float64(0.12088681399923272), 0.2, np.float64(0.25973821503241085), 0.95, False, False, False, True, 0.0, 0.0, np.float64(-0.002799509354918936), np.float64(0.007861692197937208))
Waveform Generated. SNR: 20.005257893384673
calculating Fisher matrix...
Finished derivatives
Calculated Fisher is *atleast* positive-definite.
Time taken to compute FM is 4.398852348327637 seconds
    CV idx7/simple/from_MAP#1 it  37 lam=1.4e+00 ov=0.9998899 chi2=8.823e-02 rel=2.2e-03
Body is not plunging, Fisher should be stable.
waveform shape: (3, 7889537)
Computing SNR for parameters: (np.float64(1000046.9338305873), np.float64(10.000091573809863), np.float64(9.357659704270069e-05), np.float64(11.097043099646484), np.float64(0.19998846829131023), 1.0, 6.165893030556978, np.float64(1.046167012592784), np.float64(0.7838074661283495), 0.6283185307179586, 0.5235987755982988, np.float64(0.12081770231613416), 0.2, np.float64(0.259699636378406), 0.95, False, False, False, True, 0.0, 0.0, np.float64(-0.002833761239150487), np.float64(0.008577566780970504))
Waveform Generated. SNR: 20.005267014341587
calculating Fisher matrix...
Finished derivatives
Calculated Fisher is *atleast* positive-definite.
Time taken to compute FM is 4.362345933914185 seconds
    CV idx7/simple/from_MAP#1 it  38 lam=4.5e-01 ov=0.9998901 chi2=8.804e-02 rel=5.9e-03
Body is not plunging, Fisher should be stable.
waveform shape: (3, 7889537)
Computing SNR for parameters: (np.float64(1000046.933813514), np.float64(10.000091565319137), np.float64(9.357583236093786e-05), np.float64(11.097043099440151), np.float64(0.19998846702012266), 1.0, 6.165893030556978, np.float64(1.0461579605109463), np.float64(0.7838099202852233), 0.6283185307179586, 0.5235987755982988, np.float64(0.12063750699217828), 0.2, np.float64(0.259630576222819), 0.95, False, False, False, True, 0.0, 0.0, np.float64(-0.002924573807212366), np.float64(0.011515134235643931))
Waveform Generated. SNR: 20.005292632600053
calculating Fisher matrix...
Finished derivatives
Calculated Fisher is *atleast* positive-definite.
Time taken to compute FM is 4.40935206413269 seconds
    CV idx7/simple/from_MAP#1 it  39 lam=1.5e-01 ov=0.9998908 chi2=8.752e-02 rel=1.6e-02
Body is not plunging, Fisher should be stable.
waveform shape: (3, 7889537)
Computing SNR for parameters: (np.float64(1000046.9337391175), np.float64(10.00009154188297), np.float64(9.357351470940438e-05), np.float64(11.097043098634511), np.float64(0.1999884631695338), 1.0, 6.165893030556978, np.float64(1.0461345327010079), np.float64(0.7838265828127778), 0.6283185307179586, 0.5235987755982988, np.float64(0.1201647340995454), 0.2, np.float64(0.25950074957995845), 0.95, False, False, False, True, 0.0, 0.0, np.float64(-0.003166599845736373), np.float64(0.01422311879254633))
Waveform Generated. SNR: 20.005317530057283
calculating stable deltas...
minimum relative error is greater than 1% for dev_1. Fisher may be unstable!
Time taken to compute stable deltas is 39.18718981742859 seconds
calculating Fisher matrix...
Finished derivatives
Calculated Fisher is *atleast* positive-definite.
Time taken to compute FM is 3.773646116256714 seconds
    CV idx7/simple/from_MAP#1 it  40 lam=9.7e-02 ov=0.9998925 chi2=8.616e-02 rel=3.7e-02
Body is not plunging, Fisher should be stable.
waveform shape: (3, 7889537)
Computing SNR for parameters: (np.float64(1000046.9332346002), np.float64(10.00009149469257), np.float64(9.356716932973897e-05), np.float64(11.097043094176959), np.float64(0.199988451321837), 1.0, 6.165893030556978, np.float64(1.0461237493113964), np.float64(0.7838931789527447), 0.6283185307179586, 0.5235987755982988, np.float64(0.11903927557304658), 0.2, np.float64(0.25930669783704136), 0.95, False, False, False, True, 0.0, 0.0, np.float64(-0.003718287329143813), np.float64(-0.010396798808021312))
Waveform Generated. SNR: 20.005046242308897
calculating Fisher matrix...
Finished derivatives
Calculated Fisher is *atleast* positive-definite.
Time taken to compute FM is 4.443848609924316 seconds
    CV idx7/simple/from_MAP#1 it  41 lam=3.2e-02 ov=0.9998964 chi2=8.300e-02 rel=5.2e-02
Body is not plunging, Fisher should be stable.
waveform shape: (3, 7889537)
Computing SNR for parameters: (np.float64(1000046.9332021583), np.float64(10.000091399380299), np.float64(9.355645345920706e-05), np.float64(11.097043091026443), np.float64(0.19998843738017105), 1.0, 6.165893030556978, np.float64(1.0460747909454198), np.float64(0.7839578747868722), 0.6283185307179586, 0.5235987755982988, np.float64(0.11767272304770295), 0.2, np.float64(0.2591651625136), 0.95, False, False, False, True, 0.0, 0.0, np.float64(-0.004804138862060195), np.float64(0.0012273985267545022))
Waveform Generated. SNR: 20.00495467749247
calculating Fisher matrix...
Finished derivatives
Calculated Fisher is *atleast* positive-definite.
Time taken to compute FM is 4.40288519859314 seconds
    CV idx7/simple/from_MAP#1 it  42 lam=1.1e-02 ov=0.9999018 chi2=7.866e-02 rel=1.1e-01
Body is not plunging, Fisher should be stable.
waveform shape: (3, 7889537)
Computing SNR for parameters: (np.float64(1000046.933646435), np.float64(10.000091178416554), np.float64(9.351892282570647e-05), np.float64(11.097043082473496), np.float64(0.19998840774632826), 1.0, 6.165893030556978, np.float64(1.0460922827301191), np.float64(0.7840680621900153), 0.6283185307179586, 0.5235987755982988, np.float64(0.11443299737942415), 0.2, np.float64(0.25953026352800335), 0.95, False, False, False, True, 0.0, 0.0, np.float64(-0.00696601502860713), np.float64(-0.006057133154356704))
Waveform Generated. SNR: 20.004347869294957
calculating Fisher matrix...
Finished derivatives
Calculated Fisher is *atleast* positive-definite.
Time taken to compute FM is 4.378679275512695 seconds
    CV idx7/simple/from_MAP#1 it  43 lam=4.4e-03 ov=0.9999130 chi2=6.974e-02 rel=2.2e-01
Body is not plunging, Fisher should be stable.
waveform shape: (3, 7889537)
Computing SNR for parameters: (np.float64(1000046.9389299321), np.float64(10.000090561813119), np.float64(9.340547820357592e-05), np.float64(11.097043081020415), np.float64(0.19998836344145904), 1.0, 6.165893030556978, np.float64(1.046089864086902), np.float64(0.7842943277718548), 0.6283185307179586, 0.5235987755982988, np.float64(0.11055681043633292), 0.2, np.float64(0.26366109277296895), 0.95, False, False, False, True, 0.0, 0.0, np.float64(-0.011545038221359832), np.float64(0.08472495759527027))
Waveform Generated. SNR: 20.003266203281047
calculating Fisher matrix...
Finished derivatives
Calculated Fisher is *atleast* positive-definite.
Time taken to compute FM is 4.4110236167907715 seconds
    CV idx7/simple/from_MAP#1 it  44 lam=1.9e-03 ov=0.9999318 chi2=5.467e-02 rel=3.2e-01
Body is not plunging, Fisher should be stable.
waveform shape: (3, 7889537)
Computing SNR for parameters: (np.float64(1000046.9437213412), np.float64(10.000089800098348), np.float64(9.324018144238448e-05), np.float64(11.097043066435003), np.float64(0.1999882978329358), 1.0, 6.165893030556978, np.float64(1.0460637543717597), np.float64(0.7845174624668467), 0.6283185307179586, 0.5235987755982988, np.float64(0.10492146637833466), 0.2, np.float64(0.2701275932701451), 0.95, False, False, False, True, 0.0, 0.0, np.float64(-0.019978664303818307), np.float64(0.07602558608573845))
Waveform Generated. SNR: 20.00228905944157
calculating stable deltas...
minimum relative error is greater than 1% for a. Fisher may be unstable!
Time taken to compute stable deltas is 39.346420764923096 seconds
calculating Fisher matrix...
Finished derivatives
Calculated Fisher is *atleast* positive-definite.
Time taken to compute FM is 3.773028612136841 seconds
    CV idx7/simple/from_MAP#1 it  45 lam=6.4e-04 ov=0.9999534 chi2=3.734e-02 rel=1.8e-01
Body is not plunging, Fisher should be stable.
waveform shape: (3, 7889537)
Computing SNR for parameters: (np.float64(1000046.9475391833), np.float64(10.000089235795738), np.float64(9.311465156160673e-05), np.float64(11.097043043928833), np.float64(0.19998825885769952), 1.0, 6.165893030556978, np.float64(1.046174738197932), np.float64(0.7846063926122061), 0.6283185307179586, 0.5235987755982988, np.float64(0.09923256126591116), 0.2, np.float64(0.274379323661653), 0.95, False, False, False, True, 0.0, 0.0, np.float64(-0.025789284698868813), np.float64(0.11211437814518199))
Waveform Generated. SNR: 20.001355607712018
calculating Fisher matrix...
Finished derivatives
Calculated Fisher is *atleast* positive-definite.
Time taken to compute FM is 4.380558729171753 seconds
    CV idx7/simple/from_MAP#1 it  46 lam=6.5e-04 ov=0.9999618 chi2=3.059e-02 rel=3.0e-02
Body is not plunging, Fisher should be stable.
waveform shape: (3, 7889537)
Computing SNR for parameters: (np.float64(1000046.9518681293), np.float64(10.000088802836505), np.float64(9.302674984909857e-05), np.float64(11.097043043810356), np.float64(0.199988267169019), 1.0, 6.165893030556978, np.float64(1.0461265634836778), np.float64(0.7846996430135504), 0.6283185307179586, 0.5235987755982988, np.float64(0.09785701838956423), 0.2, np.float64(0.27846249901936904), 0.95, False, False, False, True, 0.0, 0.0, np.float64(-0.030541924234691466), np.float64(0.27746777778484877))
Waveform Generated. SNR: 20.001101910849755
calculating Fisher matrix...
Finished derivatives
Calculated Fisher is *atleast* positive-definite.
Time taken to compute FM is 4.411550045013428 seconds
    CV idx7/simple/from_MAP#1 it  47 lam=2.2e-04 ov=0.9999630 chi2=2.968e-02 rel=4.6e-02
Body is not plunging, Fisher should be stable.
waveform shape: (3, 7889537)
Computing SNR for parameters: (np.float64(1000046.9520186437), np.float64(10.000088693426525), np.float64(9.300621011736856e-05), np.float64(11.097043038788444), np.float64(0.1999882709334944), 1.0, 6.165893030556978, np.float64(1.0460620239488367), np.float64(0.7847357322734667), 0.6283185307179586, 0.5235987755982988, np.float64(0.09772477752631645), 0.2, np.float64(0.27943717343976143), 0.95, False, False, False, True, 0.0, 0.0, np.float64(-0.03192647179128603), np.float64(0.32975300598725504))
Waveform Generated. SNR: 20.00121861355056
calculating Fisher matrix...
Finished derivatives
Calculated Fisher is *atleast* positive-definite.
Time taken to compute FM is 4.412520885467529 seconds
    CV idx7/simple/from_MAP#1 it  48 lam=2.2e-01 ov=0.9999647 chi2=2.830e-02 rel=1.1e-04
Body is not plunging, Fisher should be stable.
waveform shape: (3, 7889537)
Computing SNR for parameters: (np.float64(1000046.9520211027), np.float64(10.000088694202857), np.float64(9.300647879990292e-05), np.float64(11.09704303873847), np.float64(0.19998827107432907), 1.0, 6.165893030556978, np.float64(1.0460633297538982), np.float64(0.7847373956517258), 0.6283185307179586, 0.5235987755982988, np.float64(0.0977060437736233), 0.2, np.float64(0.2793933479093028), 0.95, False, False, False, True, 0.0, 0.0, np.float64(-0.031918181524028304), np.float64(0.3299662830311609))
Waveform Generated. SNR: 20.00120529752207
calculating Fisher matrix...
Finished derivatives
Calculated Fisher is *atleast* positive-definite.
Time taken to compute FM is 4.395716905593872 seconds
    CV idx7/simple/from_MAP#1 it  49 lam=2.2e+00 ov=0.9999647 chi2=2.830e-02 rel=9.8e-06
Body is not plunging, Fisher should be stable.
waveform shape: (3, 7889537)
Computing SNR for parameters: (np.float64(1000046.95201924), np.float64(10.000088694413279), np.float64(9.300659872188533e-05), np.float64(11.097043038718581), np.float64(0.19998827108280395), 1.0, 6.165893030556978, np.float64(1.0460631196805439), np.float64(0.7847379052330992), 0.6283185307179586, 0.5235987755982988, np.float64(0.09770499514687417), 0.2, np.float64(0.2793884709563565), 0.95, False, False, False, True, 0.0, 0.0, np.float64(-0.03191600777724317), np.float64(0.33003898564909895))
Waveform Generated. SNR: 20.001203627288326
calculating stable deltas...
minimum relative error is greater than 1% for a. Fisher may be unstable!
Time taken to compute stable deltas is 39.3952579498291 seconds
calculating Fisher matrix...
Finished derivatives
Calculated Fisher is *atleast* positive-definite.
Time taken to compute FM is 3.817751884460449 seconds
    CV idx7/simple/from_MAP#1 it  50 lam=2.1e+140 ov=0.9999647 chi2=2.830e-02 rel=0.0e+00
    NM  nfev=1506 ov 0.9999647 -> 0.9999647 (accepted=True)
Body is not plunging, Fisher should be stable.
waveform shape: (3, 7889537)
Computing SNR for parameters: (np.float64(1000046.9523681124), np.float64(10.000088571509503), np.float64(9.300366087818486e-05), np.float64(11.097043032131618), np.float64(0.19998827144115844), 1.0, 6.165893030556978, np.float64(1.046067669385339), np.float64(0.7847379183699763), 0.6283185307179586, 0.5235987755982988, np.float64(0.09759637962144092), 0.2, np.float64(0.279573734959878), 0.95, False, False, False, True, 0.0, 0.0, np.float64(-0.031193964958933867), np.float64(0.33033644785804966))
Waveform Generated. SNR: 20.0011814137246
calculating stable deltas...
minimum relative error is greater than 1% for a. Fisher may be unstable!
Time taken to compute stable deltas is 39.58391833305359 seconds
calculating Fisher matrix...
Finished derivatives
Calculated Fisher is *atleast* positive-definite.
Time taken to compute FM is 3.782761335372925 seconds
    CV idx7/simple/from_MAP#2 it   0 lam=1.8e-02 ov=0.9999647 chi2=2.829e-02 rel=2.0e-05
Body is not plunging, Fisher should be stable.
waveform shape: (3, 7889537)
Computing SNR for parameters: (np.float64(1000046.9524532708), np.float64(10.000088581191159), np.float64(9.300728604324532e-05), np.float64(11.097043031234858), np.float64(0.19998827364169325), 1.0, 6.165893030556978, np.float64(1.0460534226861635), np.float64(0.7847404429222076), 0.6283185307179586, 0.5235987755982988, np.float64(0.09771862876467032), 0.2, np.float64(0.2794302921653146), 0.95, False, False, False, True, 0.0, 0.0, np.float64(-0.031091634886013495), np.float64(0.3374272828012707))
Waveform Generated. SNR: 20.001239049919274
calculating Fisher matrix...
Finished derivatives
Calculated Fisher is *atleast* positive-definite.
Time taken to compute FM is 4.35210657119751 seconds
    CV idx7/simple/from_MAP#2 it   1 lam=6.1e-03 ov=0.9999647 chi2=2.829e-02 rel=1.5e-04
Body is not plunging, Fisher should be stable.
waveform shape: (3, 7889537)
Computing SNR for parameters: (np.float64(1000046.9525379905), np.float64(10.00008857903323), np.float64(9.300644851414355e-05), np.float64(11.097043031270157), np.float64(0.19998827448311968), 1.0, 6.165893030556978, np.float64(1.046053567192939), np.float64(0.7847378649401695), 0.6283185307179586, 0.5235987755982988, np.float64(0.09773672006939053), 0.2, np.float64(0.27948541918855785), 0.95, False, False, False, True, 0.0, 0.0, np.float64(-0.031118001067942908), np.float64(0.3411859189128536))
Waveform Generated. SNR: 20.001247956468703
calculating Fisher matrix...
Finished derivatives
Calculated Fisher is *atleast* positive-definite.
Time taken to compute FM is 4.382736682891846 seconds
    CV idx7/simple/from_MAP#2 it   2 lam=6.1e-03 ov=0.9999647 chi2=2.829e-02 rel=4.4e-04
Body is not plunging, Fisher should be stable.
waveform shape: (3, 7889537)
Computing SNR for parameters: (np.float64(1000046.952850676), np.float64(10.00008855757504), np.float64(9.300074036923556e-05), np.float64(11.097043033059784), np.float64(0.1999882762760864), 1.0, 6.165893030556978, np.float64(1.0460449661327231), np.float64(0.7847388772321299), 0.6283185307179586, 0.5235987755982988, np.float64(0.09772836809746552), 0.2, np.float64(0.2797642581203782), 0.95, False, False, False, True, 0.0, 0.0, np.float64(-0.03137892961716484), np.float64(0.3584606677177927))
Waveform Generated. SNR: 20.001278690470663
calculating Fisher matrix...
Finished derivatives
Calculated Fisher is *atleast* positive-definite.
Time taken to compute FM is 4.380480766296387 seconds
    CV idx7/simple/from_MAP#2 it   3 lam=6.2e-03 ov=0.9999647 chi2=2.828e-02 rel=3.1e-04
Body is not plunging, Fisher should be stable.
waveform shape: (3, 7889537)
Computing SNR for parameters: (np.float64(1000046.9530270636), np.float64(10.000088539246692), np.float64(9.299563976352816e-05), np.float64(11.097043034931884), np.float64(0.19998827736311806), 1.0, 6.165893030556978, np.float64(1.0460396100937572), np.float64(0.7847419925739209), 0.6283185307179586, 0.5235987755982988, np.float64(0.09770071993524754), 0.2, np.float64(0.27999417711332014), 0.95, False, False, False, True, 0.0, 0.0, np.float64(-0.031600839111070124), np.float64(0.3721759158924307))
Waveform Generated. SNR: 20.001285989563563
calculating Fisher matrix...
Finished derivatives
Calculated Fisher is *atleast* positive-definite.
Time taken to compute FM is 4.381986618041992 seconds
    CV idx7/simple/from_MAP#2 it   4 lam=8.8e-02 ov=0.9999647 chi2=2.827e-02 rel=2.7e-05
Body is not plunging, Fisher should be stable.
waveform shape: (3, 7889537)
Computing SNR for parameters: (np.float64(1000046.9529900104), np.float64(10.000088544868344), np.float64(9.299795479943649e-05), np.float64(11.097043034510893), np.float64(0.19998827765288804), 1.0, 6.165893030556978, np.float64(1.0460338283185766), np.float64(0.7847466489471243), 0.6283185307179586, 0.5235987755982988, np.float64(0.09772741464312636), 0.2, np.float64(0.27987134321057566), 0.95, False, False, False, True, 0.0, 0.0, np.float64(-0.03154468777494517), np.float64(0.37372068274734566))
Waveform Generated. SNR: 20.00128834400856
calculating stable deltas...
minimum relative error is greater than 1% for a. Fisher may be unstable!
Time taken to compute stable deltas is 39.016530990600586 seconds
calculating Fisher matrix...
Finished derivatives
Calculated Fisher is *atleast* positive-definite.
Time taken to compute FM is 3.782942056655884 seconds
    CV idx7/simple/from_MAP#2 it   5 lam=8.0e+00 ov=0.9999647 chi2=2.827e-02 rel=2.3e-06
Body is not plunging, Fisher should be stable.
waveform shape: (3, 7889537)
Computing SNR for parameters: (np.float64(1000046.9529909472), np.float64(10.00008854486394), np.float64(9.299799762329806e-05), np.float64(11.09704303451452), np.float64(0.19998827766204869), 1.0, 6.165893030556978, np.float64(1.0460340868140416), np.float64(0.7847464841567083), 0.6283185307179586, 0.5235987755982988, np.float64(0.09772662826971712), 0.2, np.float64(0.27986871827884435), 0.95, False, False, False, True, 0.0, 0.0, np.float64(-0.03154464608330646), np.float64(0.37371121176384875))
Waveform Generated. SNR: 20.001288030524464
calculating Fisher matrix...
Finished derivatives
Calculated Fisher is *atleast* positive-definite.
Time taken to compute FM is 4.359219551086426 seconds
    CV idx7/simple/from_MAP#2 it   6 lam=6.5e+01 ov=0.9999647 chi2=2.827e-02 rel=6.4e-06
Body is not plunging, Fisher should be stable.
waveform shape: (3, 7889537)
Computing SNR for parameters: (np.float64(1000046.9529910249), np.float64(10.000088544863603), np.float64(9.299798539187655e-05), np.float64(11.09704303451482), np.float64(0.19998827766281582), 1.0, 6.165893030556978, np.float64(1.0460341090813488), np.float64(0.7847464696358987), 0.6283185307179586, 0.5235987755982988, np.float64(0.09772656314047527), 0.2, np.float64(0.2798685107062819), 0.95, False, False, False, True, 0.0, 0.0, np.float64(-0.03154464377563099), np.float64(0.37371043551034466))
Waveform Generated. SNR: 20.001287983685216
calculating Fisher matrix...
Finished derivatives
Calculated Fisher is *atleast* positive-definite.
Time taken to compute FM is 4.362595796585083 seconds
    CV idx7/simple/from_MAP#2 it   7 lam=4.5e+07 ov=0.9999647 chi2=2.827e-02 rel=1.0e-06
Body is not plunging, Fisher should be stable.
waveform shape: (3, 7889537)
Computing SNR for parameters: (np.float64(1000046.9529910249), np.float64(10.000088544863603), np.float64(9.299798539188055e-05), np.float64(11.09704303451482), np.float64(0.19998827766281582), 1.0, 6.165893030556978, np.float64(1.0460341090813594), np.float64(0.7847464696358919), 0.6283185307179586, 0.5235987755982988, np.float64(0.09772656314044383), 0.2, np.float64(0.27986851070618196), 0.95, False, False, False, True, 0.0, 0.0, np.float64(-0.03154464377563159), np.float64(0.37371043551017974))
Waveform Generated. SNR: 20.00128798389154
calculating Fisher matrix...
Finished derivatives
Calculated Fisher is *atleast* positive-definite.
Time taken to compute FM is 4.3641510009765625 seconds
    CV idx7/simple/from_MAP#2 it   8 lam=4.3e+147 ov=0.9999647 chi2=2.827e-02 rel=0.0e+00
    RESULT idx7/simple/from_MAP: ov 0.9997485 -> 0.9999647, chi2=2.8267e-02
    --- start from_0PA ---
    start overlap = 0.9999645
Body is not plunging, Fisher should be stable.
waveform shape: (3, 7889537)
Computing SNR for parameters: (np.float64(1000047.1805236185), np.float64(10.000082847917094), np.float64(9.3507630009044e-05), np.float64(11.097040593233551), np.float64(0.19998843499595909), 1.0, 6.165893030556978, np.float64(1.0460552977610775), np.float64(0.7847136672659717), 0.6283185307179586, 0.5235987755982988, np.float64(0.09665406592600409), 0.2, np.float64(0.2804294047129685), 0.95, False, False, False, True, 0.0, 0.0, np.float64(0.0), np.float64(0.0))
Waveform Generated. SNR: 20.001353921955232
calculating stable deltas...
minimum relative error is greater than 1% for a. Fisher may be unstable!
minimum relative error is greater than 1% for dev_1. Fisher may be unstable!
minimum relative error is greater than 1% for dev_2. Fisher may be unstable!
Time taken to compute stable deltas is 39.11926746368408 seconds
calculating Fisher matrix...
Finished derivatives
Calculated Fisher is *atleast* positive-definite.
Time taken to compute FM is 3.7798120975494385 seconds
    CV idx7/simple/from_0PA#1 it   0 lam=8.9e+05 ov=0.9999645 chi2=2.850e-02 rel=2.5e-06
Body is not plunging, Fisher should be stable.
waveform shape: (3, 7889537)
Computing SNR for parameters: (np.float64(1000047.1805236185), np.float64(10.000082847917094), np.float64(9.350763000903799e-05), np.float64(11.097040593233551), np.float64(0.19998843499595909), 1.0, 6.165893030556978, np.float64(1.04605529776108), np.float64(0.7847136672660107), 0.6283185307179586, 0.5235987755982988, np.float64(0.09665406592619237), 0.2, np.float64(0.28042940471030103), 0.95, False, False, False, True, 0.0, 0.0, np.float64(1.2414893609476124e-12), np.float64(-5.880974688196761e-10))
Waveform Generated. SNR: 20.00135515035809
calculating Fisher matrix...
Finished derivatives
Calculated Fisher is *atleast* positive-definite.
Time taken to compute FM is 4.373158693313599 seconds
    CV idx7/simple/from_0PA#1 it   1 lam=8.5e+145 ov=0.9999645 chi2=2.850e-02 rel=0.0e+00
    NM  nfev=1371 ov 0.9999645 -> 0.9999645 (accepted=True)
Body is not plunging, Fisher should be stable.
waveform shape: (3, 7889537)
Computing SNR for parameters: (np.float64(1000047.1794541983), np.float64(10.00008242551387), np.float64(9.35094669795295e-05), np.float64(11.097040550462475), np.float64(0.19998845758880607), 1.0, 6.165893030556978, np.float64(1.0460192965217545), np.float64(0.784715029224603), 0.6283185307179586, 0.5235987755982988, np.float64(0.09680284333859325), 0.2, np.float64(0.28076667722211845), 0.95, False, False, False, True, 0.0, 0.0, np.float64(0.0015878460237189575), np.float64(0.028471197486962547))
Waveform Generated. SNR: 20.001507764180026
calculating stable deltas...
minimum relative error is greater than 1% for a. Fisher may be unstable!
minimum relative error is greater than 1% for dev_2. Fisher may be unstable!
Time taken to compute stable deltas is 39.07837724685669 seconds
calculating Fisher matrix...
Finished derivatives
Calculated Fisher is *atleast* positive-definite.
Time taken to compute FM is 3.7630021572113037 seconds
    CV idx7/simple/from_0PA#2 it   0 lam=7.3e+08 ov=0.9999645 chi2=2.848e-02 rel=1.2e-11
    RESULT idx7/simple/from_0PA: ov 0.9999645 -> 0.9999645, chi2=2.8480e-02
    BEST  idx7/simple: from_MAP ov=0.9999647
==============================================================================
[idx10 (a=-0.9, e0=0.3) | 0PA | dt=10.0]  SNR=20.000 (A=14.227 E=14.057 T=0.022; T%=0.00)
    --- start from_MAP ---
    start overlap = 0.9998943
Body is not plunging, Fisher should be stable.
waveform shape: (3, 7889537)
Computing SNR for parameters: (np.float64(1000069.1538596326), np.float64(10.000121938658491), np.float64(-0.8998097446966122), np.float64(13.185762533454945), np.float64(0.299989873851329), 1.0, 3.3568155678276197, np.float64(1.0471975511965976), np.float64(0.7853981633974483), 0.6283185307179586, 0.5235987755982988, np.float64(0.10002612600717785), 0.2, np.float64(0.3151577665539712), 0.95, False, False, False, False)
Waveform Generated. SNR: 20.00041116944784
calculating stable deltas...
Time taken to compute stable deltas is 29.044483423233032 seconds
calculating Fisher matrix...
Finished derivatives
Calculated Fisher is not positive semi-definite. Try lowering inspiral error tolerance or increasing the derivative order.
Time taken to compute FM is 2.789679765701294 seconds
    CV idx10/0PA/from_MAP#1 it   0 lam=3.3e-03 ov=0.9998943 chi2=8.456e-02 rel=8.0e-01
Body is not plunging, Fisher should be stable.
waveform shape: (3, 7889537)
Computing SNR for parameters: (np.float64(1000069.144353695), np.float64(10.000122203417453), np.float64(-0.8998094803199744), np.float64(13.185762494231481), np.float64(0.29998984665122147), 1.0, 3.3568155678276197, np.float64(1.045983358711229), np.float64(0.7855888534668756), 0.6283185307179586, 0.5235987755982988, np.float64(0.10386721540961183), 0.2, np.float64(0.2984309872250995), 0.95, False, False, False, False)
Waveform Generated. SNR: 20.00386384354012
calculating Fisher matrix...
Finished derivatives
Calculated Fisher is not positive semi-definite. Try lowering inspiral error tolerance or increasing the derivative order.
Time taken to compute FM is 3.3853681087493896 seconds
    CV idx10/0PA/from_MAP#1 it   1 lam=1.1e-03 ov=0.9999789 chi2=1.690e-02 rel=8.6e-02
Body is not plunging, Fisher should be stable.
waveform shape: (3, 7889537)
Computing SNR for parameters: (np.float64(1000069.1447560072), np.float64(10.000122782959219), np.float64(-0.8998094075215572), np.float64(13.185762505536525), np.float64(0.2999898491475106), 1.0, 3.3568155678276197, np.float64(1.0459478775127418), np.float64(0.7856031425634742), 0.6283185307179586, 0.5235987755982988, np.float64(0.10607884310613913), 0.2, np.float64(0.29559639069188876), 0.95, False, False, False, False)
Waveform Generated. SNR: 20.003931779532145
calculating Fisher matrix...
Finished derivatives
Calculated Fisher is *atleast* positive-definite.
Time taken to compute FM is 3.3899989128112793 seconds
    CV idx10/0PA/from_MAP#1 it   2 lam=3.7e-04 ov=0.9999807 chi2=1.545e-02 rel=7.1e-03
Body is not plunging, Fisher should be stable.
waveform shape: (3, 7889537)
Computing SNR for parameters: (np.float64(1000069.1490444029), np.float64(10.000123302999231), np.float64(-0.8998093947398418), np.float64(13.185762543679662), np.float64(0.29998984132185164), 1.0, 3.3568155678276197, np.float64(1.0459405965718953), np.float64(0.785578225401919), 0.6283185307179586, 0.5235987755982988, np.float64(0.10678427138139342), 0.2, np.float64(0.29514451148825993), 0.95, False, False, False, False)
Waveform Generated. SNR: 20.004038597385147
calculating Fisher matrix...
Finished derivatives
Calculated Fisher is *atleast* positive-definite.
Time taken to compute FM is 3.393306255340576 seconds
    CV idx10/0PA/from_MAP#1 it   3 lam=1.2e-04 ov=0.9999808 chi2=1.534e-02 rel=1.1e-02
Body is not plunging, Fisher should be stable.
waveform shape: (3, 7889537)
Computing SNR for parameters: (np.float64(1000069.1607918671), np.float64(10.00012420136378), np.float64(-0.8998094058131987), np.float64(13.18576264516419), np.float64(0.29998980788102436), 1.0, 3.3568155678276197, np.float64(1.0459509657138357), np.float64(0.7855723721851117), 0.6283185307179586, 0.5235987755982988, np.float64(0.10700109649912615), 0.2, np.float64(0.29484982103624297), 0.95, False, False, False, False)
Waveform Generated. SNR: 20.00402256075007
calculating Fisher matrix...
Finished derivatives
Calculated Fisher is not positive semi-definite. Try lowering inspiral error tolerance or increasing the derivative order.
Time taken to compute FM is 3.416687488555908 seconds
    CV idx10/0PA/from_MAP#1 it   4 lam=4.1e-05 ov=0.9999810 chi2=1.518e-02 rel=2.2e-02
Body is not plunging, Fisher should be stable.
waveform shape: (3, 7889537)
Computing SNR for parameters: (np.float64(1000069.1890463769), np.float64(10.000126293700381), np.float64(-0.8998094379360625), np.float64(13.185762888972114), np.float64(0.29998972571808374), 1.0, 3.3568155678276197, np.float64(1.0459800330116136), np.float64(0.7855679969465064), 0.6283185307179586, 0.5235987755982988, np.float64(0.10731536630023597), 0.2, np.float64(0.29422783955539034), 0.95, False, False, False, False)
Waveform Generated. SNR: 20.00393787816143
calculating stable deltas...
Time taken to compute stable deltas is 28.908629179000854 seconds
calculating Fisher matrix...
Finished derivatives
Calculated Fisher is *atleast* positive-definite.
Time taken to compute FM is 2.7894842624664307 seconds
    CV idx10/0PA/from_MAP#1 it   5 lam=1.4e-05 ov=0.9999815 chi2=1.485e-02 rel=2.7e-02
Body is not plunging, Fisher should be stable.
waveform shape: (3, 7889537)
Computing SNR for parameters: (np.float64(1000069.2376259305), np.float64(10.00012990821125), np.float64(-0.8998094942671552), np.float64(13.185763312632684), np.float64(0.2999895836499817), 1.0, 3.3568155678276197, np.float64(1.0460305582726475), np.float64(0.7855606576190803), 0.6283185307179586, 0.5235987755982988, np.float64(0.10784835990888444), 0.2, np.float64(0.29315596326599425), 0.95, False, False, False, False)
Waveform Generated. SNR: 20.003790291563863
calculating Fisher matrix...
Finished derivatives
Calculated Fisher is not positive semi-definite. Try lowering inspiral error tolerance or increasing the derivative order.
Time taken to compute FM is 3.413839817047119 seconds
    CV idx10/0PA/from_MAP#1 it   6 lam=4.6e-06 ov=0.9999820 chi2=1.445e-02 rel=1.3e-02
Body is not plunging, Fisher should be stable.
waveform shape: (3, 7889537)
Computing SNR for parameters: (np.float64(1000069.2827835805), np.float64(10.00013328721774), np.float64(-0.8998095474941837), np.float64(13.185763710877206), np.float64(0.2999894508510961), 1.0, 3.3568155678276197, np.float64(1.0460777741859462), np.float64(0.78555375118662), 0.6283185307179586, 0.5235987755982988, np.float64(0.10834854110853104), 0.2, np.float64(0.2921530773105305), 0.95, False, False, False, False)
Waveform Generated. SNR: 20.003652453722047
calculating Fisher matrix...
Finished derivatives
Calculated Fisher is not positive semi-definite. Try lowering inspiral error tolerance or increasing the derivative order.
Time taken to compute FM is 3.3867247104644775 seconds
    CV idx10/0PA/from_MAP#1 it   7 lam=1.5e-06 ov=0.9999822 chi2=1.427e-02 rel=1.4e-03
Body is not plunging, Fisher should be stable.
waveform shape: (3, 7889537)
Computing SNR for parameters: (np.float64(1000069.2973409226), np.float64(10.000134616390772), np.float64(-0.8998095755894484), np.float64(13.18576389447828), np.float64(0.2999893989616237), 1.0, 3.3568155678276197, np.float64(1.0460964630668659), np.float64(0.7855511654822711), 0.6283185307179586, 0.5235987755982988, np.float64(0.10854660249220123), 0.2, np.float64(0.2917578204279186), 0.95, False, False, False, False)
Waveform Generated. SNR: 20.003597657338517
calculating Fisher matrix...
Finished derivatives
Calculated Fisher is *atleast* positive-definite.
Time taken to compute FM is 3.4117257595062256 seconds
    CV idx10/0PA/from_MAP#1 it   8 lam=5.1e-07 ov=0.9999822 chi2=1.425e-02 rel=7.8e-05
Body is not plunging, Fisher should be stable.
waveform shape: (3, 7889537)
Computing SNR for parameters: (np.float64(1000069.2818302906), np.float64(10.000134776762767), np.float64(-0.8998096175353442), np.float64(13.185764061843027), np.float64(0.2999893944655133), 1.0, 3.3568155678276197, np.float64(1.0460993864731294), np.float64(0.7855508099300971), 0.6283185307179586, 0.5235987755982988, np.float64(0.10857751350682858), 0.2, np.float64(0.2916999631369676), 0.95, False, False, False, False)
Waveform Generated. SNR: 20.003588878654806
calculating Fisher matrix...
Finished derivatives
Calculated Fisher is *atleast* positive-definite.
Time taken to compute FM is 3.390213966369629 seconds
    CV idx10/0PA/from_MAP#1 it   9 lam=1.4e-06 ov=0.9999822 chi2=1.425e-02 rel=2.7e-05
Body is not plunging, Fisher should be stable.
waveform shape: (3, 7889537)
Computing SNR for parameters: (np.float64(1000069.2792332739), np.float64(10.000134772226385), np.float64(-0.8998096230165221), np.float64(13.185764082463269), np.float64(0.29998939496256677), 1.0, 3.3568155678276197, np.float64(1.0460992448580073), np.float64(0.785550712662223), 0.6283185307179586, 0.5235987755982988, np.float64(0.10857929274482207), 0.2, np.float64(0.2916992848371431), 0.95, False, False, False, False)
Waveform Generated. SNR: 20.003589450491887
calculating stable deltas...
Time taken to compute stable deltas is 29.022145748138428 seconds
calculating Fisher matrix...
Finished derivatives
Calculated Fisher is not positive semi-definite. Try lowering inspiral error tolerance or increasing the derivative order.
Time taken to compute FM is 2.8265395164489746 seconds
    CV idx10/0PA/from_MAP#1 it  10 lam=3.6e-06 ov=0.9999822 chi2=1.425e-02 rel=1.5e-04
Body is not plunging, Fisher should be stable.
waveform shape: (3, 7889537)
Computing SNR for parameters: (np.float64(1000069.2784419028), np.float64(10.000134766849323), np.float64(-0.8998096245414325), np.float64(13.185764087862312), np.float64(0.2999893952398798), 1.0, 3.3568155678276197, np.float64(1.0460993806264287), np.float64(0.7855507749873784), 0.6283185307179586, 0.5235987755982988, np.float64(0.10857802076063991), 0.2, np.float64(0.2917000293312691), 0.95, False, False, False, False)
Waveform Generated. SNR: 20.00358870428587
calculating Fisher matrix...
Finished derivatives
Calculated Fisher is not positive semi-definite. Try lowering inspiral error tolerance or increasing the derivative order.
Time taken to compute FM is 3.4288299083709717 seconds
    CV idx10/0PA/from_MAP#1 it  11 lam=4.2e+07 ov=0.9999822 chi2=1.424e-02 rel=2.2e-12
    NM  nfev=1053 ov 0.9999822 -> 0.9999822 (accepted=False)
Body is not plunging, Fisher should be stable.
waveform shape: (3, 7889537)
Computing SNR for parameters: (np.float64(1000069.2784419028), np.float64(10.000134766849323), np.float64(-0.8998096245414325), np.float64(13.185764087862312), np.float64(0.2999893952398798), 1.0, 3.3568155678276197, np.float64(1.04609938062643), np.float64(0.7855507749873764), 0.6283185307179586, 0.5235987755982988, np.float64(0.10857802076063322), 0.2, np.float64(0.29170002933126354), 0.95, False, False, False, False)
Waveform Generated. SNR: 20.0035887042859
calculating stable deltas...
Time taken to compute stable deltas is 29.20266556739807 seconds
calculating Fisher matrix...
Finished derivatives
Calculated Fisher is *atleast* positive-definite.
Time taken to compute FM is 2.802013874053955 seconds
    CV idx10/0PA/from_MAP#2 it   0 lam=8.9e+05 ov=0.9999822 chi2=1.424e-02 rel=1.5e-10
    RESULT idx10/0PA/from_MAP: ov 0.9998943 -> 0.9999822, chi2=1.4245e-02
    BEST  idx10/0PA: from_MAP ov=0.9999822
==============================================================================
[idx10 (a=-0.9, e0=0.3) | PN | dt=10.0]  SNR=20.000 (A=14.227 E=14.057 T=0.022; T%=0.00)
    --- start from_MAP ---
    start overlap = 0.9998943
Body is not plunging, Fisher should be stable.
waveform shape: (3, 7889537)
Computing SNR for parameters: (np.float64(1000069.1538596326), np.float64(10.000121938658491), np.float64(-0.8998097446966122), np.float64(13.185762533454945), np.float64(0.299989873851329), 1.0, 3.3568155678276197, np.float64(1.0471975511965976), np.float64(0.7853981633974483), 0.6283185307179586, 0.5235987755982988, np.float64(0.10002612600717785), 0.2, np.float64(0.3151577665539712), 0.95, False, False, False, True, np.float64(0.0), np.float64(0.0), 0.0, 0.0)
Waveform Generated. SNR: 20.00041116944784
calculating stable deltas...
minimum relative error is greater than 1% for dev_1. Fisher may be unstable!
minimum relative error is greater than 1% for dev_2. Fisher may be unstable!
Time taken to compute stable deltas is 35.890318870544434 seconds
calculating Fisher matrix...
Finished derivatives
Calculated Fisher is *atleast* positive-definite.
Time taken to compute FM is 3.5255908966064453 seconds
    CV idx10/PN/from_MAP#1 it   0 lam=7.0e-03 ov=0.9998943 chi2=8.456e-02 rel=6.7e-01
Body is not plunging, Fisher should be stable.
waveform shape: (3, 7889537)
Computing SNR for parameters: (np.float64(1000069.1447427393), np.float64(10.000122440886727), np.float64(-0.8998094739854547), np.float64(13.185762496921418), np.float64(0.29998985257748023), 1.0, 3.3568155678276197, np.float64(1.046022780399115), np.float64(0.7854440254958431), 0.6283185307179586, 0.5235987755982988, np.float64(0.1030622950215077), 0.2, np.float64(0.2988003990243754), 0.95, False, False, False, True, np.float64(0.021068821849289435), np.float64(0.004967111326125665), 0.0, 0.0)
Waveform Generated. SNR: 20.004209041514343
calculating Fisher matrix...
Finished derivatives
Calculated Fisher is *atleast* positive-definite.
Time taken to compute FM is 4.112057447433472 seconds
    CV idx10/PN/from_MAP#1 it   1 lam=7.0e-03 ov=0.9999650 chi2=2.803e-02 rel=2.3e-01
Body is not plunging, Fisher should be stable.
waveform shape: (3, 7889537)
Computing SNR for parameters: (np.float64(1000069.1417542828), np.float64(10.000123458882088), np.float64(-0.899809400458742), np.float64(13.1857624822086), np.float64(0.29998985771567693), 1.0, 3.3568155678276197, np.float64(1.0464451638781334), np.float64(0.7856590396396369), 0.6283185307179586, 0.5235987755982988, np.float64(0.10516536335320603), 0.2, np.float64(0.2956931386774565), 0.95, False, False, False, True, np.float64(0.0654792684173393), np.float64(0.022768271873346877), 0.0, 0.0)
Waveform Generated. SNR: 20.00207582866097
calculating Fisher matrix...
Finished derivatives
Calculated Fisher is *atleast* positive-definite.
Time taken to compute FM is 4.127018928527832 seconds
    CV idx10/PN/from_MAP#1 it   2 lam=2.4e-03 ov=0.9999731 chi2=2.155e-02 rel=2.9e-01
Body is not plunging, Fisher should be stable.
waveform shape: (3, 7889537)
Computing SNR for parameters: (np.float64(1000069.1421161002), np.float64(10.000123471108626), np.float64(-0.8998093826503986), np.float64(13.185762487714367), np.float64(0.29998985448407867), 1.0, 3.3568155678276197, np.float64(1.0459394437432603), np.float64(0.7855930363778104), 0.6283185307179586, 0.5235987755982988, np.float64(0.10689016661330288), 0.2, np.float64(0.2952411475988765), 0.95, False, False, False, True, np.float64(0.06346365494660916), np.float64(0.018338999581503503), 0.0, 0.0)
Waveform Generated. SNR: 20.003996544828233
calculating Fisher matrix...
Finished derivatives
Calculated Fisher is not positive semi-definite. Try lowering inspiral error tolerance or increasing the derivative order.
Time taken to compute FM is 4.101970672607422 seconds
    CV idx10/PN/from_MAP#1 it   3 lam=1.5e-01 ov=0.9999809 chi2=1.526e-02 rel=1.7e-02
Body is not plunging, Fisher should be stable.
waveform shape: (3, 7889537)
Computing SNR for parameters: (np.float64(1000069.1420118092), np.float64(10.00012349796735), np.float64(-0.8998093820776956), np.float64(13.185762487049217), np.float64(0.29998985439611126), 1.0, 3.3568155678276197, np.float64(1.045974902829787), np.float64(0.7855791402332221), 0.6283185307179586, 0.5235987755982988, np.float64(0.10662768903622848), 0.2, np.float64(0.2950697155251151), 0.95, False, False, False, True, np.float64(0.06577729422591307), np.float64(0.017607934946209883), 0.0, 0.0)
Waveform Generated. SNR: 20.003923149778917
calculating Fisher matrix...
Finished derivatives
Calculated Fisher is *atleast* positive-definite.
Time taken to compute FM is 4.1046881675720215 seconds
    CV idx10/PN/from_MAP#1 it   4 lam=2.8e-01 ov=0.9999813 chi2=1.501e-02 rel=3.4e-04
Body is not plunging, Fisher should be stable.
waveform shape: (3, 7889537)
Computing SNR for parameters: (np.float64(1000069.1422529105), np.float64(10.000123479377399), np.float64(-0.8998093796601264), np.float64(13.185762489044455), np.float64(0.2999898547209159), 1.0, 3.3568155678276197, np.float64(1.0459105921640106), np.float64(0.7855531819050785), 0.6283185307179586, 0.5235987755982988, np.float64(0.106779188173983), 0.2, np.float64(0.29514497385545824), 0.95, False, False, False, True, np.float64(0.05904811378903457), np.float64(0.01872516396546494), 0.0, 0.0)
Waveform Generated. SNR: 20.004232724732734
calculating stable deltas...
minimum relative error is greater than 1% for dev_1. Fisher may be unstable!
Time taken to compute stable deltas is 35.6645827293396 seconds
calculating Fisher matrix...
Finished derivatives
Calculated Fisher is *atleast* positive-definite.
Time taken to compute FM is 3.4814047813415527 seconds
    CV idx10/PN/from_MAP#1 it   5 lam=9.2e-02 ov=0.9999813 chi2=1.501e-02 rel=4.9e-03
Body is not plunging, Fisher should be stable.
waveform shape: (3, 7889537)
Computing SNR for parameters: (np.float64(1000069.1421732594), np.float64(10.000123493245505), np.float64(-0.8998093792410083), np.float64(13.185762488540835), np.float64(0.2999898545661142), 1.0, 3.3568155678276197, np.float64(1.0459528079024152), np.float64(0.7855615595589273), 0.6283185307179586, 0.5235987755982988, np.float64(0.10671399189749511), 0.2, np.float64(0.29510441039271185), 0.95, False, False, False, True, np.float64(0.057021988195835975), np.float64(0.02040686533121697), 0.0, 0.0)
Waveform Generated. SNR: 20.004055642912416
calculating Fisher matrix...
Finished derivatives
Calculated Fisher is *atleast* positive-definite.
Time taken to compute FM is 4.095477342605591 seconds
    CV idx10/PN/from_MAP#1 it   6 lam=3.1e-02 ov=0.9999814 chi2=1.493e-02 rel=6.7e-03
Body is not plunging, Fisher should be stable.
waveform shape: (3, 7889537)
Computing SNR for parameters: (np.float64(1000069.1419216412), np.float64(10.000123521830803), np.float64(-0.8998093761474145), np.float64(13.185762487157424), np.float64(0.2999898538384294), 1.0, 3.3568155678276197, np.float64(1.0459692083401149), np.float64(0.7855677530633887), 0.6283185307179586, 0.5235987755982988, np.float64(0.10666231900393701), 0.2, np.float64(0.2950654051418368), 0.95, False, False, False, True, np.float64(0.054218128131176595), np.float64(0.024772887759921494), 0.0, 0.0)
Waveform Generated. SNR: 20.003979966191206
calculating Fisher matrix...
Finished derivatives
Calculated Fisher is *atleast* positive-definite.
Time taken to compute FM is 4.095048189163208 seconds
    CV idx10/PN/from_MAP#1 it   7 lam=1.0e-02 ov=0.9999815 chi2=1.483e-02 rel=2.2e-02
Body is not plunging, Fisher should be stable.
waveform shape: (3, 7889537)
Computing SNR for parameters: (np.float64(1000069.1410547236), np.float64(10.000123609928545), np.float64(-0.8998093657747883), np.float64(13.185762482318118), np.float64(0.2999898514084802), 1.0, 3.3568155678276197, np.float64(1.0459893715311832), np.float64(0.7855667191464372), 0.6283185307179586, 0.5235987755982988, np.float64(0.10658816684227643), 0.2, np.float64(0.2948951948445158), 0.95, False, False, False, True, np.float64(0.04528659579503852), np.float64(0.03990035926035433), 0.0, 0.0)
Waveform Generated. SNR: 20.00391539515827
calculating Fisher matrix...
Finished derivatives
Calculated Fisher is *atleast* positive-definite.
Time taken to compute FM is 4.113588094711304 seconds
    CV idx10/PN/from_MAP#1 it   8 lam=4.9e-03 ov=0.9999819 chi2=1.451e-02 rel=5.7e-02
Body is not plunging, Fisher should be stable.
waveform shape: (3, 7889537)
Computing SNR for parameters: (np.float64(1000069.1384928129), np.float64(10.00012386275567), np.float64(-0.8998093343784329), np.float64(13.18576246792385), np.float64(0.2999898448329723), 1.0, 3.3568155678276197, np.float64(1.046030952509641), np.float64(0.7855418290872389), 0.6283185307179586, 0.5235987755982988, np.float64(0.10654414827933077), 0.2, np.float64(0.2943069310004272), 0.95, False, False, False, True, np.float64(0.020749721205448865), np.float64(0.08200974571930933), 0.0, 0.0)
Waveform Generated. SNR: 20.003861012478346
calculating Fisher matrix...
Finished derivatives
Calculated Fisher is *atleast* positive-definite.
Time taken to compute FM is 4.094290733337402 seconds
    CV idx10/PN/from_MAP#1 it   9 lam=2.2e-03 ov=0.9999829 chi2=1.369e-02 rel=7.6e-02
Body is not plunging, Fisher should be stable.
waveform shape: (3, 7889537)
Computing SNR for parameters: (np.float64(1000069.1343778828), np.float64(10.000124274443202), np.float64(-0.8998092821884912), np.float64(13.185762444660098), np.float64(0.29998983572708066), 1.0, 3.3568155678276197, np.float64(1.0461235994383928), np.float64(0.7855335242349557), 0.6283185307179586, 0.5235987755982988, np.float64(0.10647190663730086), 0.2, np.float64(0.29329620077696744), 0.95, False, False, False, True, np.float64(-0.018580832605767122), np.float64(0.14701699103711102), 0.0, 0.0)
Waveform Generated. SNR: 20.003578041984788
calculating stable deltas...
minimum relative error is greater than 1% for dev_1. Fisher may be unstable!
Time taken to compute stable deltas is 35.987805128097534 seconds
calculating Fisher matrix...
Finished derivatives
Calculated Fisher is not positive semi-definite. Try lowering inspiral error tolerance or increasing the derivative order.
Time taken to compute FM is 3.487476348876953 seconds
    CV idx10/PN/from_MAP#1 it  10 lam=2.7e-01 ov=0.9999842 chi2=1.265e-02 rel=4.9e-04
Body is not plunging, Fisher should be stable.
waveform shape: (3, 7889537)
Computing SNR for parameters: (np.float64(1000069.1339064585), np.float64(10.000124334183052), np.float64(-0.8998092855619356), np.float64(13.18576244098393), np.float64(0.29998983497659326), 1.0, 3.3568155678276197, np.float64(1.0461146867673317), np.float64(0.7855470582485701), 0.6283185307179586, 0.5235987755982988, np.float64(0.10646886942414767), 0.2, np.float64(0.29330201238547515), 0.95, False, False, False, True, np.float64(0.0004754590181935796), np.float64(0.14717977848397404), 0.0, 0.0)
Waveform Generated. SNR: 20.003563603761616
calculating Fisher matrix...
Finished derivatives
Calculated Fisher is not positive semi-definite. Try lowering inspiral error tolerance or increasing the derivative order.
Time taken to compute FM is 4.131115436553955 seconds
    CV idx10/PN/from_MAP#1 it  11 lam=4.0e+00 ov=0.9999842 chi2=1.264e-02 rel=2.2e-04
Body is not plunging, Fisher should be stable.
waveform shape: (3, 7889537)
Computing SNR for parameters: (np.float64(1000069.1339106675), np.float64(10.000124336643449), np.float64(-0.8998092857610678), np.float64(13.185762440987892), np.float64(0.29998983503205906), 1.0, 3.3568155678276197, np.float64(1.0461267567400716), np.float64(0.78554436021961), 0.6283185307179586, 0.5235987755982988, np.float64(0.10644142883770832), 0.2, np.float64(0.2932790123030109), 0.95, False, False, False, True, np.float64(0.003994949614009983), np.float64(0.1473184316799962), 0.0, 0.0)
Waveform Generated. SNR: 20.00353187925006
calculating Fisher matrix...
Finished derivatives
Calculated Fisher is *atleast* positive-definite.
Time taken to compute FM is 4.120905876159668 seconds
    CV idx10/PN/from_MAP#1 it  12 lam=2.8e+00 ov=0.9999842 chi2=1.264e-02 rel=9.8e-04
Body is not plunging, Fisher should be stable.
waveform shape: (3, 7889537)
Computing SNR for parameters: (np.float64(1000069.1338863482), np.float64(10.000124339297935), np.float64(-0.8998092859190254), np.float64(13.185762440800598), np.float64(0.2999898349866474), 1.0, 3.3568155678276197, np.float64(1.0461272255816778), np.float64(0.7855452922032586), 0.6283185307179586, 0.5235987755982988, np.float64(0.10644329194870362), 0.2, np.float64(0.29328148146698857), 0.95, False, False, False, True, np.float64(0.003867915022620195), np.float64(0.14728917817424447), 0.0, 0.0)
Waveform Generated. SNR: 20.003527807454866
calculating Fisher matrix...
Finished derivatives
Calculated Fisher is *atleast* positive-definite.
Time taken to compute FM is 4.1493141651153564 seconds
    CV idx10/PN/from_MAP#1 it  13 lam=2.6e+01 ov=0.9999842 chi2=1.263e-02 rel=9.2e-05
Body is not plunging, Fisher should be stable.
waveform shape: (3, 7889537)
Computing SNR for parameters: (np.float64(1000069.1338823194), np.float64(10.000124339760946), np.float64(-0.8998092859473305), np.float64(13.185762440769317), np.float64(0.29998983497949955), 1.0, 3.3568155678276197, np.float64(1.0461274076385172), np.float64(0.7855454189294032), 0.6283185307179586, 0.5235987755982988, np.float64(0.1064433974397933), 0.2, np.float64(0.2932817136420943), 0.95, False, False, False, True, np.float64(0.004099915857011474), np.float64(0.1472857215121307), 0.0, 0.0)
Waveform Generated. SNR: 20.003526112112617
calculating Fisher matrix...
Finished derivatives
Calculated Fisher is not positive semi-definite. Try lowering inspiral error tolerance or increasing the derivative order.
Time taken to compute FM is 4.129919528961182 seconds
    CV idx10/PN/from_MAP#1 it  14 lam=8.5e+00 ov=0.9999842 chi2=1.262e-02 rel=1.5e-04
Body is not plunging, Fisher should be stable.
waveform shape: (3, 7889537)
Computing SNR for parameters: (np.float64(1000069.1338789036), np.float64(10.000124340148542), np.float64(-0.8998092859694999), np.float64(13.185762440742991), np.float64(0.2999898349733557), 1.0, 3.3568155678276197, np.float64(1.0461275436812856), np.float64(0.785545511419461), 0.6283185307179586, 0.5235987755982988, np.float64(0.10644350163161544), 0.2, np.float64(0.29328192541424725), 0.95, False, False, False, True, np.float64(0.0041173452353935784), np.float64(0.1472830404722772), 0.0, 0.0)
Waveform Generated. SNR: 20.00352557135375
calculating stable deltas...
minimum relative error is greater than 1% for dev_1. Fisher may be unstable!
Time taken to compute stable deltas is 35.82047653198242 seconds
calculating Fisher matrix...
Finished derivatives
Calculated Fisher is not positive semi-definite. Try lowering inspiral error tolerance or increasing the derivative order.
Time taken to compute FM is 3.5362799167633057 seconds
    CV idx10/PN/from_MAP#1 it  15 lam=9.4e+00 ov=0.9999842 chi2=1.262e-02 rel=4.2e-05
Body is not plunging, Fisher should be stable.
waveform shape: (3, 7889537)
Computing SNR for parameters: (np.float64(1000069.1338719014), np.float64(10.000124341024394), np.float64(-0.8998092860025928), np.float64(13.185762440690166), np.float64(0.2999898349620283), 1.0, 3.3568155678276197, np.float64(1.0461282558706289), np.float64(0.7855454319172758), 0.6283185307179586, 0.5235987755982988, np.float64(0.10644272911070038), 0.2, np.float64(0.29328165209970486), 0.95, False, False, False, True, np.float64(0.004050538340270359), np.float64(0.14729069233703984), 0.0, 0.0)
Waveform Generated. SNR: 20.00352347806928
calculating Fisher matrix...
Finished derivatives
Calculated Fisher is not positive semi-definite. Try lowering inspiral error tolerance or increasing the derivative order.
Time taken to compute FM is 4.120673418045044 seconds
    CV idx10/PN/from_MAP#1 it  16 lam=9.4e+00 ov=0.9999842 chi2=1.262e-02 rel=4.4e-05
Body is not plunging, Fisher should be stable.
waveform shape: (3, 7889537)
Computing SNR for parameters: (np.float64(1000069.1338673522), np.float64(10.000124341650038), np.float64(-0.8998092860123152), np.float64(13.185762440656973), np.float64(0.29998983495553616), 1.0, 3.3568155678276197, np.float64(1.0461289988380524), np.float64(0.7855451916006356), 0.6283185307179586, 0.5235987755982988, np.float64(0.10644152744890978), 0.2, np.float64(0.2932810136696128), 0.95, False, False, False, True, np.float64(0.003994415791354893), np.float64(0.14730402785153981), 0.0, 0.0)
Waveform Generated. SNR: 20.003522025591188
calculating Fisher matrix...
Finished derivatives
Calculated Fisher is not positive semi-definite. Try lowering inspiral error tolerance or increasing the derivative order.
Time taken to compute FM is 4.1136555671691895 seconds
    CV idx10/PN/from_MAP#1 it  17 lam=3.1e+00 ov=0.9999842 chi2=1.262e-02 rel=1.1e-04
Body is not plunging, Fisher should be stable.
waveform shape: (3, 7889537)
Computing SNR for parameters: (np.float64(1000069.1338633447), np.float64(10.000124342222103), np.float64(-0.8998092860149053), np.float64(13.185762440628313), np.float64(0.29998983495013654), 1.0, 3.3568155678276197, np.float64(1.0461297337298772), np.float64(0.7855449049096822), 0.6283185307179586, 0.5235987755982988, np.float64(0.1064401887836583), 0.2, np.float64(0.29328028067282835), 0.95, False, False, False, True, np.float64(0.003986489173665057), np.float64(0.1473211387241739), 0.0, 0.0)
Waveform Generated. SNR: 20.003520312640795
calculating Fisher matrix...
Finished derivatives
Calculated Fisher is not positive semi-definite. Try lowering inspiral error tolerance or increasing the derivative order.
Time taken to compute FM is 4.128356456756592 seconds
    CV idx10/PN/from_MAP#1 it  18 lam=3.1e+00 ov=0.9999842 chi2=1.262e-02 rel=1.2e-04
Body is not plunging, Fisher should be stable.
waveform shape: (3, 7889537)
Computing SNR for parameters: (np.float64(1000069.1338519021), np.float64(10.000124343854942), np.float64(-0.8998092860082875), np.float64(13.185762440547938), np.float64(0.29998983493464304), 1.0, 3.3568155678276197, np.float64(1.0461314633823866), np.float64(0.7855441707249824), 0.6283185307179586, 0.5235987755982988, np.float64(0.10643641188164094), 0.2, np.float64(0.29327845900710187), 0.95, False, False, False, True, np.float64(0.004179577986821684), np.float64(0.14737689106074356), 0.0, 0.0)
Waveform Generated. SNR: 20.00351690517126
calculating Fisher matrix...
Finished derivatives
Calculated Fisher is *atleast* positive-definite.
Time taken to compute FM is 4.1262288093566895 seconds
    CV idx10/PN/from_MAP#1 it  19 lam=1.0e+00 ov=0.9999842 chi2=1.262e-02 rel=2.2e-04
Body is not plunging, Fisher should be stable.
waveform shape: (3, 7889537)
Computing SNR for parameters: (np.float64(1000069.1338421196), np.float64(10.000124345284206), np.float64(-0.8998092859717889), np.float64(13.185762440482355), np.float64(0.29998983492180786), 1.0, 3.3568155678276197, np.float64(1.0461328364855025), np.float64(0.7855434530203965), 0.6283185307179586, 0.5235987755982988, np.float64(0.10643268044977787), 0.2, np.float64(0.29327680462097183), 0.95, False, False, False, True, np.float64(0.00416291693801201), np.float64(0.14744111052189365), 0.0, 0.0)
Waveform Generated. SNR: 20.003515227858447
calculating stable deltas...
Time taken to compute stable deltas is 35.91172170639038 seconds
calculating Fisher matrix...
Finished derivatives
Calculated Fisher is not positive semi-definite. Try lowering inspiral error tolerance or increasing the derivative order.
Time taken to compute FM is 3.529629707336426 seconds
    CV idx10/PN/from_MAP#1 it  20 lam=2.6e+01 ov=0.9999843 chi2=1.262e-02 rel=3.9e-05
Body is not plunging, Fisher should be stable.
waveform shape: (3, 7889537)
Computing SNR for parameters: (np.float64(1000069.1338416785), np.float64(10.000124345350557), np.float64(-0.8998092859701241), np.float64(13.185762440479397), np.float64(0.29998983492125925), 1.0, 3.3568155678276197, np.float64(1.046132906636), np.float64(0.7855434165526226), 0.6283185307179586, 0.5235987755982988, np.float64(0.10643249346027005), 0.2, np.float64(0.2932767149572741), 0.95, False, False, False, True, np.float64(0.004194468380300467), np.float64(0.14744406006094765), 0.0, 0.0)
Waveform Generated. SNR: 20.003514671023165
calculating Fisher matrix...
Finished derivatives
Calculated Fisher is *atleast* positive-definite.
Time taken to compute FM is 4.116091251373291 seconds
    CV idx10/PN/from_MAP#1 it  21 lam=2.8e+05 ov=0.9999843 chi2=1.261e-02 rel=2.4e-05
Body is not plunging, Fisher should be stable.
waveform shape: (3, 7889537)
Computing SNR for parameters: (np.float64(1000069.1338416785), np.float64(10.000124345350562), np.float64(-0.899809285970124), np.float64(13.185762440479397), np.float64(0.2999898349212592), 1.0, 3.3568155678276197, np.float64(1.0461329066411853), np.float64(0.7855434165499431), 0.6283185307179586, 0.5235987755982988, np.float64(0.10643249344601345), 0.2, np.float64(0.2932767149507736), 0.95, False, False, False, True, np.float64(0.0041944677600292335), np.float64(0.1474440603021388), 0.0, 0.0)
Waveform Generated. SNR: 20.003514033372003
calculating Fisher matrix...
Finished derivatives
Calculated Fisher is *atleast* positive-definite.
Time taken to compute FM is 4.131493091583252 seconds
    CV idx10/PN/from_MAP#1 it  22 lam=2.7e+145 ov=0.9999843 chi2=1.261e-02 rel=0.0e+00
    NM  nfev=1797 ov 0.9999843 -> 0.9999843 (accepted=True)
Body is not plunging, Fisher should be stable.
waveform shape: (3, 7889537)
Computing SNR for parameters: (np.float64(1000069.1184119355), np.float64(10.000124318091913), np.float64(-0.8998093131346698), np.float64(13.18576256981013), np.float64(0.2999898358877565), 1.0, 3.3568155678276197, np.float64(1.046128709475013), np.float64(0.7855425821369277), 0.6283185307179586, 0.5235987755982988, np.float64(0.10644436971783242), 0.2, np.float64(0.29305497146228127), 0.95, False, False, False, True, np.float64(-0.007543448847099689), np.float64(0.1488173952776366), 0.0, 0.0)
Waveform Generated. SNR: 20.003529939778016
calculating stable deltas...
minimum relative error is greater than 1% for dev_1. Fisher may be unstable!
Time taken to compute stable deltas is 35.8219530582428 seconds
calculating Fisher matrix...
Finished derivatives
Calculated Fisher is not positive semi-definite. Try lowering inspiral error tolerance or increasing the derivative order.
Time taken to compute FM is 3.5125768184661865 seconds
    CV idx10/PN/from_MAP#2 it   0 lam=6.8e-03 ov=0.9999843 chi2=1.259e-02 rel=2.8e-02
Body is not plunging, Fisher should be stable.
waveform shape: (3, 7889537)
Computing SNR for parameters: (np.float64(1000069.1171450465), np.float64(10.000124427762268), np.float64(-0.8998092912179779), np.float64(13.185762563267426), np.float64(0.2999898329046419), 1.0, 3.3568155678276197, np.float64(1.0461564764060094), np.float64(0.7855161110292833), 0.6283185307179586, 0.5235987755982988, np.float64(0.10659337368151464), 0.2, np.float64(0.2927780362241775), 0.95, False, False, False, True, np.float64(-0.041510591437607436), np.float64(0.17681763655302357), 0.0, 0.0)
Waveform Generated. SNR: 20.003526220845817
calculating Fisher matrix...
Finished derivatives
Calculated Fisher is not positive semi-definite. Try lowering inspiral error tolerance or increasing the derivative order.
Time taken to compute FM is 4.134418249130249 seconds
    CV idx10/PN/from_MAP#2 it   1 lam=6.7e-03 ov=0.9999847 chi2=1.223e-02 rel=2.3e-02
Body is not plunging, Fisher should be stable.
waveform shape: (3, 7889537)
Computing SNR for parameters: (np.float64(1000069.1155409687), np.float64(10.00012448443845), np.float64(-0.8998092608739272), np.float64(13.185762555254449), np.float64(0.29998982858126827), 1.0, 3.3568155678276197, np.float64(1.0462107790078607), np.float64(0.7855162346465674), 0.6283185307179586, 0.5235987755982988, np.float64(0.10654120493507378), 0.2, np.float64(0.29220013135253126), 0.95, False, False, False, True, np.float64(-0.09252039127201903), np.float64(0.20849767104772404), 0.0, 0.0)
Waveform Generated. SNR: 20.003342343590226
calculating Fisher matrix...
Finished derivatives
Calculated Fisher is not positive semi-definite. Try lowering inspiral error tolerance or increasing the derivative order.
Time taken to compute FM is 4.112775802612305 seconds
    CV idx10/PN/from_MAP#2 it   2 lam=5.0e-03 ov=0.9999851 chi2=1.195e-02 rel=2.5e-02
Body is not plunging, Fisher should be stable.
waveform shape: (3, 7889537)
Computing SNR for parameters: (np.float64(1000069.1130970375), np.float64(10.000124796294164), np.float64(-0.8998092484475503), np.float64(13.185762538987339), np.float64(0.29998982599806734), 1.0, 3.3568155678276197, np.float64(1.046243014121784), np.float64(0.7855033648907292), 0.6283185307179586, 0.5235987755982988, np.float64(0.1064740335490371), 0.2, np.float64(0.2919675471826847), 0.95, False, False, False, True, np.float64(-0.06520821177745047), np.float64(0.2321923703992771), 0.0, 0.0)
Waveform Generated. SNR: 20.00327876357027
calculating Fisher matrix...
Finished derivatives
Calculated Fisher is *atleast* positive-definite.
Time taken to compute FM is 4.118961572647095 seconds
    CV idx10/PN/from_MAP#2 it   3 lam=5.0e-03 ov=0.9999855 chi2=1.165e-02 rel=1.6e-02
Body is not plunging, Fisher should be stable.
waveform shape: (3, 7889537)
Computing SNR for parameters: (np.float64(1000069.110056007), np.float64(10.000125349690535), np.float64(-0.899809234673202), np.float64(13.185762517985124), np.float64(0.29998982658122547), 1.0, 3.3568155678276197, np.float64(1.0462503152733822), np.float64(0.7855162765979038), 0.6283185307179586, 0.5235987755982988, np.float64(0.10635237653669659), 0.2, np.float64(0.2917654817522482), 0.95, False, False, False, True, np.float64(-0.0011250951646787216), np.float64(0.2553261304661721), 0.0, 0.0)
Waveform Generated. SNR: 20.003216609997445
calculating Fisher matrix...
Finished derivatives
Calculated Fisher is *atleast* positive-definite.
Time taken to compute FM is 4.08993673324585 seconds
    CV idx10/PN/from_MAP#2 it   4 lam=3.4e-03 ov=0.9999857 chi2=1.146e-02 rel=1.5e-02
Body is not plunging, Fisher should be stable.
waveform shape: (3, 7889537)
Computing SNR for parameters: (np.float64(1000069.1076947737), np.float64(10.000125671202555), np.float64(-0.8998092165003887), np.float64(13.185762502443293), np.float64(0.2999898262229341), 1.0, 3.3568155678276197, np.float64(1.0462877555912555), np.float64(0.7854904258112014), 0.6283185307179586, 0.5235987755982988, np.float64(0.10636705747590572), 0.2, np.float64(0.2913993500673314), 0.95, False, False, False, True, np.float64(0.019730854500703554), np.float64(0.27596825021882276), 0.0, 0.0)
Waveform Generated. SNR: 20.003174426665687
calculating stable deltas...
minimum relative error is greater than 1% for dev_1. Fisher may be unstable!
Time taken to compute stable deltas is 35.81691908836365 seconds
calculating Fisher matrix...
Finished derivatives
Calculated Fisher is *atleast* positive-definite.
Time taken to compute FM is 3.512483596801758 seconds
    CV idx10/PN/from_MAP#2 it   5 lam=4.4e+00 ov=0.9999859 chi2=1.129e-02 rel=9.7e-04
Body is not plunging, Fisher should be stable.
waveform shape: (3, 7889537)
Computing SNR for parameters: (np.float64(1000069.1076893358), np.float64(10.000125671775953), np.float64(-0.8998092164928801), np.float64(13.185762502404891), np.float64(0.29998982621676673), 1.0, 3.3568155678276197, np.float64(1.0462882831965827), np.float64(0.7854901713219791), 0.6283185307179586, 0.5235987755982988, np.float64(0.10636809602340483), 0.2, np.float64(0.2913991164829814), 0.95, False, False, False, True, np.float64(0.01864340733478658), np.float64(0.27598964047551255), 0.0, 0.0)
Waveform Generated. SNR: 20.003173571927544
calculating Fisher matrix...
Finished derivatives
Calculated Fisher is not positive semi-definite. Try lowering inspiral error tolerance or increasing the derivative order.
Time taken to compute FM is 4.134811878204346 seconds
    CV idx10/PN/from_MAP#2 it   6 lam=3.9e+08 ov=0.9999859 chi2=1.128e-02 rel=3.6e-05
Body is not plunging, Fisher should be stable.
waveform shape: (3, 7889537)
Computing SNR for parameters: (np.float64(1000069.1076893358), np.float64(10.000125671775953), np.float64(-0.8998092164928801), np.float64(13.185762502404891), np.float64(0.29998982621676673), 1.0, 3.3568155678276197, np.float64(1.0462882831965774), np.float64(0.7854901713219828), 0.6283185307179586, 0.5235987755982988, np.float64(0.1063680960234255), 0.2, np.float64(0.2913991164829948), 0.95, False, False, False, True, np.float64(0.018643407335089963), np.float64(0.2759896404753977), 0.0, 0.0)
Waveform Generated. SNR: 20.00317357149296
calculating Fisher matrix...
Finished derivatives
Calculated Fisher is not positive semi-definite. Try lowering inspiral error tolerance or increasing the derivative order.
Time taken to compute FM is 4.127497673034668 seconds
    CV idx10/PN/from_MAP#2 it   7 lam=3.7e+148 ov=0.9999859 chi2=1.127e-02 rel=0.0e+00
    RESULT idx10/PN/from_MAP: ov 0.9998943 -> 0.9999859, chi2=1.1275e-02
    --- start from_0PA ---
    start overlap = 0.9999822
Body is not plunging, Fisher should be stable.
waveform shape: (3, 7889537)
Computing SNR for parameters: (np.float64(1000069.2784419028), np.float64(10.000134766849323), np.float64(-0.8998096245414325), np.float64(13.185764087862312), np.float64(0.2999893952398798), 1.0, 3.3568155678276197, np.float64(1.0460993806264962), np.float64(0.7855507749872805), 0.6283185307179586, 0.5235987755982988, np.float64(0.10857802076031653), 0.2, np.float64(0.29170002933100175), 0.95, False, False, False, True, np.float64(0.0), np.float64(0.0), 0.0, 0.0)
Waveform Generated. SNR: 20.00358870428513
calculating stable deltas...
minimum relative error is greater than 1% for dev_1. Fisher may be unstable!
minimum relative error is greater than 1% for dev_2. Fisher may be unstable!
Time taken to compute stable deltas is 35.904234409332275 seconds
calculating Fisher matrix...
Finished derivatives
Calculated Fisher is not positive semi-definite. Try lowering inspiral error tolerance or increasing the derivative order.
Time taken to compute FM is 3.5352694988250732 seconds
    CV idx10/PN/from_0PA#1 it   0 lam=9.5e+137 ov=0.9999822 chi2=1.424e-02 rel=0.0e+00
    NM  nfev=2299 ov 0.9999822 -> 0.9999892 (accepted=True)
Body is not plunging, Fisher should be stable.
waveform shape: (3, 7889537)
Computing SNR for parameters: (np.float64(1000068.9011761922), np.float64(10.000097390866374), np.float64(-0.8998076097226596), np.float64(13.185755945156094), np.float64(0.2999910436773147), 1.0, 3.3568155678276197, np.float64(1.046534472448157), np.float64(0.7853468941181868), 0.6283185307179586, 0.5235987755982988, np.float64(0.10122713593929034), 0.2, np.float64(0.2929536496722516), 0.95, False, False, False, True, np.float64(-0.06498731624019767), np.float64(0.8508304404128101), 0.0, 0.0)
Waveform Generated. SNR: 20.002864633446812
calculating stable deltas...
minimum relative error is greater than 1% for dev_1. Fisher may be unstable!
Time taken to compute stable deltas is 35.8754346370697 seconds
calculating Fisher matrix...
Finished derivatives
Calculated Fisher is not positive semi-definite. Try lowering inspiral error tolerance or increasing the derivative order.
Time taken to compute FM is 3.515287160873413 seconds
    CV idx10/PN/from_0PA#2 it   0 lam=9.5e+137 ov=0.9999892 chi2=8.671e-03 rel=0.0e+00
    RESULT idx10/PN/from_0PA: ov 0.9999822 -> 0.9999892, chi2=8.6708e-03
    BEST  idx10/PN: from_0PA ov=0.9999892
==============================================================================
[idx10 (a=-0.9, e0=0.3) | simple | dt=10.0]  SNR=20.000 (A=14.227 E=14.057 T=0.022; T%=0.00)
    --- start from_MAP ---
    start overlap = 0.9998943
Body is not plunging, Fisher should be stable.
waveform shape: (3, 7889537)
Computing SNR for parameters: (np.float64(1000069.1538596326), np.float64(10.000121938658491), np.float64(-0.8998097446966122), np.float64(13.185762533454945), np.float64(0.299989873851329), 1.0, 3.3568155678276197, np.float64(1.0471975511965976), np.float64(0.7853981633974483), 0.6283185307179586, 0.5235987755982988, np.float64(0.10002612600717785), 0.2, np.float64(0.3151577665539712), 0.95, False, False, False, True, 0.0, 0.0, np.float64(0.0), np.float64(0.0))
Waveform Generated. SNR: 20.00041116944784
calculating stable deltas...
minimum relative error is greater than 1% for dev_1. Fisher may be unstable!
minimum relative error is greater than 1% for dev_2. Fisher may be unstable!
Time taken to compute stable deltas is 35.910897731781006 seconds
calculating Fisher matrix...
Finished derivatives
Calculated Fisher is *atleast* positive-definite.
Time taken to compute FM is 3.5488734245300293 seconds
    CV idx10/simple/from_MAP#1 it   0 lam=4.5e-03 ov=0.9998943 chi2=8.456e-02 rel=7.8e-01
Body is not plunging, Fisher should be stable.
waveform shape: (3, 7889537)
Computing SNR for parameters: (np.float64(1000069.1498054251), np.float64(10.000121284103443), np.float64(-0.8998094761734796), np.float64(13.185762533728548), np.float64(0.29998985150393165), 1.0, 3.3568155678276197, np.float64(1.04586344449251), np.float64(0.7854010377867806), 0.6283185307179586, 0.5235987755982988, np.float64(0.10402502653258901), 0.2, np.float64(0.29814404101007735), 0.95, False, False, False, True, 0.0, 0.0, np.float64(0.014033840964278576), np.float64(0.09548424764681863))
Waveform Generated. SNR: 20.00489068800071
calculating Fisher matrix...
Finished derivatives
Calculated Fisher is not positive semi-definite. Try lowering inspiral error tolerance or increasing the derivative order.
Time taken to compute FM is 4.179518699645996 seconds
    CV idx10/simple/from_MAP#1 it   1 lam=1.6e-02 ov=0.9999767 chi2=1.871e-02 rel=1.5e-02
Body is not plunging, Fisher should be stable.
waveform shape: (3, 7889537)
Computing SNR for parameters: (np.float64(1000069.1449132559), np.float64(10.000121745941088), np.float64(-0.8998093709661157), np.float64(13.185762510034696), np.float64(0.29998984179328275), 1.0, 3.3568155678276197, np.float64(1.045818846889582), np.float64(0.7854365375819283), 0.6283185307179586, 0.5235987755982988, np.float64(0.1063567482757237), 0.2, np.float64(0.2961644417580521), 0.95, False, False, False, True, 0.0, 0.0, np.float64(0.020321020047618647), np.float64(-0.08108639313910097))
Waveform Generated. SNR: 20.00491437898932
calculating Fisher matrix...
Finished derivatives
Calculated Fisher is *atleast* positive-definite.
Time taken to compute FM is 4.1467132568359375 seconds
    CV idx10/simple/from_MAP#1 it   2 lam=1.1e-02 ov=0.9999770 chi2=1.842e-02 rel=1.9e-01
Body is not plunging, Fisher should be stable.
waveform shape: (3, 7889537)
Computing SNR for parameters: (np.float64(1000069.1458511456), np.float64(10.0001216273147), np.float64(-0.8998093769086576), np.float64(13.185762516593226), np.float64(0.2999898412753206), 1.0, 3.3568155678276197, np.float64(1.0459954021129345), np.float64(0.7855554004613681), 0.6283185307179586, 0.5235987755982988, np.float64(0.10661134092746044), 0.2, np.float64(0.2948058707554662), 0.95, False, False, False, True, 0.0, 0.0, np.float64(0.017240808564018224), np.float64(-0.03443296587686099))
Waveform Generated. SNR: 20.003926968231553
calculating Fisher matrix...
Finished derivatives
Calculated Fisher is not positive semi-definite. Try lowering inspiral error tolerance or increasing the derivative order.
Time taken to compute FM is 4.138148546218872 seconds
    CV idx10/simple/from_MAP#1 it   3 lam=9.6e-01 ov=0.9999814 chi2=1.489e-02 rel=3.4e-04
Body is not plunging, Fisher should be stable.
waveform shape: (3, 7889537)
Computing SNR for parameters: (np.float64(1000069.1459128759), np.float64(10.00012162582211), np.float64(-0.899809377316069), np.float64(13.1857625169896), np.float64(0.2999898414244303), 1.0, 3.3568155678276197, np.float64(1.045981260300814), np.float64(0.7855658100684093), 0.6283185307179586, 0.5235987755982988, np.float64(0.10661001801226103), 0.2, np.float64(0.29479837852159224), 0.95, False, False, False, True, 0.0, 0.0, np.float64(0.01715724775109135), np.float64(-0.03332879207181493))
Waveform Generated. SNR: 20.00394091441971
calculating Fisher matrix...
Finished derivatives
Calculated Fisher is *atleast* positive-definite.
Time taken to compute FM is 4.201500654220581 seconds
    CV idx10/simple/from_MAP#1 it   4 lam=1.1e+01 ov=0.9999814 chi2=1.489e-02 rel=3.1e-04
Body is not plunging, Fisher should be stable.
waveform shape: (3, 7889537)
Computing SNR for parameters: (np.float64(1000069.1459221335), np.float64(10.000121625637526), np.float64(-0.8998093773713004), np.float64(13.18576251704883), np.float64(0.2999898414503162), 1.0, 3.3568155678276197, np.float64(1.0459813434588359), np.float64(0.7855664963641059), 0.6283185307179586, 0.5235987755982988, np.float64(0.10660693756560274), 0.2, np.float64(0.294795181862046), 0.95, False, False, False, True, 0.0, 0.0, np.float64(0.017077296917135557), np.float64(-0.03331687521617916))
Waveform Generated. SNR: 20.003937593310315
calculating stable deltas...
minimum relative error is greater than 1% for dev_2. Fisher may be unstable!
Time taken to compute stable deltas is 35.72560095787048 seconds
calculating Fisher matrix...
Finished derivatives
Calculated Fisher is *atleast* positive-definite.
Time taken to compute FM is 3.542588233947754 seconds
    CV idx10/simple/from_MAP#1 it   5 lam=3.6e+00 ov=0.9999814 chi2=1.488e-02 rel=2.7e-04
Body is not plunging, Fisher should be stable.
waveform shape: (3, 7889537)
Computing SNR for parameters: (np.float64(1000069.1459246842), np.float64(10.000121625776975), np.float64(-0.8998093774283693), np.float64(13.185762517061043), np.float64(0.299989841458508), 1.0, 3.3568155678276197, np.float64(1.0459807394711216), np.float64(0.7855673780989411), 0.6283185307179586, 0.5235987755982988, np.float64(0.10660659310803525), 0.2, np.float64(0.2947946828477719), 0.95, False, False, False, True, 0.0, 0.0, np.float64(0.017079027548751645), np.float64(-0.033508153971103995))
Waveform Generated. SNR: 20.003943837350896
calculating Fisher matrix...
Finished derivatives
Calculated Fisher is not positive semi-definite. Try lowering inspiral error tolerance or increasing the derivative order.
Time taken to compute FM is 4.132607460021973 seconds
    CV idx10/simple/from_MAP#1 it   6 lam=2.3e+00 ov=0.9999814 chi2=1.488e-02 rel=3.4e-04
Body is not plunging, Fisher should be stable.
waveform shape: (3, 7889537)
Computing SNR for parameters: (np.float64(1000069.1459293695), np.float64(10.00012162633817), np.float64(-0.8998093775752422), np.float64(13.185762517079539), np.float64(0.2999898414749164), 1.0, 3.3568155678276197, np.float64(1.0459790304526877), np.float64(0.7855698375595627), 0.6283185307179586, 0.5235987755982988, np.float64(0.10660651343200138), 0.2, np.float64(0.29479487780232705), 0.95, False, False, False, True, 0.0, 0.0, np.float64(0.01709045501989245), np.float64(-0.03390089746938312))
Waveform Generated. SNR: 20.003935729368713
calculating Fisher matrix...
Finished derivatives
Calculated Fisher is *atleast* positive-definite.
Time taken to compute FM is 4.122166395187378 seconds
    CV idx10/simple/from_MAP#1 it   7 lam=1.5e+00 ov=0.9999814 chi2=1.487e-02 rel=6.3e-04
Body is not plunging, Fisher should be stable.
waveform shape: (3, 7889537)
Computing SNR for parameters: (np.float64(1000069.1459315475), np.float64(10.00012162746002), np.float64(-0.8998093777528269), np.float64(13.185762517077992), np.float64(0.2999898414864028), 1.0, 3.3568155678276197, np.float64(1.0459768448615179), np.float64(0.7855731043657005), 0.6283185307179586, 0.5235987755982988, np.float64(0.10660767728199701), 0.2, np.float64(0.2947978852150999), 0.95, False, False, False, True, 0.0, 0.0, np.float64(0.017111817921087125), np.float64(-0.0346423231738376))
Waveform Generated. SNR: 20.0039310821853
calculating Fisher matrix...
Finished derivatives
Calculated Fisher is not positive semi-definite. Try lowering inspiral error tolerance or increasing the derivative order.
Time taken to compute FM is 4.149588584899902 seconds
    CV idx10/simple/from_MAP#1 it   8 lam=4.9e-01 ov=0.9999814 chi2=1.486e-02 rel=8.3e-04
Body is not plunging, Fisher should be stable.
waveform shape: (3, 7889537)
Computing SNR for parameters: (np.float64(1000069.1459331736), np.float64(10.00012162912116), np.float64(-0.8998093778994501), np.float64(13.185762517076721), np.float64(0.29998984149747987), 1.0, 3.3568155678276197, np.float64(1.0459751811962685), np.float64(0.7855765454747881), 0.6283185307179586, 0.5235987755982988, np.float64(0.10660835790615313), 0.2, np.float64(0.2948038170204454), 0.95, False, False, False, True, 0.0, 0.0, np.float64(0.01714297107908525), np.float64(-0.035713928204611285))
Waveform Generated. SNR: 20.003925879115272
calculating Fisher matrix...
Finished derivatives
Calculated Fisher is *atleast* positive-definite.
Time taken to compute FM is 4.133111000061035 seconds
    CV idx10/simple/from_MAP#1 it   9 lam=3.6e-01 ov=0.9999815 chi2=1.485e-02 rel=2.5e-03
Body is not plunging, Fisher should be stable.
waveform shape: (3, 7889537)
Computing SNR for parameters: (np.float64(1000069.1459025149), np.float64(10.000121635777571), np.float64(-0.8998093779311791), np.float64(13.185762516866694), np.float64(0.2999898414360738), 1.0, 3.3568155678276197, np.float64(1.0459751517905074), np.float64(0.785580505852668), 0.6283185307179586, 0.5235987755982988, np.float64(0.10661094795721576), 0.2, np.float64(0.2948271999074024), 0.95, False, False, False, True, 0.0, 0.0, np.float64(0.017249775772604274), np.float64(-0.039148284609565334))
Waveform Generated. SNR: 20.00391282775769
calculating stable deltas...
Time taken to compute stable deltas is 35.671408891677856 seconds
calculating Fisher matrix...
Finished derivatives
Calculated Fisher is not positive semi-definite. Try lowering inspiral error tolerance or increasing the derivative order.
Time taken to compute FM is 3.529602289199829 seconds
    CV idx10/simple/from_MAP#1 it  10 lam=1.2e-01 ov=0.9999815 chi2=1.481e-02 rel=2.0e-03
Body is not plunging, Fisher should be stable.
waveform shape: (3, 7889537)
Computing SNR for parameters: (np.float64(1000069.1458709035), np.float64(10.000121643013909), np.float64(-0.8998093775517138), np.float64(13.185762516695405), np.float64(0.29998984136522544), 1.0, 3.3568155678276197, np.float64(1.0459782279108545), np.float64(0.7855803733403973), 0.6283185307179586, 0.5235987755982988, np.float64(0.10660440577334643), 0.2, np.float64(0.29484492385042255), 0.95, False, False, False, True, 0.0, 0.0, np.float64(0.0173678286727936), np.float64(-0.042098792311640904))
Waveform Generated. SNR: 20.003902841868925
calculating Fisher matrix...
Finished derivatives
Calculated Fisher is not positive semi-definite. Try lowering inspiral error tolerance or increasing the derivative order.
Time taken to compute FM is 4.140872478485107 seconds
    CV idx10/simple/from_MAP#1 it  11 lam=4.1e-02 ov=0.9999815 chi2=1.478e-02 rel=6.8e-03
Body is not plunging, Fisher should be stable.
waveform shape: (3, 7889537)
Computing SNR for parameters: (np.float64(1000069.1457052709), np.float64(10.000121665761563), np.float64(-0.8998093753671408), np.float64(13.1857625157963), np.float64(0.2999898409375956), 1.0, 3.3568155678276197, np.float64(1.0459834561828472), np.float64(0.785577453708535), 0.6283185307179586, 0.5235987755982988, np.float64(0.10659273825152199), 0.2, np.float64(0.2948647259851627), 0.95, False, False, False, True, 0.0, 0.0, np.float64(0.01771840680912968), np.float64(-0.052280800890252624))
Waveform Generated. SNR: 20.00389546256976
calculating Fisher matrix...
Finished derivatives
Calculated Fisher is not positive semi-definite. Try lowering inspiral error tolerance or increasing the derivative order.
Time taken to compute FM is 4.171602964401245 seconds
    CV idx10/simple/from_MAP#1 it  12 lam=1.4e-02 ov=0.9999817 chi2=1.468e-02 rel=1.3e-02
Body is not plunging, Fisher should be stable.
waveform shape: (3, 7889537)
Computing SNR for parameters: (np.float64(1000069.145335774), np.float64(10.000121707527601), np.float64(-0.8998093683785265), np.float64(13.185762514064516), np.float64(0.29998983970563886), 1.0, 3.3568155678276197, np.float64(1.0459901708012387), np.float64(0.785568004109751), 0.6283185307179586, 0.5235987755982988, np.float64(0.10662863861227881), 0.2, np.float64(0.29477511776812704), 0.95, False, False, False, True, 0.0, 0.0, np.float64(0.018498109420902572), np.float64(-0.07187875324369297))
Waveform Generated. SNR: 20.003905189354867
calculating Fisher matrix...
Finished derivatives
Calculated Fisher is not positive semi-definite. Try lowering inspiral error tolerance or increasing the derivative order.
Time taken to compute FM is 4.166476249694824 seconds
    CV idx10/simple/from_MAP#1 it  13 lam=1.2e-02 ov=0.9999819 chi2=1.449e-02 rel=5.2e-02
Body is not plunging, Fisher should be stable.
waveform shape: (3, 7889537)
Computing SNR for parameters: (np.float64(1000069.1431663763), np.float64(10.00012188996899), np.float64(-0.899809340405589), np.float64(13.185762502019935), np.float64(0.29998983386690653), 1.0, 3.3568155678276197, np.float64(1.046037073560612), np.float64(0.7855524845991685), 0.6283185307179586, 0.5235987755982988, np.float64(0.10668241515012401), 0.2, np.float64(0.2942659144733647), 0.95, False, False, False, True, 0.0, 0.0, np.float64(0.02112469352472315), np.float64(-0.15940265295019773))
Waveform Generated. SNR: 20.003799909137282
calculating Fisher matrix...
Finished derivatives
Calculated Fisher is *atleast* positive-definite.
Time taken to compute FM is 4.150564670562744 seconds
    CV idx10/simple/from_MAP#1 it  14 lam=4.1e-03 ov=0.9999828 chi2=1.374e-02 rel=3.0e-02
Body is not plunging, Fisher should be stable.
waveform shape: (3, 7889537)
Computing SNR for parameters: (np.float64(1000069.1421747573), np.float64(10.000121984621689), np.float64(-0.8998093205061092), np.float64(13.18576249743845), np.float64(0.2999898306424912), 1.0, 3.3568155678276197, np.float64(1.0460655037125286), np.float64(0.7855447638786903), 0.6283185307179586, 0.5235987755982988, np.float64(0.10677567324909663), 0.2, np.float64(0.2938741666864306), 0.95, False, False, False, True, 0.0, 0.0, np.float64(0.022945326134616396), np.float64(-0.20628632856206303))
Waveform Generated. SNR: 20.003729523981097
calculating stable deltas...
Time taken to compute stable deltas is 35.84023976325989 seconds
calculating Fisher matrix...
Finished derivatives
Calculated Fisher is *atleast* positive-definite.
Time taken to compute FM is 3.5611298084259033 seconds
    CV idx10/simple/from_MAP#1 it  15 lam=1.4e-03 ov=0.9999834 chi2=1.333e-02 rel=7.8e-02
Body is not plunging, Fisher should be stable.
waveform shape: (3, 7889537)
Computing SNR for parameters: (np.float64(1000069.1382155848), np.float64(10.000122283259797), np.float64(-0.8998092671299559), np.float64(13.18576247548554), np.float64(0.2999898207486968), 1.0, 3.3568155678276197, np.float64(1.0461668995105784), np.float64(0.785517524703575), 0.6283185307179586, 0.5235987755982988, np.float64(0.10668298114191965), 0.2, np.float64(0.2928112019199334), 0.95, False, False, False, True, 0.0, 0.0, np.float64(0.027756884555049037), np.float64(-0.358036610744175))
Waveform Generated. SNR: 20.00348077809832
calculating Fisher matrix...
Finished derivatives
Calculated Fisher is *atleast* positive-definite.
Time taken to compute FM is 4.158627271652222 seconds
    CV idx10/simple/from_MAP#1 it  16 lam=7.0e-04 ov=0.9999847 chi2=1.229e-02 rel=8.1e-02
Body is not plunging, Fisher should be stable.
waveform shape: (3, 7889537)
Computing SNR for parameters: (np.float64(1000069.1303476393), np.float64(10.000122667313722), np.float64(-0.8998091798880362), np.float64(13.185762427689063), np.float64(0.2999898086876643), 1.0, 3.3568155678276197, np.float64(1.046291644715158), np.float64(0.7854753064133517), 0.6283185307179586, 0.5235987755982988, np.float64(0.10688422672905298), 0.2, np.float64(0.291176696294842), 0.95, False, False, False, True, 0.0, 0.0, np.float64(0.034909829615786536), np.float64(-0.6033304464370898))
Waveform Generated. SNR: 20.003205371250743
calculating Fisher matrix...
Finished derivatives
Calculated Fisher is *atleast* positive-definite.
Time taken to compute FM is 4.13983154296875 seconds
    CV idx10/simple/from_MAP#1 it  17 lam=2.3e-04 ov=0.9999859 chi2=1.129e-02 rel=2.5e-02
Body is not plunging, Fisher should be stable.
waveform shape: (3, 7889537)
Computing SNR for parameters: (np.float64(1000069.1231222538), np.float64(10.000122688658008), np.float64(-0.8998091331972939), np.float64(13.185762376428961), np.float64(0.29998981234027144), 1.0, 3.3568155678276197, np.float64(1.0463544912034872), np.float64(0.7854620641233193), 0.6283185307179586, 0.5235987755982988, np.float64(0.10669761801727291), 0.2, np.float64(0.29039066504410366), 0.95, False, False, False, True, 0.0, 0.0, np.float64(0.03784068263515392), np.float64(-0.7222706208286906))
Waveform Generated. SNR: 20.00303924047469
calculating Fisher matrix...
Finished derivatives
Calculated Fisher is not positive semi-definite. Try lowering inspiral error tolerance or increasing the derivative order.
Time taken to compute FM is 4.135926723480225 seconds
    CV idx10/simple/from_MAP#1 it  18 lam=1.8e-04 ov=0.9999863 chi2=1.101e-02 rel=2.1e-02
Body is not plunging, Fisher should be stable.
waveform shape: (3, 7889537)
Computing SNR for parameters: (np.float64(1000069.1027946174), np.float64(10.000122436491667), np.float64(-0.8998090683208261), np.float64(13.18576221775638), np.float64(0.2999898519711645), 1.0, 3.3568155678276197, np.float64(1.0464140409539706), np.float64(0.7854398236345952), 0.6283185307179586, 0.5235987755982988, np.float64(0.10652766874879173), 0.2, np.float64(0.2898662394525625), 0.95, False, False, False, True, 0.0, 0.0, np.float64(0.03493822325636866), np.float64(-0.8635495386280265))
Waveform Generated. SNR: 20.00291554734284
calculating Fisher matrix...
Finished derivatives
Calculated Fisher is not positive semi-definite. Try lowering inspiral error tolerance or increasing the derivative order.
Time taken to compute FM is 4.1265411376953125 seconds
    CV idx10/simple/from_MAP#1 it  19 lam=9.0e-05 ov=0.9999865 chi2=1.078e-02 rel=1.8e-02
Body is not plunging, Fisher should be stable.
waveform shape: (3, 7889537)
Computing SNR for parameters: (np.float64(1000069.0810956074), np.float64(10.000122201416838), np.float64(-0.8998090326071537), np.float64(13.185762042461567), np.float64(0.29998990839254613), 1.0, 3.3568155678276197, np.float64(1.0464250751186301), np.float64(0.785437695199298), 0.6283185307179586, 0.5235987755982988, np.float64(0.10629852459028223), 0.2, np.float64(0.29004506399743435), 0.95, False, False, False, True, 0.0, 0.0, np.float64(0.024411644437187165), np.float64(-0.9142818090901845))
Waveform Generated. SNR: 20.002889770771638
calculating stable deltas...
Time taken to compute stable deltas is 35.98855447769165 seconds
calculating Fisher matrix...
Finished derivatives
Calculated Fisher is *atleast* positive-definite.
Time taken to compute FM is 3.568786382675171 seconds
    CV idx10/simple/from_MAP#1 it  20 lam=1.3e-04 ov=0.9999868 chi2=1.059e-02 rel=5.1e-03
Body is not plunging, Fisher should be stable.
waveform shape: (3, 7889537)
Computing SNR for parameters: (np.float64(1000069.0614127596), np.float64(10.000121675366994), np.float64(-0.8998090073224694), np.float64(13.18576188033494), np.float64(0.2999899717699782), 1.0, 3.3568155678276197, np.float64(1.046383015633553), np.float64(0.7853603539237312), 0.6283185307179586, 0.5235987755982988, np.float64(0.10677901324477365), 0.2, np.float64(0.29064895671232116), 0.95, False, False, False, True, 0.0, 0.0, np.float64(0.016008394920384052), np.float64(-0.9116038578869733))
Waveform Generated. SNR: 20.003292683313497
calculating Fisher matrix...
Finished derivatives
Calculated Fisher is not positive semi-definite. Try lowering inspiral error tolerance or increasing the derivative order.
Time taken to compute FM is 4.157829523086548 seconds
    CV idx10/simple/from_MAP#1 it  21 lam=3.5e+00 ov=0.9999868 chi2=1.054e-02 rel=3.1e-03
Body is not plunging, Fisher should be stable.
waveform shape: (3, 7889537)
Computing SNR for parameters: (np.float64(1000069.0613832531), np.float64(10.00012167814817), np.float64(-0.8998090075993325), np.float64(13.185761880098124), np.float64(0.299989971714919), 1.0, 3.3568155678276197, np.float64(1.046383155288641), np.float64(0.785366501650492), 0.6283185307179586, 0.5235987755982988, np.float64(0.10677416334381275), 0.2, np.float64(0.29064367312734607), 0.95, False, False, False, True, 0.0, 0.0, np.float64(0.01603809027607388), np.float64(-0.9115690701347235))
Waveform Generated. SNR: 20.003276011328808
calculating Fisher matrix...
Finished derivatives
Calculated Fisher is not positive semi-definite. Try lowering inspiral error tolerance or increasing the derivative order.
Time taken to compute FM is 4.136541843414307 seconds
    CV idx10/simple/from_MAP#1 it  22 lam=4.2e+00 ov=0.9999869 chi2=1.050e-02 rel=8.2e-04
Body is not plunging, Fisher should be stable.
waveform shape: (3, 7889537)
Computing SNR for parameters: (np.float64(1000069.0613732403), np.float64(10.000121679074072), np.float64(-0.8998090076161681), np.float64(13.185761880024462), np.float64(0.29998997170153596), 1.0, 3.3568155678276197, np.float64(1.0463849727607513), np.float64(0.7853707300006013), 0.6283185307179586, 0.5235987755982988, np.float64(0.10676147116507274), 0.2, np.float64(0.2906328848694315), 0.95, False, False, False, True, 0.0, 0.0, np.float64(0.016051516306842116), np.float64(-0.9116374023373774))
Waveform Generated. SNR: 20.003252533915703
calculating Fisher matrix...
Finished derivatives
Calculated Fisher is not positive semi-definite. Try lowering inspiral error tolerance or increasing the derivative order.
Time taken to compute FM is 4.16171407699585 seconds
    CV idx10/simple/from_MAP#1 it  23 lam=4.5e+00 ov=0.9999869 chi2=1.050e-02 rel=8.7e-04
Body is not plunging, Fisher should be stable.
waveform shape: (3, 7889537)
Computing SNR for parameters: (np.float64(1000069.0613585451), np.float64(10.00012168042125), np.float64(-0.899809007694421), np.float64(13.185761879911919), np.float64(0.2999899716769872), 1.0, 3.3568155678276197, np.float64(1.0463858540732012), np.float64(0.7853741770320802), 0.6283185307179586, 0.5235987755982988, np.float64(0.10675179295389285), 0.2, np.float64(0.290624598648205), 0.95, False, False, False, True, 0.0, 0.0, np.float64(0.01606453386144972), np.float64(-0.9114496137326326))
Waveform Generated. SNR: 20.00323927595908
calculating Fisher matrix...
Finished derivatives
Calculated Fisher is *atleast* positive-definite.
Time taken to compute FM is 4.141032457351685 seconds
    CV idx10/simple/from_MAP#1 it  24 lam=4.5e+00 ov=0.9999869 chi2=1.049e-02 rel=2.3e-04
Body is not plunging, Fisher should be stable.
waveform shape: (3, 7889537)
Computing SNR for parameters: (np.float64(1000069.0613469953), np.float64(10.00012168115433), np.float64(-0.899809007670513), np.float64(13.18576187983267), np.float64(0.2999899716530693), 1.0, 3.3568155678276197, np.float64(1.0463862796216803), np.float64(0.7853770706824913), 0.6283185307179586, 0.5235987755982988, np.float64(0.10674530378850414), 0.2, np.float64(0.290619648364891), 0.95, False, False, False, True, 0.0, 0.0, np.float64(0.016074340273916417), np.float64(-0.91146791782289))
Waveform Generated. SNR: 20.00322629457011
calculating stable deltas...
Time taken to compute stable deltas is 35.87420344352722 seconds
calculating Fisher matrix...
Finished derivatives
Calculated Fisher is *atleast* positive-definite.
Time taken to compute FM is 3.5567257404327393 seconds
    CV idx10/simple/from_MAP#1 it  25 lam=1.5e+00 ov=0.9999869 chi2=1.048e-02 rel=4.0e-04
Body is not plunging, Fisher should be stable.
waveform shape: (3, 7889537)
Computing SNR for parameters: (np.float64(1000069.0613398297), np.float64(10.000121681447212), np.float64(-0.8998090075927573), np.float64(13.185761879789755), np.float64(0.2999899716378107), 1.0, 3.3568155678276197, np.float64(1.0463869048111583), np.float64(0.7853793556286227), 0.6283185307179586, 0.5235987755982988, np.float64(0.10673791689981581), 0.2, np.float64(0.29061405372666965), 0.95, False, False, False, True, 0.0, 0.0, np.float64(0.016076491619614372), np.float64(-0.9113897443515415))
Waveform Generated. SNR: 20.003216657827906
calculating Fisher matrix...
Finished derivatives
Calculated Fisher is *atleast* positive-definite.
Time taken to compute FM is 4.168687343597412 seconds
    CV idx10/simple/from_MAP#1 it  26 lam=7.1e-01 ov=0.9999869 chi2=1.048e-02 rel=5.5e-04
Body is not plunging, Fisher should be stable.
waveform shape: (3, 7889537)
Computing SNR for parameters: (np.float64(1000069.0613230986), np.float64(10.000121681662108), np.float64(-0.8998090072948018), np.float64(13.185761879701683), np.float64(0.29998997159787666), 1.0, 3.3568155678276197, np.float64(1.046388093189525), np.float64(0.7853846667339809), 0.6283185307179586, 0.5235987755982988, np.float64(0.10671774456934653), 0.2, np.float64(0.29059910002193545), 0.95, False, False, False, True, 0.0, 0.0, np.float64(0.016076860923664435), np.float64(-0.9112253634227132))
Waveform Generated. SNR: 20.00319820346211
calculating Fisher matrix...
Finished derivatives
Calculated Fisher is not positive semi-definite. Try lowering inspiral error tolerance or increasing the derivative order.
Time taken to compute FM is 4.15233588218689 seconds
    CV idx10/simple/from_MAP#1 it  27 lam=2.4e-01 ov=0.9999869 chi2=1.047e-02 rel=9.2e-04
Body is not plunging, Fisher should be stable.
waveform shape: (3, 7889537)
Computing SNR for parameters: (np.float64(1000069.0612910223), np.float64(10.000121681284146), np.float64(-0.8998090066989894), np.float64(13.185761879536686), np.float64(0.29998997150950163), 1.0, 3.3568155678276197, np.float64(1.0463883558616238), np.float64(0.7853926663187849), 0.6283185307179586, 0.5235987755982988, np.float64(0.10668517940805079), 0.2, np.float64(0.29057421145863593), 0.95, False, False, False, True, 0.0, 0.0, np.float64(0.01607042731616905), np.float64(-0.9109885840054839))
Waveform Generated. SNR: 20.003166746183446
calculating Fisher matrix...
Finished derivatives
Calculated Fisher is *atleast* positive-definite.
Time taken to compute FM is 4.158583164215088 seconds
    CV idx10/simple/from_MAP#1 it  28 lam=1.0e-01 ov=0.9999869 chi2=1.046e-02 rel=1.1e-03
Body is not plunging, Fisher should be stable.
waveform shape: (3, 7889537)
Computing SNR for parameters: (np.float64(1000069.0612147606), np.float64(10.000121677795226), np.float64(-0.8998090056492116), np.float64(13.185761879110677), np.float64(0.2999899712643305), 1.0, 3.3568155678276197, np.float64(1.0463864482944034), np.float64(0.7854043960194377), 0.6283185307179586, 0.5235987755982988, np.float64(0.10663084365580698), 0.2, np.float64(0.2905241089990906), 0.95, False, False, False, True, 0.0, 0.0, np.float64(0.01604320005568119), np.float64(-0.9107038139109641))
Waveform Generated. SNR: 20.003132965876315
calculating Fisher matrix...
Finished derivatives
Calculated Fisher is not positive semi-definite. Try lowering inspiral error tolerance or increasing the derivative order.
Time taken to compute FM is 4.174494981765747 seconds
    CV idx10/simple/from_MAP#1 it  29 lam=3.4e-02 ov=0.9999869 chi2=1.045e-02 rel=1.2e-03
Body is not plunging, Fisher should be stable.
waveform shape: (3, 7889537)
Computing SNR for parameters: (np.float64(1000069.0610762761), np.float64(10.00012166994504), np.float64(-0.8998090051020987), np.float64(13.185761878198411), np.float64(0.29998997081183987), 1.0, 3.3568155678276197, np.float64(1.046385335358962), np.float64(0.7854149917799245), 0.6283185307179586, 0.5235987755982988, np.float64(0.10656801288916731), 0.2, np.float64(0.29046566629671683), 0.95, False, False, False, True, 0.0, 0.0, np.float64(0.015927918585122647), np.float64(-0.9110498496129782))
Waveform Generated. SNR: 20.00310159260185
calculating stable deltas...
Time taken to compute stable deltas is 35.762773275375366 seconds
calculating Fisher matrix...
Finished derivatives
Calculated Fisher is not positive semi-definite. Try lowering inspiral error tolerance or increasing the derivative order.
Time taken to compute FM is 3.5553066730499268 seconds
    CV idx10/simple/from_MAP#1 it  30 lam=1.1e-02 ov=0.9999870 chi2=1.044e-02 rel=1.4e-03
Body is not plunging, Fisher should be stable.
waveform shape: (3, 7889537)
Computing SNR for parameters: (np.float64(1000069.0607931991), np.float64(10.00012165236032), np.float64(-0.8998090058292032), np.float64(13.185761876114178), np.float64(0.2999899700121742), 1.0, 3.3568155678276197, np.float64(1.046388189050218), np.float64(0.7854249252060632), 0.6283185307179586, 0.5235987755982988, np.float64(0.10645807721970907), 0.2, np.float64(0.2904291670954094), 0.95, False, False, False, True, 0.0, 0.0, np.float64(0.015712215190096898), np.float64(-0.9136153424687108))
Waveform Generated. SNR: 20.003058254919313
calculating Fisher matrix...
Finished derivatives
Calculated Fisher is *atleast* positive-definite.
Time taken to compute FM is 4.171446800231934 seconds
    CV idx10/simple/from_MAP#1 it  31 lam=7.1e-03 ov=0.9999870 chi2=1.043e-02 rel=1.3e-03
Body is not plunging, Fisher should be stable.
waveform shape: (3, 7889537)
Computing SNR for parameters: (np.float64(1000069.060211446), np.float64(10.00012162447566), np.float64(-0.8998090070202266), np.float64(13.185761871713508), np.float64(0.2999899691209288), 1.0, 3.3568155678276197, np.float64(1.0463953191933404), np.float64(0.7854333047928893), 0.6283185307179586, 0.5235987755982988, np.float64(0.10628326755683433), 0.2, np.float64(0.29043323703998525), 0.95, False, False, False, True, 0.0, 0.0, np.float64(0.015508952466292593), np.float64(-0.9210927980073205))
Waveform Generated. SNR: 20.003006824991104
calculating Fisher matrix...
Finished derivatives
Calculated Fisher is not positive semi-definite. Try lowering inspiral error tolerance or increasing the derivative order.
Time taken to compute FM is 4.1364829540252686 seconds
    CV idx10/simple/from_MAP#1 it  32 lam=2.4e-03 ov=0.9999870 chi2=1.041e-02 rel=1.3e-03
Body is not plunging, Fisher should be stable.
waveform shape: (3, 7889537)
Computing SNR for parameters: (np.float64(1000069.0594288313), np.float64(10.000121612059038), np.float64(-0.8998090063280878), np.float64(13.1857618658379), np.float64(0.299989969000563), 1.0, 3.3568155678276197, np.float64(1.046402680900241), np.float64(0.7854377480649533), 0.6283185307179586, 0.5235987755982988, np.float64(0.10615469372442654), 0.2, np.float64(0.290426099131533), 0.95, False, False, False, True, 0.0, 0.0, np.float64(0.01531513541090717), np.float64(-0.9308216468775633))
Waveform Generated. SNR: 20.002967446045453
calculating Fisher matrix...
Finished derivatives
Calculated Fisher is *atleast* positive-definite.
Time taken to compute FM is 4.168937683105469 seconds
    CV idx10/simple/from_MAP#1 it  33 lam=2.4e-03 ov=0.9999870 chi2=1.040e-02 rel=2.0e-03
Body is not plunging, Fisher should be stable.
waveform shape: (3, 7889537)
Computing SNR for parameters: (np.float64(1000069.0571983934), np.float64(10.000121744684915), np.float64(-0.8998090029812926), np.float64(13.18576184858657), np.float64(0.2999899725266255), 1.0, 3.3568155678276197, np.float64(1.046411106491218), np.float64(0.7854424926745974), 0.6283185307179586, 0.5235987755982988, np.float64(0.10602414538759757), 0.2, np.float64(0.2904261656423579), 0.95, False, False, False, True, 0.0, 0.0, np.float64(0.01287879649115075), np.float64(-0.946454739072519))
Waveform Generated. SNR: 20.002924115710297
calculating Fisher matrix...
Finished derivatives
Calculated Fisher is *atleast* positive-definite.
Time taken to compute FM is 4.151457071304321 seconds
    CV idx10/simple/from_MAP#1 it  34 lam=2.1e-03 ov=0.9999870 chi2=1.038e-02 rel=1.6e-03
Body is not plunging, Fisher should be stable.
waveform shape: (3, 7889537)
Computing SNR for parameters: (np.float64(1000069.0557093446), np.float64(10.000121635631068), np.float64(-0.8998089936389845), np.float64(13.185761837522932), np.float64(0.2999899749094082), 1.0, 3.3568155678276197, np.float64(1.0464175624271512), np.float64(0.7854350882568106), 0.6283185307179586, 0.5235987755982988, np.float64(0.10608013566048737), 0.2, np.float64(0.2903025049321135), 0.95, False, False, False, True, 0.0, 0.0, np.float64(0.014402413359735314), np.float64(-0.9635412975912993))
Waveform Generated. SNR: 20.00293184430121
calculating stable deltas...
minimum relative error is greater than 1% for dev_1. Fisher may be unstable!
Time taken to compute stable deltas is 35.61220574378967 seconds
calculating Fisher matrix...
Finished derivatives
Calculated Fisher is not positive semi-definite. Try lowering inspiral error tolerance or increasing the derivative order.
Time taken to compute FM is 3.5346343517303467 seconds
    CV idx10/simple/from_MAP#1 it  35 lam=7.1e-04 ov=0.9999871 chi2=1.036e-02 rel=1.5e-03
Body is not plunging, Fisher should be stable.
waveform shape: (3, 7889537)
Computing SNR for parameters: (np.float64(1000069.0538841661), np.float64(10.000121596988798), np.float64(-0.8998089893306089), np.float64(13.185761823195627), np.float64(0.29998997851681075), 1.0, 3.3568155678276197, np.float64(1.0464226681270554), np.float64(0.7854351978024053), 0.6283185307179586, 0.5235987755982988, np.float64(0.10603696769031307), 0.2, np.float64(0.29027512146102724), 0.95, False, False, False, True, 0.0, 0.0, np.float64(0.014029561649648506), np.float64(-0.9735618687022971))
Waveform Generated. SNR: 20.00290983320084
calculating Fisher matrix...
Finished derivatives
Calculated Fisher is *atleast* positive-definite.
Time taken to compute FM is 4.15307879447937 seconds
    CV idx10/simple/from_MAP#1 it  36 lam=2.4e-04 ov=0.9999871 chi2=1.035e-02 rel=4.0e-03
Body is not plunging, Fisher should be stable.
waveform shape: (3, 7889537)
Computing SNR for parameters: (np.float64(1000069.0488532194), np.float64(10.000121437562116), np.float64(-0.8998089787479348), np.float64(13.18576178302147), np.float64(0.29998999048797453), 1.0, 3.3568155678276197, np.float64(1.0464275420550446), np.float64(0.7854334111601055), 0.6283185307179586, 0.5235987755982988, np.float64(0.10598754587056194), 0.2, np.float64(0.29026265677849244), 0.95, False, False, False, True, 0.0, 0.0, np.float64(0.01312520509862546), np.float64(-0.9915164130839921))
Waveform Generated. SNR: 20.002899630939563
calculating Fisher matrix...
Finished derivatives
Calculated Fisher is *atleast* positive-definite.
Time taken to compute FM is 4.141986846923828 seconds
    CV idx10/simple/from_MAP#1 it  37 lam=2.0e-04 ov=0.9999871 chi2=1.030e-02 rel=1.3e-02
Body is not plunging, Fisher should be stable.
waveform shape: (3, 7889537)
Computing SNR for parameters: (np.float64(1000069.0325769708), np.float64(10.000121744339893), np.float64(-0.8998089526838449), np.float64(13.185761653168349), np.float64(0.29999003192628204), 1.0, 3.3568155678276197, np.float64(1.046426851982058), np.float64(0.7854317218877892), 0.6283185307179586, 0.5235987755982988, np.float64(0.10581295023110247), 0.2, np.float64(0.29040363339295455), 0.95, False, False, False, True, 0.0, 0.0, np.float64(0.0004297877703016255), np.float64(-1.0364667312680385))
Waveform Generated. SNR: 20.00291146761626
calculating Fisher matrix...
Finished derivatives
Calculated Fisher is not positive semi-definite. Try lowering inspiral error tolerance or increasing the derivative order.
Time taken to compute FM is 4.152466773986816 seconds
    CV idx10/simple/from_MAP#1 it  38 lam=7.1e-05 ov=0.9999873 chi2=1.017e-02 rel=1.4e-02
Body is not plunging, Fisher should be stable.
waveform shape: (3, 7889537)
Computing SNR for parameters: (np.float64(1000069.015013472), np.float64(10.000121611496757), np.float64(-0.8998089207359353), np.float64(13.18576151308955), np.float64(0.2999900757651872), 1.0, 3.3568155678276197, np.float64(1.046438972361064), np.float64(0.7854292197712635), 0.6283185307179586, 0.5235987755982988, np.float64(0.10563782040471886), 0.2, np.float64(0.29046221215330753), 0.95, False, False, False, True, 0.0, 0.0, np.float64(-0.007919443673522542), np.float64(-1.0881394213590978))
Waveform Generated. SNR: 20.002889619980632
calculating Fisher matrix...
Finished derivatives
Calculated Fisher is not positive semi-definite. Try lowering inspiral error tolerance or increasing the derivative order.
Time taken to compute FM is 4.131409406661987 seconds
    CV idx10/simple/from_MAP#1 it  39 lam=2.4e-05 ov=0.9999875 chi2=1.003e-02 rel=3.2e-02
Body is not plunging, Fisher should be stable.
waveform shape: (3, 7889537)
Computing SNR for parameters: (np.float64(1000068.9710943426), np.float64(10.00012075784959), np.float64(-0.8998088445494257), np.float64(13.185761164153375), np.float64(0.29999018581574427), 1.0, 3.3568155678276197, np.float64(1.0464548607547681), np.float64(0.7854176904661466), 0.6283185307179586, 0.5235987755982988, np.float64(0.10521479493503552), 0.2, np.float64(0.29068922170126094), 0.95, False, False, False, True, 0.0, 0.0, np.float64(-0.024188890294752317), np.float64(-1.204974110602647))
Waveform Generated. SNR: 20.00287384143582
calculating stable deltas...
Time taken to compute stable deltas is 35.81033992767334 seconds
calculating Fisher matrix...
Finished derivatives
Calculated Fisher is not positive semi-definite. Try lowering inspiral error tolerance or increasing the derivative order.
Time taken to compute FM is 3.5582149028778076 seconds
    CV idx10/simple/from_MAP#1 it  40 lam=7.9e-06 ov=0.9999879 chi2=9.714e-03 rel=6.1e-02
Body is not plunging, Fisher should be stable.
waveform shape: (3, 7889537)
Computing SNR for parameters: (np.float64(1000068.8756282649), np.float64(10.00011656180495), np.float64(-0.8998086856287683), np.float64(13.185760420885197), np.float64(0.29999042483876126), 1.0, 3.3568155678276197, np.float64(1.046476973104454), np.float64(0.7853987294816109), 0.6283185307179586, 0.5235987755982988, np.float64(0.10424348578113975), 0.2, np.float64(0.2912558052997988), 0.95, False, False, False, True, 0.0, 0.0, np.float64(-0.03630743036743388), np.float64(-1.4220060558735084))
Waveform Generated. SNR: 20.00287267959809
calculating Fisher matrix...
Finished derivatives
Calculated Fisher is *atleast* positive-definite.
Time taken to compute FM is 4.1776816844940186 seconds
    CV idx10/simple/from_MAP#1 it  41 lam=2.6e-06 ov=0.9999886 chi2=9.122e-03 rel=6.5e-02
Body is not plunging, Fisher should be stable.
waveform shape: (3, 7889537)
Computing SNR for parameters: (np.float64(1000068.7231159272), np.float64(10.000105064687451), np.float64(-0.8998084548780682), np.float64(13.185759332574477), np.float64(0.29999079062856837), 1.0, 3.3568155678276197, np.float64(1.046519512520869), np.float64(0.785371608510132), 0.6283185307179586, 0.5235987755982988, np.float64(0.10281130017265087), 0.2, np.float64(0.29209288233443026), 0.95, False, False, False, True, 0.0, 0.0, np.float64(-0.00396369460347331), np.float64(-1.7098639623987215))
Waveform Generated. SNR: 20.002830467355523
calculating Fisher matrix...
Finished derivatives
Calculated Fisher is *atleast* positive-definite.
Time taken to compute FM is 4.160210847854614 seconds
    CV idx10/simple/from_MAP#1 it  42 lam=2.1e-06 ov=0.9999894 chi2=8.528e-03 rel=3.0e-02
Body is not plunging, Fisher should be stable.
waveform shape: (3, 7889537)
Computing SNR for parameters: (np.float64(1000068.545541417), np.float64(10.00010982716678), np.float64(-0.8998083085842996), np.float64(13.185758566850495), np.float64(0.2999911440380599), 1.0, 3.3568155678276197, np.float64(1.0465352575296876), np.float64(0.7853288250980909), 0.6283185307179586, 0.5235987755982988, np.float64(0.10148283895301143), 0.2, np.float64(0.2929118387265598), 0.95, False, False, False, True, 0.0, 0.0, np.float64(-0.13070961717708585), np.float64(-2.1342875804442976))
Waveform Generated. SNR: 20.00294990793437
calculating Fisher matrix...
Finished derivatives
Calculated Fisher is not positive semi-definite. Try lowering inspiral error tolerance or increasing the derivative order.
Time taken to compute FM is 4.173630714416504 seconds
    CV idx10/simple/from_MAP#1 it  43 lam=3.4e-05 ov=0.9999897 chi2=8.274e-03 rel=5.2e-05
Body is not plunging, Fisher should be stable.
waveform shape: (3, 7889537)
Computing SNR for parameters: (np.float64(1000068.5331155307), np.float64(10.00010560770128), np.float64(-0.899808308191603), np.float64(13.185758559043036), np.float64(0.2999911610807586), 1.0, 3.3568155678276197, np.float64(1.0465614149188014), np.float64(0.7853366571400071), 0.6283185307179586, 0.5235987755982988, np.float64(0.10137267929718276), 0.2, np.float64(0.29293425010490803), 0.95, False, False, False, True, 0.0, 0.0, np.float64(-0.09219051134165962), np.float64(-2.1148482303100002))
Waveform Generated. SNR: 20.002830942479783
calculating Fisher matrix...
Finished derivatives
Calculated Fisher is not positive semi-definite. Try lowering inspiral error tolerance or increasing the derivative order.
Time taken to compute FM is 4.154214859008789 seconds
    CV idx10/simple/from_MAP#1 it  44 lam=3.8e-05 ov=0.9999897 chi2=8.273e-03 rel=2.9e-03
Body is not plunging, Fisher should be stable.
waveform shape: (3, 7889537)
Computing SNR for parameters: (np.float64(1000068.5175984107), np.float64(10.000108655774772), np.float64(-0.8998082963130798), np.float64(13.185758492541833), np.float64(0.29999119330916046), 1.0, 3.3568155678276197, np.float64(1.0465652174266329), np.float64(0.7853387238294869), 0.6283185307179586, 0.5235987755982988, np.float64(0.10124704116525546), 0.2, np.float64(0.29307038508993477), 0.95, False, False, False, True, 0.0, 0.0, np.float64(-0.12977839754385623), np.float64(-2.1738751937584357))
Waveform Generated. SNR: 20.00281653982948
calculating stable deltas...
Time taken to compute stable deltas is 35.62099027633667 seconds
calculating Fisher matrix...
Finished derivatives
Calculated Fisher is not positive semi-definite. Try lowering inspiral error tolerance or increasing the derivative order.
Time taken to compute FM is 3.56095552444458 seconds
    CV idx10/simple/from_MAP#1 it  45 lam=4.0e-05 ov=0.9999897 chi2=8.249e-03 rel=1.6e-04
Body is not plunging, Fisher should be stable.
waveform shape: (3, 7889537)
Computing SNR for parameters: (np.float64(1000068.5123177824), np.float64(10.000107952852339), np.float64(-0.8998082979879586), np.float64(13.185758497878277), np.float64(0.2999911988342272), 1.0, 3.3568155678276197, np.float64(1.0465660547185944), np.float64(0.7853387450896548), 0.6283185307179586, 0.5235987755982988, np.float64(0.10120065633420036), 0.2, np.float64(0.2930356942777239), 0.95, False, False, False, True, 0.0, 0.0, np.float64(-0.12399384268550175), np.float64(-2.1763019541611386))
Waveform Generated. SNR: 20.00281252146899
calculating Fisher matrix...
Finished derivatives
Calculated Fisher is *atleast* positive-definite.
Time taken to compute FM is 4.1660521030426025 seconds
    CV idx10/simple/from_MAP#1 it  46 lam=8.5e-04 ov=0.9999897 chi2=8.248e-03 rel=7.2e-05
Body is not plunging, Fisher should be stable.
waveform shape: (3, 7889537)
Computing SNR for parameters: (np.float64(1000068.5122324509), np.float64(10.000107946695069), np.float64(-0.8998082981115425), np.float64(13.185758497865324), np.float64(0.29999119895795257), 1.0, 3.3568155678276197, np.float64(1.0465662171870282), np.float64(0.7853389141512138), 0.6283185307179586, 0.5235987755982988, np.float64(0.10119645203994092), 0.2, np.float64(0.2930370522936762), 0.95, False, False, False, True, 0.0, 0.0, np.float64(-0.12397657252817236), np.float64(-2.1761638631335405))
Waveform Generated. SNR: 20.00281256007238
calculating Fisher matrix...
Finished derivatives
Calculated Fisher is not positive semi-definite. Try lowering inspiral error tolerance or increasing the derivative order.
Time taken to compute FM is 4.17982292175293 seconds
    CV idx10/simple/from_MAP#1 it  47 lam=9.3e+00 ov=0.9999897 chi2=8.247e-03 rel=3.5e-05
Body is not plunging, Fisher should be stable.
waveform shape: (3, 7889537)
Computing SNR for parameters: (np.float64(1000068.5122324997), np.float64(10.000107946690514), np.float64(-0.8998082981111996), np.float64(13.185758497865754), np.float64(0.29999119895810406), 1.0, 3.3568155678276197, np.float64(1.0465662271534995), np.float64(0.7853389063377183), 0.6283185307179586, 0.5235987755982988, np.float64(0.10119642617456318), 0.2, np.float64(0.2930370305344512), 0.95, False, False, False, True, 0.0, 0.0, np.float64(-0.12397663937835457), np.float64(-2.176164414336865))
Waveform Generated. SNR: 20.002811260800215
calculating Fisher matrix...
Finished derivatives
Calculated Fisher is *atleast* positive-definite.
Time taken to compute FM is 4.162786960601807 seconds
    CV idx10/simple/from_MAP#1 it  48 lam=8.9e+140 ov=0.9999897 chi2=8.247e-03 rel=0.0e+00
    NM  nfev=1585 ov 0.9999897 -> 0.9999897 (accepted=True)
Body is not plunging, Fisher should be stable.
waveform shape: (3, 7889537)
Computing SNR for parameters: (np.float64(1000068.5130642388), np.float64(10.000107814919875), np.float64(-0.8998082960843004), np.float64(13.185758485937145), np.float64(0.2999911996455137), 1.0, 3.3568155678276197, np.float64(1.0465670738806756), np.float64(0.7853408278683186), 0.6283185307179586, 0.5235987755982988, np.float64(0.10119515008162423), 0.2, np.float64(0.29303185340296817), 0.95, False, False, False, True, 0.0, 0.0, np.float64(-0.12306231219265915), np.float64(-2.1737110074728627))
Waveform Generated. SNR: 20.002802300702086
calculating stable deltas...
Time taken to compute stable deltas is 35.75917887687683 seconds
calculating Fisher matrix...
Finished derivatives
Calculated Fisher is *atleast* positive-definite.
Time taken to compute FM is 3.5400333404541016 seconds
    CV idx10/simple/from_MAP#2 it   0 lam=2.3e+08 ov=0.9999897 chi2=8.247e-03 rel=2.1e-12
    RESULT idx10/simple/from_MAP: ov 0.9998943 -> 0.9999897, chi2=8.2467e-03
    --- start from_0PA ---
    start overlap = 0.9999822
Body is not plunging, Fisher should be stable.
waveform shape: (3, 7889537)
Computing SNR for parameters: (np.float64(1000069.2784419028), np.float64(10.000134766849323), np.float64(-0.8998096245414325), np.float64(13.185764087862312), np.float64(0.2999893952398798), 1.0, 3.3568155678276197, np.float64(1.0460993806264962), np.float64(0.7855507749872805), 0.6283185307179586, 0.5235987755982988, np.float64(0.10857802076031653), 0.2, np.float64(0.29170002933100175), 0.95, False, False, False, True, 0.0, 0.0, np.float64(0.0), np.float64(0.0))
Waveform Generated. SNR: 20.00358870428513
calculating stable deltas...
minimum relative error is greater than 1% for dev_1. Fisher may be unstable!
minimum relative error is greater than 1% for dev_2. Fisher may be unstable!
Time taken to compute stable deltas is 35.74564290046692 seconds
calculating Fisher matrix...
Finished derivatives
Calculated Fisher is *atleast* positive-definite.
Time taken to compute FM is 3.5452017784118652 seconds
    CV idx10/simple/from_0PA#1 it   0 lam=5.3e+06 ov=0.9999822 chi2=1.424e-02 rel=1.2e-11
    NM  nfev=1867 ov 0.9999822 -> 0.9999822 (accepted=False)
Body is not plunging, Fisher should be stable.
waveform shape: (3, 7889537)
Computing SNR for parameters: (np.float64(1000069.2784419028), np.float64(10.000134766849323), np.float64(-0.8998096245414325), np.float64(13.185764087862312), np.float64(0.2999893952398798), 1.0, 3.3568155678276197, np.float64(1.0460993806265624), np.float64(0.7855507749871847), 0.6283185307179586, 0.5235987755982988, np.float64(0.10857802075999982), 0.2, np.float64(0.2917000293307399), 0.95, False, False, False, True, 0.0, 0.0, np.float64(6.593424465595716e-12), np.float64(1.127683228531215e-13))
Waveform Generated. SNR: 20.00358870429733
calculating stable deltas...
minimum relative error is greater than 1% for dev_1. Fisher may be unstable!
minimum relative error is greater than 1% for dev_2. Fisher may be unstable!
Time taken to compute stable deltas is 36.03240752220154 seconds
calculating Fisher matrix...
Finished derivatives
Calculated Fisher is *atleast* positive-definite.
Time taken to compute FM is 3.568906545639038 seconds
    CV idx10/simple/from_0PA#2 it   0 lam=1.4e+09 ov=0.9999822 chi2=1.424e-02 rel=1.2e-12
    RESULT idx10/simple/from_0PA: ov 0.9999822 -> 0.9999822, chi2=1.4245e-02
    BEST  idx10/simple: from_MAP ov=0.9999897
==============================================================================
[idx16 (a=-0.5, e0=0.4) | 0PA | dt=10.0]  SNR=19.999 (A=14.222 E=14.061 T=0.027; T%=0.00)
    --- start from_MAP ---
    start overlap = 0.9999582
Body is not plunging, Fisher should be stable.
waveform shape: (3, 7889537)
Computing SNR for parameters: (np.float64(1000080.6219217406), np.float64(10.000207868316538), np.float64(-0.49982151844922695), np.float64(12.28756149677749), np.float64(0.3999894812991099), 1.0, 4.889997184029404, np.float64(1.0471975511965976), np.float64(0.7853981633974483), 0.6283185307179586, 0.5235987755982988, np.float64(0.10015113551257142), 0.2, np.float64(0.3000224257507746), 0.95, False, False, False, False)
Waveform Generated. SNR: 20.000143895589694
calculating stable deltas...
Time taken to compute stable deltas is 30.083908557891846 seconds
calculating Fisher matrix...
Finished derivatives
Calculated Fisher is *atleast* positive-definite.
Time taken to compute FM is 2.8643109798431396 seconds
    CV idx16/0PA/from_MAP#1 it   0 lam=3.3e-03 ov=0.9999582 chi2=3.348e-02 rel=3.4e-01
Body is not plunging, Fisher should be stable.
waveform shape: (3, 7889537)
Computing SNR for parameters: (np.float64(1000080.620936319), np.float64(10.000208278579462), np.float64(-0.49982144706906495), np.float64(12.287561497323638), np.float64(0.3999894853650866), 1.0, 4.889997184029404, np.float64(1.0460070278636506), np.float64(0.7855365375039454), 0.6283185307179586, 0.5235987755982988, np.float64(0.10260511104134427), 0.2, np.float64(0.2965930123951861), 0.95, False, False, False, False)
Waveform Generated. SNR: 20.00399722476822
calculating Fisher matrix...
Finished derivatives
Calculated Fisher is *atleast* positive-definite.
Time taken to compute FM is 3.504425525665283 seconds
    CV idx16/0PA/from_MAP#1 it   1 lam=1.1e-03 ov=0.9999723 chi2=2.216e-02 rel=4.5e-02
Body is not plunging, Fisher should be stable.
waveform shape: (3, 7889537)
Computing SNR for parameters: (np.float64(1000080.6217106977), np.float64(10.00020887548918), np.float64(-0.49982139417525934), np.float64(12.287561508136271), np.float64(0.399989492457953), 1.0, 4.889997184029404, np.float64(1.0459557274056057), np.float64(0.7854932437826002), 0.6283185307179586, 0.5235987755982988, np.float64(0.10506670637904086), 0.2, np.float64(0.29545670433357274), 0.95, False, False, False, False)
Waveform Generated. SNR: 20.0043485742412
calculating Fisher matrix...
Finished derivatives
Calculated Fisher is *atleast* positive-definite.
Time taken to compute FM is 3.4680063724517822 seconds
    CV idx16/0PA/from_MAP#1 it   2 lam=3.7e-04 ov=0.9999736 chi2=2.116e-02 rel=1.0e-02
Body is not plunging, Fisher should be stable.
waveform shape: (3, 7889537)
Computing SNR for parameters: (np.float64(1000080.625154162), np.float64(10.000209378247906), np.float64(-0.49982137245959746), np.float64(12.287561538081867), np.float64(0.3999894907825667), 1.0, 4.889997184029404, np.float64(1.0459393418145488), np.float64(0.7854598121022022), 0.6283185307179586, 0.5235987755982988, np.float64(0.10628131192405318), 0.2, np.float64(0.29499951567188293), 0.95, False, False, False, False)
Waveform Generated. SNR: 20.00453071786132
calculating Fisher matrix...
Finished derivatives
Calculated Fisher is *atleast* positive-definite.
Time taken to compute FM is 3.470435857772827 seconds
    CV idx16/0PA/from_MAP#1 it   3 lam=1.2e-04 ov=0.9999739 chi2=2.094e-02 rel=2.9e-02
Body is not plunging, Fisher should be stable.
waveform shape: (3, 7889537)
Computing SNR for parameters: (np.float64(1000080.6350959083), np.float64(10.000210089206362), np.float64(-0.4998213766548614), np.float64(12.28756161992689), np.float64(0.39998947261410156), 1.0, 4.889997184029404, np.float64(1.0459485509340105), np.float64(0.7854503778376529), 0.6283185307179586, 0.5235987755982988, np.float64(0.10665518513899905), 0.2, np.float64(0.29473083755014545), 0.95, False, False, False, False)
Waveform Generated. SNR: 20.004763029225405
calculating Fisher matrix...
Finished derivatives
Calculated Fisher is *atleast* positive-definite.
Time taken to compute FM is 3.4775681495666504 seconds
    CV idx16/0PA/from_MAP#1 it   4 lam=2.1e-04 ov=0.9999746 chi2=2.034e-02 rel=1.1e-03
Body is not plunging, Fisher should be stable.
waveform shape: (3, 7889537)
Computing SNR for parameters: (np.float64(1000080.6598859197), np.float64(10.000211736873272), np.float64(-0.49982139820275057), np.float64(12.2875618231078), np.float64(0.3999894250436118), 1.0, 4.889997184029404, np.float64(1.0459781073719479), np.float64(0.7854414730323281), 0.6283185307179586, 0.5235987755982988, np.float64(0.10705931751367954), 0.2, np.float64(0.2942285405634187), 0.95, False, False, False, False)
Waveform Generated. SNR: 20.0044478867518
calculating stable deltas...
Time taken to compute stable deltas is 30.292994260787964 seconds
calculating Fisher matrix...
Finished derivatives
Calculated Fisher is *atleast* positive-definite.
Time taken to compute FM is 2.883065938949585 seconds
    CV idx16/0PA/from_MAP#1 it   5 lam=7.0e-05 ov=0.9999746 chi2=2.032e-02 rel=2.9e-02
Body is not plunging, Fisher should be stable.
waveform shape: (3, 7889537)
Computing SNR for parameters: (np.float64(1000080.6728763108), np.float64(10.000212594790954), np.float64(-0.4998214098488509), np.float64(12.287561929345014), np.float64(0.3999894000612141), 1.0, 4.889997184029404, np.float64(1.04599904914479), np.float64(0.7854385724114241), 0.6283185307179586, 0.5235987755982988, np.float64(0.10726178673682295), 0.2, np.float64(0.2939695512546185), 0.95, False, False, False, False)
Waveform Generated. SNR: 20.004612095143695
calculating Fisher matrix...
Finished derivatives
Calculated Fisher is *atleast* positive-definite.
Time taken to compute FM is 3.506147623062134 seconds
    CV idx16/0PA/from_MAP#1 it   6 lam=2.3e-05 ov=0.9999754 chi2=1.973e-02 rel=1.7e-02
Body is not plunging, Fisher should be stable.
waveform shape: (3, 7889537)
Computing SNR for parameters: (np.float64(1000080.7010899239), np.float64(10.000214489127087), np.float64(-0.4998214357647029), np.float64(12.287562166218304), np.float64(0.39998934519729534), 1.0, 4.889997184029404, np.float64(1.0460293617551335), np.float64(0.7854281576504952), 0.6283185307179586, 0.5235987755982988, np.float64(0.1077067692880587), 0.2, np.float64(0.29339656835627387), 0.95, False, False, False, False)
Waveform Generated. SNR: 20.00454072212905
calculating Fisher matrix...
Finished derivatives
Calculated Fisher is *atleast* positive-definite.
Time taken to compute FM is 3.473550796508789 seconds
    CV idx16/0PA/from_MAP#1 it   7 lam=7.8e-06 ov=0.9999758 chi2=1.938e-02 rel=1.6e-02
Body is not plunging, Fisher should be stable.
waveform shape: (3, 7889537)
Computing SNR for parameters: (np.float64(1000080.7409502558), np.float64(10.000217190787641), np.float64(-0.499821473162097), np.float64(12.287562506369268), np.float64(0.3999892670961118), 1.0, 4.889997184029404, np.float64(1.0460688241359941), np.float64(0.7854120150517887), 0.6283185307179586, 0.5235987755982988, np.float64(0.10834997161205838), 0.2, np.float64(0.29257515582954285), 0.95, False, False, False, False)
Waveform Generated. SNR: 20.004440748199077
calculating Fisher matrix...
Finished derivatives
Calculated Fisher is *atleast* positive-definite.
Time taken to compute FM is 3.5081117153167725 seconds
    CV idx16/0PA/from_MAP#1 it   8 lam=2.6e-06 ov=0.9999762 chi2=1.908e-02 rel=4.9e-03
Body is not plunging, Fisher should be stable.
waveform shape: (3, 7889537)
Computing SNR for parameters: (np.float64(1000080.7678219131), np.float64(10.000219104172555), np.float64(-0.4998215026670438), np.float64(12.287562758868718), np.float64(0.3999892116831924), 1.0, 4.889997184029404, np.float64(1.0461074263124623), np.float64(0.7854041805955445), 0.6283185307179586, 0.5235987755982988, np.float64(0.10880203189264713), 0.2, np.float64(0.29199390017649307), 0.95, False, False, False, False)
Waveform Generated. SNR: 20.004321054469223
calculating Fisher matrix...
Finished derivatives
Calculated Fisher is *atleast* positive-definite.
Time taken to compute FM is 3.508765697479248 seconds
    CV idx16/0PA/from_MAP#1 it   9 lam=8.7e-07 ov=0.9999763 chi2=1.898e-02 rel=4.8e-04
Body is not plunging, Fisher should be stable.
waveform shape: (3, 7889537)
Computing SNR for parameters: (np.float64(1000080.7711818554), np.float64(10.00021972240181), np.float64(-0.4998215228923996), np.float64(12.28756288315035), np.float64(0.39998919394654264), 1.0, 4.889997184029404, np.float64(1.0461364382900362), np.float64(0.7854043942904156), 0.6283185307179586, 0.5235987755982988, np.float64(0.10895275349886568), 0.2, np.float64(0.2918069842465965), 0.95, False, False, False, False)
Waveform Generated. SNR: 20.004214791488124
calculating stable deltas...
Time taken to compute stable deltas is 29.959316968917847 seconds
calculating Fisher matrix...
Finished derivatives
Calculated Fisher is *atleast* positive-definite.
Time taken to compute FM is 2.8721039295196533 seconds
    CV idx16/0PA/from_MAP#1 it  10 lam=2.9e-07 ov=0.9999763 chi2=1.897e-02 rel=8.6e-05
Body is not plunging, Fisher should be stable.
waveform shape: (3, 7889537)
Computing SNR for parameters: (np.float64(1000080.7491234763), np.float64(10.000219756138499), np.float64(-0.4998215665480464), np.float64(12.287563063872007), np.float64(0.3999891945230599), 1.0, 4.889997184029404, np.float64(1.0461432189898483), np.float64(0.7854050082206552), 0.6283185307179586, 0.5235987755982988, np.float64(0.10897934714099142), 0.2, np.float64(0.29177954545491325), 0.95, False, False, False, False)
Waveform Generated. SNR: 20.004183295399496
calculating Fisher matrix...
Finished derivatives
Calculated Fisher is *atleast* positive-definite.
Time taken to compute FM is 3.485276460647583 seconds
    CV idx16/0PA/from_MAP#1 it  11 lam=1.9e-07 ov=0.9999763 chi2=1.897e-02 rel=1.2e-04
Body is not plunging, Fisher should be stable.
waveform shape: (3, 7889537)
Computing SNR for parameters: (np.float64(1000080.7126223008), np.float64(10.00021966125426), np.float64(-0.499821632120215), np.float64(12.287563325911877), np.float64(0.3999891998061995), 1.0, 4.889997184029404, np.float64(1.0461432395368306), np.float64(0.7854050255641165), 0.6283185307179586, 0.5235987755982988, np.float64(0.10898775174686728), 0.2, np.float64(0.29177880868715333), 0.95, False, False, False, False)
Waveform Generated. SNR: 20.00418705280645
calculating Fisher matrix...
Finished derivatives
Calculated Fisher is *atleast* positive-definite.
Time taken to compute FM is 3.468660831451416 seconds
    CV idx16/0PA/from_MAP#1 it  12 lam=1.3e-07 ov=0.9999763 chi2=1.897e-02 rel=1.3e-04
Body is not plunging, Fisher should be stable.
waveform shape: (3, 7889537)
Computing SNR for parameters: (np.float64(1000080.6608818768), np.float64(10.000219522092802), np.float64(-0.49982172488385845), np.float64(12.287563696260111), np.float64(0.3999892074177208), 1.0, 4.889997184029404, np.float64(1.0461431906236471), np.float64(0.7854054329820309), 0.6283185307179586, 0.5235987755982988, np.float64(0.10899810440902187), 0.2, np.float64(0.29177899986092964), 0.95, False, False, False, False)
Waveform Generated. SNR: 20.004178700759603
calculating Fisher matrix...
Finished derivatives
Calculated Fisher is not positive semi-definite. Try lowering inspiral error tolerance or increasing the derivative order.
Time taken to compute FM is 3.487131118774414 seconds
    CV idx16/0PA/from_MAP#1 it  13 lam=1.9e-07 ov=0.9999763 chi2=1.897e-02 rel=1.5e-04
Body is not plunging, Fisher should be stable.
waveform shape: (3, 7889537)
Computing SNR for parameters: (np.float64(1000080.5818757548), np.float64(10.000219308937332), np.float64(-0.4998218665010807), np.float64(12.287564261595023), np.float64(0.3999892190646507), 1.0, 4.889997184029404, np.float64(1.046143050168249), np.float64(0.7854058485061187), 0.6283185307179586, 0.5235987755982988, np.float64(0.10901398878039353), 0.2, np.float64(0.2917796455220307), 0.95, False, False, False, False)
Waveform Generated. SNR: 20.004183249875066
calculating Fisher matrix...
Finished derivatives
Calculated Fisher is *atleast* positive-definite.
Time taken to compute FM is 3.479076385498047 seconds
    CV idx16/0PA/from_MAP#1 it  14 lam=1.3e-07 ov=0.9999763 chi2=1.896e-02 rel=1.5e-04
Body is not plunging, Fisher should be stable.
waveform shape: (3, 7889537)
Computing SNR for parameters: (np.float64(1000080.531724705), np.float64(10.000219175131871), np.float64(-0.4998219564498905), np.float64(12.287564620777145), np.float64(0.3999892264196302), 1.0, 4.889997184029404, np.float64(1.0461430570197674), np.float64(0.7854061191505951), 0.6283185307179586, 0.5235987755982988, np.float64(0.109024032649617), 0.2, np.float64(0.29177951181056133), 0.95, False, False, False, False)
Waveform Generated. SNR: 20.004181103991783
calculating stable deltas...
Time taken to compute stable deltas is 29.748768091201782 seconds
calculating Fisher matrix...
Finished derivatives
Calculated Fisher is *atleast* positive-definite.
Time taken to compute FM is 2.8600876331329346 seconds
    CV idx16/0PA/from_MAP#1 it  15 lam=1.0e-07 ov=0.9999763 chi2=1.896e-02 rel=2.7e-04
Body is not plunging, Fisher should be stable.
waveform shape: (3, 7889537)
Computing SNR for parameters: (np.float64(1000080.3842608018), np.float64(10.000218778564163), np.float64(-0.49982222082529426), np.float64(12.287565676261952), np.float64(0.3999892481243987), 1.0, 4.889997184029404, np.float64(1.046142866874849), np.float64(0.7854069849994034), 0.6283185307179586, 0.5235987755982988, np.float64(0.10905361738639828), 0.2, np.float64(0.2917802409175113), 0.95, False, False, False, False)
Waveform Generated. SNR: 20.004175626971644
calculating Fisher matrix...
Finished derivatives
Calculated Fisher is *atleast* positive-definite.
Time taken to compute FM is 3.4925172328948975 seconds
    CV idx16/0PA/from_MAP#1 it  16 lam=3.3e-08 ov=0.9999763 chi2=1.895e-02 rel=4.8e-04
Body is not plunging, Fisher should be stable.
waveform shape: (3, 7889537)
Computing SNR for parameters: (np.float64(1000080.1933313716), np.float64(10.00021826429027), np.float64(-0.4998225631032233), np.float64(12.287567042703358), np.float64(0.39998927623985187), 1.0, 4.889997184029404, np.float64(1.046142731106038), np.float64(0.7854079619369466), 0.6283185307179586, 0.5235987755982988, np.float64(0.10909158563478072), 0.2, np.float64(0.29178121320266387), 0.95, False, False, False, False)
Waveform Generated. SNR: 20.004172631340715
calculating Fisher matrix...
Finished derivatives
Calculated Fisher is *atleast* positive-definite.
Time taken to compute FM is 3.469844341278076 seconds
    CV idx16/0PA/from_MAP#1 it  17 lam=1.1e-08 ov=0.9999764 chi2=1.895e-02 rel=9.1e-04
Body is not plunging, Fisher should be stable.
waveform shape: (3, 7889537)
Computing SNR for parameters: (np.float64(1000079.7147880779), np.float64(10.000216978577582), np.float64(-0.49982342105171934), np.float64(12.287570468051221), np.float64(0.3999893466640577), 1.0, 4.889997184029404, np.float64(1.0461421644031323), np.float64(0.7854103854678303), 0.6283185307179586, 0.5235987755982988, np.float64(0.10918847958999901), 0.2, np.float64(0.29178336640083186), 0.95, False, False, False, False)
Waveform Generated. SNR: 20.004157721830236
calculating Fisher matrix...
Finished derivatives
Calculated Fisher is *atleast* positive-definite.
Time taken to compute FM is 3.497443914413452 seconds
    CV idx16/0PA/from_MAP#1 it  18 lam=3.7e-09 ov=0.9999764 chi2=1.893e-02 rel=1.4e-03
Body is not plunging, Fisher should be stable.
waveform shape: (3, 7889537)
Computing SNR for parameters: (np.float64(1000078.9017808024), np.float64(10.000214786324673), np.float64(-0.4998248783457309), np.float64(12.287576285757307), np.float64(0.3999894664871797), 1.0, 4.889997184029404, np.float64(1.0461413952505287), np.float64(0.7854146337986379), 0.6283185307179586, 0.5235987755982988, np.float64(0.1093484222572006), 0.2, np.float64(0.2917875912138276), 0.95, False, False, False, False)
Waveform Generated. SNR: 20.004139256898156
calculating Fisher matrix...
Finished derivatives
Calculated Fisher is *atleast* positive-definite.
Time taken to compute FM is 3.4848010540008545 seconds
    CV idx16/0PA/from_MAP#1 it  19 lam=2.5e-09 ov=0.9999764 chi2=1.890e-02 rel=1.3e-03
Body is not plunging, Fisher should be stable.
waveform shape: (3, 7889537)
Computing SNR for parameters: (np.float64(1000077.7955013134), np.float64(10.000211818585594), np.float64(-0.49982686199611054), np.float64(12.287584205721158), np.float64(0.39998962913065733), 1.0, 4.889997184029404, np.float64(1.0461399724764158), np.float64(0.7854202459023487), 0.6283185307179586, 0.5235987755982988, np.float64(0.10957588476565659), 0.2, np.float64(0.29179251058210365), 0.95, False, False, False, False)
Waveform Generated. SNR: 20.004116126319225
calculating stable deltas...
Time taken to compute stable deltas is 30.14556860923767 seconds
calculating Fisher matrix...
Finished derivatives
Calculated Fisher is *atleast* positive-definite.
Time taken to compute FM is 2.8782315254211426 seconds
    CV idx16/0PA/from_MAP#1 it  20 lam=1.6e-09 ov=0.9999764 chi2=1.888e-02 rel=5.0e-04
Body is not plunging, Fisher should be stable.
waveform shape: (3, 7889537)
Computing SNR for parameters: (np.float64(1000077.0714152027), np.float64(10.000209868991922), np.float64(-0.4998281600295702), np.float64(12.287589387791419), np.float64(0.39998973577617614), 1.0, 4.889997184029404, np.float64(1.0461391298975717), np.float64(0.7854238994770543), 0.6283185307179586, 0.5235987755982988, np.float64(0.10972006854866317), 0.2, np.float64(0.29179601560548607), 0.95, False, False, False, False)
Waveform Generated. SNR: 20.004100754872397
calculating Fisher matrix...
Finished derivatives
Calculated Fisher is *atleast* positive-definite.
Time taken to compute FM is 3.490330457687378 seconds
    CV idx16/0PA/from_MAP#1 it  21 lam=3.3e-09 ov=0.9999764 chi2=1.887e-02 rel=2.5e-04
Body is not plunging, Fisher should be stable.
waveform shape: (3, 7889537)
Computing SNR for parameters: (np.float64(1000076.2145406478), np.float64(10.000207572411513), np.float64(-0.49982969657754905), np.float64(12.287595522767697), np.float64(0.39998986169284745), 1.0, 4.889997184029404, np.float64(1.0461379206343835), np.float64(0.7854283077163635), 0.6283185307179586, 0.5235987755982988, np.float64(0.10989692646179175), 0.2, np.float64(0.2917995103009146), 0.95, False, False, False, False)
Waveform Generated. SNR: 20.00408318900332
calculating Fisher matrix...
Finished derivatives
Calculated Fisher is *atleast* positive-definite.
Time taken to compute FM is 3.4793946743011475 seconds
    CV idx16/0PA/from_MAP#1 it  22 lam=3.1e+131 ov=0.9999765 chi2=1.886e-02 rel=0.0e+00
    NM  nfev=1181 ov 0.9999765 -> 0.9999765 (accepted=True)
Body is not plunging, Fisher should be stable.
waveform shape: (3, 7889537)
Computing SNR for parameters: (np.float64(1000076.2148565693), np.float64(10.000207572016354), np.float64(-0.49982969637231434), np.float64(12.287595521035025), np.float64(0.3999898615592501), 1.0, 4.889997184029404, np.float64(1.0461386122699337), np.float64(0.7854298448289466), 0.6283185307179586, 0.5235987755982988, np.float64(0.10989042981519209), 0.2, np.float64(0.29180433712322684), 0.95, False, False, False, False)
Waveform Generated. SNR: 20.00407500731082
calculating stable deltas...
Time taken to compute stable deltas is 30.386404275894165 seconds
calculating Fisher matrix...
Finished derivatives
Calculated Fisher is *atleast* positive-definite.
Time taken to compute FM is 2.8647022247314453 seconds
    CV idx16/0PA/from_MAP#2 it   0 lam=8.9e+05 ov=0.9999765 chi2=1.886e-02 rel=4.7e-11
    RESULT idx16/0PA/from_MAP: ov 0.9999582 -> 0.9999765, chi2=1.8863e-02
    BEST  idx16/0PA: from_MAP ov=0.9999765
==============================================================================
[idx16 (a=-0.5, e0=0.4) | PN | dt=10.0]  SNR=19.999 (A=14.222 E=14.061 T=0.027; T%=0.00)
    --- start from_MAP ---
    start overlap = 0.9999582
Body is not plunging, Fisher should be stable.
waveform shape: (3, 7889537)
Computing SNR for parameters: (np.float64(1000080.6219217406), np.float64(10.000207868316538), np.float64(-0.49982151844922695), np.float64(12.28756149677749), np.float64(0.3999894812991099), 1.0, 4.889997184029404, np.float64(1.0471975511965976), np.float64(0.7853981633974483), 0.6283185307179586, 0.5235987755982988, np.float64(0.10015113551257142), 0.2, np.float64(0.3000224257507746), 0.95, False, False, False, True, np.float64(0.0), np.float64(0.0), 0.0, 0.0)
Waveform Generated. SNR: 20.000143895589694
calculating stable deltas...
minimum relative error is greater than 1% for dev_1. Fisher may be unstable!
minimum relative error is greater than 1% for dev_2. Fisher may be unstable!
Time taken to compute stable deltas is 36.961848974227905 seconds
calculating Fisher matrix...
Finished derivatives
Calculated Fisher is *atleast* positive-definite.
Time taken to compute FM is 3.6582393646240234 seconds
    CV idx16/PN/from_MAP#1 it   0 lam=3.3e-03 ov=0.9999582 chi2=3.348e-02 rel=3.6e-01
Body is not plunging, Fisher should be stable.
waveform shape: (3, 7889537)
Computing SNR for parameters: (np.float64(1000080.621859508), np.float64(10.000208063739317), np.float64(-0.4998214289161733), np.float64(12.287561505401797), np.float64(0.3999894842412918), 1.0, 4.889997184029404, np.float64(1.0460140377713285), np.float64(0.7855111765507541), 0.6283185307179586, 0.5235987755982988, np.float64(0.10328226259483513), 0.2, np.float64(0.296401557388103), 0.95, False, False, False, True, np.float64(-0.05433615549853394), np.float64(0.0035416617289023553), 0.0, 0.0)
Waveform Generated. SNR: 20.004293928023046
calculating Fisher matrix...
Finished derivatives
Calculated Fisher is not positive semi-definite. Try lowering inspiral error tolerance or increasing the derivative order.
Time taken to compute FM is 4.296562194824219 seconds
    CV idx16/PN/from_MAP#1 it   1 lam=2.1e-01 ov=0.9999731 chi2=2.157e-02 rel=1.1e-02
Body is not plunging, Fisher should be stable.
waveform shape: (3, 7889537)
Computing SNR for parameters: (np.float64(1000080.6215138887), np.float64(10.000208108050328), np.float64(-0.49982142936756546), np.float64(12.287561503141818), np.float64(0.399989484044404), 1.0, 4.889997184029404, np.float64(1.045997401265337), np.float64(0.7855276235530678), 0.6283185307179586, 0.5235987755982988, np.float64(0.10335521510279216), 0.2, np.float64(0.29626234608607194), 0.95, False, False, False, True, np.float64(-0.05087086562301632), np.float64(0.003810651050310091), 0.0, 0.0)
Waveform Generated. SNR: 20.004299898727727
calculating Fisher matrix...
Finished derivatives
Calculated Fisher is not positive semi-definite. Try lowering inspiral error tolerance or increasing the derivative order.
Time taken to compute FM is 4.299430847167969 seconds
    CV idx16/PN/from_MAP#1 it   2 lam=8.3e-01 ov=0.9999734 chi2=2.133e-02 rel=1.9e-04
Body is not plunging, Fisher should be stable.
waveform shape: (3, 7889537)
Computing SNR for parameters: (np.float64(1000080.6213842377), np.float64(10.000208126967214), np.float64(-0.4998214289811349), np.float64(12.287561502347344), np.float64(0.3999894840077205), 1.0, 4.889997184029404, np.float64(1.0459940980875182), np.float64(0.7855317660336693), 0.6283185307179586, 0.5235987755982988, np.float64(0.1033851528037627), 0.2, np.float64(0.29620687425849723), 0.95, False, False, False, True, np.float64(-0.045225044343496834), np.float64(0.004056643004071723), 0.0, 0.0)
Waveform Generated. SNR: 20.004297706270663
calculating Fisher matrix...
Finished derivatives
Calculated Fisher is *atleast* positive-definite.
Time taken to compute FM is 4.298135280609131 seconds
    CV idx16/PN/from_MAP#1 it   3 lam=9.1e-01 ov=0.9999734 chi2=2.132e-02 rel=4.9e-03
Body is not plunging, Fisher should be stable.
waveform shape: (3, 7889537)
Computing SNR for parameters: (np.float64(1000080.6213913606), np.float64(10.000208130699807), np.float64(-0.4998214277054758), np.float64(12.287561502515846), np.float64(0.39998948408958257), 1.0, 4.889997184029404, np.float64(1.0459956006729214), np.float64(0.785528283390015), 0.6283185307179586, 0.5235987755982988, np.float64(0.10337296617332695), 0.2, np.float64(0.29616909060502433), 0.95, False, False, False, True, np.float64(-0.0499712551083189), np.float64(0.004514506107571119), 0.0, 0.0)
Waveform Generated. SNR: 20.004304691986064
calculating Fisher matrix...
Finished derivatives
Calculated Fisher is not positive semi-definite. Try lowering inspiral error tolerance or increasing the derivative order.
Time taken to compute FM is 4.310684680938721 seconds
    CV idx16/PN/from_MAP#1 it   4 lam=2.1e+10 ov=0.9999735 chi2=2.122e-02 rel=3.2e-13
    NM  nfev=1908 ov 0.9999735 -> 0.9999739 (accepted=True)
Body is not plunging, Fisher should be stable.
waveform shape: (3, 7889537)
Computing SNR for parameters: (np.float64(1000080.6042749552), np.float64(10.000208340552584), np.float64(-0.49982144424518504), np.float64(12.28756165130448), np.float64(0.39998948625811587), 1.0, 4.889997184029404, np.float64(1.045965143954071), np.float64(0.7855026144063245), 0.6283185307179586, 0.5235987755982988, np.float64(0.10360409887487024), 0.2, np.float64(0.296018398404812), 0.95, False, False, False, True, np.float64(-0.05651106337595652), np.float64(0.0045051232536681895), 0.0, 0.0)
Waveform Generated. SNR: 20.00451220781659
calculating stable deltas...
Time taken to compute stable deltas is 37.47796845436096 seconds
calculating Fisher matrix...
Finished derivatives
Calculated Fisher is not positive semi-definite. Try lowering inspiral error tolerance or increasing the derivative order.
Time taken to compute FM is 3.6566431522369385 seconds
    CV idx16/PN/from_MAP#2 it   0 lam=1.0e-02 ov=0.9999739 chi2=2.088e-02 rel=1.6e-02
Body is not plunging, Fisher should be stable.
waveform shape: (3, 7889537)
Computing SNR for parameters: (np.float64(1000080.6037660445), np.float64(10.000208533427967), np.float64(-0.4998214118124307), np.float64(12.287561651565682), np.float64(0.3999894871014887), 1.0, 4.889997184029404, np.float64(1.0459982811842496), np.float64(0.7854779053996137), 0.6283185307179586, 0.5235987755982988, np.float64(0.10493127181100755), 0.2, np.float64(0.2951326081646577), 0.95, False, False, False, True, np.float64(-0.07839656118766392), np.float64(0.010749316041633036), 0.0, 0.0)
Waveform Generated. SNR: 20.00423930665417
calculating Fisher matrix...
Finished derivatives
Calculated Fisher is *atleast* positive-definite.
Time taken to compute FM is 4.289157152175903 seconds
    CV idx16/PN/from_MAP#2 it   1 lam=3.3e-03 ov=0.9999744 chi2=2.054e-02 rel=2.2e-02
Body is not plunging, Fisher should be stable.
waveform shape: (3, 7889537)
Computing SNR for parameters: (np.float64(1000080.6030889594), np.float64(10.000208697297422), np.float64(-0.49982138806923204), np.float64(12.287561649996148), np.float64(0.39998948694222347), 1.0, 4.889997184029404, np.float64(1.0460236798958948), np.float64(0.7854573724104313), 0.6283185307179586, 0.5235987755982988, np.float64(0.10554486672007901), 0.2, np.float64(0.29466353754853924), 0.95, False, False, False, True, np.float64(-0.09490033236043671), np.float64(0.01749303887289034), 0.0, 0.0)
Waveform Generated. SNR: 20.00421521988314
calculating Fisher matrix...
Finished derivatives
Calculated Fisher is not positive semi-definite. Try lowering inspiral error tolerance or increasing the derivative order.
Time taken to compute FM is 4.25911283493042 seconds
    CV idx16/PN/from_MAP#2 it   2 lam=1.1e-03 ov=0.9999749 chi2=2.009e-02 rel=4.9e-02
Body is not plunging, Fisher should be stable.
waveform shape: (3, 7889537)
Computing SNR for parameters: (np.float64(1000080.6001518301), np.float64(10.000209032768174), np.float64(-0.4998213393068423), np.float64(12.28756163741325), np.float64(0.39998948254584743), 1.0, 4.889997184029404, np.float64(1.0460812358749814), np.float64(0.7854236925329808), 0.6283185307179586, 0.5235987755982988, np.float64(0.10623174512744785), 0.2, np.float64(0.29375731931338855), 0.95, False, False, False, True, np.float64(-0.13116902836315494), np.float64(0.03941735999909307), 0.0, 0.0)
Waveform Generated. SNR: 20.004115276953307
calculating Fisher matrix...
Finished derivatives
Calculated Fisher is not positive semi-definite. Try lowering inspiral error tolerance or increasing the derivative order.
Time taken to compute FM is 4.251104831695557 seconds
    CV idx16/PN/from_MAP#2 it   3 lam=3.7e-04 ov=0.9999762 chi2=1.910e-02 rel=5.2e-02
Body is not plunging, Fisher should be stable.
waveform shape: (3, 7889537)
Computing SNR for parameters: (np.float64(1000080.5975967471), np.float64(10.000209434995801), np.float64(-0.49982129995226865), np.float64(12.287561627209223), np.float64(0.39998947839587), 1.0, 4.889997184029404, np.float64(1.0461525174123263), np.float64(0.7853973976122907), 0.6283185307179586, 0.5235987755982988, np.float64(0.10656515770785746), 0.2, np.float64(0.2929036994348676), 0.95, False, False, False, True, np.float64(-0.14864731915136306), np.float64(0.058175662733848846), 0.0, 0.0)
Waveform Generated. SNR: 20.0041762746092
calculating Fisher matrix...
Finished derivatives
Calculated Fisher is *atleast* positive-definite.
Time taken to compute FM is 4.247556924819946 seconds
    CV idx16/PN/from_MAP#2 it   4 lam=3.8e-04 ov=0.9999774 chi2=1.811e-02 rel=1.2e-02
Body is not plunging, Fisher should be stable.
waveform shape: (3, 7889537)
Computing SNR for parameters: (np.float64(1000080.5872914261), np.float64(10.000210579911649), np.float64(-0.49982124208855544), np.float64(12.287561565989854), np.float64(0.39998947978990235), 1.0, 4.889997184029404, np.float64(1.0462508062853029), np.float64(0.7853638272642607), 0.6283185307179586, 0.5235987755982988, np.float64(0.10672617987543552), 0.2, np.float64(0.2919381604286627), 0.95, False, False, False, True, np.float64(-0.07447567342621979), np.float64(0.09375998004965261), 0.0, 0.0)
Waveform Generated. SNR: 20.003681964772312
calculating stable deltas...
Time taken to compute stable deltas is 37.57953691482544 seconds
calculating Fisher matrix...
Finished derivatives
Calculated Fisher is *atleast* positive-definite.
Time taken to compute FM is 3.66257905960083 seconds
    CV idx16/PN/from_MAP#2 it   5 lam=1.3e-04 ov=0.9999777 chi2=1.789e-02 rel=3.0e-02
Body is not plunging, Fisher should be stable.
waveform shape: (3, 7889537)
Computing SNR for parameters: (np.float64(1000080.5801361682), np.float64(10.000211399551512), np.float64(-0.4998212253527065), np.float64(12.287561519105713), np.float64(0.39998948756033986), 1.0, 4.889997184029404, np.float64(1.0462796258618627), np.float64(0.7853586619665738), 0.6283185307179586, 0.5235987755982988, np.float64(0.10668599695994116), 0.2, np.float64(0.29173253630463525), 0.95, False, False, False, True, np.float64(0.03061996200788901), np.float64(0.10569855159509564), 0.0, 0.0)
Waveform Generated. SNR: 20.003826606927543
calculating Fisher matrix...
Finished derivatives
Calculated Fisher is not positive semi-definite. Try lowering inspiral error tolerance or increasing the derivative order.
Time taken to compute FM is 4.282879114151001 seconds
    CV idx16/PN/from_MAP#2 it   6 lam=2.6e-04 ov=0.9999784 chi2=1.734e-02 rel=1.1e-02
Body is not plunging, Fisher should be stable.
waveform shape: (3, 7889537)
Computing SNR for parameters: (np.float64(1000080.5688136345), np.float64(10.00021302180962), np.float64(-0.49982121721795497), np.float64(12.287561442385153), np.float64(0.3999895042669157), 1.0, 4.889997184029404, np.float64(1.0462820805107687), np.float64(0.785348461249031), 0.6283185307179586, 0.5235987755982988, np.float64(0.10656246084169516), 0.2, np.float64(0.29182436812452767), 0.95, False, False, False, True, np.float64(0.270888058672936), np.float64(0.11676339543617827), 0.0, 0.0)
Waveform Generated. SNR: 20.003857277564336
calculating Fisher matrix...
Finished derivatives
Calculated Fisher is *atleast* positive-definite.
Time taken to compute FM is 4.263343811035156 seconds
    CV idx16/PN/from_MAP#2 it   7 lam=4.1e-04 ov=0.9999786 chi2=1.715e-02 rel=6.6e-03
Body is not plunging, Fisher should be stable.
waveform shape: (3, 7889537)
Computing SNR for parameters: (np.float64(1000080.5549248491), np.float64(10.00021562463789), np.float64(-0.49982121980506133), np.float64(12.287561347277913), np.float64(0.39998952751901506), 1.0, 4.889997184029404, np.float64(1.0462447034793305), np.float64(0.785360077147352), 0.6283185307179586, 0.5235987755982988, np.float64(0.10641088727915222), 0.2, np.float64(0.2922295242445924), 0.95, False, False, False, True, np.float64(0.6492652300575312), np.float64(0.12666859649514972), 0.0, 0.0)
Waveform Generated. SNR: 20.0039663197007
calculating Fisher matrix...
Finished derivatives
Calculated Fisher is *atleast* positive-definite.
Time taken to compute FM is 4.239363670349121 seconds
    CV idx16/PN/from_MAP#2 it   8 lam=1.4e-04 ov=0.9999787 chi2=1.703e-02 rel=1.7e-02
Body is not plunging, Fisher should be stable.
waveform shape: (3, 7889537)
Computing SNR for parameters: (np.float64(1000080.5511955483), np.float64(10.000215728416425), np.float64(-0.49982120392078594), np.float64(12.287561323667386), np.float64(0.39998953146704147), 1.0, 4.889997184029404, np.float64(1.0463010589869712), np.float64(0.785340831723473), 0.6283185307179586, 0.5235987755982988, np.float64(0.10625557823613065), 0.2, np.float64(0.29185929230468466), 0.95, False, False, False, True, np.float64(0.660613192125967), np.float64(0.13215275732682807), 0.0, 0.0)
Waveform Generated. SNR: 20.003818578956373
calculating Fisher matrix...
Finished derivatives
Calculated Fisher is *atleast* positive-definite.
Time taken to compute FM is 4.245110511779785 seconds
    CV idx16/PN/from_MAP#2 it   9 lam=1.1e-03 ov=0.9999791 chi2=1.675e-02 rel=2.5e-03
Body is not plunging, Fisher should be stable.
waveform shape: (3, 7889537)
Computing SNR for parameters: (np.float64(1000080.5490472493), np.float64(10.000216013946686), np.float64(-0.4998212063047075), np.float64(12.287561308742251), np.float64(0.39998953498631745), 1.0, 4.889997184029404, np.float64(1.0463022350613753), np.float64(0.7853436755484284), 0.6283185307179586, 0.5235987755982988, np.float64(0.1061315900114081), 0.2, np.float64(0.29194630920016285), 0.95, False, False, False, True, np.float64(0.7102336985899352), np.float64(0.13296512649288483), 0.0, 0.0)
Waveform Generated. SNR: 20.00380463075647
calculating stable deltas...
Time taken to compute stable deltas is 37.20298719406128 seconds
calculating Fisher matrix...
Finished derivatives
Calculated Fisher is *atleast* positive-definite.
Time taken to compute FM is 3.654327392578125 seconds
    CV idx16/PN/from_MAP#2 it  10 lam=7.2e-04 ov=0.9999791 chi2=1.670e-02 rel=7.7e-04
Body is not plunging, Fisher should be stable.
waveform shape: (3, 7889537)
Computing SNR for parameters: (np.float64(1000080.5482151223), np.float64(10.000216087499805), np.float64(-0.49982120433242405), np.float64(12.287561303252692), np.float64(0.3999895362235166), 1.0, 4.889997184029404, np.float64(1.0463008942119192), np.float64(0.7853425895047759), 0.6283185307179586, 0.5235987755982988, np.float64(0.10615464208917125), 0.2, np.float64(0.2919253927094939), 0.95, False, False, False, True, np.float64(0.7209226649439847), np.float64(0.13381770800030346), 0.0, 0.0)
Waveform Generated. SNR: 20.00381381360065
calculating Fisher matrix...
Finished derivatives
Calculated Fisher is *atleast* positive-definite.
Time taken to compute FM is 4.2550482749938965 seconds
    CV idx16/PN/from_MAP#2 it  11 lam=2.4e-04 ov=0.9999792 chi2=1.669e-02 rel=2.1e-03
Body is not plunging, Fisher should be stable.
waveform shape: (3, 7889537)
Computing SNR for parameters: (np.float64(1000080.5457434889), np.float64(10.000216298844936), np.float64(-0.49982120164246), np.float64(12.287561286679924), np.float64(0.39998953988399616), 1.0, 4.889997184029404, np.float64(1.046303355770508), np.float64(0.7853415868939808), 0.6283185307179586, 0.5235987755982988, np.float64(0.1061257517228229), 0.2, np.float64(0.2919266096730807), 0.95, False, False, False, True, np.float64(0.7563124509856526), np.float64(0.13589951594976463), 0.0, 0.0)
Waveform Generated. SNR: 20.00381586966214
calculating Fisher matrix...
Finished derivatives
Calculated Fisher is *atleast* positive-definite.
Time taken to compute FM is 4.250274896621704 seconds
    CV idx16/PN/from_MAP#2 it  12 lam=8.0e-05 ov=0.9999792 chi2=1.666e-02 rel=6.2e-03
Body is not plunging, Fisher should be stable.
waveform shape: (3, 7889537)
Computing SNR for parameters: (np.float64(1000080.538679635), np.float64(10.00021692454894), np.float64(-0.49982119662951735), np.float64(12.28756123916961), np.float64(0.3999895509226374), 1.0, 4.889997184029404, np.float64(1.0463064704781682), np.float64(0.7853402817269729), 0.6283185307179586, 0.5235987755982988, np.float64(0.10601199551398433), 0.2, np.float64(0.2919851841745637), 0.95, False, False, False, True, np.float64(0.8648698092535639), np.float64(0.14069395429341125), 0.0, 0.0)
Waveform Generated. SNR: 20.00380305003202
calculating Fisher matrix...
Finished derivatives
Calculated Fisher is not positive semi-definite. Try lowering inspiral error tolerance or increasing the derivative order.
Time taken to compute FM is 4.262085199356079 seconds
    CV idx16/PN/from_MAP#2 it  13 lam=2.7e-05 ov=0.9999793 chi2=1.655e-02 rel=1.5e-02
Body is not plunging, Fisher should be stable.
waveform shape: (3, 7889537)
Computing SNR for parameters: (np.float64(1000080.5203371851), np.float64(10.000218415650732), np.float64(-0.49982118337279496), np.float64(12.287561117674379), np.float64(0.39998957938651736), 1.0, 4.889997184029404, np.float64(1.046314779594773), np.float64(0.7853364871467556), 0.6283185307179586, 0.5235987755982988, np.float64(0.10571721376080405), 0.2, np.float64(0.29212617692469456), 0.95, False, False, False, True, np.float64(1.130943284399958), np.float64(0.15275597481740763), 0.0, 0.0)
Waveform Generated. SNR: 20.00378907717727
calculating Fisher matrix...
Finished derivatives
Calculated Fisher is not positive semi-definite. Try lowering inspiral error tolerance or increasing the derivative order.
Time taken to compute FM is 4.274655103683472 seconds
    CV idx16/PN/from_MAP#2 it  14 lam=8.9e-06 ov=0.9999797 chi2=1.630e-02 rel=4.3e-02
Body is not plunging, Fisher should be stable.
waveform shape: (3, 7889537)
Computing SNR for parameters: (np.float64(1000080.4733616343), np.float64(10.000223461340422), np.float64(-0.49982115872644295), np.float64(12.287560820340854), np.float64(0.39998965092670796), 1.0, 4.889997184029404, np.float64(1.0463354030950354), np.float64(0.7853292472667546), 0.6283185307179586, 0.5235987755982988, np.float64(0.10492492846363743), 0.2, np.float64(0.29255534636313163), 0.95, False, False, False, True, np.float64(1.9479255030642881), np.float64(0.18537212818220686), 0.0, 0.0)
Waveform Generated. SNR: 20.003749508388033
calculating stable deltas...
Time taken to compute stable deltas is 37.23692536354065 seconds
calculating Fisher matrix...
Finished derivatives
Calculated Fisher is not positive semi-definite. Try lowering inspiral error tolerance or increasing the derivative order.
Time taken to compute FM is 3.6302335262298584 seconds
    CV idx16/PN/from_MAP#2 it  15 lam=3.0e-06 ov=0.9999805 chi2=1.561e-02 rel=9.1e-02
Body is not plunging, Fisher should be stable.
waveform shape: (3, 7889537)
Computing SNR for parameters: (np.float64(1000080.3950889185), np.float64(10.000238303234962), np.float64(-0.49982116760623035), np.float64(12.287560430204023), np.float64(0.3999897596995931), 1.0, 4.889997184029404, np.float64(1.0463743931212974), np.float64(0.7853161365448647), 0.6283185307179586, 0.5235987755982988, np.float64(0.10344476036190549), 0.2, np.float64(0.2934509751885655), 0.95, False, False, False, True, np.float64(3.9990991811885164), np.float64(0.248260633055567), 0.0, 0.0)
Waveform Generated. SNR: 20.003680560339607
calculating Fisher matrix...
Finished derivatives
Calculated Fisher is not positive semi-definite. Try lowering inspiral error tolerance or increasing the derivative order.
Time taken to compute FM is 4.301177501678467 seconds
    CV idx16/PN/from_MAP#2 it  16 lam=9.9e-07 ov=0.9999823 chi2=1.418e-02 rel=2.1e-01
Body is not plunging, Fisher should be stable.
waveform shape: (3, 7889537)
Computing SNR for parameters: (np.float64(1000080.3278828798), np.float64(10.000282659850281), np.float64(-0.49982139517009105), np.float64(12.28756056020432), np.float64(0.39998980178814), 1.0, 4.889997184029404, np.float64(1.0464705232653115), np.float64(0.7852981779654644), 0.6283185307179586, 0.5235987755982988, np.float64(0.10162270944124464), 0.2, np.float64(0.2948929500762898), 0.95, False, False, False, True, np.float64(9.141464761253674), np.float64(0.3557138170394685), 0.0, 0.0)
Waveform Generated. SNR: 20.003459223143388
calculating Fisher matrix...
Finished derivatives
Calculated Fisher is *atleast* positive-definite.
Time taken to compute FM is 4.260782241821289 seconds
    CV idx16/PN/from_MAP#2 it  17 lam=3.3e-07 ov=0.9999860 chi2=1.124e-02 rel=4.3e-01
Body is not plunging, Fisher should be stable.
waveform shape: (3, 7889537)
Computing SNR for parameters: (np.float64(1000080.3670187786), np.float64(10.00038248683432), np.float64(-0.49982216970796417), np.float64(12.287562415267551), np.float64(0.39998957252806067), 1.0, 4.889997184029404, np.float64(1.046607868557258), np.float64(0.7852904202612906), 0.6283185307179586, 0.5235987755982988, np.float64(0.10025063001924013), 0.2, np.float64(0.29701860094118143), 0.95, False, False, False, True, np.float64(19.58302563506265), np.float64(0.4902232522530289), 0.0, 0.0)
Waveform Generated. SNR: 20.003129499937163
calculating Fisher matrix...
Finished derivatives
Calculated Fisher is *atleast* positive-definite.
Time taken to compute FM is 4.23399543762207 seconds
    CV idx16/PN/from_MAP#2 it  18 lam=2.0e-07 ov=0.9999920 chi2=6.395e-03 rel=6.2e-01
Body is not plunging, Fisher should be stable.
waveform shape: (3, 7889537)
Computing SNR for parameters: (np.float64(1000080.4629520023), np.float64(10.000526218717923), np.float64(-0.4998233518867203), np.float64(12.287565497538656), np.float64(0.3999891642275456), 1.0, 4.889997184029404, np.float64(1.0468534139614134), np.float64(0.7853085429493643), 0.6283185307179586, 0.5235987755982988, np.float64(0.09913851930009038), 0.2, np.float64(0.29968792200419603), 0.95, False, False, False, True, np.float64(34.334068954506314), np.float64(0.664138916074057), 0.0, 0.0)
Waveform Generated. SNR: 20.002122214486906
calculating Fisher matrix...
Finished derivatives
Calculated Fisher is *atleast* positive-definite.
Time taken to compute FM is 4.241849422454834 seconds
    CV idx16/PN/from_MAP#2 it  19 lam=6.7e-08 ov=0.9999970 chi2=2.411e-03 rel=7.3e-01
Body is not plunging, Fisher should be stable.
waveform shape: (3, 7889537)
Computing SNR for parameters: (np.float64(1000080.5170518837), np.float64(10.000615078183879), np.float64(-0.49982413525996516), np.float64(12.287567648501712), np.float64(0.39998889105569385), 1.0, 4.889997184029404, np.float64(1.0470091180145034), np.float64(0.7852914643956708), 0.6283185307179586, 0.5235987755982988, np.float64(0.0982072243970839), 0.2, np.float64(0.3011462263681169), 0.95, False, False, False, True, np.float64(43.38105496107303), np.float64(0.7629674936142022), 0.0, 0.0)
Waveform Generated. SNR: 20.00197138462873
calculating stable deltas...
Time taken to compute stable deltas is 37.140859603881836 seconds
calculating Fisher matrix...
Finished derivatives
Calculated Fisher is *atleast* positive-definite.
Time taken to compute FM is 3.619540214538574 seconds
    CV idx16/PN/from_MAP#2 it  20 lam=4.5e-08 ov=0.9999992 chi2=6.542e-04 rel=3.2e-01
Body is not plunging, Fisher should be stable.
waveform shape: (3, 7889537)
Computing SNR for parameters: (np.float64(1000080.5146381404), np.float64(10.000652444255019), np.float64(-0.4998244827985593), np.float64(12.287568618628642), np.float64(0.399988790095846), 1.0, 4.889997184029404, np.float64(1.0470728087597498), np.float64(0.7852949141736492), 0.6283185307179586, 0.5235987755982988, np.float64(0.09789169390656893), 0.2, np.float64(0.3017707241454387), 0.95, False, False, False, True, np.float64(47.22861405382372), np.float64(0.8117720763103919), 0.0, 0.0)
Waveform Generated. SNR: 20.001770533531236
calculating Fisher matrix...
Finished derivatives
Calculated Fisher is *atleast* positive-definite.
Time taken to compute FM is 4.215141773223877 seconds
    CV idx16/PN/from_MAP#2 it  21 lam=1.5e-08 ov=0.9999995 chi2=4.429e-04 rel=3.6e-02
Body is not plunging, Fisher should be stable.
waveform shape: (3, 7889537)
Computing SNR for parameters: (np.float64(1000080.4297530794), np.float64(10.000664509346965), np.float64(-0.4998247446085949), np.float64(12.28756952070052), np.float64(0.3999887716045166), 1.0, 4.889997184029404, np.float64(1.047093029290288), np.float64(0.7852943876911896), 0.6283185307179586, 0.5235987755982988, np.float64(0.0977789401125571), 0.2, np.float64(0.3019974166235932), 0.95, False, False, False, True, np.float64(48.50183324469632), np.float64(0.827876347385471), 0.0, 0.0)
Waveform Generated. SNR: 20.00171748704248
calculating Fisher matrix...
Finished derivatives
Calculated Fisher is *atleast* positive-definite.
Time taken to compute FM is 4.208378314971924 seconds
    CV idx16/PN/from_MAP#2 it  22 lam=5.0e-09 ov=0.9999995 chi2=4.268e-04 rel=6.2e-03
Body is not plunging, Fisher should be stable.
waveform shape: (3, 7889537)
Computing SNR for parameters: (np.float64(1000080.1514576932), np.float64(10.000664654035969), np.float64(-0.4998252373032633), np.float64(12.287571467611428), np.float64(0.39998881692685934), 1.0, 4.889997184029404, np.float64(1.0470964955845212), np.float64(0.7852944104379501), 0.6283185307179586, 0.5235987755982988, np.float64(0.09775827282689602), 0.2, np.float64(0.30202944795604886), 0.95, False, False, False, True, np.float64(48.6178066703553), np.float64(0.8316386747608309), 0.0, 0.0)
Waveform Generated. SNR: 20.001704099896603
calculating Fisher matrix...
Finished derivatives
Calculated Fisher is *atleast* positive-definite.
Time taken to compute FM is 4.238494396209717 seconds
    CV idx16/PN/from_MAP#2 it  23 lam=1.7e-09 ov=0.9999995 chi2=4.242e-04 rel=1.6e-02
Body is not plunging, Fisher should be stable.
waveform shape: (3, 7889537)
Computing SNR for parameters: (np.float64(1000079.3508052471), np.float64(10.0006590043276), np.float64(-0.49982660091592496), np.float64(12.287576926699854), np.float64(0.39998896229918535), 1.0, 4.889997184029404, np.float64(1.0470967940908265), np.float64(0.7852954156424113), 0.6283185307179586, 0.5235987755982988, np.float64(0.09778570928642079), 0.2, np.float64(0.302007407573527), 0.95, False, False, False, True, np.float64(48.320845575751974), np.float64(0.8346397080208142), 0.0, 0.0)
Waveform Generated. SNR: 20.001689368229417
calculating Fisher matrix...
Finished derivatives
Calculated Fisher is not positive semi-definite. Try lowering inspiral error tolerance or increasing the derivative order.
Time taken to compute FM is 4.245160102844238 seconds
    CV idx16/PN/from_MAP#2 it  24 lam=5.5e-10 ov=0.9999995 chi2=4.175e-04 rel=4.4e-02
Body is not plunging, Fisher should be stable.
waveform shape: (3, 7889537)
Computing SNR for parameters: (np.float64(1000077.1131564769), np.float64(10.000643898590555), np.float64(-0.4998304139985362), np.float64(12.287592180613514), np.float64(0.3999893688083727), 1.0, 4.889997184029404, np.float64(1.0470986963837383), np.float64(0.7852984670682913), 0.6283185307179586, 0.5235987755982988, np.float64(0.09783395015616315), 0.2, np.float64(0.3019658512214399), 0.95, False, False, False, True, np.float64(47.56896586670364), np.float64(0.8446278497034773), 0.0, 0.0)
Waveform Generated. SNR: 20.001636821016195
calculating stable deltas...
Time taken to compute stable deltas is 37.935240030288696 seconds
calculating Fisher matrix...
Finished derivatives
Calculated Fisher is *atleast* positive-definite.
Time taken to compute FM is 3.6472666263580322 seconds
    CV idx16/PN/from_MAP#2 it  25 lam=1.8e-10 ov=0.9999995 chi2=3.992e-04 rel=1.2e-01
Body is not plunging, Fisher should be stable.
waveform shape: (3, 7889537)
Computing SNR for parameters: (np.float64(1000070.7907201169), np.float64(10.000600519187016), np.float64(-0.4998411708177562), np.float64(12.287635215735532), np.float64(0.3999905238424069), 1.0, 4.889997184029404, np.float64(1.047103607755804), np.float64(0.7853046459722126), 0.6283185307179586, 0.5235987755982988, np.float64(0.09795173176439095), 0.2, np.float64(0.3018411833908404), 0.95, False, False, False, True, np.float64(45.38808491909958), np.float64(0.874086479793138), 0.0, 0.0)
Waveform Generated. SNR: 20.00151569569682
calculating Fisher matrix...
Finished derivatives
Calculated Fisher is not positive semi-definite. Try lowering inspiral error tolerance or increasing the derivative order.
Time taken to compute FM is 4.247013330459595 seconds
    CV idx16/PN/from_MAP#2 it  26 lam=6.1e-11 ov=0.9999996 chi2=3.511e-04 rel=3.0e-01
Body is not plunging, Fisher should be stable.
waveform shape: (3, 7889537)
Computing SNR for parameters: (np.float64(1000054.7876236081), np.float64(10.000493764333994), np.float64(-0.4998684420934841), np.float64(12.287744291310318), np.float64(0.39999343282537175), 1.0, 4.889997184029404, np.float64(1.0471225368497834), np.float64(0.7853226734714032), 0.6283185307179586, 0.5235987755982988, np.float64(0.09821671357650524), 0.2, np.float64(0.3015621396653264), 0.95, False, False, False, True, np.float64(40.1597109316529), np.float64(0.9491121038831535), 0.0, 0.0)
Waveform Generated. SNR: 20.001176876173286
calculating Fisher matrix...
Finished derivatives
Calculated Fisher is not positive semi-definite. Try lowering inspiral error tolerance or increasing the derivative order.
Time taken to compute FM is 4.255920886993408 seconds
    CV idx16/PN/from_MAP#2 it  27 lam=1.6e-10 ov=0.9999997 chi2=2.442e-04 rel=1.6e-01
Body is not plunging, Fisher should be stable.
waveform shape: (3, 7889537)
Computing SNR for parameters: (np.float64(1000049.191904876), np.float64(10.000456185903797), np.float64(-0.499877975510582), np.float64(12.287782422180713), np.float64(0.3999944508465113), 1.0, 4.889997184029404, np.float64(1.0471294036346763), np.float64(0.7853284697908498), 0.6283185307179586, 0.5235987755982988, np.float64(0.09830426091347037), 0.2, np.float64(0.3014573273288243), 0.95, False, False, False, True, np.float64(38.30793804600909), np.float64(0.9752809363604527), 0.0, 0.0)
Waveform Generated. SNR: 20.001065938098506
calculating Fisher matrix...
Finished derivatives
Calculated Fisher is *atleast* positive-definite.
Time taken to compute FM is 4.22222900390625 seconds
    CV idx16/PN/from_MAP#2 it  28 lam=5.5e-11 ov=0.9999997 chi2=2.055e-04 rel=3.3e-01
Body is not plunging, Fisher should be stable.
waveform shape: (3, 7889537)
Computing SNR for parameters: (np.float64(1000035.7536718225), np.float64(10.000366729460799), np.float64(-0.4999008798619965), np.float64(12.287874028142848), np.float64(0.3999968925127314), 1.0, 4.889997184029404, np.float64(1.0471451709946489), np.float64(0.7853442892908685), 0.6283185307179586, 0.5235987755982988, np.float64(0.09851759193227842), 0.2, np.float64(0.30122483000170497), 0.95, False, False, False, True, np.float64(33.93642500378567), np.float64(1.038249622706804), 0.0, 0.0)
Waveform Generated. SNR: 20.000780425438393
calculating Fisher matrix...
Finished derivatives
Calculated Fisher is *atleast* positive-definite.
Time taken to compute FM is 4.227125406265259 seconds
    CV idx16/PN/from_MAP#2 it  29 lam=9.2e-11 ov=0.9999998 chi2=1.371e-04 rel=3.9e-02
Body is not plunging, Fisher should be stable.
waveform shape: (3, 7889537)
Computing SNR for parameters: (np.float64(1000012.3938980135), np.float64(10.000209000908608), np.float64(-0.4999406678302345), np.float64(12.288033184770741), np.float64(0.4000011458062615), 1.0, 4.889997184029404, np.float64(1.0471712255417325), np.float64(0.7853692084884292), 0.6283185307179586, 0.5235987755982988, np.float64(0.09893791485379583), 0.2, np.float64(0.3007901424730254), 0.95, False, False, False, True, np.float64(26.11458048837518), np.float64(1.146544209486509), 0.0, 0.0)
Waveform Generated. SNR: 20.00028825695737
calculating stable deltas...
Time taken to compute stable deltas is 37.23935508728027 seconds
calculating Fisher matrix...
Finished derivatives
Calculated Fisher is *atleast* positive-definite.
Time taken to compute FM is 3.6479151248931885 seconds
    CV idx16/PN/from_MAP#2 it  30 lam=3.1e-11 ov=0.9999998 chi2=1.317e-04 rel=7.9e-01
Body is not plunging, Fisher should be stable.
waveform shape: (3, 7889537)
Computing SNR for parameters: (np.float64(1000002.8433506854), np.float64(10.000145781999773), np.float64(-0.49995695071280905), np.float64(12.288098302285672), np.float64(0.400002880311616), 1.0, 4.889997184029404, np.float64(1.047183028320407), np.float64(0.7853802306192059), 0.6283185307179586, 0.5235987755982988, np.float64(0.0990773968529765), 0.2, np.float64(0.3006282706415949), 0.95, False, False, False, True, np.float64(23.045452572847275), np.float64(1.1919032815458301), 0.0, 0.0)
Waveform Generated. SNR: 20.00009028178386
calculating Fisher matrix...
Finished derivatives
Calculated Fisher is *atleast* positive-definite.
Time taken to compute FM is 4.2458274364471436 seconds
    CV idx16/PN/from_MAP#2 it  31 lam=3.1e-11 ov=1.0000000 chi2=2.780e-05 rel=3.3e-01
Body is not plunging, Fisher should be stable.
waveform shape: (3, 7889537)
Computing SNR for parameters: (np.float64(999990.2685029631), np.float64(10.000060401651295), np.float64(-0.49997836414007235), np.float64(12.288183964073086), np.float64(0.40000517172526556), 1.0, 4.889997184029404, np.float64(1.047194568975236), np.float64(0.785393183532843), 0.6283185307179586, 0.5235987755982988, np.float64(0.0993084124981896), 0.2, np.float64(0.30038240181385784), 0.95, False, False, False, True, np.float64(18.78729507424391), np.float64(1.2500861948608168), 0.0, 0.0)
Waveform Generated. SNR: 19.999833656020087
The optimal source SNR is <= 20. The Fisher approximation may not be valid!
calculating Fisher matrix...
Finished derivatives
Calculated Fisher is *atleast* positive-definite.
Time taken to compute FM is 4.240575313568115 seconds
    CV idx16/PN/from_MAP#2 it  32 lam=8.1e-11 ov=1.0000000 chi2=1.866e-05 rel=5.5e-01
Body is not plunging, Fisher should be stable.
waveform shape: (3, 7889537)
Computing SNR for parameters: (np.float64(999988.8080946987), np.float64(10.000050200670508), np.float64(-0.49998084818908756), np.float64(12.288193903453157), np.float64(0.4000054389465609), 1.0, 4.889997184029404, np.float64(1.0471957321184353), np.float64(0.7853954104888292), 0.6283185307179586, 0.5235987755982988, np.float64(0.09934716666173245), 0.2, np.float64(0.30035511018212274), 0.95, False, False, False, True, np.float64(18.264803615765704), np.float64(1.2565706729505532), 0.0, 0.0)
Waveform Generated. SNR: 19.99980817294969
The optimal source SNR is <= 20. The Fisher approximation may not be valid!
calculating Fisher matrix...
Finished derivatives
Calculated Fisher is not positive semi-definite. Try lowering inspiral error tolerance or increasing the derivative order.
Time taken to compute FM is 4.219927072525024 seconds
    CV idx16/PN/from_MAP#2 it  33 lam=5.4e-11 ov=1.0000000 chi2=8.394e-06 rel=1.4e-01
Body is not plunging, Fisher should be stable.
waveform shape: (3, 7889537)
Computing SNR for parameters: (np.float64(999987.1110745919), np.float64(10.00003885728866), np.float64(-0.4999837401784647), np.float64(12.288205470225018), np.float64(0.4000057475479682), 1.0, 4.889997184029404, np.float64(1.0471977152120258), np.float64(0.7853971841527716), 0.6283185307179586, 0.5235987755982988, np.float64(0.09937461217746221), 0.2, np.float64(0.3003248532767173), 0.95, False, False, False, True, np.float64(17.708289907027904), np.float64(1.2645289357954828), 0.0, 0.0)
Waveform Generated. SNR: 19.999767077170173
The optimal source SNR is <= 20. The Fisher approximation may not be valid!
calculating Fisher matrix...
Finished derivatives
Calculated Fisher is *atleast* positive-definite.
Time taken to compute FM is 4.255189418792725 seconds
    CV idx16/PN/from_MAP#2 it  34 lam=1.8e-11 ov=1.0000000 chi2=7.239e-06 rel=1.8e-01
Body is not plunging, Fisher should be stable.
waveform shape: (3, 7889537)
Computing SNR for parameters: (np.float64(999984.1776494385), np.float64(10.00001914245405), np.float64(-0.49998873817860295), np.float64(12.288225461574358), np.float64(0.4000062812708378), 1.0, 4.889997184029404, np.float64(1.0472011385162536), np.float64(0.7854005531040485), 0.6283185307179586, 0.5235987755982988, np.float64(0.09942485871109812), 0.2, np.float64(0.3002719139654637), 0.95, False, False, False, True, np.float64(16.735227228378456), np.float64(1.278172562026323), 0.0, 0.0)
Waveform Generated. SNR: 19.999704627686533
The optimal source SNR is <= 20. The Fisher approximation may not be valid!
calculating stable deltas...
Time taken to compute stable deltas is 37.45272970199585 seconds
calculating Fisher matrix...
Finished derivatives
Calculated Fisher is *atleast* positive-definite.
Time taken to compute FM is 3.6400961875915527 seconds
    CV idx16/PN/from_MAP#2 it  35 lam=3.7e-11 ov=1.0000000 chi2=5.900e-06 rel=2.9e-02
Body is not plunging, Fisher should be stable.
waveform shape: (3, 7889537)
Computing SNR for parameters: (np.float64(999982.1815562702), np.float64(10.00000605949972), np.float64(-0.4999921430807003), np.float64(12.288239076829885), np.float64(0.4000066432133803), 1.0, 4.889997184029404, np.float64(1.0472028840544614), np.float64(0.7854021340039653), 0.6283185307179586, 0.5235987755982988, np.float64(0.09946217369575286), 0.2, np.float64(0.3002416678584403), 0.95, False, False, False, True, np.float64(16.10660647273092), np.float64(1.287734648616718), 0.0, 0.0)
Waveform Generated. SNR: 19.999667635039433
The optimal source SNR is <= 20. The Fisher approximation may not be valid!
calculating Fisher matrix...
Finished derivatives
Calculated Fisher is *atleast* positive-definite.
Time taken to compute FM is 4.305952072143555 seconds
    CV idx16/PN/from_MAP#2 it  36 lam=2.4e-09 ov=1.0000000 chi2=5.728e-06 rel=5.1e-02
Body is not plunging, Fisher should be stable.
waveform shape: (3, 7889537)
Computing SNR for parameters: (np.float64(999981.9895798253), np.float64(10.000004171972288), np.float64(-0.49999246310644946), np.float64(12.28824036374708), np.float64(0.4000066803943814), 1.0, 4.889997184029404, np.float64(1.0472023919855586), np.float64(0.7854029056677362), 0.6283185307179586, 0.5235987755982988, np.float64(0.09946980144412804), 0.2, np.float64(0.3002290014319582), 0.95, False, False, False, True, np.float64(15.98283093133682), np.float64(1.2881829744365245), 0.0, 0.0)
Waveform Generated. SNR: 19.999669706691886
The optimal source SNR is <= 20. The Fisher approximation may not be valid!
calculating Fisher matrix...
Finished derivatives
Calculated Fisher is *atleast* positive-definite.
Time taken to compute FM is 4.216625213623047 seconds
    CV idx16/PN/from_MAP#2 it  37 lam=7.9e-10 ov=1.0000000 chi2=5.438e-06 rel=2.1e-02
Body is not plunging, Fisher should be stable.
waveform shape: (3, 7889537)
Computing SNR for parameters: (np.float64(999981.9459263677), np.float64(10.000004110668154), np.float64(-0.49999254019202277), np.float64(12.288240669432975), np.float64(0.4000066874967194), 1.0, 4.889997184029404, np.float64(1.0472033225229505), np.float64(0.7854029897948099), 0.6283185307179586, 0.5235987755982988, np.float64(0.09946447663284194), 0.2, np.float64(0.30023090865578045), 0.95, False, False, False, True, np.float64(15.99164561748394), np.float64(1.288542733021237), 0.0, 0.0)
Waveform Generated. SNR: 19.999659398578725
The optimal source SNR is <= 20. The Fisher approximation may not be valid!
calculating Fisher matrix...
Finished derivatives
Calculated Fisher is *atleast* positive-definite.
Time taken to compute FM is 4.252556324005127 seconds
    CV idx16/PN/from_MAP#2 it  38 lam=2.6e-09 ov=1.0000000 chi2=5.322e-06 rel=7.9e-04
Body is not plunging, Fisher should be stable.
waveform shape: (3, 7889537)
Computing SNR for parameters: (np.float64(999981.8103232357), np.float64(10.00000313358187), np.float64(-0.4999927704398197), np.float64(12.288241591094907), np.float64(0.40000671240523644), 1.0, 4.889997184029404, np.float64(1.047203197716091), np.float64(0.7854031499015057), 0.6283185307179586, 0.5235987755982988, np.float64(0.09946857521688607), 0.2, np.float64(0.3002275310663586), 0.95, False, False, False, True, np.float64(15.940151598381787), np.float64(1.2891495534427468), 0.0, 0.0)
Waveform Generated. SNR: 19.999657555100892
The optimal source SNR is <= 20. The Fisher approximation may not be valid!
calculating Fisher matrix...
Finished derivatives
Calculated Fisher is *atleast* positive-definite.
Time taken to compute FM is 4.2525410652160645 seconds
    CV idx16/PN/from_MAP#2 it  39 lam=2.6e-09 ov=1.0000000 chi2=5.317e-06 rel=4.2e-03
Body is not plunging, Fisher should be stable.
waveform shape: (3, 7889537)
Computing SNR for parameters: (np.float64(999981.7464607722), np.float64(10.000002799458553), np.float64(-0.4999928802526201), np.float64(12.288242029199504), np.float64(0.4000067237403221), 1.0, 4.889997184029404, np.float64(1.0472035289776271), np.float64(0.7854032358786486), 0.6283185307179586, 0.5235987755982988, np.float64(0.09946762190565453), 0.2, np.float64(0.3002280650694241), 0.95, False, False, False, True, np.float64(15.928648562320108), np.float64(1.2895223455692593), 0.0, 0.0)
Waveform Generated. SNR: 19.999655346953606
The optimal source SNR is <= 20. The Fisher approximation may not be valid!
calculating stable deltas...
Time taken to compute stable deltas is 37.39342522621155 seconds
calculating Fisher matrix...
Finished derivatives
Calculated Fisher is not positive semi-definite. Try lowering inspiral error tolerance or increasing the derivative order.
Time taken to compute FM is 3.6549649238586426 seconds
    CV idx16/PN/from_MAP#2 it  40 lam=2.5e+131 ov=1.0000000 chi2=5.295e-06 rel=0.0e+00
    RESULT idx16/PN/from_MAP: ov 0.9999582 -> 1.0000000, chi2=5.2950e-06
    --- start from_0PA ---
    start overlap = 0.9999765
Body is not plunging, Fisher should be stable.
waveform shape: (3, 7889537)
Computing SNR for parameters: (np.float64(1000076.2148565693), np.float64(10.000207572016354), np.float64(-0.49982969637231434), np.float64(12.287595521035025), np.float64(0.3999898615592501), 1.0, 4.889997184029404, np.float64(1.0461386122700616), np.float64(0.7854298448287487), 0.6283185307179586, 0.5235987755982988, np.float64(0.10989042981510846), 0.2, np.float64(0.2918043371230865), 0.95, False, False, False, True, np.float64(0.0), np.float64(0.0), 0.0, 0.0)
Waveform Generated. SNR: 20.004075007310423
calculating stable deltas...
minimum relative error is greater than 1% for dev_1. Fisher may be unstable!
minimum relative error is greater than 1% for dev_2. Fisher may be unstable!
Time taken to compute stable deltas is 37.713645696640015 seconds
calculating Fisher matrix...
Finished derivatives
Calculated Fisher is *atleast* positive-definite.
Time taken to compute FM is 3.6786959171295166 seconds
    CV idx16/PN/from_0PA#1 it   0 lam=1.3e+09 ov=0.9999765 chi2=1.886e-02 rel=1.2e-12
    NM  nfev=1633 ov 0.9999765 -> 0.9999765 (accepted=True)
Body is not plunging, Fisher should be stable.
waveform shape: (3, 7889537)
Computing SNR for parameters: (np.float64(1000076.2145990274), np.float64(10.000207573681681), np.float64(-0.4998296969998692), np.float64(12.287595522667457), np.float64(0.3999898615371869), 1.0, 4.889997184029404, np.float64(1.046135514516162), np.float64(0.7854335236266976), 0.6283185307179586, 0.5235987755982988, np.float64(0.10989463899787515), 0.2, np.float64(0.2917970910825202), 0.95, False, False, False, True, np.float64(0.0005536948166957877), np.float64(9.061540325092306e-05), 0.0, 0.0)
Waveform Generated. SNR: 20.0040783497169
calculating stable deltas...
minimum relative error is greater than 1% for dev_1. Fisher may be unstable!
minimum relative error is greater than 1% for dev_2. Fisher may be unstable!
Time taken to compute stable deltas is 37.19021821022034 seconds
calculating Fisher matrix...
Finished derivatives
Calculated Fisher is *atleast* positive-definite.
Time taken to compute FM is 3.6677517890930176 seconds
    CV idx16/PN/from_0PA#2 it   0 lam=2.3e+08 ov=0.9999765 chi2=1.886e-02 rel=7.6e-08
Body is not plunging, Fisher should be stable.
waveform shape: (3, 7889537)
Computing SNR for parameters: (np.float64(1000076.2145990274), np.float64(10.000207573681681), np.float64(-0.4998296969998692), np.float64(12.287595522667457), np.float64(0.3999898615371869), 1.0, 4.889997184029404, np.float64(1.0461355145161697), np.float64(0.7854335236266923), 0.6283185307179586, 0.5235987755982988, np.float64(0.10989463899786382), 0.2, np.float64(0.29179709108251506), 0.95, False, False, False, True, np.float64(0.0005536948162039227), np.float64(9.061540325105379e-05), 0.0, 0.0)
Waveform Generated. SNR: 20.004078349714522
calculating Fisher matrix...
Finished derivatives
Calculated Fisher is not positive semi-definite. Try lowering inspiral error tolerance or increasing the derivative order.
Time taken to compute FM is 4.243779420852661 seconds
    CV idx16/PN/from_0PA#2 it   1 lam=4.4e+08 ov=0.9999765 chi2=1.886e-02 rel=5.0e-12
    RESULT idx16/PN/from_0PA: ov 0.9999765 -> 0.9999765, chi2=1.8860e-02
    BEST  idx16/PN: from_MAP ov=1.0000000
==============================================================================
[idx16 (a=-0.5, e0=0.4) | simple | dt=10.0]  SNR=19.999 (A=14.222 E=14.061 T=0.027; T%=0.00)
    --- start from_MAP ---
    start overlap = 0.9999582
Body is not plunging, Fisher should be stable.
waveform shape: (3, 7889537)
Computing SNR for parameters: (np.float64(1000080.6219217406), np.float64(10.000207868316538), np.float64(-0.49982151844922695), np.float64(12.28756149677749), np.float64(0.3999894812991099), 1.0, 4.889997184029404, np.float64(1.0471975511965976), np.float64(0.7853981633974483), 0.6283185307179586, 0.5235987755982988, np.float64(0.10015113551257142), 0.2, np.float64(0.3000224257507746), 0.95, False, False, False, True, 0.0, 0.0, np.float64(0.0), np.float64(0.0))
Waveform Generated. SNR: 20.000143895589694
calculating stable deltas...
minimum relative error is greater than 1% for dev_1. Fisher may be unstable!
minimum relative error is greater than 1% for dev_2. Fisher may be unstable!
Time taken to compute stable deltas is 37.33082389831543 seconds
calculating Fisher matrix...
Finished derivatives
Calculated Fisher is *atleast* positive-definite.
Time taken to compute FM is 3.606321334838867 seconds
    CV idx16/simple/from_MAP#1 it   0 lam=5.2e-03 ov=0.9999582 chi2=3.348e-02 rel=3.2e-01
Body is not plunging, Fisher should be stable.
waveform shape: (3, 7889537)
Computing SNR for parameters: (np.float64(1000080.6215087143), np.float64(10.0002081036498), np.float64(-0.49982143598079587), np.float64(12.287561502486472), np.float64(0.3999894838209718), 1.0, 4.889997184029404, np.float64(1.0460191353808643), np.float64(0.785519865222314), 0.6283185307179586, 0.5235987755982988, np.float64(0.10288217003905399), 0.2, np.float64(0.2963907809696084), 0.95, False, False, False, True, 0.0, 0.0, np.float64(0.003993061197929738), np.float64(0.00030361116727080356))
Waveform Generated. SNR: 20.004009458990573
calculating Fisher matrix...
Finished derivatives
Calculated Fisher is not positive semi-definite. Try lowering inspiral error tolerance or increasing the derivative order.
Time taken to compute FM is 4.239285230636597 seconds
    CV idx16/simple/from_MAP#1 it   1 lam=3.3e-01 ov=0.9999717 chi2=2.270e-02 rel=4.6e-02
Body is not plunging, Fisher should be stable.
waveform shape: (3, 7889537)
Computing SNR for parameters: (np.float64(1000080.6218099422), np.float64(10.00020809002886), np.float64(-0.4998214325430459), np.float64(12.287561504734299), np.float64(0.39998948435581666), 1.0, 4.889997184029404, np.float64(1.0459562254302566), np.float64(0.7855546269316397), 0.6283185307179586, 0.5235987755982988, np.float64(0.1031440535136718), 0.2, np.float64(0.29644162195422813), 0.95, False, False, False, True, 0.0, 0.0, np.float64(0.003880582036591596), np.float64(9.483578067750735e-05))
Waveform Generated. SNR: 20.004361332878887
calculating Fisher matrix...
Finished derivatives
Calculated Fisher is *atleast* positive-definite.
Time taken to compute FM is 4.742429256439209 seconds
    CV idx16/simple/from_MAP#1 it   2 lam=3.0e-01 ov=0.9999730 chi2=2.166e-02 rel=1.2e-02
Body is not plunging, Fisher should be stable.
waveform shape: (3, 7889537)
Computing SNR for parameters: (np.float64(1000080.6219183659), np.float64(10.00020809538317), np.float64(-0.4998214313442502), np.float64(12.287561505515557), np.float64(0.3999894847164154), 1.0, 4.889997184029404, np.float64(1.045986358241595), np.float64(0.7855324245831616), 0.6283185307179586, 0.5235987755982988, np.float64(0.10315026906751269), 0.2, np.float64(0.2962761774222322), 0.95, False, False, False, True, 0.0, 0.0, np.float64(0.004002718389296124), np.float64(6.669069353716283e-05))
Waveform Generated. SNR: 20.004324439506934
calculating Fisher matrix...
Finished derivatives
Calculated Fisher is *atleast* positive-definite.
Time taken to compute FM is 4.574504137039185 seconds
    CV idx16/simple/from_MAP#1 it   3 lam=5.9e-01 ov=0.9999733 chi2=2.141e-02 rel=3.1e-03
Body is not plunging, Fisher should be stable.
waveform shape: (3, 7889537)
Computing SNR for parameters: (np.float64(1000080.6219095761), np.float64(10.00020810279151), np.float64(-0.4998214310534815), np.float64(12.287561505478175), np.float64(0.39998948480631186), 1.0, 4.889997184029404, np.float64(1.045991816783156), np.float64(0.785529848687353), 0.6283185307179586, 0.5235987755982988, np.float64(0.10317743548872929), 0.2, np.float64(0.29621410106240387), 0.95, False, False, False, True, 0.0, 0.0, np.float64(0.004112255550586373), np.float64(4.5514238094824155e-05))
Waveform Generated. SNR: 20.00431276648649
calculating Fisher matrix...
Finished derivatives
Calculated Fisher is not positive semi-definite. Try lowering inspiral error tolerance or increasing the derivative order.
Time taken to compute FM is 4.230583906173706 seconds
    CV idx16/simple/from_MAP#1 it   4 lam=3.8e+01 ov=0.9999734 chi2=2.135e-02 rel=3.1e-04
Body is not plunging, Fisher should be stable.
waveform shape: (3, 7889537)
Computing SNR for parameters: (np.float64(1000080.6219052271), np.float64(10.000208103181894), np.float64(-0.4998214310831145), np.float64(12.28756150544767), np.float64(0.3999894848009305), 1.0, 4.889997184029404, np.float64(1.0459912039146442), np.float64(0.7855303496073757), 0.6283185307179586, 0.5235987755982988, np.float64(0.10318007069114357), 0.2, np.float64(0.2962146376555531), 0.95, False, False, False, True, 0.0, 0.0, np.float64(0.004117540659396173), np.float64(4.381461006100251e-05))
Waveform Generated. SNR: 20.004313259233392
calculating stable deltas...
minimum relative error is greater than 1% for dev_2. Fisher may be unstable!
Time taken to compute stable deltas is 37.668649673461914 seconds
calculating Fisher matrix...
Finished derivatives
Calculated Fisher is not positive semi-definite. Try lowering inspiral error tolerance or increasing the derivative order.
Time taken to compute FM is 3.967606544494629 seconds
    CV idx16/simple/from_MAP#1 it   5 lam=1.0e+02 ov=0.9999734 chi2=2.134e-02 rel=6.0e-05
Body is not plunging, Fisher should be stable.
waveform shape: (3, 7889537)
Computing SNR for parameters: (np.float64(1000080.6219047384), np.float64(10.000208103227427), np.float64(-0.49982143108646393), np.float64(12.287561505444236), np.float64(0.3999894848003515), 1.0, 4.889997184029404, np.float64(1.0459911390784806), np.float64(0.7855304056421569), 0.6283185307179586, 0.5235987755982988, np.float64(0.10318036629529591), 0.2, np.float64(0.29621468150112296), 0.95, False, False, False, True, 0.0, 0.0, np.float64(0.00411809965524197), np.float64(4.360247315036949e-05))
Waveform Generated. SNR: 20.004313474628358
calculating Fisher matrix...
Finished derivatives
Calculated Fisher is *atleast* positive-definite.
Time taken to compute FM is 4.253420829772949 seconds
    CV idx16/simple/from_MAP#1 it   6 lam=2.1e+02 ov=0.9999734 chi2=2.134e-02 rel=1.8e-05
Body is not plunging, Fisher should be stable.
waveform shape: (3, 7889537)
Computing SNR for parameters: (np.float64(1000080.6219040236), np.float64(10.00020810329444), np.float64(-0.49982143109131877), np.float64(12.28756150543922), np.float64(0.3999894847995111), 1.0, 4.889997184029404, np.float64(1.045991044191007), np.float64(0.7855304870789004), 0.6283185307179586, 0.5235987755982988, np.float64(0.10318080135910958), 0.2, np.float64(0.2962147421414088), 0.95, False, False, False, True, 0.0, 0.0, np.float64(0.004118928896506449), np.float64(4.345744853213923e-05))
Waveform Generated. SNR: 20.004313514779746
calculating Fisher matrix...
Finished derivatives
Calculated Fisher is *atleast* positive-definite.
Time taken to compute FM is 4.252111911773682 seconds
    CV idx16/simple/from_MAP#1 it   7 lam=2.9e+02 ov=0.9999734 chi2=2.134e-02 rel=3.7e-05
Body is not plunging, Fisher should be stable.
waveform shape: (3, 7889537)
Computing SNR for parameters: (np.float64(1000080.6219033538), np.float64(10.000208103357505), np.float64(-0.4998214310957489), np.float64(12.287561505434528), np.float64(0.3999894847987273), 1.0, 4.889997184029404, np.float64(1.0459909537361969), np.float64(0.785530563550901), 0.6283185307179586, 0.5235987755982988, np.float64(0.1031812147489174), 0.2, np.float64(0.29621479836167697), 0.95, False, False, False, True, 0.0, 0.0, np.float64(0.004119713975083339), np.float64(4.2871105146645e-05))
Waveform Generated. SNR: 20.004317907886275
calculating Fisher matrix...
Finished derivatives
Calculated Fisher is not positive semi-definite. Try lowering inspiral error tolerance or increasing the derivative order.
Time taken to compute FM is 4.259183645248413 seconds
    CV idx16/simple/from_MAP#1 it   8 lam=9.7e+01 ov=0.9999734 chi2=2.134e-02 rel=5.3e-05
Body is not plunging, Fisher should be stable.
waveform shape: (3, 7889537)
Computing SNR for parameters: (np.float64(1000080.6219028911), np.float64(10.000208103401649), np.float64(-0.4998214310988138), np.float64(12.287561505431288), np.float64(0.3999894847981947), 1.0, 4.889997184029404, np.float64(1.0459908927512116), np.float64(0.7855306156048323), 0.6283185307179586, 0.5235987755982988, np.float64(0.10318150008041266), 0.2, np.float64(0.29621483076333915), 0.95, False, False, False, True, 0.0, 0.0, np.float64(0.004120276561799355), np.float64(4.28167280634202e-05))
Waveform Generated. SNR: 20.004313522013796
calculating Fisher matrix...
Finished derivatives
Calculated Fisher is *atleast* positive-definite.
Time taken to compute FM is 4.255377769470215 seconds
    CV idx16/simple/from_MAP#1 it   9 lam=1.5e+02 ov=0.9999734 chi2=2.133e-02 rel=4.9e-05
Body is not plunging, Fisher should be stable.
waveform shape: (3, 7889537)
Computing SNR for parameters: (np.float64(1000080.6219015698), np.float64(10.000208103530118), np.float64(-0.49982143110771493), np.float64(12.287561505422019), np.float64(0.3999894847967097), 1.0, 4.889997184029404, np.float64(1.0459907187226967), np.float64(0.7855307660742457), 0.6283185307179586, 0.5235987755982988, np.float64(0.10318232732763193), 0.2, np.float64(0.29621490585325805), 0.95, False, False, False, True, 0.0, 0.0, np.float64(0.004121907209863236), np.float64(3.665143756531102e-05))
Waveform Generated. SNR: 20.00431714959266
calculating stable deltas...
minimum relative error is greater than 1% for dev_2. Fisher may be unstable!
Time taken to compute stable deltas is 37.01490664482117 seconds
calculating Fisher matrix...
Finished derivatives
Calculated Fisher is *atleast* positive-definite.
Time taken to compute FM is 3.60213303565979 seconds
    CV idx16/simple/from_MAP#1 it  10 lam=4.9e+01 ov=0.9999734 chi2=2.133e-02 rel=7.7e-05
Body is not plunging, Fisher should be stable.
waveform shape: (3, 7889537)
Computing SNR for parameters: (np.float64(1000080.6219007603), np.float64(10.000208103610692), np.float64(-0.4998214311127738), np.float64(12.287561505416374), np.float64(0.3999894847958288), 1.0, 4.889997184029404, np.float64(1.0459906140898116), np.float64(0.7855308543871328), 0.6283185307179586, 0.5235987755982988, np.float64(0.10318284098824049), 0.2, np.float64(0.2962149320812496), 0.95, False, False, False, True, 0.0, 0.0, np.float64(0.004122873706803506), np.float64(3.665170818231911e-05))
Waveform Generated. SNR: 20.004313792501065
calculating Fisher matrix...
Finished derivatives
Calculated Fisher is not positive semi-definite. Try lowering inspiral error tolerance or increasing the derivative order.
Time taken to compute FM is 4.232518911361694 seconds
    CV idx16/simple/from_MAP#1 it  11 lam=7.7e+01 ov=0.9999734 chi2=2.133e-02 rel=1.0e-04
Body is not plunging, Fisher should be stable.
waveform shape: (3, 7889537)
Computing SNR for parameters: (np.float64(1000080.6218984834), np.float64(10.000208103838924), np.float64(-0.49982143112575844), np.float64(12.287561505400628), np.float64(0.39998948479336677), 1.0, 4.889997184029404, np.float64(1.0459902750930612), np.float64(0.7855311107411798), 0.6283185307179586, 0.5235987755982988, np.float64(0.10318438224524443), 0.2, np.float64(0.29621503130360827), 0.95, False, False, False, True, 0.0, 0.0, np.float64(0.004125957713651675), np.float64(3.665549725512425e-05))
Waveform Generated. SNR: 20.004319236401084
calculating Fisher matrix...
Finished derivatives
Calculated Fisher is *atleast* positive-definite.
Time taken to compute FM is 4.24376916885376 seconds
    CV idx16/simple/from_MAP#1 it  12 lam=9.2e+01 ov=0.9999734 chi2=2.133e-02 rel=6.9e-05
Body is not plunging, Fisher should be stable.
waveform shape: (3, 7889537)
Computing SNR for parameters: (np.float64(1000080.6218973657), np.float64(10.000208103963075), np.float64(-0.499821431131363), np.float64(12.287561505392956), np.float64(0.39998948479234514), 1.0, 4.889997184029404, np.float64(1.045990135520935), np.float64(0.7855312214416895), 0.6283185307179586, 0.5235987755982988, np.float64(0.10318515941892313), 0.2, np.float64(0.29621495386738855), 0.95, False, False, False, True, 0.0, 0.0, np.float64(0.004127582018242773), np.float64(3.665811360055493e-05))
Waveform Generated. SNR: 20.00431433188055
calculating Fisher matrix...
Finished derivatives
Calculated Fisher is not positive semi-definite. Try lowering inspiral error tolerance or increasing the derivative order.
Time taken to compute FM is 4.238332509994507 seconds
    CV idx16/simple/from_MAP#1 it  13 lam=9.7e+01 ov=0.9999734 chi2=2.133e-02 rel=2.0e-05
Body is not plunging, Fisher should be stable.
waveform shape: (3, 7889537)
Computing SNR for parameters: (np.float64(1000080.6218964228), np.float64(10.000208104067314), np.float64(-0.4998214311362251), np.float64(12.28756150538647), np.float64(0.3999894847914759), 1.0, 4.889997184029404, np.float64(1.0459900174300358), np.float64(0.7855313166252094), 0.6283185307179586, 0.5235987755982988, np.float64(0.10318581053691708), 0.2, np.float64(0.2962148926699598), 0.95, False, False, False, True, 0.0, 0.0, np.float64(0.004128922254177587), np.float64(3.665783506775758e-05))
Waveform Generated. SNR: 20.004322698811603
calculating Fisher matrix...
Finished derivatives
Calculated Fisher is not positive semi-definite. Try lowering inspiral error tolerance or increasing the derivative order.
Time taken to compute FM is 4.23459267616272 seconds
    CV idx16/simple/from_MAP#1 it  14 lam=6.5e+01 ov=0.9999734 chi2=2.133e-02 rel=4.8e-05
Body is not plunging, Fisher should be stable.
waveform shape: (3, 7889537)
Computing SNR for parameters: (np.float64(1000080.6218959932), np.float64(10.000208104115684), np.float64(-0.49982143113835925), np.float64(12.287561505383522), np.float64(0.3999894847910931), 1.0, 4.889997184029404, np.float64(1.045989964336486), np.float64(0.7855313604696975), 0.6283185307179586, 0.5235987755982988, np.float64(0.10318611110114907), 0.2, np.float64(0.2962148568698331), 0.95, False, False, False, True, 0.0, 0.0, np.float64(0.004129572584691003), np.float64(3.6658150288380096e-05))
Waveform Generated. SNR: 20.004314568557945
calculating stable deltas...
minimum relative error is greater than 1% for dev_2. Fisher may be unstable!
Time taken to compute stable deltas is 37.10797095298767 seconds
calculating Fisher matrix...
Finished derivatives
Calculated Fisher is *atleast* positive-definite.
Time taken to compute FM is 3.617626190185547 seconds
    CV idx16/simple/from_MAP#1 it  15 lam=4.7e+01 ov=0.9999734 chi2=2.133e-02 rel=5.4e-05
Body is not plunging, Fisher should be stable.
waveform shape: (3, 7889537)
Computing SNR for parameters: (np.float64(1000080.621894871), np.float64(10.000208104249984), np.float64(-0.4998214311433741), np.float64(12.287561505375864), np.float64(0.3999894847902136), 1.0, 4.889997184029404, np.float64(1.0459898307341247), np.float64(0.7855314682940483), 0.6283185307179586, 0.5235987755982988, np.float64(0.10318692635533079), 0.2, np.float64(0.29621469136295475), 0.95, False, False, False, True, 0.0, 0.0, np.float64(0.004131375948403274), np.float64(3.666098620695363e-05))
Waveform Generated. SNR: 20.00431473371801
calculating Fisher matrix...
Finished derivatives
Calculated Fisher is *atleast* positive-definite.
Time taken to compute FM is 4.274209976196289 seconds
    CV idx16/simple/from_MAP#1 it  16 lam=1.0e+03 ov=0.9999734 chi2=2.133e-02 rel=1.8e-05
Body is not plunging, Fisher should be stable.
waveform shape: (3, 7889537)
Computing SNR for parameters: (np.float64(1000080.6218948464), np.float64(10.000208104252904), np.float64(-0.4998214311434847), np.float64(12.287561505375695), np.float64(0.39998948479019397), 1.0, 4.889997184029404, np.float64(1.0459898277698116), np.float64(0.78553147068134), 0.6283185307179586, 0.5235987755982988, np.float64(0.10318694418469218), 0.2, np.float64(0.2962146879837459), 0.95, False, False, False, True, 0.0, 0.0, np.float64(0.004131414204612748), np.float64(3.666101754609845e-05))
Waveform Generated. SNR: 20.004314711679534
calculating Fisher matrix...
Finished derivatives
Calculated Fisher is *atleast* positive-definite.
Time taken to compute FM is 4.236676216125488 seconds
    CV idx16/simple/from_MAP#1 it  17 lam=3.8e+07 ov=0.9999734 chi2=2.133e-02 rel=3.7e-11
    NM  nfev=2051 ov 0.9999734 -> 0.9999739 (accepted=True)
Body is not plunging, Fisher should be stable.
waveform shape: (3, 7889537)
Computing SNR for parameters: (np.float64(1000080.6849112889), np.float64(10.000208227912376), np.float64(-0.49982127383323705), np.float64(12.287561008349542), np.float64(0.3999894841119082), 1.0, 4.889997184029404, np.float64(1.0459810730479142), np.float64(0.7855455887844947), 0.6283185307179586, 0.5235987755982988, np.float64(0.10465790410120239), 0.2, np.float64(0.29521118230023896), 0.95, False, False, False, True, 0.0, 0.0, np.float64(0.005671618962296866), np.float64(0.00023920870157477045))
Waveform Generated. SNR: 20.004304827374348
calculating stable deltas...
minimum relative error is greater than 1% for dev_2. Fisher may be unstable!
Time taken to compute stable deltas is 36.9639937877655 seconds
calculating Fisher matrix...
Finished derivatives
Calculated Fisher is *atleast* positive-definite.
Time taken to compute FM is 3.623107433319092 seconds
    CV idx16/simple/from_MAP#2 it   0 lam=9.9e+08 ov=0.9999739 chi2=2.088e-02 rel=9.6e-13
    RESULT idx16/simple/from_MAP: ov 0.9999582 -> 0.9999739, chi2=2.0879e-02
    --- start from_0PA ---
    start overlap = 0.9999765
Body is not plunging, Fisher should be stable.
waveform shape: (3, 7889537)
Computing SNR for parameters: (np.float64(1000076.2148565693), np.float64(10.000207572016354), np.float64(-0.49982969637231434), np.float64(12.287595521035025), np.float64(0.3999898615592501), 1.0, 4.889997184029404, np.float64(1.0461386122700616), np.float64(0.7854298448287487), 0.6283185307179586, 0.5235987755982988, np.float64(0.10989042981510846), 0.2, np.float64(0.2918043371230865), 0.95, False, False, False, True, 0.0, 0.0, np.float64(0.0), np.float64(0.0))
Waveform Generated. SNR: 20.004075007310423
calculating stable deltas...
minimum relative error is greater than 1% for dev_1. Fisher may be unstable!
minimum relative error is greater than 1% for dev_2. Fisher may be unstable!
Time taken to compute stable deltas is 37.19600820541382 seconds
calculating Fisher matrix...
Finished derivatives
Calculated Fisher is *atleast* positive-definite.
Time taken to compute FM is 3.622715711593628 seconds
    CV idx16/simple/from_0PA#1 it   0 lam=5.0e-03 ov=0.9999765 chi2=1.886e-02 rel=3.9e-03
Body is not plunging, Fisher should be stable.
waveform shape: (3, 7889537)
Computing SNR for parameters: (np.float64(1000076.214536538), np.float64(10.000207566731413), np.float64(-0.49982969022418555), np.float64(12.287595519677657), np.float64(0.3999898608001541), 1.0, 4.889997184029404, np.float64(1.0461479635783384), np.float64(0.7854196599387228), 0.6283185307179586, 0.5235987755982988, np.float64(0.10991763786493214), 0.2, np.float64(0.29170019871049824), 0.95, False, False, False, True, 0.0, 0.0, np.float64(0.0013254856387536114), np.float64(-0.008186243293333624))
Waveform Generated. SNR: 20.004080847556487
calculating Fisher matrix...
Finished derivatives
Calculated Fisher is *atleast* positive-definite.
Time taken to compute FM is 4.227978229522705 seconds
    CV idx16/simple/from_0PA#1 it   1 lam=2.9e-01 ov=0.9999765 chi2=1.879e-02 rel=5.7e-04
Body is not plunging, Fisher should be stable.
waveform shape: (3, 7889537)
Computing SNR for parameters: (np.float64(1000076.2145552664), np.float64(10.000207563188543), np.float64(-0.4998296895932318), np.float64(12.287595519865283), np.float64(0.39998986079601245), 1.0, 4.889997184029404, np.float64(1.0461466591751276), np.float64(0.7854187358991989), 0.6283185307179586, 0.5235987755982988, np.float64(0.10993203761130164), 0.2, np.float64(0.2917031147163213), 0.95, False, False, False, True, 0.0, 0.0, np.float64(0.0012834556482566157), np.float64(-0.007972140215786416))
Waveform Generated. SNR: 20.00408380757365
calculating Fisher matrix...
Finished derivatives
Calculated Fisher is *atleast* positive-definite.
Time taken to compute FM is 4.246910810470581 seconds
    CV idx16/simple/from_0PA#1 it   2 lam=4.1e-01 ov=0.9999766 chi2=1.878e-02 rel=1.0e-03
Body is not plunging, Fisher should be stable.
waveform shape: (3, 7889537)
Computing SNR for parameters: (np.float64(1000076.2144426795), np.float64(10.000207568334199), np.float64(-0.49982968949341217), np.float64(12.287595519172617), np.float64(0.39998986059198843), 1.0, 4.889997184029404, np.float64(1.0461460262814242), np.float64(0.7854218281480794), 0.6283185307179586, 0.5235987755982988, np.float64(0.1099679035134378), 0.2, np.float64(0.29172825470287567), 0.95, False, False, False, True, 0.0, 0.0, np.float64(0.0013305618638290702), np.float64(-0.010799169766461088))
Waveform Generated. SNR: 20.004075287739685
calculating Fisher matrix...
Finished derivatives
Calculated Fisher is *atleast* positive-definite.
Time taken to compute FM is 4.258487939834595 seconds
    CV idx16/simple/from_0PA#1 it   3 lam=1.4e-01 ov=0.9999766 chi2=1.876e-02 rel=2.6e-04
Body is not plunging, Fisher should be stable.
waveform shape: (3, 7889537)
Computing SNR for parameters: (np.float64(1000076.2144113209), np.float64(10.000207569985685), np.float64(-0.4998296894123488), np.float64(12.287595518982974), np.float64(0.39998986054362756), 1.0, 4.889997184029404, np.float64(1.0461525363297595), np.float64(0.785419650022532), 0.6283185307179586, 0.5235987755982988, np.float64(0.10995325595002058), 0.2, np.float64(0.2917127238062226), 0.95, False, False, False, True, 0.0, 0.0, np.float64(0.0013233612564026596), np.float64(-0.010877093925584882))
Waveform Generated. SNR: 20.004065306632775
calculating Fisher matrix...
Finished derivatives
Calculated Fisher is not positive semi-definite. Try lowering inspiral error tolerance or increasing the derivative order.
Time taken to compute FM is 4.216602325439453 seconds
    CV idx16/simple/from_0PA#1 it   4 lam=4.5e-02 ov=0.9999766 chi2=1.875e-02 rel=2.3e-04
Body is not plunging, Fisher should be stable.
waveform shape: (3, 7889537)
Computing SNR for parameters: (np.float64(1000076.2143616722), np.float64(10.000207571086156), np.float64(-0.49982968884895207), np.float64(12.287595518729761), np.float64(0.3999898604488915), 1.0, 4.889997184029404, np.float64(1.0461544587425553), np.float64(0.7854190867429629), 0.6283185307179586, 0.5235987755982988, np.float64(0.10993786464419775), 0.2, np.float64(0.2916901141824919), 0.95, False, False, False, True, 0.0, 0.0, np.float64(0.0013413843745385232), np.float64(-0.0111876011918289))
Waveform Generated. SNR: 20.004052848295615
calculating stable deltas...
minimum relative error is greater than 1% for dev_1. Fisher may be unstable!
minimum relative error is greater than 1% for dev_2. Fisher may be unstable!
Time taken to compute stable deltas is 37.12898540496826 seconds
calculating Fisher matrix...
Finished derivatives
Calculated Fisher is not positive semi-definite. Try lowering inspiral error tolerance or increasing the derivative order.
Time taken to compute FM is 3.6409122943878174 seconds
    CV idx16/simple/from_0PA#1 it   5 lam=1.5e-02 ov=0.9999766 chi2=1.875e-02 rel=1.1e-03
Body is not plunging, Fisher should be stable.
waveform shape: (3, 7889537)
Computing SNR for parameters: (np.float64(1000076.2141667552), np.float64(10.00020757969355), np.float64(-0.4998296877845495), np.float64(12.287595517608432), np.float64(0.3999898601343141), 1.0, 4.889997184029404, np.float64(1.046157734338715), np.float64(0.7854201931964375), 0.6283185307179586, 0.5235987755982988, np.float64(0.10991407393303188), 0.2, np.float64(0.29165598744170396), 0.95, False, False, False, True, 0.0, 0.0, np.float64(0.0013547414545145315), np.float64(-0.013583033411041202))
Waveform Generated. SNR: 20.004044335460698
calculating Fisher matrix...
Finished derivatives
Calculated Fisher is not positive semi-definite. Try lowering inspiral error tolerance or increasing the derivative order.
Time taken to compute FM is 4.230624198913574 seconds
    CV idx16/simple/from_0PA#1 it   6 lam=1.4e-02 ov=0.9999766 chi2=1.873e-02 rel=4.4e-03
Body is not plunging, Fisher should be stable.
waveform shape: (3, 7889537)
Computing SNR for parameters: (np.float64(1000076.2137550695), np.float64(10.000207573529574), np.float64(-0.49982968062059063), np.float64(12.287595515770706), np.float64(0.39998985919433105), 1.0, 4.889997184029404, np.float64(1.0461659219015662), np.float64(0.7854136591214949), 0.6283185307179586, 0.5235987755982988, np.float64(0.10996964854866247), 0.2, np.float64(0.29153607566891576), 0.95, False, False, False, True, 0.0, 0.0, np.float64(0.0025481488248836432), np.float64(-0.022721105661485934))
Waveform Generated. SNR: 20.00402816159544
calculating Fisher matrix...
Finished derivatives
Calculated Fisher is not positive semi-definite. Try lowering inspiral error tolerance or increasing the derivative order.
Time taken to compute FM is 4.2413249015808105 seconds
    CV idx16/simple/from_0PA#1 it   7 lam=1.3e-02 ov=0.9999767 chi2=1.865e-02 rel=3.8e-03
Body is not plunging, Fisher should be stable.
waveform shape: (3, 7889537)
Computing SNR for parameters: (np.float64(1000076.2132214385), np.float64(10.000207577726114), np.float64(-0.4998296742531714), np.float64(12.287595513045751), np.float64(0.39998985818986915), 1.0, 4.889997184029404, np.float64(1.0461819879102203), np.float64(0.7854099302824622), 0.6283185307179586, 0.5235987755982988, np.float64(0.10998179840221087), 0.2, np.float64(0.29140884591208166), 0.95, False, False, False, True, 0.0, 0.0, np.float64(0.00347519494671759), np.float64(-0.03176470660179226))
Waveform Generated. SNR: 20.003987259226143
calculating Fisher matrix...
Finished derivatives
Calculated Fisher is not positive semi-definite. Try lowering inspiral error tolerance or increasing the derivative order.
Time taken to compute FM is 4.25199294090271 seconds
    CV idx16/simple/from_0PA#1 it   8 lam=4.4e-03 ov=0.9999768 chi2=1.858e-02 rel=2.7e-03
Body is not plunging, Fisher should be stable.
waveform shape: (3, 7889537)
Computing SNR for parameters: (np.float64(1000076.2126847006), np.float64(10.000207595419292), np.float64(-0.4998296703111138), np.float64(12.287595509988245), np.float64(0.39998985747388127), 1.0, 4.889997184029404, np.float64(1.04619235955465), np.float64(0.7854104439165642), 0.6283185307179586, 0.5235987755982988, np.float64(0.10994877744916834), 0.2, np.float64(0.29130732661189374), 0.95, False, False, False, True, 0.0, 0.0, np.float64(0.0037104084404534095), np.float64(-0.038731698906722456))
Waveform Generated. SNR: 20.00393829388937
calculating Fisher matrix...
Finished derivatives
Calculated Fisher is not positive semi-definite. Try lowering inspiral error tolerance or increasing the derivative order.
Time taken to compute FM is 4.2738916873931885 seconds
    CV idx16/simple/from_0PA#1 it   9 lam=1.5e+00 ov=0.9999769 chi2=1.853e-02 rel=3.0e-05
Body is not plunging, Fisher should be stable.
waveform shape: (3, 7889537)
Computing SNR for parameters: (np.float64(1000076.2126821299), np.float64(10.00020759558629), np.float64(-0.49982967032275283), np.float64(12.287595509970497), np.float64(0.3999898574709795), 1.0, 4.889997184029404, np.float64(1.0461925973784945), np.float64(0.7854105957822581), 0.6283185307179586, 0.5235987755982988, np.float64(0.10994862680703388), 0.2, np.float64(0.2913068285668102), 0.95, False, False, False, True, 0.0, 0.0, np.float64(0.0037041107789836268), np.float64(-0.0387275253825278))
Waveform Generated. SNR: 20.00393692752908
calculating stable deltas...
minimum relative error is greater than 1% for dev_1. Fisher may be unstable!
Time taken to compute stable deltas is 37.26049065589905 seconds
calculating Fisher matrix...
Finished derivatives
Calculated Fisher is not positive semi-definite. Try lowering inspiral error tolerance or increasing the derivative order.
Time taken to compute FM is 3.634936809539795 seconds
    CV idx16/simple/from_0PA#1 it  10 lam=1.0e+06 ov=0.9999769 chi2=1.853e-02 rel=6.2e-05
Body is not plunging, Fisher should be stable.
waveform shape: (3, 7889537)
Computing SNR for parameters: (np.float64(1000076.2126821299), np.float64(10.00020759558629), np.float64(-0.49982967032275283), np.float64(12.287595509970497), np.float64(0.3999898574709795), 1.0, 4.889997184029404, np.float64(1.0461925973787527), np.float64(0.785410595782553), 0.6283185307179586, 0.5235987755982988, np.float64(0.10994862680709117), 0.2, np.float64(0.29130682856628526), 0.95, False, False, False, True, 0.0, 0.0, np.float64(0.0037041107809238022), np.float64(-0.03872752539672232))
Waveform Generated. SNR: 20.003941845938904
calculating Fisher matrix...
Finished derivatives
Calculated Fisher is not positive semi-definite. Try lowering inspiral error tolerance or increasing the derivative order.
Time taken to compute FM is 4.223646402359009 seconds
    CV idx16/simple/from_0PA#1 it  11 lam=3.6e+08 ov=0.9999769 chi2=1.852e-02 rel=6.4e-13
    NM  nfev=1685 ov 0.9999769 -> 0.9999769 (accepted=True)
Body is not plunging, Fisher should be stable.
waveform shape: (3, 7889537)
Computing SNR for parameters: (np.float64(1000076.2132819752), np.float64(10.000207596794967), np.float64(-0.49982966613011426), np.float64(12.287595498111937), np.float64(0.39998985852287516), 1.0, 4.889997184029404, np.float64(1.0461957873119354), np.float64(0.7854113063955283), 0.6283185307179586, 0.5235987755982988, np.float64(0.10998922750955786), 0.2, np.float64(0.2912963094518428), 0.95, False, False, False, True, 0.0, 0.0, np.float64(0.0035668694448479123), np.float64(-0.038779530009879375))
Waveform Generated. SNR: 20.003926489558843
calculating stable deltas...
minimum relative error is greater than 1% for dev_1. Fisher may be unstable!
Time taken to compute stable deltas is 37.01758027076721 seconds
calculating Fisher matrix...
Finished derivatives
Calculated Fisher is not positive semi-definite. Try lowering inspiral error tolerance or increasing the derivative order.
Time taken to compute FM is 3.6352131366729736 seconds
    CV idx16/simple/from_0PA#2 it   0 lam=3.3e-03 ov=0.9999769 chi2=1.852e-02 rel=2.9e-03
Body is not plunging, Fisher should be stable.
waveform shape: (3, 7889537)
Computing SNR for parameters: (np.float64(1000076.2126543763), np.float64(10.000207614234544), np.float64(-0.4998296616917092), np.float64(12.287595494475703), np.float64(0.3999898577586628), 1.0, 4.889997184029404, np.float64(1.0462040883897785), np.float64(0.7854077198769679), 0.6283185307179586, 0.5235987755982988, np.float64(0.10996685786011878), 0.2, np.float64(0.29119759845950766), 0.95, False, False, False, True, 0.0, 0.0, np.float64(0.004004809414765824), np.float64(-0.047396709287217266))
Waveform Generated. SNR: 20.00390334436332
calculating Fisher matrix...
Finished derivatives
Calculated Fisher is not positive semi-definite. Try lowering inspiral error tolerance or increasing the derivative order.
Time taken to compute FM is 4.271397352218628 seconds
    CV idx16/simple/from_0PA#2 it   1 lam=1.7e-03 ov=0.9999769 chi2=1.847e-02 rel=5.5e-03
Body is not plunging, Fisher should be stable.
waveform shape: (3, 7889537)
Computing SNR for parameters: (np.float64(1000076.2111611139), np.float64(10.000207632727962), np.float64(-0.4998296480168381), np.float64(12.28759548583722), np.float64(0.3999898565476895), 1.0, 4.889997184029404, np.float64(1.0462305123333777), np.float64(0.7853999153011229), 0.6283185307179586, 0.5235987755982988, np.float64(0.10999383599122092), 0.2, np.float64(0.29094032225948463), 0.95, False, False, False, True, 0.0, 0.0, np.float64(0.005509093128940754), np.float64(-0.06662964977767812))
Waveform Generated. SNR: 20.003829776270106
calculating Fisher matrix...
Finished derivatives
Calculated Fisher is not positive semi-definite. Try lowering inspiral error tolerance or increasing the derivative order.
Time taken to compute FM is 4.254621505737305 seconds
    CV idx16/simple/from_0PA#2 it   2 lam=1.5e-03 ov=0.9999771 chi2=1.837e-02 rel=4.6e-03
Body is not plunging, Fisher should be stable.
waveform shape: (3, 7889537)
Computing SNR for parameters: (np.float64(1000076.2089266098), np.float64(10.000207575772071), np.float64(-0.49982962938751224), np.float64(12.287595471997966), np.float64(0.39998985580815233), 1.0, 4.889997184029404, np.float64(1.0462618959681318), np.float64(0.7853892474080628), 0.6283185307179586, 0.5235987755982988, np.float64(0.11008564197425649), 0.2, np.float64(0.2906062654210373), 0.95, False, False, False, True, 0.0, 0.0, np.float64(0.008102537998412028), np.float64(-0.09030811720170302))
Waveform Generated. SNR: 20.003747503968103
calculating Fisher matrix...
Finished derivatives
Calculated Fisher is *atleast* positive-definite.
Time taken to compute FM is 4.262904405593872 seconds
    CV idx16/simple/from_0PA#2 it   3 lam=1.0e-03 ov=0.9999772 chi2=1.828e-02 rel=1.1e-03
Body is not plunging, Fisher should be stable.
waveform shape: (3, 7889537)
Computing SNR for parameters: (np.float64(1000076.2077196974), np.float64(10.000207587579387), np.float64(-0.49982962514392465), np.float64(12.287595463679647), np.float64(0.39998985644283114), 1.0, 4.889997184029404, np.float64(1.0462716259344063), np.float64(0.7853895007492553), 0.6283185307179586, 0.5235987755982988, np.float64(0.11003468717868882), 0.2, np.float64(0.29053241243025685), 0.95, False, False, False, True, 0.0, 0.0, np.float64(0.007947266189103998), np.float64(-0.09730178377950977))
Waveform Generated. SNR: 20.003709487551873
calculating Fisher matrix...
Finished derivatives
Calculated Fisher is not positive semi-definite. Try lowering inspiral error tolerance or increasing the derivative order.
Time taken to compute FM is 4.282797813415527 seconds
    CV idx16/simple/from_0PA#2 it   4 lam=4.3e-04 ov=0.9999772 chi2=1.826e-02 rel=2.1e-03
Body is not plunging, Fisher should be stable.
waveform shape: (3, 7889537)
Computing SNR for parameters: (np.float64(1000076.204601373), np.float64(10.000207550420154), np.float64(-0.49982961357178685), np.float64(12.287595441459622), np.float64(0.3999898595524207), 1.0, 4.889997184029404, np.float64(1.0462876160902015), np.float64(0.7853845382150455), 0.6283185307179586, 0.5235987755982988, np.float64(0.1100388089582325), 0.2, np.float64(0.2903893842195073), 0.95, False, False, False, True, 0.0, 0.0, np.float64(0.008200784038338156), np.float64(-0.11160023513408594))
Waveform Generated. SNR: 20.003673743867097
calculating stable deltas...
minimum relative error is greater than 1% for dev_1. Fisher may be unstable!
Time taken to compute stable deltas is 36.9814178943634 seconds
calculating Fisher matrix...
Finished derivatives
Calculated Fisher is *atleast* positive-definite.
Time taken to compute FM is 3.6152713298797607 seconds
    CV idx16/simple/from_0PA#2 it   5 lam=1.4e-04 ov=0.9999772 chi2=1.822e-02 rel=3.1e-03
Body is not plunging, Fisher should be stable.
waveform shape: (3, 7889537)
Computing SNR for parameters: (np.float64(1000076.1987652341), np.float64(10.000207475330141), np.float64(-0.49982960631275813), np.float64(12.287595396699727), np.float64(0.39998986961162136), 1.0, 4.889997184029404, np.float64(1.0462857298400565), np.float64(0.7853849829620676), 0.6283185307179586, 0.5235987755982988, np.float64(0.10996035806840213), 0.2, np.float64(0.2904405533174055), 0.95, False, False, False, True, 0.0, 0.0, np.float64(0.005714116314519917), np.float64(-0.11824292755192635))
Waveform Generated. SNR: 20.00367212427338
calculating Fisher matrix...
Finished derivatives
Calculated Fisher is not positive semi-definite. Try lowering inspiral error tolerance or increasing the derivative order.
Time taken to compute FM is 4.2557995319366455 seconds
    CV idx16/simple/from_0PA#2 it   6 lam=2.9e-04 ov=0.9999773 chi2=1.817e-02 rel=6.3e-03
Body is not plunging, Fisher should be stable.
waveform shape: (3, 7889537)
Computing SNR for parameters: (np.float64(1000076.1869027152), np.float64(10.000207842407747), np.float64(-0.4998295858791015), np.float64(12.287595309505992), np.float64(0.39998988748827474), 1.0, 4.889997184029404, np.float64(1.0462963325280494), np.float64(0.7853817065089364), 0.6283185307179586, 0.5235987755982988, np.float64(0.10982005043193223), 0.2, np.float64(0.29042062940621166), 0.95, False, False, False, True, 0.0, 0.0, np.float64(-0.0030559070991390217), np.float64(-0.14758825674509124))
Waveform Generated. SNR: 20.003650042580986
calculating Fisher matrix...
Finished derivatives
Calculated Fisher is not positive semi-definite. Try lowering inspiral error tolerance or increasing the derivative order.
Time taken to compute FM is 4.228226900100708 seconds
    CV idx16/simple/from_0PA#2 it   7 lam=9.5e-05 ov=0.9999775 chi2=1.805e-02 rel=5.0e-03
Body is not plunging, Fisher should be stable.
waveform shape: (3, 7889537)
Computing SNR for parameters: (np.float64(1000076.1778802712), np.float64(10.000207711276518), np.float64(-0.49982957246532655), np.float64(12.287595240785059), np.float64(0.39998990299704623), 1.0, 4.889997184029404, np.float64(1.0462979423489678), np.float64(0.7853796819270733), 0.6283185307179586, 0.5235987755982988, np.float64(0.1097291695674685), 0.2, np.float64(0.29045096107935564), 0.95, False, False, False, True, 0.0, 0.0, np.float64(-0.006368495908918098), np.float64(-0.15892295504739365))
Waveform Generated. SNR: 20.003646917245693
calculating Fisher matrix...
Finished derivatives
Calculated Fisher is *atleast* positive-definite.
Time taken to compute FM is 4.248250246047974 seconds
    CV idx16/simple/from_0PA#2 it   8 lam=8.1e-05 ov=0.9999776 chi2=1.796e-02 rel=1.4e-02
Body is not plunging, Fisher should be stable.
waveform shape: (3, 7889537)
Computing SNR for parameters: (np.float64(1000076.1500990723), np.float64(10.000208167315265), np.float64(-0.4998295365709509), np.float64(12.287595032421454), np.float64(0.3999899500147255), 1.0, 4.889997184029404, np.float64(1.0462925842451665), np.float64(0.785378652454649), 0.6283185307179586, 0.5235987755982988, np.float64(0.10938762099491342), 0.2, np.float64(0.2906767607649995), 0.95, False, False, False, True, 0.0, 0.0, np.float64(-0.025674630171691065), np.float64(-0.2020735238434359))
Waveform Generated. SNR: 20.00367500641478
calculating Fisher matrix...
Finished derivatives
Calculated Fisher is not positive semi-definite. Try lowering inspiral error tolerance or increasing the derivative order.
Time taken to compute FM is 4.259841203689575 seconds
    CV idx16/simple/from_0PA#2 it   9 lam=6.0e-04 ov=0.9999779 chi2=1.770e-02 rel=2.5e-03
Body is not plunging, Fisher should be stable.
waveform shape: (3, 7889537)
Computing SNR for parameters: (np.float64(1000076.1454574838), np.float64(10.000208269228056), np.float64(-0.49982952801368363), np.float64(12.28759499850181), np.float64(0.39998995666914355), 1.0, 4.889997184029404, np.float64(1.0463004488244947), np.float64(0.7853773748592868), 0.6283185307179586, 0.5235987755982988, np.float64(0.10931068637314732), 0.2, np.float64(0.2906391374109939), 0.95, False, False, False, True, 0.0, 0.0, np.float64(-0.02852182203683693), np.float64(-0.2138990231323255))
Waveform Generated. SNR: 20.003656322060866
calculating stable deltas...
Time taken to compute stable deltas is 36.976943254470825 seconds
calculating Fisher matrix...
Finished derivatives
Calculated Fisher is *atleast* positive-definite.
Time taken to compute FM is 3.6262502670288086 seconds
    CV idx16/simple/from_0PA#2 it  10 lam=2.0e-04 ov=0.9999780 chi2=1.766e-02 rel=2.0e-03
Body is not plunging, Fisher should be stable.
waveform shape: (3, 7889537)
Computing SNR for parameters: (np.float64(1000076.1415790963), np.float64(10.00020817661793), np.float64(-0.4998295209347021), np.float64(12.287594969187605), np.float64(0.39998996321401725), 1.0, 4.889997184029404, np.float64(1.0463020374970173), np.float64(0.7853747551397445), 0.6283185307179586, 0.5235987755982988, np.float64(0.10930141874121668), 0.2, np.float64(0.2906301645901065), 0.95, False, False, False, True, 0.0, 0.0, np.float64(-0.029365815409560438), np.float64(-0.21951279122607897))
Waveform Generated. SNR: 20.003656588624406
calculating Fisher matrix...
Finished derivatives
Calculated Fisher is not positive semi-definite. Try lowering inspiral error tolerance or increasing the derivative order.
Time taken to compute FM is 4.224648952484131 seconds
    CV idx16/simple/from_0PA#2 it  11 lam=4.3e-03 ov=0.9999780 chi2=1.763e-02 rel=9.4e-05
Body is not plunging, Fisher should be stable.
waveform shape: (3, 7889537)
Computing SNR for parameters: (np.float64(1000076.1413948328), np.float64(10.000208172373302), np.float64(-0.49982952061101), np.float64(12.28759496779761), np.float64(0.39998996351612165), 1.0, 4.889997184029404, np.float64(1.0463021570991147), np.float64(0.7853746509906555), 0.6283185307179586, 0.5235987755982988, np.float64(0.10930017393613856), 0.2, np.float64(0.290629999520453), 0.95, False, False, False, True, 0.0, 0.0, np.float64(-0.02940702983705345), np.float64(-0.21981599079548705))
Waveform Generated. SNR: 20.003661122788422
calculating Fisher matrix...
Finished derivatives
Calculated Fisher is *atleast* positive-definite.
Time taken to compute FM is 4.256342887878418 seconds
    CV idx16/simple/from_0PA#2 it  12 lam=2.8e-03 ov=0.9999780 chi2=1.762e-02 rel=1.7e-04
Body is not plunging, Fisher should be stable.
waveform shape: (3, 7889537)
Computing SNR for parameters: (np.float64(1000076.1411222174), np.float64(10.000208165244924), np.float64(-0.49982952012445037), np.float64(12.287594965735877), np.float64(0.39998996396524034), 1.0, 4.889997184029404, np.float64(1.0463022205304573), np.float64(0.7853745324132619), 0.6283185307179586, 0.5235987755982988, np.float64(0.10929949753199684), 0.2, np.float64(0.29062972589687885), 0.95, False, False, False, True, 0.0, 0.0, np.float64(-0.029460293021538353), np.float64(-0.22022333710997855))
Waveform Generated. SNR: 20.003658485560525
calculating Fisher matrix...
Finished derivatives
Calculated Fisher is not positive semi-definite. Try lowering inspiral error tolerance or increasing the derivative order.
Time taken to compute FM is 4.2358479499816895 seconds
    CV idx16/simple/from_0PA#2 it  13 lam=9.5e-04 ov=0.9999780 chi2=1.762e-02 rel=3.9e-04
Body is not plunging, Fisher should be stable.
waveform shape: (3, 7889537)
Computing SNR for parameters: (np.float64(1000076.1403069395), np.float64(10.000208141919773), np.float64(-0.4998295187090734), np.float64(12.287594959573513), np.float64(0.3999899652881083), 1.0, 4.889997184029404, np.float64(1.046302632646797), np.float64(0.7853742086673604), 0.6283185307179586, 0.5235987755982988, np.float64(0.10929330978663496), 0.2, np.float64(0.29062906300767255), 0.95, False, False, False, True, 0.0, 0.0, np.float64(-0.029597284078059474), np.float64(-0.22150918353700774))
Waveform Generated. SNR: 20.00365354737497
calculating Fisher matrix...
Finished derivatives
Calculated Fisher is not positive semi-definite. Try lowering inspiral error tolerance or increasing the derivative order.
Time taken to compute FM is 4.279628038406372 seconds
    CV idx16/simple/from_0PA#2 it  14 lam=3.2e-04 ov=0.9999780 chi2=1.761e-02 rel=1.2e-03
Body is not plunging, Fisher should be stable.
waveform shape: (3, 7889537)
Computing SNR for parameters: (np.float64(1000076.1380482531), np.float64(10.00020807775349), np.float64(-0.4998295168787062), np.float64(12.287594942095412), np.float64(0.3999899694970766), 1.0, 4.889997184029404, np.float64(1.0462997312745703), np.float64(0.7853750180329746), 0.6283185307179586, 0.5235987755982988, np.float64(0.10925886113588937), 0.2, np.float64(0.2906717604961866), 0.95, False, False, False, True, 0.0, 0.0, np.float64(-0.030411099812118363), np.float64(-0.22232863237174105))
Waveform Generated. SNR: 20.00366194453371
calculating stable deltas...
Time taken to compute stable deltas is 37.260319232940674 seconds
calculating Fisher matrix...
Finished derivatives
Calculated Fisher is not positive semi-definite. Try lowering inspiral error tolerance or increasing the derivative order.
Time taken to compute FM is 3.66115403175354 seconds
    CV idx16/simple/from_0PA#2 it  15 lam=1.1e-04 ov=0.9999780 chi2=1.759e-02 rel=3.7e-03
Body is not plunging, Fisher should be stable.
waveform shape: (3, 7889537)
Computing SNR for parameters: (np.float64(1000076.1307037856), np.float64(10.000207919312837), np.float64(-0.49982950528530523), np.float64(12.28759488651595), np.float64(0.39998998142170256), 1.0, 4.889997184029404, np.float64(1.046303167325322), np.float64(0.7853733495110639), 0.6283185307179586, 0.5235987755982988, np.float64(0.10917201463971925), 0.2, np.float64(0.2906859914995952), 0.95, False, False, False, True, 0.0, 0.0, np.float64(-0.032347584822290096), np.float64(-0.23373241385236845))
Waveform Generated. SNR: 20.00366208957767
calculating Fisher matrix...
Finished derivatives
Calculated Fisher is *atleast* positive-definite.
Time taken to compute FM is 4.2289347648620605 seconds
    CV idx16/simple/from_0PA#2 it  16 lam=3.5e-05 ov=0.9999781 chi2=1.753e-02 rel=1.1e-02
Body is not plunging, Fisher should be stable.
waveform shape: (3, 7889537)
Computing SNR for parameters: (np.float64(1000076.1094174795), np.float64(10.000207579806082), np.float64(-0.49982947133436906), np.float64(12.287594716051842), np.float64(0.3999900175673913), 1.0, 4.889997184029404, np.float64(1.0463083596925695), np.float64(0.7853699589549396), 0.6283185307179586, 0.5235987755982988, np.float64(0.10892359837457645), 0.2, np.float64(0.2907697795087253), 0.95, False, False, False, True, 0.0, 0.0, np.float64(-0.03984319684200134), np.float64(-0.2659849796788596))
Waveform Generated. SNR: 20.003655359864243
calculating Fisher matrix...
Finished derivatives
Calculated Fisher is not positive semi-definite. Try lowering inspiral error tolerance or increasing the derivative order.
Time taken to compute FM is 4.23067045211792 seconds
    CV idx16/simple/from_0PA#2 it  17 lam=5.3e-05 ov=0.9999784 chi2=1.734e-02 rel=2.5e-03
Body is not plunging, Fisher should be stable.
waveform shape: (3, 7889537)
Computing SNR for parameters: (np.float64(1000076.0539762812), np.float64(10.00020605783943), np.float64(-0.4998293937977472), np.float64(12.287594305777322), np.float64(0.39999010897835025), 1.0, 4.889997184029404, np.float64(1.0463154783420123), np.float64(0.7853627814488617), 0.6283185307179586, 0.5235987755982988, np.float64(0.10825591297358998), 0.2, np.float64(0.2910418134344445), 0.95, False, False, False, True, 0.0, 0.0, np.float64(-0.052488216192720795), np.float64(-0.3360454060130348))
Waveform Generated. SNR: 20.003415684321546
calculating Fisher matrix...
Finished derivatives
Calculated Fisher is not positive semi-definite. Try lowering inspiral error tolerance or increasing the derivative order.
Time taken to compute FM is 4.2602362632751465 seconds
    CV idx16/simple/from_0PA#2 it  18 lam=1.8e-05 ov=0.9999784 chi2=1.730e-02 rel=3.7e-02
Body is not plunging, Fisher should be stable.
waveform shape: (3, 7889537)
Computing SNR for parameters: (np.float64(1000076.0148075682), np.float64(10.000206048918496), np.float64(-0.49982935623942365), np.float64(12.28759408147272), np.float64(0.39999016688771105), 1.0, 4.889997184029404, np.float64(1.0463202390398536), np.float64(0.7853612531814275), 0.6283185307179586, 0.5235987755982988, np.float64(0.10779788764451984), 0.2, np.float64(0.29126933129821053), 0.95, False, False, False, True, 0.0, 0.0, np.float64(-0.07040498141646112), np.float64(-0.3876594675996978))
Waveform Generated. SNR: 20.003647413340207
calculating Fisher matrix...
Finished derivatives
Calculated Fisher is not positive semi-definite. Try lowering inspiral error tolerance or increasing the derivative order.
Time taken to compute FM is 4.231568336486816 seconds
    CV idx16/simple/from_0PA#2 it  19 lam=2.1e-05 ov=0.9999792 chi2=1.666e-02 rel=6.5e-03
Body is not plunging, Fisher should be stable.
waveform shape: (3, 7889537)
Computing SNR for parameters: (np.float64(1000075.9368666396), np.float64(10.000203908751237), np.float64(-0.49982922724594486), np.float64(12.287593434113848), np.float64(0.39999030228300086), 1.0, 4.889997184029404, np.float64(1.0463322021649737), np.float64(0.7853471448128477), 0.6283185307179586, 0.5235987755982988, np.float64(0.10688941340439878), 0.2, np.float64(0.2915880629948881), 0.95, False, False, False, True, 0.0, 0.0, np.float64(-0.0898047754907436), np.float64(-0.4967510585591463))
Waveform Generated. SNR: 20.003415961752832
calculating stable deltas...
Time taken to compute stable deltas is 39.24166965484619 seconds
calculating Fisher matrix...
Finished derivatives
Calculated Fisher is *atleast* positive-definite.
Time taken to compute FM is 3.6230549812316895 seconds
    CV idx16/simple/from_0PA#2 it  20 lam=7.0e-06 ov=0.9999793 chi2=1.655e-02 rel=3.9e-02
Body is not plunging, Fisher should be stable.
waveform shape: (3, 7889537)
Computing SNR for parameters: (np.float64(1000075.8837608589), np.float64(10.000202405615346), np.float64(-0.4998291610098258), np.float64(12.287593065552814), np.float64(0.3999903878998418), 1.0, 4.889997184029404, np.float64(1.0463428441486005), np.float64(0.7853410889400764), 0.6283185307179586, 0.5235987755982988, np.float64(0.10624264914223283), 0.2, np.float64(0.2918871622528768), 0.95, False, False, False, True, 0.0, 0.0, np.float64(-0.1011994599679753), np.float64(-0.5576217727837551))
Waveform Generated. SNR: 20.00363352930934
calculating Fisher matrix...
Finished derivatives
Calculated Fisher is not positive semi-definite. Try lowering inspiral error tolerance or increasing the derivative order.
Time taken to compute FM is 4.248937606811523 seconds
    CV idx16/simple/from_0PA#2 it  21 lam=2.0e-05 ov=0.9999801 chi2=1.592e-02 rel=4.9e-03
Body is not plunging, Fisher should be stable.
waveform shape: (3, 7889537)
Computing SNR for parameters: (np.float64(1000075.7849131385), np.float64(10.000202134198831), np.float64(-0.4998290206915579), np.float64(12.287592397764532), np.float64(0.3999905393719125), 1.0, 4.889997184029404, np.float64(1.046371688538546), np.float64(0.7853228422486347), 0.6283185307179586, 0.5235987755982988, np.float64(0.10526047439210726), 0.2, np.float64(0.29205106886129334), 0.95, False, False, False, True, 0.0, 0.0, np.float64(-0.14272430805428007), np.float64(-0.7231865495892755))
Waveform Generated. SNR: 20.00359811161365
calculating Fisher matrix...
Finished derivatives
Calculated Fisher is not positive semi-definite. Try lowering inspiral error tolerance or increasing the derivative order.
Time taken to compute FM is 4.256794214248657 seconds
    CV idx16/simple/from_0PA#2 it  22 lam=6.7e-06 ov=0.9999802 chi2=1.584e-02 rel=1.9e-02
Body is not plunging, Fisher should be stable.
waveform shape: (3, 7889537)
Computing SNR for parameters: (np.float64(1000075.766356125), np.float64(10.000200625746425), np.float64(-0.49982902496036197), np.float64(12.287592306828806), np.float64(0.3999905715057768), 1.0, 4.889997184029404, np.float64(1.0463369105468867), np.float64(0.7853309617618252), 0.6283185307179586, 0.5235987755982988, np.float64(0.10494339176928179), 0.2, np.float64(0.29253554716422164), 0.95, False, False, False, True, 0.0, 0.0, np.float64(-0.1396323220905956), np.float64(-0.7026865651309577))
Waveform Generated. SNR: 20.00370123838498
calculating Fisher matrix...
Finished derivatives
Calculated Fisher is not positive semi-definite. Try lowering inspiral error tolerance or increasing the derivative order.
Time taken to compute FM is 4.271086931228638 seconds
    CV idx16/simple/from_0PA#2 it  23 lam=2.2e-06 ov=0.9999806 chi2=1.553e-02 rel=6.3e-03
Body is not plunging, Fisher should be stable.
waveform shape: (3, 7889537)
Computing SNR for parameters: (np.float64(1000075.7068082719), np.float64(10.000197759704532), np.float64(-0.4998289755428726), np.float64(12.287592040515296), np.float64(0.3999906502895592), 1.0, 4.889997184029404, np.float64(1.0463520722154458), np.float64(0.7853221444875543), 0.6283185307179586, 0.5235987755982988, np.float64(0.10438254938978671), 0.2, np.float64(0.29266178331319953), 0.95, False, False, False, True, 0.0, 0.0, np.float64(-0.13429735359997957), np.float64(-0.7537818120674237))
Waveform Generated. SNR: 20.003678967758987
calculating Fisher matrix...
Finished derivatives
Calculated Fisher is not positive semi-definite. Try lowering inspiral error tolerance or increasing the derivative order.
Time taken to compute FM is 4.235692739486694 seconds
    CV idx16/simple/from_0PA#2 it  24 lam=5.9e-06 ov=0.9999807 chi2=1.544e-02 rel=1.0e-03
Body is not plunging, Fisher should be stable.
waveform shape: (3, 7889537)
Computing SNR for parameters: (np.float64(1000075.6820879478), np.float64(10.0001908782646), np.float64(-0.4998290019735545), np.float64(12.287592120884595), np.float64(0.39999066488494517), 1.0, 4.889997184029404, np.float64(1.0463416495497542), np.float64(0.785322046176695), 0.6283185307179586, 0.5235987755982988, np.float64(0.10434515757821028), 0.2, np.float64(0.2927889752539277), 0.95, False, False, False, True, 0.0, 0.0, np.float64(-0.07008136025223086), np.float64(-0.6913189614618875))
Waveform Generated. SNR: 20.00370110966436
calculating stable deltas...
Time taken to compute stable deltas is 37.187119007110596 seconds
calculating Fisher matrix...
Finished derivatives
Calculated Fisher is *atleast* positive-definite.
Time taken to compute FM is 3.640122413635254 seconds
    CV idx16/simple/from_0PA#2 it  25 lam=2.0e-06 ov=0.9999808 chi2=1.542e-02 rel=3.8e-03
Body is not plunging, Fisher should be stable.
waveform shape: (3, 7889537)
Computing SNR for parameters: (np.float64(1000075.6293341921), np.float64(10.000189587786346), np.float64(-0.49982897130695497), np.float64(12.287591952868281), np.float64(0.39999072734780794), 1.0, 4.889997184029404, np.float64(1.046365020575322), np.float64(0.7853155181456338), 0.6283185307179586, 0.5235987755982988, np.float64(0.10387513159133346), 0.2, np.float64(0.29283681473389567), 0.95, False, False, False, True, 0.0, 0.0, np.float64(-0.0752992328287558), np.float64(-0.7439970175943966))
Waveform Generated. SNR: 20.003636127249358
calculating Fisher matrix...
Finished derivatives
Calculated Fisher is *atleast* positive-definite.
Time taken to compute FM is 4.247624635696411 seconds
    CV idx16/simple/from_0PA#2 it  26 lam=2.3e-06 ov=0.9999808 chi2=1.536e-02 rel=1.7e-03
Body is not plunging, Fisher should be stable.
waveform shape: (3, 7889537)
Computing SNR for parameters: (np.float64(1000075.5728474018), np.float64(10.000189872811303), np.float64(-0.499828973645095), np.float64(12.287591908806442), np.float64(0.3999907816859807), 1.0, 4.889997184029404, np.float64(1.0463702085173734), np.float64(0.7853116182561896), 0.6283185307179586, 0.5235987755982988, np.float64(0.10351688577548071), 0.2, np.float64(0.29297447404703447), 0.95, False, False, False, True, 0.0, 0.0, np.float64(-0.09420114465481005), np.float64(-0.7958727907513868))
Waveform Generated. SNR: 20.003639436917208
calculating Fisher matrix...
Finished derivatives
Calculated Fisher is not positive semi-definite. Try lowering inspiral error tolerance or increasing the derivative order.
Time taken to compute FM is 4.24943733215332 seconds
    CV idx16/simple/from_0PA#2 it  27 lam=7.6e-07 ov=0.9999809 chi2=1.534e-02 rel=1.0e-03
Body is not plunging, Fisher should be stable.
waveform shape: (3, 7889537)
Computing SNR for parameters: (np.float64(1000075.5092930218), np.float64(10.000189250681032), np.float64(-0.49982903103343673), np.float64(12.287592108842677), np.float64(0.3999908171795641), 1.0, 4.889997184029404, np.float64(1.0463737708590857), np.float64(0.7853090042498133), 0.6283185307179586, 0.5235987755982988, np.float64(0.10332191313734232), 0.2, np.float64(0.29304776726428056), 0.95, False, False, False, True, 0.0, 0.0, np.float64(-0.09789617853561541), np.float64(-0.8186677595731887))
Waveform Generated. SNR: 20.003630136430026
calculating Fisher matrix...
Finished derivatives
Calculated Fisher is *atleast* positive-definite.
Time taken to compute FM is 4.529803991317749 seconds
    CV idx16/simple/from_0PA#2 it  28 lam=4.1e-07 ov=0.9999809 chi2=1.532e-02 rel=2.1e-03
Body is not plunging, Fisher should be stable.
waveform shape: (3, 7889537)
Computing SNR for parameters: (np.float64(1000075.3646200245), np.float64(10.000185377570974), np.float64(-0.499829275005387), np.float64(12.287593073920988), np.float64(0.39999084575465277), 1.0, 4.889997184029404, np.float64(1.0463736771486962), np.float64(0.7853091437060857), 0.6283185307179586, 0.5235987755982988, np.float64(0.10329515228688384), 0.2, np.float64(0.2930739647180992), 0.95, False, False, False, True, 0.0, 0.0, np.float64(-0.06534828707063813), np.float64(-0.7910927528538885))
Waveform Generated. SNR: 20.003623873274464
calculating Fisher matrix...
Finished derivatives
Calculated Fisher is not positive semi-definite. Try lowering inspiral error tolerance or increasing the derivative order.
Time taken to compute FM is 4.447704792022705 seconds
    CV idx16/simple/from_0PA#2 it  29 lam=3.1e-06 ov=0.9999809 chi2=1.529e-02 rel=5.0e-04
Body is not plunging, Fisher should be stable.
waveform shape: (3, 7889537)
Computing SNR for parameters: (np.float64(1000075.3325478494), np.float64(10.000183750444611), np.float64(-0.49982933119923073), np.float64(12.287593298326064), np.float64(0.3999908509570934), 1.0, 4.889997184029404, np.float64(1.0463744615791715), np.float64(0.7853096266675484), 0.6283185307179586, 0.5235987755982988, np.float64(0.10329755016205394), 0.2, np.float64(0.2930719626574012), 0.95, False, False, False, True, 0.0, 0.0, np.float64(-0.050091482179319365), np.float64(-0.7764463343171898))
Waveform Generated. SNR: 20.003617371009575
calculating stable deltas...
Time taken to compute stable deltas is 37.15039920806885 seconds
calculating Fisher matrix...
Finished derivatives
Calculated Fisher is not positive semi-definite. Try lowering inspiral error tolerance or increasing the derivative order.
Time taken to compute FM is 3.6437933444976807 seconds
    CV idx16/simple/from_0PA#2 it  30 lam=1.3e-06 ov=0.9999809 chi2=1.528e-02 rel=5.8e-04
Body is not plunging, Fisher should be stable.
waveform shape: (3, 7889537)
Computing SNR for parameters: (np.float64(1000075.2949435426), np.float64(10.000182580825722), np.float64(-0.4998293870708251), np.float64(12.287593517007238), np.float64(0.39999086158832525), 1.0, 4.889997184029404, np.float64(1.046375607798317), np.float64(0.7853085795794874), 0.6283185307179586, 0.5235987755982988, np.float64(0.10326561012100993), 0.2, np.float64(0.29307908772548386), 0.95, False, False, False, True, 0.0, 0.0, np.float64(-0.040969186245928595), np.float64(-0.7716131936294809))
Waveform Generated. SNR: 20.003611700921372
calculating Fisher matrix...
Finished derivatives
Calculated Fisher is not positive semi-definite. Try lowering inspiral error tolerance or increasing the derivative order.
Time taken to compute FM is 4.2751665115356445 seconds
    CV idx16/simple/from_0PA#2 it  31 lam=1.9e-05 ov=0.9999809 chi2=1.527e-02 rel=1.0e-04
Body is not plunging, Fisher should be stable.
waveform shape: (3, 7889537)
Computing SNR for parameters: (np.float64(1000075.2717990158), np.float64(10.000186959606534), np.float64(-0.4998293936037441), np.float64(12.287593519064323), np.float64(0.3999908820859738), 1.0, 4.889997184029404, np.float64(1.0463722703380813), np.float64(0.7853085996136017), 0.6283185307179586, 0.5235987755982988, np.float64(0.10314061174099445), 0.2, np.float64(0.29316588837972746), 0.95, False, False, False, True, 0.0, 0.0, np.float64(-0.09086403746220878), np.float64(-0.8321994224943761))
Waveform Generated. SNR: 20.003634600216486
calculating Fisher matrix...
Finished derivatives
Calculated Fisher is not positive semi-definite. Try lowering inspiral error tolerance or increasing the derivative order.
Time taken to compute FM is 4.26969838142395 seconds
    CV idx16/simple/from_0PA#2 it  32 lam=3.7e-05 ov=0.9999809 chi2=1.527e-02 rel=8.1e-05
Body is not plunging, Fisher should be stable.
waveform shape: (3, 7889537)
Computing SNR for parameters: (np.float64(1000075.2703168419), np.float64(10.000187098534356), np.float64(-0.4998294002538238), np.float64(12.28759354742283), np.float64(0.39999088052518433), 1.0, 4.889997184029404, np.float64(1.0463746574751418), np.float64(0.7853080280496847), 0.6283185307179586, 0.5235987755982988, np.float64(0.1031426492946095), 0.2, np.float64(0.2931498454172191), 0.95, False, False, False, True, 0.0, 0.0, np.float64(-0.0917729480728729), np.float64(-0.8311946231229842))
Waveform Generated. SNR: 20.003627392178206
calculating Fisher matrix...
Finished derivatives
Calculated Fisher is not positive semi-definite. Try lowering inspiral error tolerance or increasing the derivative order.
Time taken to compute FM is 4.268362045288086 seconds
    CV idx16/simple/from_0PA#2 it  33 lam=3.5e+135 ov=0.9999809 chi2=1.527e-02 rel=0.0e+00
    RESULT idx16/simple/from_0PA: ov 0.9999765 -> 0.9999809, chi2=1.5267e-02
    BEST  idx16/simple: from_0PA ov=0.9999809
==============================================================================
[idx19 (a=+0.9, e0=0.4) | 0PA | dt=10.0]  SNR=19.930 (A=13.972 E=14.212 T=0.093; T%=0.00)
    --- start from_MAP ---
    start overlap = 0.9928441
Body is not plunging, Fisher should be stable.
waveform shape: (3, 7889537)
Computing SNR for parameters: (np.float64(1000003.4576105161), np.float64(10.000093997061919), np.float64(0.9000064664986214), np.float64(9.002993223514759), np.float64(0.3999973954647369), 1.0, 14.064330275907732, np.float64(1.0471975511965976), np.float64(0.7853981633974483), 0.6283185307179586, 0.5235987755982988, np.float64(0.10483167477823979), 0.2, np.float64(0.29979184652718227), 0.95, False, False, False, False)
Waveform Generated. SNR: 20.02413345026818
calculating stable deltas...
Time taken to compute stable deltas is 37.06493878364563 seconds
calculating Fisher matrix...
Finished derivatives
Calculated Fisher is *atleast* positive-definite.
Time taken to compute FM is 3.452423095703125 seconds
    CV idx19/0PA/from_MAP#1 it   0 lam=3.3e-03 ov=0.9928441 chi2=5.685e+00 rel=1.8e-01
Body is not plunging, Fisher should be stable.
waveform shape: (3, 7889537)
Computing SNR for parameters: (np.float64(1000003.4516958393), np.float64(10.000094429546232), np.float64(0.9000065397948407), np.float64(9.002993221201788), np.float64(0.39999743261755294), 1.0, 14.064330275907732, np.float64(1.0429209283978063), np.float64(0.7830689733782493), 0.6283185307179586, 0.5235987755982988, np.float64(0.14122616414993083), 0.2, np.float64(0.25507373819941465), 0.95, False, False, False, False)
Waveform Generated. SNR: 20.067463514024293
calculating Fisher matrix...
Finished derivatives
Calculated Fisher is *atleast* positive-definite.
Time taken to compute FM is 4.10481858253479 seconds
    CV idx19/0PA/from_MAP#1 it   1 lam=1.1e-03 ov=0.9941169 chi2=4.685e+00 rel=5.0e-02
Body is not plunging, Fisher should be stable.
waveform shape: (3, 7889537)
Computing SNR for parameters: (np.float64(1000003.4341610204), np.float64(10.000095708736788), np.float64(0.9000067207188186), np.float64(9.002993209539566), np.float64(0.3999975110251134), 1.0, 14.064330275907732, np.float64(1.04234740345549), np.float64(0.7826295710942602), 0.6283185307179586, 0.5235987755982988, np.float64(0.15999486869046425), 0.2, np.float64(0.24913938322579762), 0.95, False, False, False, False)
Waveform Generated. SNR: 20.071729157539785
calculating Fisher matrix...
Finished derivatives
Calculated Fisher is *atleast* positive-definite.
Time taken to compute FM is 4.075481414794922 seconds
    CV idx19/0PA/from_MAP#1 it   2 lam=3.7e-04 ov=0.9944130 chi2=4.451e+00 rel=7.5e-02
Body is not plunging, Fisher should be stable.
waveform shape: (3, 7889537)
Computing SNR for parameters: (np.float64(1000003.4110898259), np.float64(10.00009857367418), np.float64(0.9000070616085106), np.float64(9.002993264569792), np.float64(0.39999761464185707), 1.0, 14.064330275907732, np.float64(1.0415091239165466), np.float64(0.7821167849697148), 0.6283185307179586, 0.5235987755982988, np.float64(0.18635288947706347), 0.2, np.float64(0.23998873807561752), 0.95, False, False, False, False)
Waveform Generated. SNR: 20.07558032819006
calculating Fisher matrix...
Finished derivatives
Calculated Fisher is *atleast* positive-definite.
Time taken to compute FM is 4.034825086593628 seconds
    CV idx19/0PA/from_MAP#1 it   3 lam=1.2e-04 ov=0.9948376 chi2=4.115e+00 rel=7.7e-02
Body is not plunging, Fisher should be stable.
waveform shape: (3, 7889537)
Computing SNR for parameters: (np.float64(1000003.4270947891), np.float64(10.000104053035423), np.float64(0.9000074577675697), np.float64(9.002993655989112), np.float64(0.39999761393772554), 1.0, 14.064330275907732, np.float64(1.0410981437757456), np.float64(0.7817002709980635), 0.6283185307179586, 0.5235987755982988, np.float64(0.21435723592512784), 0.2, np.float64(0.2247663264388527), 0.95, False, False, False, False)
Waveform Generated. SNR: 20.07708290718308
calculating Fisher matrix...
Finished derivatives
Calculated Fisher is *atleast* positive-definite.
Time taken to compute FM is 4.08065390586853 seconds
    CV idx19/0PA/from_MAP#1 it   4 lam=4.1e-05 ov=0.9952381 chi2=3.798e+00 rel=8.7e-02
Body is not plunging, Fisher should be stable.
waveform shape: (3, 7889537)
Computing SNR for parameters: (np.float64(1000003.540180288), np.float64(10.000113563167895), np.float64(0.9000077818694857), np.float64(9.002994735756046), np.float64(0.3999973368140365), 1.0, 14.064330275907732, np.float64(1.0421914863460797), np.float64(0.7817024952758985), 0.6283185307179586, 0.5235987755982988, np.float64(0.23297760911354323), 0.2, np.float64(0.20175940322469202), 0.95, False, False, False, False)
Waveform Generated. SNR: 20.067780720958254
calculating stable deltas...
Time taken to compute stable deltas is 37.19446921348572 seconds
calculating Fisher matrix...
Finished derivatives
Calculated Fisher is *atleast* positive-definite.
Time taken to compute FM is 3.4449784755706787 seconds
    CV idx19/0PA/from_MAP#1 it   5 lam=1.4e-05 ov=0.9956476 chi2=3.470e+00 rel=7.1e-02
Body is not plunging, Fisher should be stable.
waveform shape: (3, 7889537)
Computing SNR for parameters: (np.float64(1000003.7174335419), np.float64(10.000125609697324), np.float64(0.9000080596792202), np.float64(9.002996233008743), np.float64(0.39999688592179594), 1.0, 14.064330275907732, np.float64(1.044240857242671), np.float64(0.7818481420761693), 0.6283185307179586, 0.5235987755982988, np.float64(0.24601269592475078), 0.2, np.float64(0.17400657201105857), 0.95, False, False, False, False)
Waveform Generated. SNR: 20.05347616441615
calculating Fisher matrix...
Finished derivatives
Calculated Fisher is *atleast* positive-definite.
Time taken to compute FM is 4.075485467910767 seconds
    CV idx19/0PA/from_MAP#1 it   6 lam=4.6e-06 ov=0.9959536 chi2=3.222e+00 rel=1.8e-02
Body is not plunging, Fisher should be stable.
waveform shape: (3, 7889537)
Computing SNR for parameters: (np.float64(1000003.8437100803), np.float64(10.000133222178784), np.float64(0.9000082316875829), np.float64(9.002997123114476), np.float64(0.3999965919622638), 1.0, 14.064330275907732, np.float64(1.0455679301643759), np.float64(0.7819665528264942), 0.6283185307179586, 0.5235987755982988, np.float64(0.25320960515042706), 0.2, np.float64(0.15663011688457953), 0.95, False, False, False, False)
Waveform Generated. SNR: 20.044144149485813
calculating Fisher matrix...
Finished derivatives
Calculated Fisher is *atleast* positive-definite.
Time taken to compute FM is 4.060838460922241 seconds
    CV idx19/0PA/from_MAP#1 it   7 lam=1.5e-06 ov=0.9960245 chi2=3.164e+00 rel=9.9e-04
Body is not plunging, Fisher should be stable.
waveform shape: (3, 7889537)
Computing SNR for parameters: (np.float64(1000003.9184063836), np.float64(10.000135382948592), np.float64(0.9000083047392526), np.float64(9.002997148688975), np.float64(0.39999650666308123), 1.0, 14.064330275907732, np.float64(1.0458992127049511), np.float64(0.7819782266655437), 0.6283185307179586, 0.5235987755982988, np.float64(0.25492348447982666), 0.2, np.float64(0.15216773163857594), 0.95, False, False, False, False)
Waveform Generated. SNR: 20.041869088773577
calculating Fisher matrix...
Finished derivatives
Calculated Fisher is *atleast* positive-definite.
Time taken to compute FM is 4.080979824066162 seconds
    CV idx19/0PA/from_MAP#1 it   8 lam=5.1e-07 ov=0.9960279 chi2=3.161e+00 rel=1.9e-04
Body is not plunging, Fisher should be stable.
waveform shape: (3, 7889537)
Computing SNR for parameters: (np.float64(1000004.0418756782), np.float64(10.000136214076763), np.float64(0.900008387827964), np.float64(9.00299661420102), np.float64(0.39999646679698186), 1.0, 14.064330275907732, np.float64(1.0459354792108384), np.float64(0.7819519425110643), 0.6283185307179586, 0.5235987755982988, np.float64(0.25459924437158493), 0.2, np.float64(0.15166373194845886), 0.95, False, False, False, False)
Waveform Generated. SNR: 20.041722726314223
calculating Fisher matrix...
Finished derivatives
Calculated Fisher is *atleast* positive-definite.
Time taken to compute FM is 4.10997200012207 seconds
    CV idx19/0PA/from_MAP#1 it   9 lam=3.4e-07 ov=0.9960286 chi2=3.160e+00 rel=1.7e-04
Body is not plunging, Fisher should be stable.
waveform shape: (3, 7889537)
Computing SNR for parameters: (np.float64(1000004.1856991166), np.float64(10.000136986756726), np.float64(0.9000084811856488), np.float64(9.002995952134436), np.float64(0.3999964271389762), 1.0, 14.064330275907732, np.float64(1.0459474008355505), np.float64(0.7819201714268449), 0.6283185307179586, 0.5235987755982988, np.float64(0.253960665204821), 0.2, np.float64(0.15158410907540668), 0.95, False, False, False, False)
Waveform Generated. SNR: 20.04175528794252
calculating stable deltas...
Time taken to compute stable deltas is 37.09874248504639 seconds
calculating Fisher matrix...
Finished derivatives
Calculated Fisher is *atleast* positive-definite.
Time taken to compute FM is 3.450948476791382 seconds
    CV idx19/0PA/from_MAP#1 it  10 lam=1.1e-07 ov=0.9960293 chi2=3.160e+00 rel=1.8e-04
Body is not plunging, Fisher should be stable.
waveform shape: (3, 7889537)
Computing SNR for parameters: (np.float64(1000004.4243976446), np.float64(10.000138253991823), np.float64(0.9000086355406008), np.float64(9.002994850718581), np.float64(0.39999636169266933), 1.0, 14.064330275907732, np.float64(1.0459673015724362), np.float64(0.7818675946383659), 0.6283185307179586, 0.5235987755982988, np.float64(0.2528710091830915), 0.2, np.float64(0.15149390575505675), 0.95, False, False, False, False)
Waveform Generated. SNR: 20.04181824373215
calculating Fisher matrix...
Finished derivatives
Calculated Fisher is *atleast* positive-definite.
Time taken to compute FM is 4.097961187362671 seconds
    CV idx19/0PA/from_MAP#1 it  11 lam=3.8e-08 ov=0.9960301 chi2=3.159e+00 rel=7.5e-05
Body is not plunging, Fisher should be stable.
waveform shape: (3, 7889537)
Computing SNR for parameters: (np.float64(1000004.6354348711), np.float64(10.000139377206162), np.float64(0.9000087722083484), np.float64(9.002993877212138), np.float64(0.39999630380912865), 1.0, 14.064330275907732, np.float64(1.04598470396745), np.float64(0.7818212087123477), 0.6283185307179586, 0.5235987755982988, np.float64(0.2519114132076472), 0.2, np.float64(0.15140718200463824), 0.95, False, False, False, False)
Waveform Generated. SNR: 20.041869971291614
calculating Fisher matrix...
Finished derivatives
Calculated Fisher is *atleast* positive-definite.
Time taken to compute FM is 4.080091238021851 seconds
    CV idx19/0PA/from_MAP#1 it  12 lam=1.3e-08 ov=0.9960304 chi2=3.159e+00 rel=1.1e-05
Body is not plunging, Fisher should be stable.
waveform shape: (3, 7889537)
Computing SNR for parameters: (np.float64(1000004.714971772), np.float64(10.000139803496799), np.float64(0.9000088239550478), np.float64(9.002993510588732), np.float64(0.3999962819868219), 1.0, 14.064330275907732, np.float64(1.0459907146425491), np.float64(0.7818039479184675), 0.6283185307179586, 0.5235987755982988, np.float64(0.25155933087712323), 0.2, np.float64(0.151366803131538), 0.95, False, False, False, False)
Waveform Generated. SNR: 20.041884945733564
calculating Fisher matrix...
Finished derivatives
Calculated Fisher is *atleast* positive-definite.
Time taken to compute FM is 4.097529172897339 seconds
    CV idx19/0PA/from_MAP#1 it  13 lam=8.4e-09 ov=0.9960305 chi2=3.159e+00 rel=9.7e-06
Body is not plunging, Fisher should be stable.
waveform shape: (3, 7889537)
Computing SNR for parameters: (np.float64(1000004.7270028552), np.float64(10.000139869209388), np.float64(0.900008831900351), np.float64(9.00299345518768), np.float64(0.39999627869697596), 1.0, 14.064330275907732, np.float64(1.0459913309998012), np.float64(0.7818013152926553), 0.6283185307179586, 0.5235987755982988, np.float64(0.2515122659609186), 0.2, np.float64(0.15135760227229927), 0.95, False, False, False, False)
Waveform Generated. SNR: 20.041878746506605
calculating Fisher matrix...
Finished derivatives
Calculated Fisher is *atleast* positive-definite.
Time taken to compute FM is 4.099034309387207 seconds
    CV idx19/0PA/from_MAP#1 it  14 lam=8.0e+131 ov=0.9960305 chi2=3.159e+00 rel=0.0e+00
    NM  nfev=1092 ov 0.9960305 -> 0.9960306 (accepted=True)
Body is not plunging, Fisher should be stable.
waveform shape: (3, 7889537)
Computing SNR for parameters: (np.float64(1000004.7270178149), np.float64(10.000139869093335), np.float64(0.9000088319316887), np.float64(9.002993455155533), np.float64(0.3999962786750724), 1.0, 14.064330275907732, np.float64(1.0459926056631523), np.float64(0.7818037392218041), 0.6283185307179586, 0.5235987755982988, np.float64(0.25152261609053933), 0.2, np.float64(0.1513668477108788), 0.95, False, False, False, False)
Waveform Generated. SNR: 20.04185756088709
calculating stable deltas...
Time taken to compute stable deltas is 37.050052881240845 seconds
calculating Fisher matrix...
Finished derivatives
Calculated Fisher is *atleast* positive-definite.
Time taken to compute FM is 3.466407537460327 seconds
    CV idx19/0PA/from_MAP#2 it   0 lam=8.9e+05 ov=0.9960306 chi2=3.159e+00 rel=6.8e-11
    RESULT idx19/0PA/from_MAP: ov 0.9928441 -> 0.9960306, chi2=3.1589e+00
    BEST  idx19/0PA: from_MAP ov=0.9960306
==============================================================================
[idx19 (a=+0.9, e0=0.4) | PN | dt=10.0]  SNR=19.930 (A=13.972 E=14.212 T=0.093; T%=0.00)
    --- start from_MAP ---
    start overlap = 0.9928441
Body is not plunging, Fisher should be stable.
waveform shape: (3, 7889537)
Computing SNR for parameters: (np.float64(1000003.4576105161), np.float64(10.000093997061919), np.float64(0.9000064664986214), np.float64(9.002993223514759), np.float64(0.3999973954647369), 1.0, 14.064330275907732, np.float64(1.0471975511965976), np.float64(0.7853981633974483), 0.6283185307179586, 0.5235987755982988, np.float64(0.10483167477823979), 0.2, np.float64(0.29979184652718227), 0.95, False, False, False, True, np.float64(0.0), np.float64(0.0), 0.0, 0.0)
Waveform Generated. SNR: 20.02413345026818
calculating stable deltas...
minimum relative error is greater than 1% for dev_1. Fisher may be unstable!
minimum relative error is greater than 1% for dev_2. Fisher may be unstable!
Time taken to compute stable deltas is 46.91534495353699 seconds
calculating Fisher matrix...
Finished derivatives
Calculated Fisher is *atleast* positive-definite.
Time taken to compute FM is 4.4977216720581055 seconds
    CV idx19/PN/from_MAP#1 it   0 lam=5.7e-03 ov=0.9928441 chi2=5.685e+00 rel=1.6e-01
Body is not plunging, Fisher should be stable.
waveform shape: (3, 7889537)
Computing SNR for parameters: (np.float64(1000003.4517145867), np.float64(10.00009435187675), np.float64(0.9000065553933917), np.float64(9.002993224485113), np.float64(0.3999974207827898), 1.0, 14.064330275907732, np.float64(1.0427902820946422), np.float64(0.7830140492204305), 0.6283185307179586, 0.5235987755982988, np.float64(0.1414015924779161), 0.2, np.float64(0.25403158840891377), 0.95, False, False, False, True, np.float64(-0.005984747295949381), np.float64(0.004607190514169012), 0.0, 0.0)
Waveform Generated. SNR: 20.067145821229445
calculating Fisher matrix...
Finished derivatives
Calculated Fisher is *atleast* positive-definite.
Time taken to compute FM is 5.093256235122681 seconds
    CV idx19/PN/from_MAP#1 it   1 lam=6.0e-03 ov=0.9939798 chi2=4.794e+00 rel=4.5e-02
Body is not plunging, Fisher should be stable.
waveform shape: (3, 7889537)
Computing SNR for parameters: (np.float64(1000003.4481792363), np.float64(10.00009447615958), np.float64(0.900006752828424), np.float64(9.002993262840594), np.float64(0.3999974171067495), 1.0, 14.064330275907732, np.float64(1.0431456033024447), np.float64(0.782967698745513), 0.6283185307179586, 0.5235987755982988, np.float64(0.17150107231736805), 0.2, np.float64(0.24410689353449755), 0.95, False, False, False, True, np.float64(-0.06984460931084135), np.float64(0.013709827684831161), 0.0, 0.0)
Waveform Generated. SNR: 20.06443690083062
calculating Fisher matrix...
Finished derivatives
Calculated Fisher is *atleast* positive-definite.
Time taken to compute FM is 5.113133907318115 seconds
    CV idx19/PN/from_MAP#1 it   2 lam=1.2e-02 ov=0.9942472 chi2=4.581e+00 rel=3.8e-02
Body is not plunging, Fisher should be stable.
waveform shape: (3, 7889537)
Computing SNR for parameters: (np.float64(1000003.4409353943), np.float64(10.00009487094372), np.float64(0.9000068061539253), np.float64(9.002993248913377), np.float64(0.39999743991428993), 1.0, 14.064330275907732, np.float64(1.0435486274380414), np.float64(0.7824707889913521), 0.6283185307179586, 0.5235987755982988, np.float64(0.15710618497819895), 0.2, np.float64(0.24080565868874204), 0.95, False, False, False, True, np.float64(-0.07635620472765413), np.float64(0.015803672561930524), 0.0, 0.0)
Waveform Generated. SNR: 20.06531974030693
calculating Fisher matrix...
Finished derivatives
Calculated Fisher is *atleast* positive-definite.
Time taken to compute FM is 5.124409198760986 seconds
    CV idx19/PN/from_MAP#1 it   3 lam=1.2e-02 ov=0.9944670 chi2=4.406e+00 rel=3.1e-02
Body is not plunging, Fisher should be stable.
waveform shape: (3, 7889537)
Computing SNR for parameters: (np.float64(1000003.4302436328), np.float64(10.000095357251778), np.float64(0.9000068416949404), np.float64(9.002993216103237), np.float64(0.39999744986762426), 1.0, 14.064330275907732, np.float64(1.0435479557088052), np.float64(0.7828355491367315), 0.6283185307179586, 0.5235987755982988, np.float64(0.16022669686463284), 0.2, np.float64(0.24141632144853845), 0.95, False, False, False, True, np.float64(-0.05821779364563495), np.float64(0.01843246166065822), 0.0, 0.0)
Waveform Generated. SNR: 20.06285062477016
calculating Fisher matrix...
Finished derivatives
Calculated Fisher is *atleast* positive-definite.
Time taken to compute FM is 5.117357492446899 seconds
    CV idx19/PN/from_MAP#1 it   4 lam=5.0e-03 ov=0.9946365 chi2=4.270e+00 rel=1.6e-02
Body is not plunging, Fisher should be stable.
waveform shape: (3, 7889537)
Computing SNR for parameters: (np.float64(1000003.4231285002), np.float64(10.000095684563039), np.float64(0.9000068963405778), np.float64(9.002993203207252), np.float64(0.3999974545213144), 1.0, 14.064330275907732, np.float64(1.0431552825169887), np.float64(0.7824743335417744), 0.6283185307179586, 0.5235987755982988, np.float64(0.1646877953286643), 0.2, np.float64(0.2377831347478319), 0.95, False, False, False, True, np.float64(-0.05671776335492172), np.float64(0.023289203756019113), 0.0, 0.0)
Waveform Generated. SNR: 20.066625246786653
calculating stable deltas...
minimum relative error is greater than 1% for dev_1. Fisher may be unstable!
Time taken to compute stable deltas is 46.79610538482666 seconds
calculating Fisher matrix...
Finished derivatives
Calculated Fisher is *atleast* positive-definite.
Time taken to compute FM is 4.514047145843506 seconds
    CV idx19/PN/from_MAP#1 it   5 lam=1.7e-03 ov=0.9947221 chi2=4.204e+00 rel=4.2e-02
Body is not plunging, Fisher should be stable.
waveform shape: (3, 7889537)
Computing SNR for parameters: (np.float64(1000003.4133439438), np.float64(10.000096155296454), np.float64(0.9000070462429848), np.float64(9.002993207024199), np.float64(0.399997460302955), 1.0, 14.064330275907732, np.float64(1.043317143627488), np.float64(0.7822828533041541), 0.6283185307179586, 0.5235987755982988, np.float64(0.17250223807750595), 0.2, np.float64(0.23122040086709508), 0.95, False, False, False, True, np.float64(-0.08605874463125714), np.float64(0.031298107438940764), 0.0, 0.0)
Waveform Generated. SNR: 20.06572091866644
calculating Fisher matrix...
Finished derivatives
Calculated Fisher is *atleast* positive-definite.
Time taken to compute FM is 5.134097099304199 seconds
    CV idx19/PN/from_MAP#1 it   6 lam=5.6e-04 ov=0.9949456 chi2=4.026e+00 rel=8.4e-02
Body is not plunging, Fisher should be stable.
waveform shape: (3, 7889537)
Computing SNR for parameters: (np.float64(1000003.3924529556), np.float64(10.000097171978037), np.float64(0.9000073899689452), np.float64(9.002993226203156), np.float64(0.39999745099391826), 1.0, 14.064330275907732, np.float64(1.0436626010691625), np.float64(0.7819909784839316), 0.6283185307179586, 0.5235987755982988, np.float64(0.1883032201223701), 0.2, np.float64(0.2145914550388332), 0.95, False, False, False, True, np.float64(-0.15582716301018623), np.float64(0.05222950235337361), 0.0, 0.0)
Waveform Generated. SNR: 20.06305780642912
calculating Fisher matrix...
Finished derivatives
Calculated Fisher is *atleast* positive-definite.
Time taken to compute FM is 5.098336935043335 seconds
    CV idx19/PN/from_MAP#1 it   7 lam=1.9e-04 ov=0.9953730 chi2=3.686e+00 rel=9.8e-02
Body is not plunging, Fisher should be stable.
waveform shape: (3, 7889537)
Computing SNR for parameters: (np.float64(1000003.3668657524), np.float64(10.000098650257994), np.float64(0.9000079219029739), np.float64(9.002993300930386), np.float64(0.39999740246020793), 1.0, 14.064330275907732, np.float64(1.0444061607785253), np.float64(0.7816027822114301), 0.6283185307179586, 0.5235987755982988, np.float64(0.21043078807358598), 0.2, np.float64(0.18718362597246213), 0.95, False, False, False, True, np.float64(-0.2778334762089195), np.float64(0.08701664586293206), 0.0, 0.0)
Waveform Generated. SNR: 20.056627895607143
calculating Fisher matrix...
Finished derivatives
Calculated Fisher is *atleast* positive-definite.
Time taken to compute FM is 5.10129976272583 seconds
    CV idx19/PN/from_MAP#1 it   8 lam=6.2e-05 ov=0.9958268 chi2=3.324e+00 rel=5.1e-02
Body is not plunging, Fisher should be stable.
waveform shape: (3, 7889537)
Computing SNR for parameters: (np.float64(1000003.3802715191), np.float64(10.000099302926241), np.float64(0.9000083418866599), np.float64(9.002993557421696), np.float64(0.39999731626461227), 1.0, 14.064330275907732, np.float64(1.04514534668307), np.float64(0.7814005080065913), 0.6283185307179586, 0.5235987755982988, np.float64(0.22933017488420993), 0.2, np.float64(0.16406084442780042), 0.95, False, False, False, True, np.float64(-0.4436191856582248), np.float64(0.10079726532569849), 0.0, 0.0)
Waveform Generated. SNR: 20.04963463059141
calculating Fisher matrix...
Finished derivatives
Calculated Fisher is *atleast* positive-definite.
Time taken to compute FM is 5.10169243812561 seconds
    CV idx19/PN/from_MAP#1 it   9 lam=2.1e-05 ov=0.9960386 chi2=3.154e+00 rel=2.5e-02
Body is not plunging, Fisher should be stable.
waveform shape: (3, 7889537)
Computing SNR for parameters: (np.float64(1000003.4895815315), np.float64(10.000097497384065), np.float64(0.9000084406081973), np.float64(9.002994187603388), np.float64(0.3999971769869731), 1.0, 14.064330275907732, np.float64(1.0455173136660345), np.float64(0.7815894946203289), 0.6283185307179586, 0.5235987755982988, np.float64(0.24114393906837697), 0.2, np.float64(0.15666484971881361), 0.95, False, False, False, True, np.float64(-0.6999374322356846), np.float64(0.05760319451623908), 0.0, 0.0)
Waveform Generated. SNR: 20.04614636942245
calculating stable deltas...
Time taken to compute stable deltas is 46.636918783187866 seconds
calculating Fisher matrix...
Finished derivatives
Calculated Fisher is *atleast* positive-definite.
Time taken to compute FM is 4.472347736358643 seconds
    CV idx19/PN/from_MAP#1 it  10 lam=6.9e-06 ov=0.9961373 chi2=3.075e+00 rel=3.6e-02
Body is not plunging, Fisher should be stable.
waveform shape: (3, 7889537)
Computing SNR for parameters: (np.float64(1000003.7212841983), np.float64(10.00008939242832), np.float64(0.9000083881933247), np.float64(9.002995008160356), np.float64(0.39999697117697036), 1.0, 14.064330275907732, np.float64(1.0459792179354885), np.float64(0.7821718562031411), 0.6283185307179586, 0.5235987755982988, np.float64(0.2524823963894447), 0.2, np.float64(0.15711162028486414), 0.95, False, False, False, True, np.float64(-1.234699702545853), np.float64(-0.04425565816525027), 0.0, 0.0)
Waveform Generated. SNR: 20.039358055957585
calculating Fisher matrix...
Finished derivatives
Calculated Fisher is *atleast* positive-definite.
Time taken to compute FM is 5.108678579330444 seconds
    CV idx19/PN/from_MAP#1 it  11 lam=2.3e-06 ov=0.9962758 chi2=2.963e+00 rel=4.6e-02
Body is not plunging, Fisher should be stable.
waveform shape: (3, 7889537)
Computing SNR for parameters: (np.float64(1000003.9986477178), np.float64(10.00006517386315), np.float64(0.900008415575955), np.float64(9.002994304353773), np.float64(0.3999969256728764), 1.0, 14.064330275907732, np.float64(1.046341615737106), np.float64(0.7827393502501157), 0.6283185307179586, 0.5235987755982988, np.float64(0.2591082266317051), 0.2, np.float64(0.16086852633941273), 0.95, False, False, False, True, np.float64(-2.180363996460627), np.float64(-0.1578785347118962), 0.0, 0.0)
Waveform Generated. SNR: 20.034081072777333
calculating Fisher matrix...
Finished derivatives
Calculated Fisher is *atleast* positive-definite.
Time taken to compute FM is 5.097154855728149 seconds
    CV idx19/PN/from_MAP#1 it  12 lam=6.2e-06 ov=0.9964449 chi2=2.828e+00 rel=8.5e-03
Body is not plunging, Fisher should be stable.
waveform shape: (3, 7889537)
Computing SNR for parameters: (np.float64(1000004.200683503), np.float64(10.0000282813633), np.float64(0.9000086095265736), np.float64(9.002991574153121), np.float64(0.39999714748224163), 1.0, 14.064330275907732, np.float64(1.046533144909527), np.float64(0.7830505675010473), 0.6283185307179586, 0.5235987755982988, np.float64(0.2575166172436583), 0.2, np.float64(0.1666534488796925), 0.95, False, False, False, True, np.float64(-3.290755603873331), np.float64(-0.22387472954255863), 0.0, 0.0)
Waveform Generated. SNR: 20.03067747438662
calculating Fisher matrix...
Finished derivatives
Calculated Fisher is not positive semi-definite. Try lowering inspiral error tolerance or increasing the derivative order.
Time taken to compute FM is 5.119628429412842 seconds
    CV idx19/PN/from_MAP#1 it  13 lam=2.9e-06 ov=0.9964748 chi2=2.804e+00 rel=7.9e-02
Body is not plunging, Fisher should be stable.
waveform shape: (3, 7889537)
Computing SNR for parameters: (np.float64(1000004.3060657551), np.float64(10.000001842626405), np.float64(0.900008771084639), np.float64(9.002989292548174), np.float64(0.399997362222465), 1.0, 14.064330275907732, np.float64(1.0467177675070256), np.float64(0.7831454384286123), 0.6283185307179586, 0.5235987755982988, np.float64(0.253378842942759), 0.2, np.float64(0.17016829019258367), 0.95, False, False, False, True, np.float64(-4.032491852589965), np.float64(-0.25447708046982864), 0.0, 0.0)
Waveform Generated. SNR: 20.028640735438902
calculating Fisher matrix...
Finished derivatives
Calculated Fisher is not positive semi-definite. Try lowering inspiral error tolerance or increasing the derivative order.
Time taken to compute FM is 5.08907413482666 seconds
    CV idx19/PN/from_MAP#1 it  14 lam=9.7e-07 ov=0.9967531 chi2=2.582e+00 rel=8.3e-02
Body is not plunging, Fisher should be stable.
waveform shape: (3, 7889537)
Computing SNR for parameters: (np.float64(1000004.4936398449), np.float64(9.999948736837), np.float64(0.9000091275419415), np.float64(9.002984573740124), np.float64(0.39999782316970667), 1.0, 14.064330275907732, np.float64(1.0466040067687874), np.float64(0.7831806009631698), 0.6283185307179586, 0.5235987755982988, np.float64(0.24473498426031706), 0.2, np.float64(0.1779650380992892), 0.95, False, False, False, True, np.float64(-5.483294546903055), np.float64(-0.3017801781752242), 0.0, 0.0)
Waveform Generated. SNR: 20.027569656236054
calculating stable deltas...
Time taken to compute stable deltas is 46.805967569351196 seconds
calculating Fisher matrix...
Finished derivatives
Calculated Fisher is *atleast* positive-definite.
Time taken to compute FM is 4.470463514328003 seconds
    CV idx19/PN/from_MAP#1 it  15 lam=3.2e-07 ov=0.9970235 chi2=2.367e+00 rel=2.3e-01
Body is not plunging, Fisher should be stable.
waveform shape: (3, 7889537)
Computing SNR for parameters: (np.float64(1000004.9713420175), np.float64(9.999805834160027), np.float64(0.900010076658126), np.float64(9.002971759584147), np.float64(0.3999990885945963), 1.0, 14.064330275907732, np.float64(1.0468598164789769), np.float64(0.7835144312149198), 0.6283185307179586, 0.5235987755982988, np.float64(0.22181527847201948), 0.2, np.float64(0.19796762803586687), 0.95, False, False, False, True, np.float64(-9.360428022162127), np.float64(-0.42176119291224545), 0.0, 0.0)
Waveform Generated. SNR: 20.02261226770638
calculating Fisher matrix...
Finished derivatives
Calculated Fisher is *atleast* positive-definite.
Time taken to compute FM is 5.102965831756592 seconds
    CV idx19/PN/from_MAP#1 it  16 lam=1.1e-07 ov=0.9976939 chi2=1.834e+00 rel=4.7e-01
Body is not plunging, Fisher should be stable.
waveform shape: (3, 7889537)
Computing SNR for parameters: (np.float64(1000005.9151792871), np.float64(9.999506558049847), np.float64(0.9000120465788812), np.float64(9.002945086231279), np.float64(0.4000017575080304), 1.0, 14.064330275907732, np.float64(1.0472641262849254), np.float64(0.7840589893068514), 0.6283185307179586, 0.5235987755982988, np.float64(0.1723047364804668), 0.2, np.float64(0.23952040433707347), 0.95, False, False, False, True, np.float64(-17.458513165288643), np.float64(-0.6666716486858423), 0.0, 0.0)
Waveform Generated. SNR: 20.009904230002334
calculating Fisher matrix...
Finished derivatives
Calculated Fisher is *atleast* positive-definite.
Time taken to compute FM is 5.079301118850708 seconds
    CV idx19/PN/from_MAP#1 it  17 lam=3.6e-08 ov=0.9987660 chi2=9.807e-01 rel=6.8e-01
Body is not plunging, Fisher should be stable.
waveform shape: (3, 7889537)
Computing SNR for parameters: (np.float64(1000006.9387500257), np.float64(9.99911483997517), np.float64(0.9000145126900233), np.float64(9.002911014418626), np.float64(0.40000531467093076), 1.0, 14.064330275907732, np.float64(1.0477603707742391), np.float64(0.7847672935168896), 0.6283185307179586, 0.5235987755982988, np.float64(0.10770261592315995), 0.2, np.float64(0.29326107245181987), 0.95, False, False, False, True, np.float64(-28.008963807823605), np.float64(-0.9777476834224266), 0.0, 0.0)
Waveform Generated. SNR: 19.995262191719437
The optimal source SNR is <= 20. The Fisher approximation may not be valid!
calculating Fisher matrix...
Finished derivatives
Calculated Fisher is not positive semi-definite. Try lowering inspiral error tolerance or increasing the derivative order.
Time taken to compute FM is 5.080871105194092 seconds
    CV idx19/PN/from_MAP#1 it  18 lam=1.2e-08 ov=0.9996005 chi2=3.173e-01 rel=4.9e-01
Body is not plunging, Fisher should be stable.
waveform shape: (3, 7889537)
Computing SNR for parameters: (np.float64(1000007.1199110021), np.float64(9.998866203677633), np.float64(0.90001583075535), np.float64(9.002891287023992), np.float64(0.4000077130219774), 1.0, 14.064330275907732, np.float64(1.047992035749366), np.float64(0.7852183842313255), 0.6283185307179586, 0.5235987755982988, np.float64(0.06749268005928868), 0.2, np.float64(0.3261052462076681), 0.95, False, False, False, True, np.float64(-34.5995889599191), np.float64(-1.1554164756148273), 0.0, 0.0)
Waveform Generated. SNR: 19.98845705183203
The optimal source SNR is <= 20. The Fisher approximation may not be valid!
calculating Fisher matrix...
Finished derivatives
Calculated Fisher is *atleast* positive-definite.
Time taken to compute FM is 5.089588403701782 seconds
    CV idx19/PN/from_MAP#1 it  19 lam=4.0e-09 ov=0.9997979 chi2=1.606e-01 rel=5.2e-02
Body is not plunging, Fisher should be stable.
waveform shape: (3, 7889537)
Computing SNR for parameters: (np.float64(1000006.6445405338), np.float64(9.99879736301015), np.float64(0.9000159115459352), np.float64(9.002887954499988), np.float64(0.40000853467018577), 1.0, 14.064330275907732, np.float64(1.0479827314523056), np.float64(0.7853290314459606), 0.6283185307179586, 0.5235987755982988, np.float64(0.05710345238620164), 0.2, np.float64(0.33407374365493997), 0.95, False, False, False, True, np.float64(-36.3017969761183), np.float64(-1.182344982093591), 0.0, 0.0)
Waveform Generated. SNR: 19.98493176691044
The optimal source SNR is <= 20. The Fisher approximation may not be valid!
calculating stable deltas...
Time taken to compute stable deltas is 46.6266028881073 seconds
calculating Fisher matrix...
Finished derivatives
Calculated Fisher is *atleast* positive-definite.
Time taken to compute FM is 4.480064153671265 seconds
    CV idx19/PN/from_MAP#1 it  20 lam=2.7e-09 ov=0.9998083 chi2=1.522e-01 rel=1.5e-03
Body is not plunging, Fisher should be stable.
waveform shape: (3, 7889537)
Computing SNR for parameters: (np.float64(1000006.4552058933), np.float64(9.998788865747699), np.float64(0.9000158498196158), np.float64(9.002888083403128), np.float64(0.40000867368039533), 1.0, 14.064330275907732, np.float64(1.0479760605393227), np.float64(0.7853433010157446), 0.6283185307179586, 0.5235987755982988, np.float64(0.0560169122991327), 0.2, np.float64(0.3347489690678459), 0.95, False, False, False, True, np.float64(-36.482770053804614), np.float64(-1.1804428597205059), 0.0, 0.0)
Waveform Generated. SNR: 19.984757748041098
The optimal source SNR is <= 20. The Fisher approximation may not be valid!
calculating Fisher matrix...
Finished derivatives
Calculated Fisher is not positive semi-definite. Try lowering inspiral error tolerance or increasing the derivative order.
Time taken to compute FM is 5.117465496063232 seconds
    CV idx19/PN/from_MAP#1 it  21 lam=3.1e+04 ov=0.9998086 chi2=1.520e-01 rel=1.3e-05
Body is not plunging, Fisher should be stable.
waveform shape: (3, 7889537)
Computing SNR for parameters: (np.float64(1000006.4552058931), np.float64(9.9987888657477), np.float64(0.9000158498196156), np.float64(9.002888083403128), np.float64(0.4000086736803951), 1.0, 14.064330275907732, np.float64(1.0479760605398991), np.float64(0.785343301033024), 0.6283185307179586, 0.5235987755982988, np.float64(0.05601691239166085), 0.2, np.float64(0.33474896912871605), 0.95, False, False, False, True, np.float64(-36.48277005388291), np.float64(-1.1804428597734191), 0.0, 0.0)
Waveform Generated. SNR: 19.984757699791608
The optimal source SNR is <= 20. The Fisher approximation may not be valid!
calculating Fisher matrix...
Finished derivatives
Calculated Fisher is not positive semi-definite. Try lowering inspiral error tolerance or increasing the derivative order.
Time taken to compute FM is 5.110392808914185 seconds
    CV idx19/PN/from_MAP#1 it  22 lam=2.2e+10 ov=0.9998086 chi2=1.520e-01 rel=1.8e-16
    NM  nfev=1622 ov 0.9998086 -> 0.9998086 (accepted=True)
Body is not plunging, Fisher should be stable.
waveform shape: (3, 7889537)
Computing SNR for parameters: (np.float64(1000006.4551905392), np.float64(9.998788865748292), np.float64(0.9000158499026752), np.float64(9.002888083487463), np.float64(0.40000867368265886), 1.0, 14.064330275907732, np.float64(1.047972942774387), np.float64(0.7853429238096944), 0.6283185307179586, 0.5235987755982988, np.float64(0.05601191897045579), 0.2, np.float64(0.3347294916298582), 0.95, False, False, False, True, np.float64(-36.482794084997956), np.float64(-1.1804424127030209), 0.0, 0.0)
Waveform Generated. SNR: 19.98478042717024
The optimal source SNR is <= 20. The Fisher approximation may not be valid!
calculating stable deltas...
Time taken to compute stable deltas is 46.729355573654175 seconds
calculating Fisher matrix...
Finished derivatives
Calculated Fisher is *atleast* positive-definite.
Time taken to compute FM is 4.465139150619507 seconds
    CV idx19/PN/from_MAP#2 it   0 lam=9.5e+137 ov=0.9998086 chi2=1.520e-01 rel=0.0e+00
    RESULT idx19/PN/from_MAP: ov 0.9928441 -> 0.9998086, chi2=1.5202e-01
    --- start from_0PA ---
    start overlap = 0.9960306
Body is not plunging, Fisher should be stable.
waveform shape: (3, 7889537)
Computing SNR for parameters: (np.float64(1000004.7270178149), np.float64(10.000139869093335), np.float64(0.9000088319316887), np.float64(9.002993455155533), np.float64(0.3999962786750724), 1.0, 14.064330275907732, np.float64(1.045992605661521), np.float64(0.7818037392228934), 0.6283185307179586, 0.5235987755982988, np.float64(0.25152261609400306), 0.2, np.float64(0.1513668477062601), 0.95, False, False, False, True, np.float64(0.0), np.float64(0.0), 0.0, 0.0)
Waveform Generated. SNR: 20.041857560661622
calculating stable deltas...
minimum relative error is greater than 1% for dev_1. Fisher may be unstable!
minimum relative error is greater than 1% for dev_2. Fisher may be unstable!
Time taken to compute stable deltas is 46.75036072731018 seconds
calculating Fisher matrix...
Finished derivatives
Calculated Fisher is *atleast* positive-definite.
Time taken to compute FM is 4.521519660949707 seconds
    CV idx19/PN/from_0PA#1 it   0 lam=9.5e+137 ov=0.9960306 chi2=3.159e+00 rel=0.0e+00
    NM  nfev=1577 ov 0.9960306 -> 0.9960306 (accepted=True)
Body is not plunging, Fisher should be stable.
waveform shape: (3, 7889537)
Computing SNR for parameters: (np.float64(1000004.7284745355), np.float64(10.000139827948715), np.float64(0.9000088262136734), np.float64(9.002993449602567), np.float64(0.3999962781363017), 1.0, 14.064330275907732, np.float64(1.0460058582182812), np.float64(0.781810471091085), 0.6283185307179586, 0.5235987755982988, np.float64(0.2512247589891623), 0.2, np.float64(0.15165440722986945), 0.95, False, False, False, True, np.float64(0.0002399375146134552), np.float64(-0.00033583850055437115), 0.0, 0.0)
Waveform Generated. SNR: 20.041801918793247
calculating stable deltas...
minimum relative error is greater than 1% for dev_1. Fisher may be unstable!
minimum relative error is greater than 1% for dev_2. Fisher may be unstable!
Time taken to compute stable deltas is 46.97514319419861 seconds
calculating Fisher matrix...
Finished derivatives
Calculated Fisher is *atleast* positive-definite.
Time taken to compute FM is 4.4810075759887695 seconds
    CV idx19/PN/from_0PA#2 it   0 lam=9.5e+137 ov=0.9960306 chi2=3.159e+00 rel=0.0e+00
    RESULT idx19/PN/from_0PA: ov 0.9960306 -> 0.9960306, chi2=3.1589e+00
    BEST  idx19/PN: from_MAP ov=0.9998086
==============================================================================
[idx19 (a=+0.9, e0=0.4) | simple | dt=10.0]  SNR=19.930 (A=13.972 E=14.212 T=0.093; T%=0.00)
    --- start from_MAP ---
    start overlap = 0.9928441
Body is not plunging, Fisher should be stable.
waveform shape: (3, 7889537)
Computing SNR for parameters: (np.float64(1000003.4576105161), np.float64(10.000093997061919), np.float64(0.9000064664986214), np.float64(9.002993223514759), np.float64(0.3999973954647369), 1.0, 14.064330275907732, np.float64(1.0471975511965976), np.float64(0.7853981633974483), 0.6283185307179586, 0.5235987755982988, np.float64(0.10483167477823979), 0.2, np.float64(0.29979184652718227), 0.95, False, False, False, True, 0.0, 0.0, np.float64(0.0), np.float64(0.0))
Waveform Generated. SNR: 20.02413345026818
calculating stable deltas...
minimum relative error is greater than 1% for dev_1. Fisher may be unstable!
minimum relative error is greater than 1% for dev_2. Fisher may be unstable!
Time taken to compute stable deltas is 46.70815300941467 seconds
calculating Fisher matrix...
Finished derivatives
Calculated Fisher is *atleast* positive-definite.
Time taken to compute FM is 4.43393349647522 seconds
    CV idx19/simple/from_MAP#1 it   0 lam=5.1e-03 ov=0.9928441 chi2=5.685e+00 rel=1.7e-01
Body is not plunging, Fisher should be stable.
waveform shape: (3, 7889537)
Computing SNR for parameters: (np.float64(1000003.4540771113), np.float64(10.000094337164757), np.float64(0.9000065563709461), np.float64(9.002993234686592), np.float64(0.39999743890952194), 1.0, 14.064330275907732, np.float64(1.0431855394222598), np.float64(0.7831854141603668), 0.6283185307179586, 0.5235987755982988, np.float64(0.13720307670520024), 0.2, np.float64(0.2553946425747071), 0.95, False, False, False, True, 0.0, 0.0, np.float64(0.0055775483833540316), np.float64(-0.011678236699462885))
Waveform Generated. SNR: 20.06543944411152
calculating Fisher matrix...
Finished derivatives
Calculated Fisher is *atleast* positive-definite.
Time taken to compute FM is 5.275053262710571 seconds
    CV idx19/simple/from_MAP#1 it   1 lam=4.2e-01 ov=0.9940415 chi2=4.744e+00 rel=3.3e-03
Body is not plunging, Fisher should be stable.
waveform shape: (3, 7889537)
Computing SNR for parameters: (np.float64(1000003.4537178893), np.float64(10.000094338289246), np.float64(0.9000065605215758), np.float64(9.00299323430088), np.float64(0.3999974357170826), 1.0, 14.064330275907732, np.float64(1.0431082960502647), np.float64(0.7829740198694605), 0.6283185307179586, 0.5235987755982988, np.float64(0.14175544703634874), 0.2, np.float64(0.25648270753505076), 0.95, False, False, False, True, 0.0, 0.0, np.float64(0.004085958979717326), np.float64(-0.012102070871219825))
Waveform Generated. SNR: 20.065882380572685
calculating Fisher matrix...
Finished derivatives
Calculated Fisher is *atleast* positive-definite.
Time taken to compute FM is 5.438706398010254 seconds
    CV idx19/simple/from_MAP#1 it   2 lam=2.6e-01 ov=0.9940619 chi2=4.728e+00 rel=1.7e-02
Body is not plunging, Fisher should be stable.
waveform shape: (3, 7889537)
Computing SNR for parameters: (np.float64(1000003.4528713162), np.float64(10.00009436186578), np.float64(0.9000065607927515), np.float64(9.002993230908203), np.float64(0.3999974331320815), 1.0, 14.064330275907732, np.float64(1.042998963552166), np.float64(0.7829819335932672), 0.6283185307179586, 0.5235987755982988, np.float64(0.14426526756261748), 0.2, np.float64(0.2557123062742672), 0.95, False, False, False, True, 0.0, 0.0, np.float64(0.004168041560718466), np.float64(-0.018392018754273723))
Waveform Generated. SNR: 20.06732940117304
calculating Fisher matrix...
Finished derivatives
Calculated Fisher is *atleast* positive-definite.
Time taken to compute FM is 5.057105779647827 seconds
    CV idx19/simple/from_MAP#1 it   3 lam=5.4e+00 ov=0.9941648 chi2=4.647e+00 rel=4.1e-04
Body is not plunging, Fisher should be stable.
waveform shape: (3, 7889537)
Computing SNR for parameters: (np.float64(1000003.4528437245), np.float64(10.00009436262842), np.float64(0.9000065607802152), np.float64(9.002993230791782), np.float64(0.3999974330466286), 1.0, 14.064330275907732, np.float64(1.0429971788544183), np.float64(0.7829834085532711), 0.6283185307179586, 0.5235987755982988, np.float64(0.14433807551862968), 0.2, np.float64(0.25568442311536344), 0.95, False, False, False, True, 0.0, 0.0, np.float64(0.00425346592855424), np.float64(-0.01836698983574656))
Waveform Generated. SNR: 20.06744047296868
calculating Fisher matrix...
Finished derivatives
Calculated Fisher is *atleast* positive-definite.
Time taken to compute FM is 5.067686319351196 seconds
    CV idx19/simple/from_MAP#1 it   4 lam=2.9e+00 ov=0.9941672 chi2=4.645e+00 rel=1.8e-04
Body is not plunging, Fisher should be stable.
waveform shape: (3, 7889537)
Computing SNR for parameters: (np.float64(1000003.4528216856), np.float64(10.00009436319191), np.float64(0.9000065609601287), np.float64(9.00299323074967), np.float64(0.3999974329729216), 1.0, 14.064330275907732, np.float64(1.0430096260432367), np.float64(0.7829733053999365), 0.6283185307179586, 0.5235987755982988, np.float64(0.14447222839794588), 0.2, np.float64(0.25556894109341244), 0.95, False, False, False, True, 0.0, 0.0, np.float64(0.004267635690621757), np.float64(-0.018396253620642164))
Waveform Generated. SNR: 20.067446012726037
calculating stable deltas...
minimum relative error is greater than 1% for dev_2. Fisher may be unstable!
Time taken to compute stable deltas is 46.50486469268799 seconds
calculating Fisher matrix...
Finished derivatives
Calculated Fisher is *atleast* positive-definite.
Time taken to compute FM is 4.400636434555054 seconds
    CV idx19/simple/from_MAP#1 it   5 lam=9.7e-01 ov=0.9941682 chi2=4.644e+00 rel=2.9e-04
Body is not plunging, Fisher should be stable.
waveform shape: (3, 7889537)
Computing SNR for parameters: (np.float64(1000003.4527927685), np.float64(10.000094363977157), np.float64(0.9000065613282123), np.float64(9.002993230730423), np.float64(0.3999974328883743), 1.0, 14.064330275907732, np.float64(1.0430298673874867), np.float64(0.7829540996249034), 0.6283185307179586, 0.5235987755982988, np.float64(0.1446898871909174), 0.2, np.float64(0.2553568610867332), 0.95, False, False, False, True, 0.0, 0.0, np.float64(0.004276529016874766), np.float64(-0.01835868942961321))
Waveform Generated. SNR: 20.067457365208437
calculating Fisher matrix...
Finished derivatives
Calculated Fisher is *atleast* positive-definite.
Time taken to compute FM is 5.057234525680542 seconds
    CV idx19/simple/from_MAP#1 it   6 lam=3.2e-01 ov=0.9941699 chi2=4.643e+00 rel=6.6e-04
Body is not plunging, Fisher should be stable.
waveform shape: (3, 7889537)
Computing SNR for parameters: (np.float64(1000003.4527168416), np.float64(10.000094366525358), np.float64(0.9000065624043109), np.float64(9.002993230713317), np.float64(0.39999743277065336), 1.0, 14.064330275907732, np.float64(1.0430605327507516), np.float64(0.7829104645118399), 0.6283185307179586, 0.5235987755982988, np.float64(0.14521703706838837), 0.2, np.float64(0.2548073754944926), 0.95, False, False, False, True, 0.0, 0.0, np.float64(0.004304716923510073), np.float64(-0.018442151997380085))
Waveform Generated. SNR: 20.06756910441702
calculating Fisher matrix...
Finished derivatives
Calculated Fisher is *atleast* positive-definite.
Time taken to compute FM is 5.038924694061279 seconds
    CV idx19/simple/from_MAP#1 it   7 lam=1.1e-01 ov=0.9941737 chi2=4.640e+00 rel=1.3e-03
Body is not plunging, Fisher should be stable.
waveform shape: (3, 7889537)
Computing SNR for parameters: (np.float64(1000003.4525102681), np.float64(10.00009437555415), np.float64(0.9000065654716551), np.float64(9.002993230720428), np.float64(0.39999743290202616), 1.0, 14.064330275907732, np.float64(1.0430727292162754), np.float64(0.7828431915287437), 0.6283185307179586, 0.5235987755982988, np.float64(0.14625061631257194), 0.2, np.float64(0.25376817305194777), 0.95, False, False, False, True, 0.0, 0.0, np.float64(0.004414990949886615), np.float64(-0.01914974559947507))
Waveform Generated. SNR: 20.06795943688458
calculating Fisher matrix...
Finished derivatives
Calculated Fisher is *atleast* positive-definite.
Time taken to compute FM is 5.054787874221802 seconds
    CV idx19/simple/from_MAP#1 it   8 lam=3.6e-02 ov=0.9941815 chi2=4.633e+00 rel=2.8e-03
Body is not plunging, Fisher should be stable.
waveform shape: (3, 7889537)
Computing SNR for parameters: (np.float64(1000003.4518901017), np.float64(10.000094407010156), np.float64(0.9000065742210247), np.float64(9.002993230650114), np.float64(0.39999743425346723), 1.0, 14.064330275907732, np.float64(1.043057571660232), np.float64(0.7827831636590001), 0.6283185307179586, 0.5235987755982988, np.float64(0.14781156278300697), 0.2, np.float64(0.25252899519404903), 0.95, False, False, False, True, 0.0, 0.0, np.float64(0.004772586563822301), np.float64(-0.021561997856126273))
Waveform Generated. SNR: 20.068429920434614
calculating Fisher matrix...
Finished derivatives
Calculated Fisher is not positive semi-definite. Try lowering inspiral error tolerance or increasing the derivative order.
Time taken to compute FM is 5.0559282302856445 seconds
    CV idx19/simple/from_MAP#1 it   9 lam=1.2e-02 ov=0.9941982 chi2=4.620e+00 rel=7.8e-03
Body is not plunging, Fisher should be stable.
waveform shape: (3, 7889537)
Computing SNR for parameters: (np.float64(1000003.4498435587), np.float64(10.000094505941906), np.float64(0.9000066000447025), np.float64(9.002993229568153), np.float64(0.39999743769936835), 1.0, 14.064330275907732, np.float64(1.0430635069110097), np.float64(0.7827247904914323), 0.6283185307179586, 0.5235987755982988, np.float64(0.15020620189702255), 0.2, np.float64(0.25119848145905344), 0.95, False, False, False, True, 0.0, 0.0, np.float64(0.005876287783448225), np.float64(-0.03127589731599732))
Waveform Generated. SNR: 20.068596573851952
calculating stable deltas...
minimum relative error is greater than 1% for dev_2. Fisher may be unstable!
Time taken to compute stable deltas is 46.914212226867676 seconds
calculating Fisher matrix...
Finished derivatives
Calculated Fisher is *atleast* positive-definite.
Time taken to compute FM is 4.435932874679565 seconds
    CV idx19/simple/from_MAP#1 it  10 lam=4.0e-03 ov=0.9942437 chi2=4.584e+00 rel=2.2e-02
Body is not plunging, Fisher should be stable.
waveform shape: (3, 7889537)
Computing SNR for parameters: (np.float64(1000003.4441052699), np.float64(10.00009477655184), np.float64(0.9000066765800869), np.float64(9.002993227828808), np.float64(0.39999744475343013), 1.0, 14.064330275907732, np.float64(1.043058004268953), np.float64(0.7826188041441822), 0.6283185307179586, 0.5235987755982988, np.float64(0.15497985055391242), 0.2, np.float64(0.24808188885581567), 0.95, False, False, False, True, 0.0, 0.0, np.float64(0.009349980845100699), np.float64(-0.05569258541052956))
Waveform Generated. SNR: 20.068640355384687
calculating Fisher matrix...
Finished derivatives
Calculated Fisher is *atleast* positive-definite.
Time taken to compute FM is 5.0572404861450195 seconds
    CV idx19/simple/from_MAP#1 it  11 lam=1.3e-03 ov=0.9943699 chi2=4.484e+00 rel=5.1e-02
Body is not plunging, Fisher should be stable.
waveform shape: (3, 7889537)
Computing SNR for parameters: (np.float64(1000003.4280770705), np.float64(10.000095541536735), np.float64(0.9000068710991054), np.float64(9.002993219649774), np.float64(0.3999974548502567), 1.0, 14.064330275907732, np.float64(1.0430234806628897), np.float64(0.7823846470561844), 0.6283185307179586, 0.5235987755982988, np.float64(0.164346099550701), 0.2, np.float64(0.23913733407497434), 0.95, False, False, False, True, 0.0, 0.0, np.float64(0.016161989966314443), np.float64(-0.12598965714705274))
Waveform Generated. SNR: 20.06802093711729
calculating Fisher matrix...
Finished derivatives
Calculated Fisher is *atleast* positive-definite.
Time taken to compute FM is 5.076296329498291 seconds
    CV idx19/simple/from_MAP#1 it  12 lam=8.8e-04 ov=0.9946562 chi2=4.257e+00 rel=8.5e-02
Body is not plunging, Fisher should be stable.
waveform shape: (3, 7889537)
Computing SNR for parameters: (np.float64(1000003.399485825), np.float64(10.000097118843135), np.float64(0.9000072929869584), np.float64(9.00299323807475), np.float64(0.39999745362265055), 1.0, 14.064330275907732, np.float64(1.0431791753673514), np.float64(0.7819315864239482), 0.6283185307179586, 0.5235987755982988, np.float64(0.18289503064061968), 0.2, np.float64(0.22025650199451205), 0.95, False, False, False, True, 0.0, 0.0, np.float64(0.03714607845255791), np.float64(-0.2885004801418085))
Waveform Generated. SNR: 20.067095943677458
calculating Fisher matrix...
Finished derivatives
Calculated Fisher is *atleast* positive-definite.
Time taken to compute FM is 5.03223991394043 seconds
    CV idx19/simple/from_MAP#1 it  13 lam=5.7e-04 ov=0.9951114 chi2=3.895e+00 rel=8.2e-02
Body is not plunging, Fisher should be stable.
waveform shape: (3, 7889537)
Computing SNR for parameters: (np.float64(1000003.3712037172), np.float64(10.000098678903242), np.float64(0.9000077086711241), np.float64(9.002993266580448), np.float64(0.39999740648957083), 1.0, 14.064330275907732, np.float64(1.0437803486294652), np.float64(0.7815424471313087), 0.6283185307179586, 0.5235987755982988, np.float64(0.20012909285995212), 0.2, np.float64(0.1980422793125252), 0.95, False, False, False, True, 0.0, 0.0, np.float64(0.05640920101180589), np.float64(-0.49776175031549397))
Waveform Generated. SNR: 20.06218026293533
calculating Fisher matrix...
Finished derivatives
Calculated Fisher is *atleast* positive-definite.
Time taken to compute FM is 5.037733316421509 seconds
    CV idx19/simple/from_MAP#1 it  14 lam=5.7e-04 ov=0.9955110 chi2=3.576e+00 rel=2.7e-02
Body is not plunging, Fisher should be stable.
waveform shape: (3, 7889537)
Computing SNR for parameters: (np.float64(1000003.353722993), np.float64(10.000100389179368), np.float64(0.9000080181806849), np.float64(9.002993336979195), np.float64(0.3999973647986182), 1.0, 14.064330275907732, np.float64(1.0439957872208376), np.float64(0.7812091060407419), 0.6283185307179586, 0.5235987755982988, np.float64(0.21281901697474842), 0.2, np.float64(0.18110815163692717), 0.95, False, False, False, True, 0.0, 0.0, np.float64(0.06816187065616922), np.float64(-0.6429964996340517))
Waveform Generated. SNR: 20.060429957497217
calculating stable deltas...
Time taken to compute stable deltas is 46.40980291366577 seconds
calculating Fisher matrix...
Finished derivatives
Calculated Fisher is *atleast* positive-definite.
Time taken to compute FM is 4.39721417427063 seconds
    CV idx19/simple/from_MAP#1 it  15 lam=1.9e-04 ov=0.9956307 chi2=3.481e+00 rel=4.5e-02
Body is not plunging, Fisher should be stable.
waveform shape: (3, 7889537)
Computing SNR for parameters: (np.float64(1000003.3506839607), np.float64(10.000101359466484), np.float64(0.9000082109469383), np.float64(9.0029934299984), np.float64(0.39999732281951783), 1.0, 14.064330275907732, np.float64(1.0443208564233175), np.float64(0.7810842871127809), 0.6283185307179586, 0.5235987755982988, np.float64(0.21891483929800268), 0.2, np.float64(0.17103166283299587), 0.95, False, False, False, True, 0.0, 0.0, np.float64(0.07942279822208895), np.float64(-0.736899463977095))
Waveform Generated. SNR: 20.057077230324968
calculating Fisher matrix...
Finished derivatives
Calculated Fisher is not positive semi-definite. Try lowering inspiral error tolerance or increasing the derivative order.
Time taken to compute FM is 5.0661046504974365 seconds
    CV idx19/simple/from_MAP#1 it  16 lam=6.3e-05 ov=0.9958260 chi2=3.325e+00 rel=1.1e-02
Body is not plunging, Fisher should be stable.
waveform shape: (3, 7889537)
Computing SNR for parameters: (np.float64(1000003.375878562), np.float64(10.000102762158656), np.float64(0.9000083620480188), np.float64(9.002993720445035), np.float64(0.39999724574588585), 1.0, 14.064330275907732, np.float64(1.0446407727651892), np.float64(0.7810142329033904), 0.6283185307179586, 0.5235987755982988, np.float64(0.226452547110225), 0.2, np.float64(0.161594897509408), 0.95, False, False, False, True, 0.0, 0.0, np.float64(0.09597938461718394), np.float64(-0.751545417476649))
Waveform Generated. SNR: 20.055186913400984
calculating Fisher matrix...
Finished derivatives
Calculated Fisher is *atleast* positive-definite.
Time taken to compute FM is 5.039716720581055 seconds
    CV idx19/simple/from_MAP#1 it  17 lam=2.1e-05 ov=0.9958715 chi2=3.289e+00 rel=1.2e-02
Body is not plunging, Fisher should be stable.
waveform shape: (3, 7889537)
Computing SNR for parameters: (np.float64(1000003.4721001015), np.float64(10.000105175149098), np.float64(0.9000083845612771), np.float64(9.002994474653319), np.float64(0.3999970956717368), 1.0, 14.064330275907732, np.float64(1.0449228873307541), np.float64(0.7811775324409947), 0.6283185307179586, 0.5235987755982988, np.float64(0.23392282337203982), 0.2, np.float64(0.1576154364785239), 0.95, False, False, False, True, 0.0, 0.0, np.float64(0.12158358260179992), np.float64(-0.5733681805049787))
Waveform Generated. SNR: 20.051522562375734
calculating Fisher matrix...
Finished derivatives
Calculated Fisher is *atleast* positive-definite.
Time taken to compute FM is 5.03219747543335 seconds
    CV idx19/simple/from_MAP#1 it  18 lam=7.0e-06 ov=0.9959209 chi2=3.249e+00 rel=1.7e-02
Body is not plunging, Fisher should be stable.
waveform shape: (3, 7889537)
Computing SNR for parameters: (np.float64(1000003.6858957747), np.float64(10.00010930232811), np.float64(0.9000083246999873), np.float64(9.002995911161173), np.float64(0.39999681017747896), 1.0, 14.064330275907732, np.float64(1.0453090618534395), np.float64(0.7815964098034078), 0.6283185307179586, 0.5235987755982988, np.float64(0.24521918482231944), 0.2, np.float64(0.15601928930715406), 0.95, False, False, False, True, 0.0, 0.0, np.float64(0.17090386092489754), np.float64(-0.14888691843876256))
Waveform Generated. SNR: 20.04721893906106
calculating Fisher matrix...
Finished derivatives
Calculated Fisher is *atleast* positive-definite.
Time taken to compute FM is 5.045567750930786 seconds
    CV idx19/simple/from_MAP#1 it  19 lam=2.3e-06 ov=0.9959908 chi2=3.192e+00 rel=1.1e-02
Body is not plunging, Fisher should be stable.
waveform shape: (3, 7889537)
Computing SNR for parameters: (np.float64(1000003.9964080648), np.float64(10.000114263995982), np.float64(0.9000082816214846), np.float64(9.002997274211783), np.float64(0.3999964669499392), 1.0, 14.064330275907732, np.float64(1.045721192882181), np.float64(0.7820715377819374), 0.6283185307179586, 0.5235987755982988, np.float64(0.2575130859865713), 0.2, np.float64(0.15492691450942758), 0.95, False, False, False, True, 0.0, 0.0, np.float64(0.2276294079070443), np.float64(0.3500688221479343))
Waveform Generated. SNR: 20.042503084323606
calculating stable deltas...
Time taken to compute stable deltas is 46.43496894836426 seconds
calculating Fisher matrix...
Finished derivatives
Calculated Fisher is *atleast* positive-definite.
Time taken to compute FM is 4.432663679122925 seconds
    CV idx19/simple/from_MAP#1 it  20 lam=7.8e-07 ov=0.9960348 chi2=3.156e+00 rel=3.4e-03
Body is not plunging, Fisher should be stable.
waveform shape: (3, 7889537)
Computing SNR for parameters: (np.float64(1000004.4472840396), np.float64(10.00011818162101), np.float64(0.9000084085284451), np.float64(9.002996984311304), np.float64(0.39999618228184836), 1.0, 14.064330275907732, np.float64(1.045971549188519), np.float64(0.7823259396192036), 0.6283185307179586, 0.5235987755982988, np.float64(0.26424522410585083), 0.2, np.float64(0.15479000041646312), 0.95, False, False, False, True, 0.0, 0.0, np.float64(0.26908850438665805), np.float64(0.6824368238333771))
Waveform Generated. SNR: 20.03976926181244
calculating Fisher matrix...
Finished derivatives
Calculated Fisher is *atleast* positive-definite.
Time taken to compute FM is 5.076738119125366 seconds
    CV idx19/simple/from_MAP#1 it  21 lam=2.6e-07 ov=0.9960475 chi2=3.145e+00 rel=4.6e-03
Body is not plunging, Fisher should be stable.
waveform shape: (3, 7889537)
Computing SNR for parameters: (np.float64(1000005.4959507902), np.float64(10.000121197453245), np.float64(0.9000089493876596), np.float64(9.00299349106259), np.float64(0.3999957842507072), 1.0, 14.064330275907732, np.float64(1.0461265201460497), np.float64(0.7823637903870171), 0.6283185307179586, 0.5235987755982988, np.float64(0.26617921611711354), 0.2, np.float64(0.15564743389699656), 0.95, False, False, False, True, 0.0, 0.0, np.float64(0.33588960585591854), np.float64(0.9863859579143315))
Waveform Generated. SNR: 20.038504369537353
calculating Fisher matrix...
Finished derivatives
Calculated Fisher is *atleast* positive-definite.
Time taken to compute FM is 5.035027265548706 seconds
    CV idx19/simple/from_MAP#1 it  22 lam=8.6e-08 ov=0.9960653 chi2=3.130e+00 rel=1.1e-02
Body is not plunging, Fisher should be stable.
waveform shape: (3, 7889537)
Computing SNR for parameters: (np.float64(1000008.2167984123), np.float64(10.00013000622551), np.float64(0.9000104303384246), np.float64(9.002983573063863), np.float64(0.39999482856347396), 1.0, 14.064330275907732, np.float64(1.0464100182233698), np.float64(0.782310638554786), 0.6283185307179586, 0.5235987755982988, np.float64(0.26709936413814395), 0.2, np.float64(0.15786552733064899), 0.95, False, False, False, True, 0.0, 0.0, np.float64(0.47203570114905535), np.float64(1.5995714861610688))
Waveform Generated. SNR: 20.03652780856404
calculating Fisher matrix...
Finished derivatives
Calculated Fisher is *atleast* positive-definite.
Time taken to compute FM is 5.118606328964233 seconds
    CV idx19/simple/from_MAP#1 it  23 lam=2.9e-08 ov=0.9961092 chi2=3.095e+00 rel=2.1e-02
Body is not plunging, Fisher should be stable.
waveform shape: (3, 7889537)
Computing SNR for parameters: (np.float64(1000014.3962378338), np.float64(10.000139081847742), np.float64(0.9000137930295158), np.float64(9.002961054421494), np.float64(0.39999265981421994), 1.0, 14.064330275907732, np.float64(1.0470468645351623), np.float64(0.7821835354433485), 0.6283185307179586, 0.5235987755982988, np.float64(0.26914302625036846), 0.2, np.float64(0.16316826386477207), 0.95, False, False, False, True, 0.0, 0.0, np.float64(0.8908451271698585), np.float64(3.1065717674282016))
Waveform Generated. SNR: 20.033029326793162
calculating Fisher matrix...
Finished derivatives
Calculated Fisher is not positive semi-definite. Try lowering inspiral error tolerance or increasing the derivative order.
Time taken to compute FM is 5.0734570026397705 seconds
    CV idx19/simple/from_MAP#1 it  24 lam=1.1e-08 ov=0.9961895 chi2=3.031e+00 rel=2.2e-02
Body is not plunging, Fisher should be stable.
waveform shape: (3, 7889537)
Computing SNR for parameters: (np.float64(1000024.069236107), np.float64(10.000198078889925), np.float64(0.9000190529173769), np.float64(9.002925878767082), np.float64(0.39998925507069266), 1.0, 14.064330275907732, np.float64(1.0480591068703522), np.float64(0.7819866432133897), 0.6283185307179586, 0.5235987755982988, np.float64(0.27268462017003636), 0.2, np.float64(0.17090680645083614), 0.95, False, False, False, True, 0.0, 0.0, np.float64(1.101040284553096), np.float64(5.02675937681355))
Waveform Generated. SNR: 20.02516403723703
calculating stable deltas...
Time taken to compute stable deltas is 46.71033763885498 seconds
calculating Fisher matrix...
Finished derivatives
Calculated Fisher is *atleast* positive-definite.
Time taken to compute FM is 4.432070732116699 seconds
    CV idx19/simple/from_MAP#1 it  25 lam=3.8e-09 ov=0.9962721 chi2=2.964e+00 rel=9.5e-03
Body is not plunging, Fisher should be stable.
waveform shape: (3, 7889537)
Computing SNR for parameters: (np.float64(1000031.3019766824), np.float64(10.00021534818399), np.float64(0.9000229973385524), np.float64(9.002899482269491), np.float64(0.399986718248463), 1.0, 14.064330275907732, np.float64(1.0487970102347444), np.float64(0.7818190872562898), 0.6283185307179586, 0.5235987755982988, np.float64(0.275632835866264), 0.2, np.float64(0.17680775677117183), 0.95, False, False, False, True, 0.0, 0.0, np.float64(1.523487462867764), np.float64(6.711803935201773))
Waveform Generated. SNR: 20.020812005959687
calculating Fisher matrix...
Finished derivatives
Calculated Fisher is *atleast* positive-definite.
Time taken to compute FM is 5.041275262832642 seconds
    CV idx19/simple/from_MAP#1 it  26 lam=1.3e-09 ov=0.9963071 chi2=2.936e+00 rel=8.7e-04
Body is not plunging, Fisher should be stable.
waveform shape: (3, 7889537)
Computing SNR for parameters: (np.float64(1000034.1338960191), np.float64(10.00019649295784), np.float64(0.9000245441980477), np.float64(9.002889136117417), np.float64(0.3999857274198576), 1.0, 14.064330275907732, np.float64(1.049069876436774), np.float64(0.7817564088057071), 0.6283185307179586, 0.5235987755982988, np.float64(0.2766724982404632), 0.2, np.float64(0.17907902733261852), 0.95, False, False, False, True, 0.0, 0.0, np.float64(1.9449453443686784), np.float64(7.6280435590563185))
Waveform Generated. SNR: 20.018824747586486
calculating Fisher matrix...
Finished derivatives
Calculated Fisher is *atleast* positive-definite.
Time taken to compute FM is 5.025582551956177 seconds
    CV idx19/simple/from_MAP#1 it  27 lam=9.7e-10 ov=0.9963100 chi2=2.933e+00 rel=4.3e-05
Body is not plunging, Fisher should be stable.
waveform shape: (3, 7889537)
Computing SNR for parameters: (np.float64(1000034.6435394508), np.float64(10.000168100127766), np.float64(0.9000248237547454), np.float64(9.002887278117477), np.float64(0.3999855489700911), 1.0, 14.064330275907732, np.float64(1.0491198545277984), np.float64(0.7817447003018858), 0.6283185307179586, 0.5235987755982988, np.float64(0.2769263004474082), 0.2, np.float64(0.1794760371164014), 0.95, False, False, False, True, 0.0, 0.0, np.float64(2.271044849364006), np.float64(8.043386759822003))
Waveform Generated. SNR: 20.01837806230091
calculating Fisher matrix...
Finished derivatives
Calculated Fisher is *atleast* positive-definite.
Time taken to compute FM is 5.072349548339844 seconds
    CV idx19/simple/from_MAP#1 it  28 lam=6.5e-10 ov=0.9963101 chi2=2.933e+00 rel=3.3e-04
Body is not plunging, Fisher should be stable.
waveform shape: (3, 7889537)
Computing SNR for parameters: (np.float64(1000034.5807284138), np.float64(10.000178322818504), np.float64(0.9000247915378615), np.float64(9.002887491689298), np.float64(0.3999855723556238), 1.0, 14.064330275907732, np.float64(1.0491112752084353), np.float64(0.7817439176880439), 0.6283185307179586, 0.5235987755982988, np.float64(0.27686699726917513), 0.2, np.float64(0.17940620894053946), 0.95, False, False, False, True, 0.0, 0.0, np.float64(2.1632072023530813), np.float64(7.921856599809067))
Waveform Generated. SNR: 20.017498737394586
calculating Fisher matrix...
Finished derivatives
Calculated Fisher is *atleast* positive-definite.
Time taken to compute FM is 5.013704299926758 seconds
    CV idx19/simple/from_MAP#1 it  29 lam=2.3e+07 ov=0.9963111 chi2=2.932e+00 rel=1.7e-12
    NM  nfev=1951 ov 0.9963111 -> 0.9963111 (accepted=True)
Body is not plunging, Fisher should be stable.
waveform shape: (3, 7889537)
Computing SNR for parameters: (np.float64(1000034.5807629216), np.float64(10.000178205947796), np.float64(0.9000247915813246), np.float64(9.002887491969808), np.float64(0.39998557227867426), 1.0, 14.064330275907732, np.float64(1.0491164243305613), np.float64(0.7817456418228884), 0.6283185307179586, 0.5235987755982988, np.float64(0.2768859384628423), 0.2, np.float64(0.17943572166761199), 0.95, False, False, False, True, 0.0, 0.0, np.float64(2.164401681563223), np.float64(7.9227257880398705))
Waveform Generated. SNR: 20.017451887938932
calculating stable deltas...
Time taken to compute stable deltas is 46.70532822608948 seconds
calculating Fisher matrix...
Finished derivatives
Calculated Fisher is *atleast* positive-definite.
Time taken to compute FM is 4.452731370925903 seconds
    CV idx19/simple/from_MAP#2 it   0 lam=9.5e+137 ov=0.9963111 chi2=2.932e+00 rel=0.0e+00
    RESULT idx19/simple/from_MAP: ov 0.9928441 -> 0.9963111, chi2=2.9322e+00
    --- start from_0PA ---
    start overlap = 0.9960306
Body is not plunging, Fisher should be stable.
waveform shape: (3, 7889537)
Computing SNR for parameters: (np.float64(1000004.7270178149), np.float64(10.000139869093335), np.float64(0.9000088319316887), np.float64(9.002993455155533), np.float64(0.3999962786750724), 1.0, 14.064330275907732, np.float64(1.045992605661521), np.float64(0.7818037392228934), 0.6283185307179586, 0.5235987755982988, np.float64(0.25152261609400306), 0.2, np.float64(0.1513668477062601), 0.95, False, False, False, True, 0.0, 0.0, np.float64(0.0), np.float64(0.0))
Waveform Generated. SNR: 20.041857560661622
calculating stable deltas...
minimum relative error is greater than 1% for dev_1. Fisher may be unstable!
minimum relative error is greater than 1% for dev_2. Fisher may be unstable!
Time taken to compute stable deltas is 46.67158603668213 seconds
calculating Fisher matrix...
Finished derivatives
Calculated Fisher is *atleast* positive-definite.
Time taken to compute FM is 4.44709324836731 seconds
    CV idx19/simple/from_0PA#1 it   0 lam=9.5e+137 ov=0.9960306 chi2=3.159e+00 rel=0.0e+00
    NM  nfev=2938 ov 0.9960306 -> 0.9960306 (accepted=True)
Body is not plunging, Fisher should be stable.
waveform shape: (3, 7889537)
Computing SNR for parameters: (np.float64(1000004.7270194308), np.float64(10.000139869056149), np.float64(0.9000088319382179), np.float64(9.002993455143502), np.float64(0.39999627867453497), 1.0, 14.064330275907732, np.float64(1.0459926464325815), np.float64(0.7818037395152094), 0.6283185307179586, 0.5235987755982988, np.float64(0.2515223439346388), 0.2, np.float64(0.15136669166716293), 0.95, False, False, False, True, 0.0, 0.0, np.float64(5.886825140280647e-07), np.float64(-4.0584452321493674e-09))
Waveform Generated. SNR: 20.041858935808722
calculating stable deltas...
minimum relative error is greater than 1% for dev_1. Fisher may be unstable!
minimum relative error is greater than 1% for dev_2. Fisher may be unstable!
Time taken to compute stable deltas is 46.436858892440796 seconds
calculating Fisher matrix...
Finished derivatives
Calculated Fisher is *atleast* positive-definite.
Time taken to compute FM is 4.419065237045288 seconds
    CV idx19/simple/from_0PA#2 it   0 lam=6.7e+11 ov=0.9960306 chi2=3.159e+00 rel=1.4e-16
    RESULT idx19/simple/from_0PA: ov 0.9960306 -> 0.9960306, chi2=3.1588e+00
    BEST  idx19/simple: from_MAP ov=0.9963111
==============================================================================
[idx22 (a=+0.0, e0=0.5) | 0PA | dt=10.0]  SNR=20.000 (A=14.202 E=14.082 T=0.036; T%=0.00)
    --- start from_MAP ---
    start overlap = 0.9999315
Body is not plunging, Fisher should be stable.
waveform shape: (3, 7889537)
Computing SNR for parameters: (np.float64(1000086.6618270845), np.float64(10.000324056964368), np.float64(0.00014207330023678608), np.float64(11.081052812512787), np.float64(0.49998963443927097), 1.0, 7.340330367777554, np.float64(1.0471975511965976), np.float64(0.7853981633974483), 0.6283185307179586, 0.5235987755982988, np.float64(0.105728718969994), 0.2, np.float64(0.29689869385640805), 0.95, False, False, False, False)
Waveform Generated. SNR: 20.001003486204908
calculating stable deltas...
minimum relative error is greater than 1% for a. Fisher may be unstable!
Time taken to compute stable deltas is 34.0806725025177 seconds
calculating Fisher matrix...
Finished derivatives
Calculated Fisher is *atleast* positive-definite.
Time taken to compute FM is 3.1788954734802246 seconds
    CV idx22/0PA/from_MAP#1 it   0 lam=9.6e-03 ov=0.9999315 chi2=5.483e-02 rel=2.1e-01
Body is not plunging, Fisher should be stable.
waveform shape: (3, 7889537)
Computing SNR for parameters: (np.float64(1000086.660298458), np.float64(10.00032380296849), np.float64(0.00014203972709584848), np.float64(11.081052837653527), np.float64(0.4999896276228981), 1.0, 7.340330367777554, np.float64(1.0459412251351239), np.float64(0.7851994119637954), 0.6283185307179586, 0.5235987755982988, np.float64(0.10502058013982463), 0.2, np.float64(0.2958058578378971), 0.95, False, False, False, False)
Waveform Generated. SNR: 20.00759662951304
calculating Fisher matrix...
Finished derivatives
Calculated Fisher is *atleast* positive-definite.
Time taken to compute FM is 3.7667150497436523 seconds
    CV idx22/0PA/from_MAP#1 it   1 lam=9.3e-03 ov=0.9999459 chi2=4.336e-02 rel=8.0e-02
Body is not plunging, Fisher should be stable.
waveform shape: (3, 7889537)
Computing SNR for parameters: (np.float64(1000086.6584484527), np.float64(10.00032396878344), np.float64(0.00014208252740634413), np.float64(11.081052834600746), np.float64(0.4999896270096478), 1.0, 7.340330367777554, np.float64(1.0458120269116553), np.float64(0.7851616674425497), 0.6283185307179586, 0.5235987755982988, np.float64(0.10562237119042803), 0.2, np.float64(0.29418009815425694), 0.95, False, False, False, False)
Waveform Generated. SNR: 20.0083363040148
calculating Fisher matrix...
Finished derivatives
Calculated Fisher is *atleast* positive-definite.
Time taken to compute FM is 3.7828173637390137 seconds
    CV idx22/0PA/from_MAP#1 it   2 lam=1.3e-02 ov=0.9999502 chi2=3.991e-02 rel=7.9e-03
Body is not plunging, Fisher should be stable.
waveform shape: (3, 7889537)
Computing SNR for parameters: (np.float64(1000086.6579765743), np.float64(10.000324209499295), np.float64(0.00014210947923657153), np.float64(11.081052829840525), np.float64(0.49998963077891495), 1.0, 7.340330367777554, np.float64(1.0459354068135671), np.float64(0.7852747677486862), 0.6283185307179586, 0.5235987755982988, np.float64(0.10706163852457243), 0.2, np.float64(0.29383234345689807), 0.95, False, False, False, False)
Waveform Generated. SNR: 20.007313083520813
calculating Fisher matrix...
Finished derivatives
Calculated Fisher is *atleast* positive-definite.
Time taken to compute FM is 3.7950878143310547 seconds
    CV idx22/0PA/from_MAP#1 it   3 lam=1.1e-02 ov=0.9999506 chi2=3.960e-02 rel=3.9e-02
Body is not plunging, Fisher should be stable.
waveform shape: (3, 7889537)
Computing SNR for parameters: (np.float64(1000086.6579659283), np.float64(10.000324388755422), np.float64(0.00014212895105564317), np.float64(11.081052825550756), np.float64(0.49998963404718766), 1.0, 7.340330367777554, np.float64(1.0458679103695494), np.float64(0.7852252311160851), 0.6283185307179586, 0.5235987755982988, np.float64(0.10763859521828142), 0.2, np.float64(0.2932413410584417), 0.95, False, False, False, False)
Waveform Generated. SNR: 20.00782562531834
calculating Fisher matrix...
Finished derivatives
Calculated Fisher is *atleast* positive-definite.
Time taken to compute FM is 3.763582468032837 seconds
    CV idx22/0PA/from_MAP#1 it   4 lam=1.2e-01 ov=0.9999525 chi2=3.805e-02 rel=1.2e-03
Body is not plunging, Fisher should be stable.
waveform shape: (3, 7889537)
Computing SNR for parameters: (np.float64(1000086.6582093157), np.float64(10.000324378111355), np.float64(0.00014212387810205935), np.float64(11.081052827727634), np.float64(0.4999896343150601), 1.0, 7.340330367777554, np.float64(1.0459032659580036), np.float64(0.7852292865902845), 0.6283185307179586, 0.5235987755982988, np.float64(0.10777261891147114), 0.2, np.float64(0.2934820701505908), 0.95, False, False, False, False)
Waveform Generated. SNR: 20.007640893762357
calculating stable deltas...
minimum relative error is greater than 1% for a. Fisher may be unstable!
Time taken to compute stable deltas is 33.10416650772095 seconds
calculating Fisher matrix...
Finished derivatives
Calculated Fisher is *atleast* positive-definite.
Time taken to compute FM is 3.153334379196167 seconds
    CV idx22/0PA/from_MAP#1 it   5 lam=3.8e-02 ov=0.9999526 chi2=3.801e-02 rel=3.8e-04
Body is not plunging, Fisher should be stable.
waveform shape: (3, 7889537)
Computing SNR for parameters: (np.float64(1000086.6581827233), np.float64(10.000324384945737), np.float64(0.00014212484074107985), np.float64(11.081052827870593), np.float64(0.4999896343697208), 1.0, 7.340330367777554, np.float64(1.0459113450506445), np.float64(0.785231009413936), 0.6283185307179586, 0.5235987755982988, np.float64(0.10778381114224318), 0.2, np.float64(0.29348254920741834), 0.95, False, False, False, False)
Waveform Generated. SNR: 20.007597222080733
calculating Fisher matrix...
Finished derivatives
Calculated Fisher is *atleast* positive-definite.
Time taken to compute FM is 3.8048722743988037 seconds
    CV idx22/0PA/from_MAP#1 it   6 lam=5.1e-02 ov=0.9999526 chi2=3.799e-02 rel=1.5e-03
Body is not plunging, Fisher should be stable.
waveform shape: (3, 7889537)
Computing SNR for parameters: (np.float64(1000086.6580454792), np.float64(10.000324440088045), np.float64(0.00014213520775055617), np.float64(11.081052825792005), np.float64(0.49998963503026994), 1.0, 7.340330367777554, np.float64(1.0458999368413322), np.float64(0.785252586451824), 0.6283185307179586, 0.5235987755982988, np.float64(0.10812000560030144), 0.2, np.float64(0.29331858102530783), 0.95, False, False, False, False)
Waveform Generated. SNR: 20.00756849185907
calculating Fisher matrix...
Finished derivatives
Calculated Fisher is *atleast* positive-definite.
Time taken to compute FM is 3.7632315158843994 seconds
    CV idx22/0PA/from_MAP#1 it   7 lam=1.7e-02 ov=0.9999527 chi2=3.794e-02 rel=1.3e-03
Body is not plunging, Fisher should be stable.
waveform shape: (3, 7889537)
Computing SNR for parameters: (np.float64(1000086.658096955), np.float64(10.000324457471036), np.float64(0.0001421347913942863), np.float64(11.081052826092323), np.float64(0.49998963538340785), 1.0, 7.340330367777554, np.float64(1.0459054421650655), np.float64(0.7852373015171077), 0.6283185307179586, 0.5235987755982988, np.float64(0.1081941795678524), 0.2, np.float64(0.29330135671228097), 0.95, False, False, False, False)
Waveform Generated. SNR: 20.007599738199644
calculating Fisher matrix...
Finished derivatives
Calculated Fisher is *atleast* positive-definite.
Time taken to compute FM is 3.7680466175079346 seconds
    CV idx22/0PA/from_MAP#1 it   8 lam=5.7e-03 ov=0.9999527 chi2=3.789e-02 rel=9.3e-04
Body is not plunging, Fisher should be stable.
waveform shape: (3, 7889537)
Computing SNR for parameters: (np.float64(1000086.6581575173), np.float64(10.000324491679944), np.float64(0.00014213651047162724), np.float64(11.081052827366243), np.float64(0.4999896358416086), 1.0, 7.340330367777554, np.float64(1.0459022216569749), np.float64(0.7852270497523228), 0.6283185307179586, 0.5235987755982988, np.float64(0.10836172395183075), 0.2, np.float64(0.2933020849764088), 0.95, False, False, False, False)
Waveform Generated. SNR: 20.007653956742562
calculating Fisher matrix...
Finished derivatives
Calculated Fisher is *atleast* positive-definite.
Time taken to compute FM is 3.8025259971618652 seconds
    CV idx22/0PA/from_MAP#1 it   9 lam=6.2e+01 ov=0.9999528 chi2=3.785e-02 rel=2.7e-05
Body is not plunging, Fisher should be stable.
waveform shape: (3, 7889537)
Computing SNR for parameters: (np.float64(1000086.6581575271), np.float64(10.000324491682477), np.float64(0.00014213650743835613), np.float64(11.0810528273664), np.float64(0.4999896358416466), 1.0, 7.340330367777554, np.float64(1.04590221778744), np.float64(0.7852270486152163), 0.6283185307179586, 0.5235987755982988, np.float64(0.10836174930468234), 0.2, np.float64(0.2933020949463891), 0.95, False, False, False, False)
Waveform Generated. SNR: 20.00765429344225
calculating stable deltas...
minimum relative error is greater than 1% for a. Fisher may be unstable!
Time taken to compute stable deltas is 33.328832149505615 seconds
calculating Fisher matrix...
Finished derivatives
Calculated Fisher is *atleast* positive-definite.
Time taken to compute FM is 3.1675117015838623 seconds
    CV idx22/0PA/from_MAP#1 it  10 lam=4.1e+01 ov=0.9999528 chi2=3.785e-02 rel=2.7e-05
Body is not plunging, Fisher should be stable.
waveform shape: (3, 7889537)
Computing SNR for parameters: (np.float64(1000086.6581575255), np.float64(10.000324491687085), np.float64(0.00014213651236775075), np.float64(11.081052827366538), np.float64(0.4999896358416839), 1.0, 7.340330367777554, np.float64(1.0459022098898512), np.float64(0.7852270490967357), 0.6283185307179586, 0.5235987755982988, np.float64(0.10836179792234799), 0.2, np.float64(0.2933021151134637), 0.95, False, False, False, False)
Waveform Generated. SNR: 20.00766095622851
calculating Fisher matrix...
Finished derivatives
Calculated Fisher is *atleast* positive-definite.
Time taken to compute FM is 3.7949304580688477 seconds
    CV idx22/0PA/from_MAP#1 it  11 lam=3.9e+141 ov=0.9999528 chi2=3.785e-02 rel=0.0e+00
    NM  nfev=1247 ov 0.9999528 -> 0.9999543 (accepted=True)
Body is not plunging, Fisher should be stable.
waveform shape: (3, 7889537)
Computing SNR for parameters: (np.float64(1000086.8121747415), np.float64(10.000330265757414), np.float64(0.00014219994245515168), np.float64(11.08105312731166), np.float64(0.4999895087196374), 1.0, 7.340330367777554, np.float64(1.0460858805130933), np.float64(0.7851679549183892), 0.6283185307179586, 0.5235987755982988, np.float64(0.11154173285947004), 0.2, np.float64(0.29099658227614483), 0.95, False, False, False, False)
Waveform Generated. SNR: 20.007052289164836
calculating stable deltas...
minimum relative error is greater than 1% for a. Fisher may be unstable!
Time taken to compute stable deltas is 32.98354148864746 seconds
calculating Fisher matrix...
Finished derivatives
Calculated Fisher is *atleast* positive-definite.
Time taken to compute FM is 3.145800828933716 seconds
    CV idx22/0PA/from_MAP#2 it   0 lam=9.5e+137 ov=0.9999543 chi2=3.661e-02 rel=0.0e+00
    RESULT idx22/0PA/from_MAP: ov 0.9999315 -> 0.9999543, chi2=3.6608e-02
    BEST  idx22/0PA: from_MAP ov=0.9999543
==============================================================================
[idx22 (a=+0.0, e0=0.5) | PN | dt=10.0]  SNR=20.000 (A=14.202 E=14.082 T=0.036; T%=0.00)
    --- start from_MAP ---
    start overlap = 0.9999315
Body is not plunging, Fisher should be stable.
waveform shape: (3, 7889537)
Computing SNR for parameters: (np.float64(1000086.6618270845), np.float64(10.000324056964368), np.float64(0.00014207330023678608), np.float64(11.081052812512787), np.float64(0.49998963443927097), 1.0, 7.340330367777554, np.float64(1.0471975511965976), np.float64(0.7853981633974483), 0.6283185307179586, 0.5235987755982988, np.float64(0.105728718969994), 0.2, np.float64(0.29689869385640805), 0.95, False, False, False, True, np.float64(0.0), np.float64(0.0), 0.0, 0.0)
Waveform Generated. SNR: 20.001003486204908
calculating stable deltas...
minimum relative error is greater than 1% for a. Fisher may be unstable!
minimum relative error is greater than 1% for dev_1. Fisher may be unstable!
Time taken to compute stable deltas is 41.05253624916077 seconds
calculating Fisher matrix...
Finished derivatives
Calculated Fisher is *atleast* positive-definite.
Time taken to compute FM is 4.008359432220459 seconds
    CV idx22/PN/from_MAP#1 it   0 lam=9.4e-02 ov=0.9999315 chi2=5.483e-02 rel=6.8e-02
Body is not plunging, Fisher should be stable.
waveform shape: (3, 7889537)
Computing SNR for parameters: (np.float64(1000086.6615447795), np.float64(10.000323989357474), np.float64(0.00014207107600775292), np.float64(11.081052815696102), np.float64(0.499989632466729), 1.0, 7.340330367777554, np.float64(1.0460981797971245), np.float64(0.7852366740202336), 0.6283185307179586, 0.5235987755982988, np.float64(0.10647308028889742), 0.2, np.float64(0.296459817413027), 0.95, False, False, False, True, np.float64(-0.0004009861812057869), np.float64(-0.00028799346618791824), 0.0, 0.0)
Waveform Generated. SNR: 20.006720030963802
calculating Fisher matrix...
Finished derivatives
Calculated Fisher is *atleast* positive-definite.
Time taken to compute FM is 4.632218360900879 seconds
    CV idx22/PN/from_MAP#1 it   1 lam=8.7e-02 ov=0.9999362 chi2=5.111e-02 rel=1.7e-01
Body is not plunging, Fisher should be stable.
waveform shape: (3, 7889537)
Computing SNR for parameters: (np.float64(1000086.6610758937), np.float64(10.000323996995457), np.float64(0.00014208205807511354), np.float64(11.081052814381001), np.float64(0.4999896316346648), 1.0, 7.340330367777554, np.float64(1.0459356982504031), np.float64(0.7852083317937524), 0.6283185307179586, 0.5235987755982988, np.float64(0.10635156254203075), 0.2, np.float64(0.2954036827788109), 0.95, False, False, False, True, np.float64(-0.0005398622881434531), np.float64(-0.0003926804823573584), 0.0, 0.0)
Waveform Generated. SNR: 20.0075771830277
calculating Fisher matrix...
Finished derivatives
Calculated Fisher is *atleast* positive-definite.
Time taken to compute FM is 4.655505895614624 seconds
    CV idx22/PN/from_MAP#1 it   2 lam=9.0e-01 ov=0.9999468 chi2=4.262e-02 rel=3.4e-02
Body is not plunging, Fisher should be stable.
waveform shape: (3, 7889537)
Computing SNR for parameters: (np.float64(1000086.6611558431), np.float64(10.00032400046154), np.float64(0.00014208346993258055), np.float64(11.081052814682193), np.float64(0.4999896318995772), 1.0, 7.340330367777554, np.float64(1.0458813117786934), np.float64(0.7852434776305065), 0.6283185307179586, 0.5235987755982988, np.float64(0.10623796637883808), 0.2, np.float64(0.29522437854728845), 0.95, False, False, False, True, np.float64(-0.00045137313520866683), np.float64(-0.0003203242652690824), 0.0, 0.0)
Waveform Generated. SNR: 20.0076923175671
calculating Fisher matrix...
Finished derivatives
Calculated Fisher is *atleast* positive-definite.
Time taken to compute FM is 4.612483739852905 seconds
    CV idx22/PN/from_MAP#1 it   3 lam=3.0e-01 ov=0.9999486 chi2=4.119e-02 rel=3.2e-02
Body is not plunging, Fisher should be stable.
waveform shape: (3, 7889537)
Computing SNR for parameters: (np.float64(1000086.6610845621), np.float64(10.00032400855892), np.float64(0.00014208240493546447), np.float64(11.0810528141947), np.float64(0.4999896319403003), 1.0, 7.340330367777554, np.float64(1.0459420253673573), np.float64(0.7852286938735863), 0.6283185307179586, 0.5235987755982988, np.float64(0.10602230654640206), 0.2, np.float64(0.2949713161927025), 0.95, False, False, False, True, np.float64(-0.00045856210674653574), np.float64(-0.00042926409831956484), 0.0, 0.0)
Waveform Generated. SNR: 20.007471443464862
calculating Fisher matrix...
Finished derivatives
Calculated Fisher is *atleast* positive-definite.
Time taken to compute FM is 4.649043560028076 seconds
    CV idx22/PN/from_MAP#1 it   4 lam=3.0e-01 ov=0.9999503 chi2=3.985e-02 rel=8.2e-03
Body is not plunging, Fisher should be stable.
waveform shape: (3, 7889537)
Computing SNR for parameters: (np.float64(1000086.6610055937), np.float64(10.000324011694923), np.float64(0.00014208261347573112), np.float64(11.08105281416758), np.float64(0.499989631871087), 1.0, 7.340330367777554, np.float64(1.0459428296993336), np.float64(0.7852167200571322), 0.6283185307179586, 0.5235987755982988, np.float64(0.10587116309811191), 0.2, np.float64(0.2947371744158967), 0.95, False, False, False, True, np.float64(-0.0004206907318326513), np.float64(-0.0005215194598312528), 0.0, 0.0)
Waveform Generated. SNR: 20.007511600780937
calculating stable deltas...
minimum relative error is greater than 1% for a. Fisher may be unstable!
minimum relative error is greater than 1% for dev_1. Fisher may be unstable!
minimum relative error is greater than 1% for dev_2. Fisher may be unstable!
Time taken to compute stable deltas is 41.65887689590454 seconds
calculating Fisher matrix...
Finished derivatives
Calculated Fisher is *atleast* positive-definite.
Time taken to compute FM is 4.0036094188690186 seconds
    CV idx22/PN/from_MAP#1 it   5 lam=9.9e-02 ov=0.9999507 chi2=3.953e-02 rel=7.5e-03
Body is not plunging, Fisher should be stable.
waveform shape: (3, 7889537)
Computing SNR for parameters: (np.float64(1000086.6608872724), np.float64(10.000324013235359), np.float64(0.00014208361879721636), np.float64(11.081052814044405), np.float64(0.4999896316717694), 1.0, 7.340330367777554, np.float64(1.0459395182921867), np.float64(0.7852074286329656), 0.6283185307179586, 0.5235987755982988, np.float64(0.10585013137027831), 0.2, np.float64(0.2946221826088935), 0.95, False, False, False, True, np.float64(-0.0012891545160147665), np.float64(-0.0007041948099367305), 0.0, 0.0)
Waveform Generated. SNR: 20.00756440853331
calculating Fisher matrix...
Finished derivatives
Calculated Fisher is *atleast* positive-definite.
Time taken to compute FM is 4.617103815078735 seconds
    CV idx22/PN/from_MAP#1 it   6 lam=9.9e-02 ov=0.9999511 chi2=3.923e-02 rel=8.4e-03
Body is not plunging, Fisher should be stable.
waveform shape: (3, 7889537)
Computing SNR for parameters: (np.float64(1000086.6607774241), np.float64(10.000324016267541), np.float64(0.0001420924015249588), np.float64(11.081052814468977), np.float64(0.49998963154491427), 1.0, 7.340330367777554, np.float64(1.0459383463512368), np.float64(0.7852264540370478), 0.6283185307179586, 0.5235987755982988, np.float64(0.10598924245814646), 0.2, np.float64(0.29438745751171425), 0.95, False, False, False, True, np.float64(-0.00618125805943631), np.float64(-0.0006605874975090424), 0.0, 0.0)
Waveform Generated. SNR: 20.007492324900088
calculating Fisher matrix...
Finished derivatives
Calculated Fisher is *atleast* positive-definite.
Time taken to compute FM is 4.642935276031494 seconds
    CV idx22/PN/from_MAP#1 it   7 lam=1.4e+00 ov=0.9999515 chi2=3.890e-02 rel=4.2e-04
Body is not plunging, Fisher should be stable.
waveform shape: (3, 7889537)
Computing SNR for parameters: (np.float64(1000086.6606901406), np.float64(10.000324020505285), np.float64(0.0001420925232770074), np.float64(11.081052814060387), np.float64(0.49998963144556463), 1.0, 7.340330367777554, np.float64(1.0459303299058826), np.float64(0.7852329068618149), 0.6283185307179586, 0.5235987755982988, np.float64(0.10603692983583775), 0.2, np.float64(0.2943713239883754), 0.95, False, False, False, True, np.float64(-0.004674982991282221), np.float64(-0.0007038828030630393), 0.0, 0.0)
Waveform Generated. SNR: 20.007504226422082
calculating Fisher matrix...
Finished derivatives
Calculated Fisher is *atleast* positive-definite.
Time taken to compute FM is 4.6785829067230225 seconds
    CV idx22/PN/from_MAP#1 it   8 lam=1.3e+00 ov=0.9999515 chi2=3.888e-02 rel=4.8e-04
Body is not plunging, Fisher should be stable.
waveform shape: (3, 7889537)
Computing SNR for parameters: (np.float64(1000086.660669674), np.float64(10.000324021960592), np.float64(0.00014209257397316391), np.float64(11.08105281399129), np.float64(0.4999896314357221), 1.0, 7.340330367777554, np.float64(1.0459345287742536), np.float64(0.7852319599746219), 0.6283185307179586, 0.5235987755982988, np.float64(0.106028361311884), 0.2, np.float64(0.29433846140465253), 0.95, False, False, False, True, np.float64(-0.004373378225715458), np.float64(-0.0007334780296746814), 0.0, 0.0)
Waveform Generated. SNR: 20.007488892526975
calculating Fisher matrix...
Finished derivatives
Calculated Fisher is *atleast* positive-definite.
Time taken to compute FM is 4.660197496414185 seconds
    CV idx22/PN/from_MAP#1 it   9 lam=1.4e+00 ov=0.9999515 chi2=3.886e-02 rel=4.2e-04
Body is not plunging, Fisher should be stable.
waveform shape: (3, 7889537)
Computing SNR for parameters: (np.float64(1000086.6606507513), np.float64(10.000324022755635), np.float64(0.00014209291658092156), np.float64(11.081052813956525), np.float64(0.49998963141441727), 1.0, 7.340330367777554, np.float64(1.0459336616044217), np.float64(0.7852308094431637), 0.6283185307179586, 0.5235987755982988, np.float64(0.10603618738170402), 0.2, np.float64(0.29432125383702956), 0.95, False, False, False, True, np.float64(-0.004913273231040679), np.float64(-0.0006919307829717538), 0.0, 0.0)
Waveform Generated. SNR: 20.007496588983187
calculating stable deltas...
minimum relative error is greater than 1% for a. Fisher may be unstable!
minimum relative error is greater than 1% for dev_1. Fisher may be unstable!
minimum relative error is greater than 1% for dev_2. Fisher may be unstable!
Time taken to compute stable deltas is 41.06580591201782 seconds
calculating Fisher matrix...
Finished derivatives
Calculated Fisher is *atleast* positive-definite.
Time taken to compute FM is 3.9929327964782715 seconds
    CV idx22/PN/from_MAP#1 it  10 lam=1.4e+00 ov=0.9999515 chi2=3.885e-02 rel=3.1e-04
Body is not plunging, Fisher should be stable.
waveform shape: (3, 7889537)
Computing SNR for parameters: (np.float64(1000086.6606520199), np.float64(10.000324022603944), np.float64(0.00014209309325822998), np.float64(11.081052814040392), np.float64(0.4999896314182132), 1.0, 7.340330367777554, np.float64(1.0459349398641486), np.float64(0.7852282163316208), 0.6283185307179586, 0.5235987755982988, np.float64(0.10603171416802402), 0.2, np.float64(0.2942996355422574), 0.95, False, False, False, True, np.float64(-0.005124822891800613), np.float64(-0.0007242382174776046), 0.0, 0.0)
Waveform Generated. SNR: 20.0075012608196
calculating Fisher matrix...
Finished derivatives
Calculated Fisher is *atleast* positive-definite.
Time taken to compute FM is 4.640592813491821 seconds
    CV idx22/PN/from_MAP#1 it  11 lam=1.8e+03 ov=0.9999515 chi2=3.884e-02 rel=2.1e-07
Body is not plunging, Fisher should be stable.
waveform shape: (3, 7889537)
Computing SNR for parameters: (np.float64(1000086.6606520215), np.float64(10.00032402260379), np.float64(0.0001420930926862013), np.float64(11.081052814040476), np.float64(0.4999896314182177), 1.0, 7.340330367777554, np.float64(1.0459349413894599), np.float64(0.7852282136738611), 0.6283185307179586, 0.5235987755982988, np.float64(0.10603170892040965), 0.2, np.float64(0.2942996136922531), 0.95, False, False, False, True, np.float64(-0.005124989436574564), np.float64(-0.0007242921986990661), 0.0, 0.0)
Waveform Generated. SNR: 20.007501087483313
calculating Fisher matrix...
Finished derivatives
Calculated Fisher is *atleast* positive-definite.
Time taken to compute FM is 4.618471145629883 seconds
    CV idx22/PN/from_MAP#1 it  12 lam=1.2e+03 ov=0.9999515 chi2=3.884e-02 rel=2.7e-05
Body is not plunging, Fisher should be stable.
waveform shape: (3, 7889537)
Computing SNR for parameters: (np.float64(1000086.6606520225), np.float64(10.000324022603717), np.float64(0.0001420930928043959), np.float64(11.081052814040511), np.float64(0.49998963141821984), 1.0, 7.340330367777554, np.float64(1.04593494204676), np.float64(0.7852282125682044), 0.6283185307179586, 0.5235987755982988, np.float64(0.10603170661928488), 0.2, np.float64(0.29429960485561035), 0.95, False, False, False, True, np.float64(-0.005124910726337477), np.float64(-0.0007242778696211591), 0.0, 0.0)
Waveform Generated. SNR: 20.007501815676854
calculating Fisher matrix...
Finished derivatives
Calculated Fisher is *atleast* positive-definite.
Time taken to compute FM is 4.6427648067474365 seconds
    CV idx22/PN/from_MAP#1 it  13 lam=8.0e+02 ov=0.9999515 chi2=3.884e-02 rel=8.2e-06
Body is not plunging, Fisher should be stable.
waveform shape: (3, 7889537)
Computing SNR for parameters: (np.float64(1000086.6606520237), np.float64(10.000324022603612), np.float64(0.00014209309251242834), np.float64(11.081052814040563), np.float64(0.49998963141822284), 1.0, 7.340330367777554, np.float64(1.045934942981205), np.float64(0.7852282109417508), 0.6283185307179586, 0.5235987755982988, np.float64(0.10603170334249086), 0.2, np.float64(0.29429959172101405), 0.95, False, False, False, True, np.float64(-0.005124880279727542), np.float64(-0.0007242720896191541), 0.0, 0.0)
Waveform Generated. SNR: 20.007508012496302
calculating Fisher matrix...
Finished derivatives
Calculated Fisher is *atleast* positive-definite.
Time taken to compute FM is 4.630465269088745 seconds
    CV idx22/PN/from_MAP#1 it  14 lam=5.6e+08 ov=0.9999515 chi2=3.883e-02 rel=7.6e-06
Body is not plunging, Fisher should be stable.
waveform shape: (3, 7889537)
Computing SNR for parameters: (np.float64(1000086.6606520237), np.float64(10.000324022603612), np.float64(0.00014209309251242883), np.float64(11.081052814040563), np.float64(0.49998963141822284), 1.0, 7.340330367777554, np.float64(1.0459349429812064), np.float64(0.7852282109417484), 0.6283185307179586, 0.5235987755982988, np.float64(0.10603170334248602), 0.2, np.float64(0.2942995917209952), 0.95, False, False, False, True, np.float64(-0.005124880279647903), np.float64(-0.0007242720895927985), 0.0, 0.0)
Waveform Generated. SNR: 20.007508012275824
calculating stable deltas...
minimum relative error is greater than 1% for a. Fisher may be unstable!
minimum relative error is greater than 1% for dev_1. Fisher may be unstable!
minimum relative error is greater than 1% for dev_2. Fisher may be unstable!
Time taken to compute stable deltas is 40.80826926231384 seconds
calculating Fisher matrix...
Finished derivatives
Calculated Fisher is *atleast* positive-definite.
Time taken to compute FM is 3.9963862895965576 seconds
    CV idx22/PN/from_MAP#1 it  15 lam=3.7e+08 ov=0.9999515 chi2=3.883e-02 rel=2.2e-12
    NM  nfev=1491 ov 0.9999515 -> 0.9999533 (accepted=True)
Body is not plunging, Fisher should be stable.
waveform shape: (3, 7889537)
Computing SNR for parameters: (np.float64(1000086.6752083809), np.float64(10.000322365210478), np.float64(0.0001422269021252852), np.float64(11.08105268850828), np.float64(0.49998963154398895), 1.0, 7.340330367777554, np.float64(1.0459627544544394), np.float64(0.7851735735602196), 0.6283185307179586, 0.5235987755982988, np.float64(0.10999233185932167), 0.2, np.float64(0.2921386786191462), 0.95, False, False, False, True, np.float64(-0.23844415373692268), np.float64(0.0020635008813485243), 0.0, 0.0)
Waveform Generated. SNR: 20.00758772621173
calculating stable deltas...
minimum relative error is greater than 1% for dev_2. Fisher may be unstable!
Time taken to compute stable deltas is 40.68955945968628 seconds
calculating Fisher matrix...
Finished derivatives
Calculated Fisher is *atleast* positive-definite.
Time taken to compute FM is 3.9784488677978516 seconds
    CV idx22/PN/from_MAP#2 it   0 lam=1.5e-02 ov=0.9999533 chi2=3.740e-02 rel=2.3e-04
Body is not plunging, Fisher should be stable.
waveform shape: (3, 7889537)
Computing SNR for parameters: (np.float64(1000086.6750949888), np.float64(10.000322345895126), np.float64(0.00014221849486640206), np.float64(11.081052690921391), np.float64(0.4999896304358621), 1.0, 7.340330367777554, np.float64(1.0459711258490034), np.float64(0.7851730423118937), 0.6283185307179586, 0.5235987755982988, np.float64(0.10962225783725131), 0.2, np.float64(0.29226441504826023), 0.95, False, False, False, True, np.float64(-0.2349200615568765), np.float64(0.0023164326065620907), 0.0, 0.0)
Waveform Generated. SNR: 20.007546937834732
calculating Fisher matrix...
Finished derivatives
Calculated Fisher is *atleast* positive-definite.
Time taken to compute FM is 4.668085813522339 seconds
    CV idx22/PN/from_MAP#2 it   1 lam=1.7e+00 ov=0.9999534 chi2=3.739e-02 rel=6.7e-05
Body is not plunging, Fisher should be stable.
waveform shape: (3, 7889537)
Computing SNR for parameters: (np.float64(1000086.675073677), np.float64(10.00032234720724), np.float64(0.00014221951680567924), np.float64(11.081052690793156), np.float64(0.49998963041089545), 1.0, 7.340330367777554, np.float64(1.0459709086294127), np.float64(0.7851773040356895), 0.6283185307179586, 0.5235987755982988, np.float64(0.10962746347681951), 0.2, np.float64(0.2922618488895974), 0.95, False, False, False, True, np.float64(-0.2350500932789256), np.float64(0.0023149923122838317), 0.0, 0.0)
Waveform Generated. SNR: 20.007531272387464
calculating Fisher matrix...
Finished derivatives
Calculated Fisher is *atleast* positive-definite.
Time taken to compute FM is 4.622126340866089 seconds
    CV idx22/PN/from_MAP#2 it   2 lam=3.2e+00 ov=0.9999534 chi2=3.738e-02 rel=2.1e-05
Body is not plunging, Fisher should be stable.
waveform shape: (3, 7889537)
Computing SNR for parameters: (np.float64(1000086.6750787308), np.float64(10.000322346809506), np.float64(0.00014221877194637818), np.float64(11.08105269084117), np.float64(0.4999896304108432), 1.0, 7.340330367777554, np.float64(1.045971608773327), np.float64(0.7851764019612685), 0.6283185307179586, 0.5235987755982988, np.float64(0.10962392941760815), 0.2, np.float64(0.29226146236798506), 0.95, False, False, False, True, np.float64(-0.23500177037847406), np.float64(0.0023244870488216746), 0.0, 0.0)
Waveform Generated. SNR: 20.007532043567938
calculating Fisher matrix...
Finished derivatives
Calculated Fisher is *atleast* positive-definite.
Time taken to compute FM is 4.612878799438477 seconds
    CV idx22/PN/from_MAP#2 it   3 lam=3.4e+00 ov=0.9999534 chi2=3.738e-02 rel=2.7e-05
Body is not plunging, Fisher should be stable.
waveform shape: (3, 7889537)
Computing SNR for parameters: (np.float64(1000086.6750769892), np.float64(10.000322346859345), np.float64(0.00014221886547335962), np.float64(11.081052690837565), np.float64(0.4999896304065202), 1.0, 7.340330367777554, np.float64(1.0459719094458275), np.float64(0.7851764712356667), 0.6283185307179586, 0.5235987755982988, np.float64(0.1096233898976501), 0.2, np.float64(0.292261223332069), 0.95, False, False, False, True, np.float64(-0.235006219816168), np.float64(0.0023363958106045915), 0.0, 0.0)
Waveform Generated. SNR: 20.007536070600647
calculating Fisher matrix...
Finished derivatives
Calculated Fisher is *atleast* positive-definite.
Time taken to compute FM is 4.61949896812439 seconds
    CV idx22/PN/from_MAP#2 it   4 lam=9.4e+00 ov=0.9999534 chi2=3.738e-02 rel=6.7e-06
Body is not plunging, Fisher should be stable.
waveform shape: (3, 7889537)
Computing SNR for parameters: (np.float64(1000086.67507695), np.float64(10.000322346836679), np.float64(0.0001422187768999102), np.float64(11.081052690841059), np.float64(0.49998963040525835), 1.0, 7.340330367777554, np.float64(1.0459721022060655), np.float64(0.7851763830127646), 0.6283185307179586, 0.5235987755982988, np.float64(0.10962276884388615), 0.2, np.float64(0.2922610510306084), 0.95, False, False, False, True, np.float64(-0.23500212862050296), np.float64(0.00233767364541308), 0.0, 0.0)
Waveform Generated. SNR: 20.00753421234129
calculating stable deltas...
Time taken to compute stable deltas is 40.83981919288635 seconds
calculating Fisher matrix...
Finished derivatives
Calculated Fisher is *atleast* positive-definite.
Time taken to compute FM is 4.246173143386841 seconds
    CV idx22/PN/from_MAP#2 it   5 lam=6.5e+06 ov=0.9999534 chi2=3.738e-02 rel=3.9e-06
Body is not plunging, Fisher should be stable.
waveform shape: (3, 7889537)
Computing SNR for parameters: (np.float64(1000086.67507695), np.float64(10.000322346836679), np.float64(0.0001422187768999177), np.float64(11.081052690841059), np.float64(0.49998963040525835), 1.0, 7.340330367777554, np.float64(1.0459721022061554), np.float64(0.7851763830127214), 0.6283185307179586, 0.5235987755982988, np.float64(0.10962276884358586), 0.2, np.float64(0.2922610510304946), 0.95, False, False, False, True, np.float64(-0.2350021286186563), np.float64(0.0023376736460846968), 0.0, 0.0)
Waveform Generated. SNR: 20.007534212519197
calculating Fisher matrix...
Finished derivatives
Calculated Fisher is *atleast* positive-definite.
Time taken to compute FM is 4.601755857467651 seconds
    CV idx22/PN/from_MAP#2 it   6 lam=1.4e+08 ov=0.9999534 chi2=3.738e-02 rel=5.6e-06
Body is not plunging, Fisher should be stable.
waveform shape: (3, 7889537)
Computing SNR for parameters: (np.float64(1000086.67507695), np.float64(10.000322346836679), np.float64(0.00014221877689991766), np.float64(11.081052690841059), np.float64(0.49998963040525835), 1.0, 7.340330367777554, np.float64(1.0459721022061597), np.float64(0.7851763830127193), 0.6283185307179586, 0.5235987755982988, np.float64(0.10962276884357164), 0.2, np.float64(0.29226105103048916), 0.95, False, False, False, True, np.float64(-0.23500212861857678), np.float64(0.002337673646115819), 0.0, 0.0)
Waveform Generated. SNR: 20.007534212514326
calculating Fisher matrix...
Finished derivatives
Calculated Fisher is *atleast* positive-definite.
Time taken to compute FM is 4.628032207489014 seconds
    CV idx22/PN/from_MAP#2 it   7 lam=1.3e+148 ov=0.9999534 chi2=3.738e-02 rel=0.0e+00
    RESULT idx22/PN/from_MAP: ov 0.9999315 -> 0.9999534, chi2=3.7382e-02
    --- start from_0PA ---
    start overlap = 0.9999543
Body is not plunging, Fisher should be stable.
waveform shape: (3, 7889537)
Computing SNR for parameters: (np.float64(1000086.8121747415), np.float64(10.000330265757414), np.float64(0.00014219994245515168), np.float64(11.08105312731166), np.float64(0.4999895087196374), 1.0, 7.340330367777554, np.float64(1.0460858805130933), np.float64(0.7851679549183892), 0.6283185307179586, 0.5235987755982988, np.float64(0.11154173285947004), 0.2, np.float64(0.29099658227614483), 0.95, False, False, False, True, np.float64(0.0), np.float64(0.0), 0.0, 0.0)
Waveform Generated. SNR: 20.007052289164836
calculating stable deltas...
minimum relative error is greater than 1% for a. Fisher may be unstable!
minimum relative error is greater than 1% for dev_1. Fisher may be unstable!
minimum relative error is greater than 1% for dev_2. Fisher may be unstable!
Time taken to compute stable deltas is 40.724905490875244 seconds
calculating Fisher matrix...
Finished derivatives
Calculated Fisher is *atleast* positive-definite.
Time taken to compute FM is 3.980494737625122 seconds
    CV idx22/PN/from_0PA#1 it   0 lam=9.5e+137 ov=0.9999543 chi2=3.661e-02 rel=0.0e+00
    NM  nfev=1363 ov 0.9999543 -> 0.9999544 (accepted=True)
Body is not plunging, Fisher should be stable.
waveform shape: (3, 7889537)
Computing SNR for parameters: (np.float64(1000086.8123088166), np.float64(10.000330577102556), np.float64(0.0001422457212029831), np.float64(11.081052983734606), np.float64(0.499989518041464), 1.0, 7.340330367777554, np.float64(1.0461101457378936), np.float64(0.785149134090776), 0.6283185307179586, 0.5235987755982988, np.float64(0.11202653405373415), 0.2, np.float64(0.2905984283372059), 0.95, False, False, False, True, np.float64(0.03999529190831264), np.float64(0.006684139452178077), 0.0, 0.0)
Waveform Generated. SNR: 20.007017053293055
calculating stable deltas...
minimum relative error is greater than 1% for a. Fisher may be unstable!
Time taken to compute stable deltas is 40.86421585083008 seconds
calculating Fisher matrix...
Finished derivatives
Calculated Fisher is *atleast* positive-definite.
Time taken to compute FM is 4.000589847564697 seconds
    CV idx22/PN/from_0PA#2 it   0 lam=9.5e+137 ov=0.9999544 chi2=3.654e-02 rel=0.0e+00
    RESULT idx22/PN/from_0PA: ov 0.9999543 -> 0.9999544, chi2=3.6540e-02
    BEST  idx22/PN: from_0PA ov=0.9999544
==============================================================================
[idx22 (a=+0.0, e0=0.5) | simple | dt=10.0]  SNR=20.000 (A=14.202 E=14.082 T=0.036; T%=0.00)
    --- start from_MAP ---
    start overlap = 0.9999315
Body is not plunging, Fisher should be stable.
waveform shape: (3, 7889537)
Computing SNR for parameters: (np.float64(1000086.6618270845), np.float64(10.000324056964368), np.float64(0.00014207330023678608), np.float64(11.081052812512787), np.float64(0.49998963443927097), 1.0, 7.340330367777554, np.float64(1.0471975511965976), np.float64(0.7853981633974483), 0.6283185307179586, 0.5235987755982988, np.float64(0.105728718969994), 0.2, np.float64(0.29689869385640805), 0.95, False, False, False, True, 0.0, 0.0, np.float64(0.0), np.float64(0.0))
Waveform Generated. SNR: 20.001003486204908
calculating stable deltas...
minimum relative error is greater than 1% for a. Fisher may be unstable!
minimum relative error is greater than 1% for dev_1. Fisher may be unstable!
minimum relative error is greater than 1% for dev_2. Fisher may be unstable!
Time taken to compute stable deltas is 41.12268376350403 seconds
calculating Fisher matrix...
Finished derivatives
Calculated Fisher is *atleast* positive-definite.
Time taken to compute FM is 3.949768304824829 seconds
    CV idx22/simple/from_MAP#1 it   0 lam=1.1e-02 ov=0.9999315 chi2=5.483e-02 rel=9.9e-02
Body is not plunging, Fisher should be stable.
waveform shape: (3, 7889537)
Computing SNR for parameters: (np.float64(1000086.6625230829), np.float64(10.000323911607294), np.float64(0.00014203871811604947), np.float64(11.081052836740426), np.float64(0.49998963325316576), 1.0, 7.340330367777554, np.float64(1.0457503135222999), np.float64(0.7852783165861356), 0.6283185307179586, 0.5235987755982988, np.float64(0.10652766686522064), 0.2, np.float64(0.2963527548668292), 0.95, False, False, False, True, 0.0, 0.0, np.float64(-0.0035280961197282587), np.float64(0.017083075196370964))
Waveform Generated. SNR: 20.008153272527448
calculating Fisher matrix...
Finished derivatives
Calculated Fisher is *atleast* positive-definite.
Time taken to compute FM is 4.593071937561035 seconds
    CV idx22/simple/from_MAP#1 it   1 lam=1.1e-02 ov=0.9999383 chi2=4.942e-02 rel=1.2e-01
Body is not plunging, Fisher should be stable.
waveform shape: (3, 7889537)
Computing SNR for parameters: (np.float64(1000086.6632123102), np.float64(10.000323933561987), np.float64(0.00014208910389112324), np.float64(11.081052846021157), np.float64(0.49998963537231084), 1.0, 7.340330367777554, np.float64(1.0458266941541907), np.float64(0.7852939032064622), 0.6283185307179586, 0.5235987755982988, np.float64(0.10778347733885318), 0.2, np.float64(0.2950986383490506), 0.95, False, False, False, True, 0.0, 0.0, np.float64(0.003449297958352799), np.float64(0.016709725584299978))
Waveform Generated. SNR: 20.007738307822336
calculating Fisher matrix...
Finished derivatives
Calculated Fisher is *atleast* positive-definite.
Time taken to compute FM is 4.594049692153931 seconds
    CV idx22/simple/from_MAP#1 it   2 lam=9.0e-03 ov=0.9999457 chi2=4.349e-02 rel=1.0e-01
Body is not plunging, Fisher should be stable.
waveform shape: (3, 7889537)
Computing SNR for parameters: (np.float64(1000086.6643893067), np.float64(10.000323918091109), np.float64(0.00014210537603414974), np.float64(11.081052855478783), np.float64(0.49998963677925934), 1.0, 7.340330367777554, np.float64(1.0458018476735487), np.float64(0.7852404351326308), 0.6283185307179586, 0.5235987755982988, np.float64(0.10820588417143337), 0.2, np.float64(0.294176513916326), 0.95, False, False, False, True, 0.0, 0.0, np.float64(0.003926987949410762), np.float64(0.028719837908332945))
Waveform Generated. SNR: 20.008063530356207
calculating Fisher matrix...
Finished derivatives
Calculated Fisher is *atleast* positive-definite.
Time taken to compute FM is 4.5748255252838135 seconds
    CV idx22/simple/from_MAP#1 it   3 lam=7.8e-02 ov=0.9999514 chi2=3.893e-02 rel=2.9e-03
Body is not plunging, Fisher should be stable.
waveform shape: (3, 7889537)
Computing SNR for parameters: (np.float64(1000086.6644300132), np.float64(10.000323901960208), np.float64(0.000142108351044611), np.float64(11.081052857024073), np.float64(0.49998963640318633), 1.0, 7.340330367777554, np.float64(1.0458267655770792), np.float64(0.78521772959987), 0.6283185307179586, 0.5235987755982988, np.float64(0.10832365440355735), 0.2, np.float64(0.29413286031197533), 0.95, False, False, False, True, 0.0, 0.0, np.float64(0.004753127504775051), np.float64(0.027444814786883192))
Waveform Generated. SNR: 20.008037422864057
calculating Fisher matrix...
Finished derivatives
Calculated Fisher is *atleast* positive-definite.
Time taken to compute FM is 4.593389511108398 seconds
    CV idx22/simple/from_MAP#1 it   4 lam=1.2e+00 ov=0.9999516 chi2=3.882e-02 rel=1.0e-04
Body is not plunging, Fisher should be stable.
waveform shape: (3, 7889537)
Computing SNR for parameters: (np.float64(1000086.6644061743), np.float64(10.000323904033344), np.float64(0.00014210955607774268), np.float64(11.08105285690214), np.float64(0.499989636378206), 1.0, 7.340330367777554, np.float64(1.0458255365701468), np.float64(0.7852258003043231), 0.6283185307179586, 0.5235987755982988, np.float64(0.10832786047252867), 0.2, np.float64(0.29409917593659024), 0.95, False, False, False, True, 0.0, 0.0, np.float64(0.0045130460305246875), np.float64(0.028142626418838947))
Waveform Generated. SNR: 20.008010758555205
calculating stable deltas...
minimum relative error is greater than 1% for a. Fisher may be unstable!
Time taken to compute stable deltas is 40.958261489868164 seconds
calculating Fisher matrix...
Finished derivatives
Calculated Fisher is *atleast* positive-definite.
Time taken to compute FM is 3.9651570320129395 seconds
    CV idx22/simple/from_MAP#1 it   5 lam=4.1e-01 ov=0.9999516 chi2=3.882e-02 rel=7.0e-04
Body is not plunging, Fisher should be stable.
waveform shape: (3, 7889537)
Computing SNR for parameters: (np.float64(1000086.6643974598), np.float64(10.000323905180833), np.float64(0.0001421095130668609), np.float64(11.08105285685451), np.float64(0.49998963637690735), 1.0, 7.340330367777554, np.float64(1.045831853799105), np.float64(0.7852269555443341), 0.6283185307179586, 0.5235987755982988, np.float64(0.10830813011709275), 0.2, np.float64(0.29406665239298885), 0.95, False, False, False, True, 0.0, 0.0, np.float64(0.004532515571077696), np.float64(0.028082754800459114))
Waveform Generated. SNR: 20.007977032364945
calculating Fisher matrix...
Finished derivatives
Calculated Fisher is *atleast* positive-definite.
Time taken to compute FM is 4.589803457260132 seconds
    CV idx22/simple/from_MAP#1 it   6 lam=3.4e-01 ov=0.9999516 chi2=3.879e-02 rel=4.6e-04
Body is not plunging, Fisher should be stable.
waveform shape: (3, 7889537)
Computing SNR for parameters: (np.float64(1000086.664377744), np.float64(10.000323906104715), np.float64(0.0001421091850971791), np.float64(11.081052856854667), np.float64(0.49998963633069715), 1.0, 7.340330367777554, np.float64(1.045833908758947), np.float64(0.7852264043373611), 0.6283185307179586, 0.5235987755982988, np.float64(0.10829922430586815), 0.2, np.float64(0.29403120614661465), 0.95, False, False, False, True, 0.0, 0.0, np.float64(0.004560082794874338), np.float64(0.02786891182273986))
Waveform Generated. SNR: 20.007974503579216
calculating Fisher matrix...
Finished derivatives
Calculated Fisher is *atleast* positive-definite.
Time taken to compute FM is 4.559309959411621 seconds
    CV idx22/simple/from_MAP#1 it   7 lam=1.1e-01 ov=0.9999516 chi2=3.877e-02 rel=3.8e-04
Body is not plunging, Fisher should be stable.
waveform shape: (3, 7889537)
Computing SNR for parameters: (np.float64(1000086.6643484178), np.float64(10.00032390720261), np.float64(0.0001421095877190344), np.float64(11.081052856831828), np.float64(0.4999896362616332), 1.0, 7.340330367777554, np.float64(1.0458338821499575), np.float64(0.7852267427982025), 0.6283185307179586, 0.5235987755982988, np.float64(0.10830446985778606), 0.2, np.float64(0.29400610095343094), 0.95, False, False, False, True, 0.0, 0.0, np.float64(0.004592927698224271), np.float64(0.027673849367544804))
Waveform Generated. SNR: 20.007968652504136
calculating Fisher matrix...
Finished derivatives
Calculated Fisher is *atleast* positive-definite.
Time taken to compute FM is 4.5961244106292725 seconds
    CV idx22/simple/from_MAP#1 it   8 lam=8.0e-02 ov=0.9999517 chi2=3.876e-02 rel=1.4e-03
Body is not plunging, Fisher should be stable.
waveform shape: (3, 7889537)
Computing SNR for parameters: (np.float64(1000086.6642544735), np.float64(10.000323912948222), np.float64(0.00014211186407773007), np.float64(11.081052856595345), np.float64(0.49998963608769703), 1.0, 7.340330367777554, np.float64(1.0458346772872504), np.float64(0.785230647311721), 0.6283185307179586, 0.5235987755982988, np.float64(0.1083463320959269), 0.2, np.float64(0.2939404195584363), 0.95, False, False, False, True, 0.0, 0.0, np.float64(0.004708565882936875), np.float64(0.027092387936183487))
Waveform Generated. SNR: 20.00795328840159
calculating Fisher matrix...
Finished derivatives
Calculated Fisher is *atleast* positive-definite.
Time taken to compute FM is 4.603819370269775 seconds
    CV idx22/simple/from_MAP#1 it   9 lam=4.0e-02 ov=0.9999517 chi2=3.870e-02 rel=1.9e-03
Body is not plunging, Fisher should be stable.
waveform shape: (3, 7889537)
Computing SNR for parameters: (np.float64(1000086.6641443956), np.float64(10.0003239211121), np.float64(0.00014211442332057888), np.float64(11.081052856332846), np.float64(0.4999896358890815), 1.0, 7.340330367777554, np.float64(1.0458378792556013), np.float64(0.7852322847241107), 0.6283185307179586, 0.5235987755982988, np.float64(0.10840747022987156), 0.2, np.float64(0.29386685194221235), 0.95, False, False, False, True, 0.0, 0.0, np.float64(0.004892159452455959), np.float64(0.0260770111621723))
Waveform Generated. SNR: 20.007927856759256
calculating stable deltas...
minimum relative error is greater than 1% for a. Fisher may be unstable!
Time taken to compute stable deltas is 41.07038903236389 seconds
calculating Fisher matrix...
Finished derivatives
Calculated Fisher is *atleast* positive-definite.
Time taken to compute FM is 3.959995746612549 seconds
    CV idx22/simple/from_MAP#1 it  10 lam=2.5e-02 ov=0.9999518 chi2=3.863e-02 rel=3.4e-03
Body is not plunging, Fisher should be stable.
waveform shape: (3, 7889537)
Computing SNR for parameters: (np.float64(1000086.6639480818), np.float64(10.000323937904497), np.float64(0.0001421191467667623), np.float64(11.081052855796397), np.float64(0.4999896355469872), 1.0, 7.340330367777554, np.float64(1.0458425487132768), np.float64(0.7852314469349098), 0.6283185307179586, 0.5235987755982988, np.float64(0.10853412586854094), 0.2, np.float64(0.29375017751863414), 0.95, False, False, False, True, 0.0, 0.0, np.float64(0.005271640882348175), np.float64(0.024100142062402283))
Waveform Generated. SNR: 20.007914876001625
calculating Fisher matrix...
Finished derivatives
Calculated Fisher is *atleast* positive-definite.
Time taken to compute FM is 4.56766414642334 seconds
    CV idx22/simple/from_MAP#1 it  11 lam=1.1e-02 ov=0.9999520 chi2=3.850e-02 rel=5.0e-03
Body is not plunging, Fisher should be stable.
waveform shape: (3, 7889537)
Computing SNR for parameters: (np.float64(1000086.663653566), np.float64(10.000323963367052), np.float64(0.00014212510451467244), np.float64(11.08105285499062), np.float64(0.4999896350294612), 1.0, 7.340330367777554, np.float64(1.0458547682458095), np.float64(0.7852274677613279), 0.6283185307179586, 0.5235987755982988, np.float64(0.1086767186852075), 0.2, np.float64(0.29361064760364375), 0.95, False, False, False, True, 0.0, 0.0, np.float64(0.005797696519103204), np.float64(0.02072592121610794))
Waveform Generated. SNR: 20.00786896911645
calculating Fisher matrix...
Finished derivatives
Calculated Fisher is *atleast* positive-definite.
Time taken to compute FM is 4.5950188636779785 seconds
    CV idx22/simple/from_MAP#1 it  12 lam=3.5e-03 ov=0.9999522 chi2=3.831e-02 rel=6.8e-03
Body is not plunging, Fisher should be stable.
waveform shape: (3, 7889537)
Computing SNR for parameters: (np.float64(1000086.6630811897), np.float64(10.000324006383623), np.float64(0.00014213138645750316), np.float64(11.081052854457552), np.float64(0.49998963382909273), 1.0, 7.340330367777554, np.float64(1.045874897778343), np.float64(0.7852196260782784), 0.6283185307179586, 0.5235987755982988, np.float64(0.10876255008380993), 0.2, np.float64(0.2934345837457302), 0.95, False, False, False, True, 0.0, 0.0, np.float64(0.006322447683713418), np.float64(0.015231726103341938))
Waveform Generated. SNR: 20.007811884333588
calculating Fisher matrix...
Finished derivatives
Calculated Fisher is *atleast* positive-definite.
Time taken to compute FM is 4.588670492172241 seconds
    CV idx22/simple/from_MAP#1 it  13 lam=1.2e-03 ov=0.9999525 chi2=3.805e-02 rel=1.6e-02
Body is not plunging, Fisher should be stable.
waveform shape: (3, 7889537)
Computing SNR for parameters: (np.float64(1000086.6616157255), np.float64(10.000324085697263), np.float64(0.00014215114322522161), np.float64(11.081052854193192), np.float64(0.49998963046210554), 1.0, 7.340330367777554, np.float64(1.045929199592183), np.float64(0.7852032063424393), 0.6283185307179586, 0.5235987755982988, np.float64(0.109034968142273), 0.2, np.float64(0.29295371843528967), 0.95, False, False, False, True, 0.0, 0.0, np.float64(0.008522820577559306), np.float64(0.00036096401443390554))
Waveform Generated. SNR: 20.00762760958784
calculating Fisher matrix...
Finished derivatives
Calculated Fisher is *atleast* positive-definite.
Time taken to compute FM is 4.586696147918701 seconds
    CV idx22/simple/from_MAP#1 it  14 lam=6.3e-04 ov=0.9999533 chi2=3.742e-02 rel=1.8e-02
Body is not plunging, Fisher should be stable.
waveform shape: (3, 7889537)
Computing SNR for parameters: (np.float64(1000086.6593242392), np.float64(10.000324159958614), np.float64(0.00014218685564784328), np.float64(11.081052856096303), np.float64(0.4999896246502122), 1.0, 7.340330367777554, np.float64(1.0460112497305631), np.float64(0.7851761188028823), 0.6283185307179586, 0.5235987755982988, np.float64(0.10962073495178537), 0.2, np.float64(0.2920781288267719), 0.95, False, False, False, True, 0.0, 0.0, np.float64(0.01320095220136663), np.float64(-0.0240424200063594))
Waveform Generated. SNR: 20.007358363130415
calculating stable deltas...
minimum relative error is greater than 1% for a. Fisher may be unstable!
Time taken to compute stable deltas is 40.706308364868164 seconds
calculating Fisher matrix...
Finished derivatives
Calculated Fisher is *atleast* positive-definite.
Time taken to compute FM is 3.971539258956909 seconds
    CV idx22/simple/from_MAP#1 it  15 lam=2.1e+01 ov=0.9999542 chi2=3.673e-02 rel=9.7e-05
Body is not plunging, Fisher should be stable.
waveform shape: (3, 7889537)
Computing SNR for parameters: (np.float64(1000086.6593278026), np.float64(10.000324159785997), np.float64(0.00014218680362334507), np.float64(11.081052856118987), np.float64(0.4999896246544879), 1.0, 7.340330367777554, np.float64(1.0460119935252692), np.float64(0.785175514622989), 0.6283185307179586, 0.5235987755982988, np.float64(0.10961799681972088), 0.2, np.float64(0.2920765508567314), 0.95, False, False, False, True, 0.0, 0.0, np.float64(0.013198894466664985), np.float64(-0.024052401156854916))
Waveform Generated. SNR: 20.007359395066597
calculating Fisher matrix...
Finished derivatives
Calculated Fisher is *atleast* positive-definite.
Time taken to compute FM is 4.58582329750061 seconds
    CV idx22/simple/from_MAP#1 it  16 lam=2.2e+01 ov=0.9999542 chi2=3.673e-02 rel=4.3e-05
Body is not plunging, Fisher should be stable.
waveform shape: (3, 7889537)
Computing SNR for parameters: (np.float64(1000086.6593305231), np.float64(10.000324159650122), np.float64(0.00014218677305497668), np.float64(11.081052856136692), np.float64(0.49998962465763774), 1.0, 7.340330367777554, np.float64(1.046012563801636), np.float64(0.7851750243744446), 0.6283185307179586, 0.5235987755982988, np.float64(0.10961591317754052), 0.2, np.float64(0.2920753593319021), 0.95, False, False, False, True, 0.0, 0.0, np.float64(0.013197377093541006), np.float64(-0.0240600327016994))
Waveform Generated. SNR: 20.00735212094487
calculating Fisher matrix...
Finished derivatives
Calculated Fisher is *atleast* positive-definite.
Time taken to compute FM is 4.604623079299927 seconds
    CV idx22/simple/from_MAP#1 it  17 lam=4.2e+01 ov=0.9999542 chi2=3.673e-02 rel=1.4e-05
Body is not plunging, Fisher should be stable.
waveform shape: (3, 7889537)
Computing SNR for parameters: (np.float64(1000086.65933294), np.float64(10.000324159526576), np.float64(0.00014218667990901677), np.float64(11.081052856152594), np.float64(0.49998962466036784), 1.0, 7.340330367777554, np.float64(1.0460130153419647), np.float64(0.785174602741507), 0.6283185307179586, 0.5235987755982988, np.float64(0.10961414233026595), 0.2, np.float64(0.29207439794756224), 0.95, False, False, False, True, 0.0, 0.0, np.float64(0.01319589947700851), np.float64(-0.024065950087006523))
Waveform Generated. SNR: 20.007354047019245
calculating Fisher matrix...
Finished derivatives
Calculated Fisher is *atleast* positive-definite.
Time taken to compute FM is 4.60016942024231 seconds
    CV idx22/simple/from_MAP#1 it  18 lam=1.4e+01 ov=0.9999542 chi2=3.673e-02 rel=3.5e-05
Body is not plunging, Fisher should be stable.
waveform shape: (3, 7889537)
Computing SNR for parameters: (np.float64(1000086.6593338177), np.float64(10.000324159480554), np.float64(0.0001421866870450154), np.float64(11.081052856158559), np.float64(0.4999896246613202), 1.0, 7.340330367777554, np.float64(1.0460132117839873), np.float64(0.7851744272273717), 0.6283185307179586, 0.5235987755982988, np.float64(0.10961345323142918), 0.2, np.float64(0.29207401033962554), 0.95, False, False, False, True, 0.0, 0.0, np.float64(0.013195359299709934), np.float64(-0.02406859818915571))
Waveform Generated. SNR: 20.00735159769624
calculating Fisher matrix...
Finished derivatives
Calculated Fisher is *atleast* positive-definite.
Time taken to compute FM is 4.622954845428467 seconds
    CV idx22/simple/from_MAP#1 it  19 lam=2.7e+01 ov=0.9999542 chi2=3.673e-02 rel=9.5e-05
Body is not plunging, Fisher should be stable.
waveform shape: (3, 7889537)
Computing SNR for parameters: (np.float64(1000086.6593329293), np.float64(10.00032415948928), np.float64(0.00014218695179719665), np.float64(11.0810528561557), np.float64(0.4999896246592445), 1.0, 7.340330367777554, np.float64(1.0460127129594372), np.float64(0.7851744982218749), 0.6283185307179586, 0.5235987755982988, np.float64(0.1096150164411777), 0.2, np.float64(0.2920750875408851), 0.95, False, False, False, True, 0.0, 0.0, np.float64(0.013195337284786347), np.float64(-0.024069268738710715))
Waveform Generated. SNR: 20.007359928921094
calculating stable deltas...
minimum relative error is greater than 1% for a. Fisher may be unstable!
Time taken to compute stable deltas is 40.89881372451782 seconds
calculating Fisher matrix...
Finished derivatives
Calculated Fisher is *atleast* positive-definite.
Time taken to compute FM is 3.984769582748413 seconds
    CV idx22/simple/from_MAP#1 it  20 lam=9.2e+03 ov=0.9999542 chi2=3.672e-02 rel=4.1e-06
Body is not plunging, Fisher should be stable.
waveform shape: (3, 7889537)
Computing SNR for parameters: (np.float64(1000086.6593329298), np.float64(10.00032415948926), np.float64(0.0001421869518019394), np.float64(11.081052856155704), np.float64(0.49998962465924507), 1.0, 7.340330367777554, np.float64(1.0460127131858572), np.float64(0.7851744980946931), 0.6283185307179586, 0.5235987755982988, np.float64(0.10961501582768764), 0.2, np.float64(0.2920750870622869), 0.95, False, False, False, True, 0.0, 0.0, np.float64(0.013195337106350812), np.float64(-0.024069270660562157))
Waveform Generated. SNR: 20.007357784046267
calculating Fisher matrix...
Finished derivatives
Calculated Fisher is *atleast* positive-definite.
Time taken to compute FM is 4.591971158981323 seconds
    CV idx22/simple/from_MAP#1 it  21 lam=8.8e+143 ov=0.9999542 chi2=3.672e-02 rel=0.0e+00
    NM  nfev=1871 ov 0.9999542 -> 0.9999544 (accepted=True)
Body is not plunging, Fisher should be stable.
waveform shape: (3, 7889537)
Computing SNR for parameters: (np.float64(1000086.6866910867), np.float64(10.00032335969165), np.float64(0.0001422437270468311), np.float64(11.081052751268164), np.float64(0.4999896107676645), 1.0, 7.340330367777554, np.float64(1.0460870818174464), np.float64(0.7851526238078974), 0.6283185307179586, 0.5235987755982988, np.float64(0.11021865364173435), 0.2, np.float64(0.29127884729486525), 0.95, False, False, False, True, 0.0, 0.0, np.float64(0.029015453844903314), np.float64(-0.028171929066041212))
Waveform Generated. SNR: 20.0070995710971
calculating stable deltas...
minimum relative error is greater than 1% for a. Fisher may be unstable!
Time taken to compute stable deltas is 40.665228605270386 seconds
calculating Fisher matrix...
Finished derivatives
Calculated Fisher is *atleast* positive-definite.
Time taken to compute FM is 3.9355885982513428 seconds
    CV idx22/simple/from_MAP#2 it   0 lam=2.3e+08 ov=0.9999544 chi2=3.654e-02 rel=1.9e-11
    RESULT idx22/simple/from_MAP: ov 0.9999315 -> 0.9999544, chi2=3.6539e-02
    --- start from_0PA ---
    start overlap = 0.9999543
Body is not plunging, Fisher should be stable.
waveform shape: (3, 7889537)
Computing SNR for parameters: (np.float64(1000086.8121747415), np.float64(10.000330265757414), np.float64(0.00014219994245515168), np.float64(11.08105312731166), np.float64(0.4999895087196374), 1.0, 7.340330367777554, np.float64(1.0460858805130933), np.float64(0.7851679549183892), 0.6283185307179586, 0.5235987755982988, np.float64(0.11154173285947004), 0.2, np.float64(0.29099658227614483), 0.95, False, False, False, True, 0.0, 0.0, np.float64(0.0), np.float64(0.0))
Waveform Generated. SNR: 20.007052289164836
calculating stable deltas...
minimum relative error is greater than 1% for a. Fisher may be unstable!
minimum relative error is greater than 1% for dev_1. Fisher may be unstable!
minimum relative error is greater than 1% for dev_2. Fisher may be unstable!
Time taken to compute stable deltas is 40.730807304382324 seconds
calculating Fisher matrix...
Finished derivatives
Calculated Fisher is *atleast* positive-definite.
Time taken to compute FM is 3.956207752227783 seconds
    CV idx22/simple/from_0PA#1 it   0 lam=9.5e+137 ov=0.9999543 chi2=3.661e-02 rel=0.0e+00
    NM  nfev=1258 ov 0.9999543 -> 0.9999543 (accepted=True)
Body is not plunging, Fisher should be stable.
waveform shape: (3, 7889537)
Computing SNR for parameters: (np.float64(1000086.814043789), np.float64(10.000330375969456), np.float64(0.00014220369438616086), np.float64(11.081053126862866), np.float64(0.4999895068451578), 1.0, 7.340330367777554, np.float64(1.0460907872395624), np.float64(0.7851618852004496), 0.6283185307179586, 0.5235987755982988, np.float64(0.11157476946990597), 0.2, np.float64(0.2909172531922106), 0.95, False, False, False, True, 0.0, 0.0, np.float64(-8.101026785172527e-05), np.float64(-0.00273898045895571))
Waveform Generated. SNR: 20.007055047243075
calculating stable deltas...
minimum relative error is greater than 1% for dev_1. Fisher may be unstable!
minimum relative error is greater than 1% for dev_2. Fisher may be unstable!
Time taken to compute stable deltas is 40.75801229476929 seconds
calculating Fisher matrix...
Finished derivatives
Calculated Fisher is *atleast* positive-definite.
Time taken to compute FM is 3.9396026134490967 seconds
    CV idx22/simple/from_0PA#2 it   0 lam=9.5e+137 ov=0.9999543 chi2=3.660e-02 rel=0.0e+00
    RESULT idx22/simple/from_0PA: ov 0.9999543 -> 0.9999543, chi2=3.6604e-02
    BEST  idx22/simple: from_MAP ov=0.9999544

==============================================================================
EMRI grid -- remaining cells, dt=10.0, T=2.5
point      a   e0   model      start      SNR     T%    ov@start       ov@CV        chi2
idx1    -0.5  0.1     0PA   from_MAP   19.995   0.00   0.9999654   0.9999854   1.168e-02
idx1    -0.5  0.1      PN   from_MAP   19.995   0.00   0.9999654   1.0000000   6.480e-06
idx1    -0.5  0.1      PN   from_0PA   19.995   0.00   0.9999854   1.0000000   6.480e-06
idx1    -0.5  0.1  simple   from_MAP   19.995   0.00   0.9999654   0.9999996   3.493e-04
idx1    -0.5  0.1  simple   from_0PA   19.995   0.00   0.9999854   0.9999996   3.439e-04
idx7     0.0  0.2     0PA   from_MAP   19.991   0.00   0.9997485   0.9999645   2.850e-02
idx7     0.0  0.2      PN   from_MAP   19.991   0.00   0.9997485   0.9999647   2.827e-02
idx7     0.0  0.2      PN   from_0PA   19.991   0.00   0.9999645   0.9999648   2.822e-02
idx7     0.0  0.2  simple   from_MAP   19.991   0.00   0.9997485   0.9999647   2.827e-02
idx7     0.0  0.2  simple   from_0PA   19.991   0.00   0.9999645   0.9999645   2.848e-02
idx10   -0.9  0.3     0PA   from_MAP   20.000   0.00   0.9998943   0.9999822   1.424e-02
idx10   -0.9  0.3      PN   from_MAP   20.000   0.00   0.9998943   0.9999859   1.127e-02
idx10   -0.9  0.3      PN   from_0PA   20.000   0.00   0.9999822   0.9999892   8.671e-03
idx10   -0.9  0.3  simple   from_MAP   20.000   0.00   0.9998943   0.9999897   8.247e-03
idx10   -0.9  0.3  simple   from_0PA   20.000   0.00   0.9999822   0.9999822   1.424e-02
idx16   -0.5  0.4     0PA   from_MAP   19.999   0.00   0.9999582   0.9999765   1.886e-02
idx16   -0.5  0.4      PN   from_MAP   19.999   0.00   0.9999582   1.0000000   5.295e-06
idx16   -0.5  0.4      PN   from_0PA   19.999   0.00   0.9999765   0.9999765   1.886e-02
idx16   -0.5  0.4  simple   from_MAP   19.999   0.00   0.9999582   0.9999739   2.088e-02
idx16   -0.5  0.4  simple   from_0PA   19.999   0.00   0.9999765   0.9999809   1.527e-02
idx19    0.9  0.4     0PA   from_MAP   19.930   0.00   0.9928441   0.9960306   3.159e+00
idx19    0.9  0.4      PN   from_MAP   19.930   0.00   0.9928441   0.9998086   1.520e-01
idx19    0.9  0.4      PN   from_0PA   19.930   0.00   0.9960306   0.9960306   3.159e+00
idx19    0.9  0.4  simple   from_MAP   19.930   0.00   0.9928441   0.9963111   2.932e+00
idx19    0.9  0.4  simple   from_0PA   19.930   0.00   0.9960306   0.9960306   3.159e+00
idx22    0.0  0.5     0PA   from_MAP   20.000   0.00   0.9999315   0.9999543   3.661e-02
idx22    0.0  0.5      PN   from_MAP   20.000   0.00   0.9999315   0.9999534   3.738e-02
idx22    0.0  0.5      PN   from_0PA   20.000   0.00   0.9999543   0.9999544   3.654e-02
idx22    0.0  0.5  simple   from_MAP   20.000   0.00   0.9999315   0.9999544   3.654e-02
idx22    0.0  0.5  simple   from_0PA   20.000   0.00   0.9999543   0.9999543   3.660e-02

[saved] all results -> /home/svu/e1583490/EMRI_CV_bias/src/EMRI/results_emri_grid_rest_a.json
