startup
[INFO] use_gpu = True
[cfg] CV controls: overlap_target=0.9999999999, lambda0=0.01, rel_tol=1e-09, recompute_deltas_every=10
[point] frozen hard_point_13.json
[point] live/13: m1 = 2.067045e+06, p0 = 10.309480, T = 3.487174 yr, dt = 10, d = 2.664237 Gpc, SNR = 200.0000
[point] injected A_PM = 3.968727e-05, n_PM = 8, A_GC = 1.0e-12, n_GC = 4.0
[point] population run reached ov = 0.00755585 (0PA), 0.00757838 (0PA+PN)
[cfg] model = 0PA+PN, parameters = m1, m2, a, p0, qS, phiS, Phi_phi0, C_p
[build] SNR check: 200.000000 (A = 145.3412, E = 137.3897)
    [DELTA] 0PA+PN C_p: steps 3.162e-04 -> 1.000e-05  (mismatch 3.51e-06 -> 3.51e-09, 4 of 45 ladder points in band)
[bounds] C_p: calibrated d_hi = 3.1623e-04 at mismatch 1.0e-05 -> decoherence at |C_p| ~ 1.0000e-01; box = +-1.0000e+00 (10x)

=== stage 1: CV step from the injected point ===
[stage1] skipped: the DE box is centred on the injected point
[stage1] overlap at injection = -0.0156565709

=== stage 2: differential evolution in the Fisher box ===
Body is not plunging, Fisher should be stable.
waveform shape: (2, 11004874)
Computing SNR for parameters: (np.float64(2067045.4188311219), np.float64(50.0), np.float64(0.9), np.float64(10.309480482493335), 0.0, 1.0, 2.664236642201777, np.float64(0.2), np.float64(0.2), 0.8, 0.8, np.float64(0.3), 0.5, 0.5, 0.0, False, False, False, True, np.float64(0.0), 0.0, False, 3.968727204155754e-05, 8.0, 1e-12, 4.0)
Waveform Generated. SNR: 199.9477395427676
calculating stable deltas...
Time taken to compute stable deltas is 28.719916343688965 seconds
calculating Fisher matrix...
Finished derivatives
Calculated Fisher is *atleast* positive-definite.
Time taken to compute FM is 2.5225794315338135 seconds
[DE] Fisher-based bounds:
         m1: [+2.05982651e+06, +2.07426433e+06]  centre +2.06704542e+06  injected +2.06704542e+06 in 
         m2: [+4.98661245e+01, +5.01338755e+01]  centre +5.00000000e+01  injected +5.00000000e+01 in 
          a: [+8.99482388e-01, +9.00517612e-01]  centre +9.00000000e-01  injected +9.00000000e-01 in 
         p0: [+1.02847058e+01, +1.03342551e+01]  centre +1.03094805e+01  injected +1.03094805e+01 in 
         qS: [+0.00000000e+00, +3.14159265e+00]  centre +2.00000000e-01  injected +2.00000000e-01 in 
       phiS: [+0.00000000e+00, +6.28318531e+00]  centre +2.00000000e-01  injected +2.00000000e-01 in 
   Phi_phi0: [+0.00000000e+00, +6.28318531e+00]  centre +3.00000000e-01  injected +3.00000000e-01 in 
        C_p: [-1.00000000e+00, +1.00000000e+00]  centre +0.00000000e+00  injected +0.00000000e+00 in 
[DE] ndim = 8, maxiter = 2000, popsize = 15, objective = chi2, init = sobol
    [DE]     200 evals    0.01 h    0.10 s/eval  best = 4.536538e+04
    [DE]     400 evals    0.01 h    0.09 s/eval  best = 4.504572e+04
    [DE]     600 evals    0.02 h    0.09 s/eval  best = 4.486302e+04
    [DE]     800 evals    0.02 h    0.09 s/eval  best = 4.470152e+04
    [DE]    1000 evals    0.03 h    0.09 s/eval  best = 4.461689e+04
    [DE]    1200 evals    0.03 h    0.09 s/eval  best = 4.457068e+04
    [DE]    1400 evals    0.04 h    0.09 s/eval  best = 4.442756e+04
    [DE]    1600 evals    0.04 h    0.09 s/eval  best = 4.435510e+04
    [DE]    1800 evals    0.04 h    0.09 s/eval  best = 4.435510e+04
    [DE]    2000 evals    0.05 h    0.09 s/eval  best = 4.435510e+04
    [DE]    2200 evals    0.05 h    0.09 s/eval  best = 4.435510e+04
    [DE]    2400 evals    0.06 h    0.09 s/eval  best = 4.433424e+04
    [DE]    2600 evals    0.06 h    0.09 s/eval  best = 4.429598e+04
    [DE]    2800 evals    0.07 h    0.09 s/eval  best = 4.429598e+04
    [DE]    3000 evals    0.07 h    0.09 s/eval  best = 4.428852e+04
    [DE]    3200 evals    0.08 h    0.09 s/eval  best = 4.427293e+04
    [DE]    3400 evals    0.08 h    0.09 s/eval  best = 4.427293e+04
    [DE]    3600 evals    0.09 h    0.09 s/eval  best = 4.426958e+04
    [DE]    3800 evals    0.09 h    0.09 s/eval  best = 4.426958e+04
    [DE]    4000 evals    0.10 h    0.09 s/eval  best = 4.426958e+04
    [DE]    4200 evals    0.10 h    0.09 s/eval  best = 4.426958e+04
    [DE]    4400 evals    0.11 h    0.09 s/eval  best = 4.426874e+04
    [DE]    4600 evals    0.11 h    0.09 s/eval  best = 4.426467e+04
    [DE]    4800 evals    0.12 h    0.09 s/eval  best = 4.426371e+04
    [DE]    5000 evals    0.12 h    0.09 s/eval  best = 4.426119e+04
    [DE]    5200 evals    0.13 h    0.09 s/eval  best = 4.426035e+04
    [DE]    5400 evals    0.13 h    0.09 s/eval  best = 4.426035e+04
    [DE]    5600 evals    0.14 h    0.09 s/eval  best = 4.425906e+04
    [DE]    5800 evals    0.14 h    0.09 s/eval  best = 4.425568e+04
    [DE]    6000 evals    0.15 h    0.09 s/eval  best = 4.425560e+04
    [DE]    6200 evals    0.15 h    0.09 s/eval  best = 4.425528e+04
    [DE]    6400 evals    0.16 h    0.09 s/eval  best = 4.425528e+04
    [DE]    6600 evals    0.16 h    0.09 s/eval  best = 4.425528e+04
    [DE]    6800 evals    0.17 h    0.09 s/eval  best = 4.425431e+04
    [DE]    7000 evals    0.17 h    0.09 s/eval  best = 4.425431e+04
    [DE]    7200 evals    0.17 h    0.09 s/eval  best = 4.425427e+04
    [DE]    7400 evals    0.18 h    0.09 s/eval  best = 4.425346e+04
    [DE]    7600 evals    0.18 h    0.09 s/eval  best = 4.425346e+04
    [DE]    7800 evals    0.19 h    0.09 s/eval  best = 4.425339e+04
    [DE]    8000 evals    0.19 h    0.09 s/eval  best = 4.425339e+04
    [DE]    8200 evals    0.20 h    0.09 s/eval  best = 4.425320e+04
    [DE]    8400 evals    0.20 h    0.09 s/eval  best = 4.425320e+04
    [DE]    8600 evals    0.21 h    0.09 s/eval  best = 4.425302e+04
    [DE]    8800 evals    0.21 h    0.09 s/eval  best = 4.425265e+04
    [DE]    9000 evals    0.22 h    0.09 s/eval  best = 4.425265e+04
    [DE]    9200 evals    0.22 h    0.09 s/eval  best = 4.425265e+04
    [DE]    9400 evals    0.23 h    0.09 s/eval  best = 4.425260e+04
    [DE]    9600 evals    0.23 h    0.09 s/eval  best = 4.425237e+04
    [DE]    9800 evals    0.24 h    0.09 s/eval  best = 4.425237e+04
    [DE]   10000 evals    0.24 h    0.09 s/eval  best = 4.425237e+04
    [DE]   10200 evals    0.25 h    0.09 s/eval  best = 4.425237e+04
    [DE]   10400 evals    0.25 h    0.09 s/eval  best = 4.425237e+04
    [DE]   10600 evals    0.26 h    0.09 s/eval  best = 4.425237e+04
    [DE]   10800 evals    0.26 h    0.09 s/eval  best = 4.425237e+04
    [DE]   11000 evals    0.26 h    0.09 s/eval  best = 4.425237e+04
    [DE]   11200 evals    0.27 h    0.09 s/eval  best = 4.425237e+04
    [DE]   11400 evals    0.27 h    0.09 s/eval  best = 4.425237e+04
    [DE]   11600 evals    0.28 h    0.09 s/eval  best = 4.425224e+04
    [DE]   11800 evals    0.28 h    0.09 s/eval  best = 4.296042e+04
    [DE]   12000 evals    0.29 h    0.09 s/eval  best = 4.287285e+04
    [DE]   12200 evals    0.29 h    0.09 s/eval  best = 4.287285e+04
    [DE]   12400 evals    0.30 h    0.09 s/eval  best = 4.268361e+04
    [DE]   12600 evals    0.30 h    0.09 s/eval  best = 4.268361e+04
    [DE]   12800 evals    0.31 h    0.09 s/eval  best = 4.268361e+04
    [DE]   13000 evals    0.31 h    0.09 s/eval  best = 4.268361e+04
    [DE]   13200 evals    0.32 h    0.09 s/eval  best = 4.268361e+04
    [DE]   13400 evals    0.32 h    0.09 s/eval  best = 4.268361e+04
    [DE]   13600 evals    0.33 h    0.09 s/eval  best = 4.268361e+04
    [DE]   13800 evals    0.33 h    0.09 s/eval  best = 4.268361e+04
    [DE]   14000 evals    0.34 h    0.09 s/eval  best = 4.268361e+04
    [DE]   14200 evals    0.34 h    0.09 s/eval  best = 4.268361e+04
    [DE]   14400 evals    0.35 h    0.09 s/eval  best = 4.268361e+04
    [DE]   14600 evals    0.35 h    0.09 s/eval  best = 4.267866e+04
    [DE]   14800 evals    0.36 h    0.09 s/eval  best = 4.267147e+04
    [DE]   15000 evals    0.36 h    0.09 s/eval  best = 4.267147e+04
    [DE]   15200 evals    0.37 h    0.09 s/eval  best = 4.267147e+04
    [DE]   15400 evals    0.37 h    0.09 s/eval  best = 4.267147e+04
    [DE]   15600 evals    0.40 h    0.09 s/eval  best = 4.267147e+04
    [DE]   15800 evals    0.44 h    0.10 s/eval  best = 4.267147e+04
    [DE]   16000 evals    0.45 h    0.10 s/eval  best = 4.265769e+04
    [DE]   16200 evals    0.45 h    0.10 s/eval  best = 4.264843e+04
    [DE]   16400 evals    0.46 h    0.10 s/eval  best = 4.264843e+04
    [DE]   16600 evals    0.46 h    0.10 s/eval  best = 4.264843e+04
    [DE]   16800 evals    0.47 h    0.10 s/eval  best = 4.262238e+04
    [DE]   17000 evals    0.47 h    0.10 s/eval  best = 4.262238e+04
    [DE]   17200 evals    0.48 h    0.10 s/eval  best = 4.260583e+04
    [DE]   17400 evals    0.48 h    0.10 s/eval  best = 4.258876e+04
    [DE]   17600 evals    0.49 h    0.10 s/eval  best = 4.258131e+04
    [DE]   17800 evals    0.49 h    0.10 s/eval  best = 4.256512e+04
    [DE]   18000 evals    0.50 h    0.10 s/eval  best = 4.253711e+04
    [DE]   18200 evals    0.50 h    0.10 s/eval  best = 4.253711e+04
    [DE]   18400 evals    0.51 h    0.10 s/eval  best = 4.251652e+04
    [DE]   18600 evals    0.51 h    0.10 s/eval  best = 4.251652e+04
    [DE]   18800 evals    0.52 h    0.10 s/eval  best = 4.251652e+04
    [DE]   19000 evals    0.52 h    0.10 s/eval  best = 4.251652e+04
    [DE]   19200 evals    0.53 h    0.10 s/eval  best = 4.251652e+04
    [DE]   19400 evals    0.53 h    0.10 s/eval  best = 4.251652e+04
    [DE]   19600 evals    0.54 h    0.10 s/eval  best = 4.251652e+04
    [DE]   19800 evals    0.54 h    0.10 s/eval  best = 4.251652e+04
    [DE]   20000 evals    0.55 h    0.10 s/eval  best = 4.251652e+04
    [DE]   20200 evals    0.55 h    0.10 s/eval  best = 4.251652e+04
    [DE]   20400 evals    0.56 h    0.10 s/eval  best = 4.251652e+04
    [DE]   20600 evals    0.56 h    0.10 s/eval  best = 4.251652e+04
    [DE]   20800 evals    0.57 h    0.10 s/eval  best = 4.251652e+04
    [DE]   21000 evals    0.57 h    0.10 s/eval  best = 4.251652e+04
    [DE]   21200 evals    0.58 h    0.10 s/eval  best = 4.251652e+04
    [DE]   21400 evals    0.58 h    0.10 s/eval  best = 4.251652e+04
    [DE]   21600 evals    0.59 h    0.10 s/eval  best = 4.251652e+04
    [DE]   21800 evals    0.59 h    0.10 s/eval  best = 4.251652e+04
    [DE]   22000 evals    0.60 h    0.10 s/eval  best = 4.251652e+04
    [DE]   22200 evals    0.60 h    0.10 s/eval  best = 4.251652e+04
    [DE]   22400 evals    0.61 h    0.10 s/eval  best = 4.251652e+04
    [DE]   22600 evals    0.61 h    0.10 s/eval  best = 4.249486e+04
    [DE]   22800 evals    0.62 h    0.10 s/eval  best = 4.242150e+04
    [DE]   23000 evals    0.62 h    0.10 s/eval  best = 4.233527e+04
    [DE]   23200 evals    0.63 h    0.10 s/eval  best = 4.193749e+04
    [DE]   23400 evals    0.63 h    0.10 s/eval  best = 4.193749e+04
    [DE]   23600 evals    0.64 h    0.10 s/eval  best = 4.172855e+04
    [DE]   23800 evals    0.64 h    0.10 s/eval  best = 4.159058e+04
    [DE]   24000 evals    0.65 h    0.10 s/eval  best = 4.159058e+04
    [DE]   24200 evals    0.65 h    0.10 s/eval  best = 4.086766e+04
    [DE]   24400 evals    0.66 h    0.10 s/eval  best = 4.068373e+04
    [DE]   24600 evals    0.66 h    0.10 s/eval  best = 4.068373e+04
    [DE]   24800 evals    0.67 h    0.10 s/eval  best = 4.068373e+04
    [DE]   25000 evals    0.68 h    0.10 s/eval  best = 4.068373e+04
    [DE]   25200 evals    0.68 h    0.10 s/eval  best = 4.068373e+04
    [DE]   25400 evals    0.69 h    0.10 s/eval  best = 4.068373e+04
    [DE]   25600 evals    0.69 h    0.10 s/eval  best = 3.986304e+04
    [DE]   25800 evals    0.70 h    0.10 s/eval  best = 3.986304e+04
    [DE]   26000 evals    0.70 h    0.10 s/eval  best = 3.986304e+04
    [DE]   26200 evals    0.71 h    0.10 s/eval  best = 3.982575e+04
    [DE]   26400 evals    0.71 h    0.10 s/eval  best = 3.890071e+04
    [DE]   26600 evals    0.72 h    0.10 s/eval  best = 3.881978e+04
    [DE]   26800 evals    0.72 h    0.10 s/eval  best = 3.843774e+04
    [DE]   27000 evals    0.73 h    0.10 s/eval  best = 3.687426e+04
    [DE]   27200 evals    0.73 h    0.10 s/eval  best = 3.687426e+04
    [DE]   27400 evals    0.74 h    0.10 s/eval  best = 3.687426e+04
    [DE]   27600 evals    0.74 h    0.10 s/eval  best = 3.687426e+04
    [DE]   27800 evals    0.75 h    0.10 s/eval  best = 3.687426e+04
    [DE]   28000 evals    0.75 h    0.10 s/eval  best = 3.687426e+04
    [DE]   28200 evals    0.76 h    0.10 s/eval  best = 3.687426e+04
    [DE]   28400 evals    0.76 h    0.10 s/eval  best = 3.687426e+04
    [DE]   28600 evals    0.77 h    0.10 s/eval  best = 3.687426e+04
    [DE]   28800 evals    0.77 h    0.10 s/eval  best = 3.687426e+04
    [DE]   29000 evals    0.78 h    0.10 s/eval  best = 3.687426e+04
    [DE]   29200 evals    0.78 h    0.10 s/eval  best = 3.681197e+04
    [DE]   29400 evals    0.79 h    0.10 s/eval  best = 3.633987e+04
    [DE]   29600 evals    0.79 h    0.10 s/eval  best = 3.633987e+04
    [DE]   29800 evals    0.80 h    0.10 s/eval  best = 3.633987e+04
    [DE]   30000 evals    0.80 h    0.10 s/eval  best = 3.617579e+04
    [DE]   30200 evals    0.81 h    0.10 s/eval  best = 3.617579e+04
    [DE]   30400 evals    0.81 h    0.10 s/eval  best = 3.617579e+04
    [DE]   30600 evals    0.82 h    0.10 s/eval  best = 3.617579e+04
    [DE]   30800 evals    0.82 h    0.10 s/eval  best = 3.617579e+04
    [DE]   31000 evals    0.83 h    0.10 s/eval  best = 3.617579e+04
    [DE]   31200 evals    0.83 h    0.10 s/eval  best = 3.617579e+04
    [DE]   31400 evals    0.84 h    0.10 s/eval  best = 3.617579e+04
    [DE]   31600 evals    0.84 h    0.10 s/eval  best = 3.617579e+04
    [DE]   31800 evals    0.85 h    0.10 s/eval  best = 3.594257e+04
    [DE]   32000 evals    0.85 h    0.10 s/eval  best = 3.589195e+04
    [DE]   32200 evals    0.86 h    0.10 s/eval  best = 3.559064e+04
    [DE]   32400 evals    0.86 h    0.10 s/eval  best = 3.538030e+04
    [DE]   32600 evals    0.87 h    0.10 s/eval  best = 3.538030e+04
    [DE]   32800 evals    0.87 h    0.10 s/eval  best = 3.536134e+04
    [DE]   33000 evals    0.88 h    0.10 s/eval  best = 3.536134e+04
    [DE]   33200 evals    0.88 h    0.10 s/eval  best = 3.536134e+04
    [DE]   33400 evals    0.89 h    0.10 s/eval  best = 3.534468e+04
    [DE]   33600 evals    0.89 h    0.10 s/eval  best = 3.491126e+04
    [DE]   33800 evals    0.90 h    0.10 s/eval  best = 3.467055e+04
    [DE]   34000 evals    0.90 h    0.10 s/eval  best = 3.467055e+04
    [DE]   34200 evals    0.91 h    0.10 s/eval  best = 3.467055e+04
    [DE]   34400 evals    0.91 h    0.10 s/eval  best = 3.467055e+04
    [DE]   34600 evals    0.92 h    0.10 s/eval  best = 3.467055e+04
    [DE]   34800 evals    0.92 h    0.10 s/eval  best = 3.467055e+04
    [DE]   35000 evals    0.93 h    0.10 s/eval  best = 3.455504e+04
    [DE]   35200 evals    0.93 h    0.10 s/eval  best = 3.455504e+04
    [DE]   35400 evals    0.94 h    0.10 s/eval  best = 3.442955e+04
    [DE]   35600 evals    0.94 h    0.10 s/eval  best = 3.442955e+04
    [DE]   35800 evals    0.95 h    0.10 s/eval  best = 3.345397e+04
    [DE]   36000 evals    0.96 h    0.10 s/eval  best = 3.317477e+04
    [DE]   36200 evals    0.96 h    0.10 s/eval  best = 3.317477e+04
    [DE]   36400 evals    0.97 h    0.10 s/eval  best = 3.317477e+04
    [DE]   36600 evals    0.97 h    0.10 s/eval  best = 3.311069e+04
    [DE]   36800 evals    0.98 h    0.10 s/eval  best = 3.311069e+04
    [DE]   37000 evals    0.98 h    0.10 s/eval  best = 3.311069e+04
    [DE]   37200 evals    0.99 h    0.10 s/eval  best = 3.311069e+04
    [DE]   37400 evals    0.99 h    0.10 s/eval  best = 3.311069e+04
    [DE]   37600 evals    1.00 h    0.10 s/eval  best = 3.292072e+04
    [DE]   37800 evals    1.00 h    0.10 s/eval  best = 3.218100e+04
    [DE]   38000 evals    1.01 h    0.10 s/eval  best = 3.076938e+04
    [DE]   38200 evals    1.01 h    0.10 s/eval  best = 3.075638e+04
    [DE]   38400 evals    1.02 h    0.10 s/eval  best = 3.075638e+04
    [DE]   38600 evals    1.02 h    0.10 s/eval  best = 3.075638e+04
    [DE]   38800 evals    1.03 h    0.10 s/eval  best = 3.075638e+04
    [DE]   39000 evals    1.03 h    0.10 s/eval  best = 3.075638e+04
    [DE]   39200 evals    1.04 h    0.10 s/eval  best = 3.075638e+04
    [DE]   39400 evals    1.04 h    0.10 s/eval  best = 3.075638e+04
    [DE]   39600 evals    1.05 h    0.10 s/eval  best = 3.075638e+04
    [DE]   39800 evals    1.05 h    0.10 s/eval  best = 3.075638e+04
    [DE]   40000 evals    1.06 h    0.10 s/eval  best = 3.075638e+04
    [DE]   40200 evals    1.06 h    0.10 s/eval  best = 3.075638e+04
    [DE]   40400 evals    1.07 h    0.10 s/eval  best = 3.075638e+04
    [DE]   40600 evals    1.07 h    0.10 s/eval  best = 3.075638e+04
    [DE]   40800 evals    1.08 h    0.10 s/eval  best = 3.075638e+04
    [DE]   41000 evals    1.08 h    0.10 s/eval  best = 3.075638e+04
    [DE]   41200 evals    1.09 h    0.10 s/eval  best = 3.075638e+04
    [DE]   41400 evals    1.09 h    0.10 s/eval  best = 3.075638e+04
    [DE]   41600 evals    1.10 h    0.10 s/eval  best = 3.075638e+04
    [DE]   41800 evals    1.10 h    0.10 s/eval  best = 3.075638e+04
    [DE]   42000 evals    1.11 h    0.10 s/eval  best = 3.039193e+04
    [DE]   42200 evals    1.11 h    0.09 s/eval  best = 3.039193e+04
    [DE]   42400 evals    1.12 h    0.09 s/eval  best = 3.035695e+04
    [DE]   42600 evals    1.12 h    0.09 s/eval  best = 3.035695e+04
    [DE]   42800 evals    1.13 h    0.09 s/eval  best = 3.035695e+04
    [DE]   43000 evals    1.13 h    0.09 s/eval  best = 3.035695e+04
    [DE]   43200 evals    1.14 h    0.09 s/eval  best = 3.035695e+04
    [DE]   43400 evals    1.14 h    0.09 s/eval  best = 3.035695e+04
    [DE]   43600 evals    1.15 h    0.09 s/eval  best = 3.035695e+04
    [DE]   43800 evals    1.15 h    0.09 s/eval  best = 2.828279e+04
    [DE]   44000 evals    1.16 h    0.09 s/eval  best = 2.751048e+04
    [DE]   44200 evals    1.16 h    0.09 s/eval  best = 2.751048e+04
    [DE]   44400 evals    1.17 h    0.09 s/eval  best = 2.630148e+04
    [DE]   44600 evals    1.17 h    0.09 s/eval  best = 2.630148e+04
    [DE]   44800 evals    1.18 h    0.09 s/eval  best = 2.557871e+04
    [DE]   45000 evals    1.18 h    0.09 s/eval  best = 2.557871e+04
    [DE]   45200 evals    1.19 h    0.09 s/eval  best = 2.353842e+04
    [DE]   45400 evals    1.19 h    0.09 s/eval  best = 2.353842e+04
    [DE]   45600 evals    1.20 h    0.09 s/eval  best = 2.353842e+04
    [DE]   45800 evals    1.20 h    0.09 s/eval  best = 2.265127e+04
    [DE]   46000 evals    1.21 h    0.09 s/eval  best = 2.265127e+04
    [DE]   46200 evals    1.22 h    0.09 s/eval  best = 2.265127e+04
    [DE]   46400 evals    1.22 h    0.09 s/eval  best = 2.220183e+04
    [DE]   46600 evals    1.23 h    0.09 s/eval  best = 2.220183e+04
    [DE]   46800 evals    1.23 h    0.09 s/eval  best = 2.220183e+04
    [DE]   47000 evals    1.24 h    0.09 s/eval  best = 2.202547e+04
    [DE]   47200 evals    1.24 h    0.09 s/eval  best = 2.189133e+04
    [DE]   47400 evals    1.25 h    0.09 s/eval  best = 2.189133e+04
    [DE]   47600 evals    1.25 h    0.09 s/eval  best = 2.009336e+04
    [DE]   47800 evals    1.26 h    0.09 s/eval  best = 2.009336e+04
    [DE]   48000 evals    1.26 h    0.09 s/eval  best = 2.009336e+04
    [DE]   48200 evals    1.27 h    0.09 s/eval  best = 2.009336e+04
    [DE]   48400 evals    1.27 h    0.09 s/eval  best = 2.009336e+04
    [DE]   48600 evals    1.28 h    0.09 s/eval  best = 2.009336e+04
    [DE]   48800 evals    1.28 h    0.09 s/eval  best = 2.009336e+04
    [DE]   49000 evals    1.29 h    0.09 s/eval  best = 2.009336e+04
    [DE]   49200 evals    1.29 h    0.09 s/eval  best = 2.009336e+04
    [DE]   49400 evals    1.30 h    0.09 s/eval  best = 2.009336e+04
    [DE]   49600 evals    1.30 h    0.09 s/eval  best = 2.009336e+04
    [DE]   49800 evals    1.31 h    0.09 s/eval  best = 2.009336e+04
    [DE]   50000 evals    1.31 h    0.09 s/eval  best = 2.009336e+04
    [DE]   50200 evals    1.32 h    0.09 s/eval  best = 2.009336e+04
    [DE]   50400 evals    1.32 h    0.09 s/eval  best = 2.009336e+04
    [DE]   50600 evals    1.33 h    0.09 s/eval  best = 2.009336e+04
    [DE]   50800 evals    1.33 h    0.09 s/eval  best = 2.009336e+04
    [DE]   51000 evals    1.34 h    0.09 s/eval  best = 2.009336e+04
    [DE]   51200 evals    1.34 h    0.09 s/eval  best = 2.009336e+04
    [DE]   51400 evals    1.35 h    0.09 s/eval  best = 1.991193e+04
    [DE]   51600 evals    1.35 h    0.09 s/eval  best = 1.991193e+04
    [DE]   51800 evals    1.36 h    0.09 s/eval  best = 1.991193e+04
    [DE]   52000 evals    1.36 h    0.09 s/eval  best = 1.991193e+04
    [DE]   52200 evals    1.37 h    0.09 s/eval  best = 1.991193e+04
    [DE]   52400 evals    1.37 h    0.09 s/eval  best = 1.901363e+04
    [DE]   52600 evals    1.38 h    0.09 s/eval  best = 1.901363e+04
    [DE]   52800 evals    1.38 h    0.09 s/eval  best = 1.901363e+04
    [DE]   53000 evals    1.39 h    0.09 s/eval  best = 1.901363e+04
    [DE]   53200 evals    1.39 h    0.09 s/eval  best = 1.901363e+04
    [DE]   53400 evals    1.40 h    0.09 s/eval  best = 1.901363e+04
    [DE]   53600 evals    1.40 h    0.09 s/eval  best = 1.901363e+04
    [DE]   53800 evals    1.41 h    0.09 s/eval  best = 1.901363e+04
    [DE]   54000 evals    1.41 h    0.09 s/eval  best = 1.901363e+04
    [DE]   54200 evals    1.42 h    0.09 s/eval  best = 1.901363e+04
    [DE]   54400 evals    1.42 h    0.09 s/eval  best = 1.901363e+04
    [DE]   54600 evals    1.43 h    0.09 s/eval  best = 1.901363e+04
    [DE]   54800 evals    1.43 h    0.09 s/eval  best = 1.863102e+04
    [DE]   55000 evals    1.44 h    0.09 s/eval  best = 1.863102e+04
    [DE]   55200 evals    1.44 h    0.09 s/eval  best = 1.857025e+04
    [DE]   55400 evals    1.45 h    0.09 s/eval  best = 1.857025e+04
    [DE]   55600 evals    1.45 h    0.09 s/eval  best = 1.857025e+04
    [DE]   55800 evals    1.46 h    0.09 s/eval  best = 1.857025e+04
    [DE]   56000 evals    1.46 h    0.09 s/eval  best = 1.857025e+04
    [DE]   56200 evals    1.47 h    0.09 s/eval  best = 1.857025e+04
    [DE]   56400 evals    1.47 h    0.09 s/eval  best = 1.857025e+04
    [DE]   56600 evals    1.48 h    0.09 s/eval  best = 1.857025e+04
    [DE]   56800 evals    1.48 h    0.09 s/eval  best = 1.857025e+04
    [DE]   57000 evals    1.49 h    0.09 s/eval  best = 1.857025e+04
    [DE]   57200 evals    1.49 h    0.09 s/eval  best = 1.857025e+04
    [DE]   57400 evals    1.50 h    0.09 s/eval  best = 1.857025e+04
    [DE]   57600 evals    1.50 h    0.09 s/eval  best = 1.815095e+04
    [DE]   57800 evals    1.51 h    0.09 s/eval  best = 1.815095e+04
    [DE]   58000 evals    1.51 h    0.09 s/eval  best = 1.815095e+04
    [DE]   58200 evals    1.52 h    0.09 s/eval  best = 1.815095e+04
    [DE]   58400 evals    1.52 h    0.09 s/eval  best = 1.815095e+04
    [DE]   58600 evals    1.53 h    0.09 s/eval  best = 1.799682e+04
    [DE]   58800 evals    1.53 h    0.09 s/eval  best = 1.799682e+04
    [DE]   59000 evals    1.54 h    0.09 s/eval  best = 1.799682e+04
    [DE]   59200 evals    1.54 h    0.09 s/eval  best = 1.799682e+04
    [DE]   59400 evals    1.55 h    0.09 s/eval  best = 1.799682e+04
    [DE]   59600 evals    1.56 h    0.09 s/eval  best = 1.799682e+04
    [DE]   59800 evals    1.56 h    0.09 s/eval  best = 1.799682e+04
    [DE]   60000 evals    1.57 h    0.09 s/eval  best = 1.799682e+04
    [DE]   60200 evals    1.57 h    0.09 s/eval  best = 1.799682e+04
    [DE]   60400 evals    1.58 h    0.09 s/eval  best = 1.799682e+04
    [DE]   60600 evals    1.58 h    0.09 s/eval  best = 1.799682e+04
    [DE]   60800 evals    1.59 h    0.09 s/eval  best = 1.799682e+04
    [DE]   61000 evals    1.59 h    0.09 s/eval  best = 1.799682e+04
    [DE]   61200 evals    1.60 h    0.09 s/eval  best = 1.799682e+04
    [DE]   61400 evals    1.60 h    0.09 s/eval  best = 1.799682e+04
    [DE]   61600 evals    1.61 h    0.09 s/eval  best = 1.799682e+04
    [DE]   61800 evals    1.61 h    0.09 s/eval  best = 1.799682e+04
    [DE]   62000 evals    1.62 h    0.09 s/eval  best = 1.799682e+04
    [DE]   62200 evals    1.62 h    0.09 s/eval  best = 1.799682e+04
    [DE]   62400 evals    1.63 h    0.09 s/eval  best = 1.799682e+04
    [DE]   62600 evals    1.63 h    0.09 s/eval  best = 1.799682e+04
    [DE]   62800 evals    1.64 h    0.09 s/eval  best = 1.799682e+04
    [DE]   63000 evals    1.64 h    0.09 s/eval  best = 1.784257e+04
    [DE]   63200 evals    1.65 h    0.09 s/eval  best = 1.784257e+04
    [DE]   63400 evals    1.65 h    0.09 s/eval  best = 1.784257e+04
    [DE]   63600 evals    1.66 h    0.09 s/eval  best = 1.784257e+04
    [DE]   63800 evals    1.66 h    0.09 s/eval  best = 1.784257e+04
    [DE]   64000 evals    1.67 h    0.09 s/eval  best = 1.784257e+04
    [DE]   64200 evals    1.67 h    0.09 s/eval  best = 1.784257e+04
    [DE]   64400 evals    1.68 h    0.09 s/eval  best = 1.775157e+04
    [DE]   64600 evals    1.68 h    0.09 s/eval  best = 1.775157e+04
    [DE]   64800 evals    1.69 h    0.09 s/eval  best = 1.775157e+04
    [DE]   65000 evals    1.69 h    0.09 s/eval  best = 1.775157e+04
    [DE]   65200 evals    1.70 h    0.09 s/eval  best = 1.766190e+04
    [DE]   65400 evals    1.70 h    0.09 s/eval  best = 1.766190e+04
    [DE]   65600 evals    1.71 h    0.09 s/eval  best = 1.766190e+04
    [DE]   65800 evals    1.71 h    0.09 s/eval  best = 1.766190e+04
    [DE]   66000 evals    1.72 h    0.09 s/eval  best = 1.766190e+04
    [DE]   66200 evals    1.72 h    0.09 s/eval  best = 1.766190e+04
    [DE]   66400 evals    1.73 h    0.09 s/eval  best = 1.766190e+04
    [DE]   66600 evals    1.73 h    0.09 s/eval  best = 1.766190e+04
    [DE]   66800 evals    1.74 h    0.09 s/eval  best = 1.766190e+04
    [DE]   67000 evals    1.74 h    0.09 s/eval  best = 1.766190e+04
    [DE]   67200 evals    1.75 h    0.09 s/eval  best = 1.766190e+04
    [DE]   67400 evals    1.75 h    0.09 s/eval  best = 1.766190e+04
    [DE]   67600 evals    1.76 h    0.09 s/eval  best = 1.766190e+04
    [DE]   67800 evals    1.76 h    0.09 s/eval  best = 1.766190e+04
    [DE]   68000 evals    1.77 h    0.09 s/eval  best = 1.766190e+04
    [DE]   68200 evals    1.77 h    0.09 s/eval  best = 1.766190e+04
    [DE]   68400 evals    1.78 h    0.09 s/eval  best = 1.766190e+04
    [DE]   68600 evals    1.78 h    0.09 s/eval  best = 1.764306e+04
    [DE]   68800 evals    1.79 h    0.09 s/eval  best = 1.764306e+04
    [DE]   69000 evals    1.79 h    0.09 s/eval  best = 1.764208e+04
    [DE]   69200 evals    1.80 h    0.09 s/eval  best = 1.764208e+04
    [DE]   69400 evals    1.80 h    0.09 s/eval  best = 1.764208e+04
    [DE]   69600 evals    1.81 h    0.09 s/eval  best = 1.762539e+04
    [DE]   69800 evals    1.81 h    0.09 s/eval  best = 1.759960e+04
    [DE]   70000 evals    1.82 h    0.09 s/eval  best = 1.757656e+04
    [DE]   70200 evals    1.82 h    0.09 s/eval  best = 1.749924e+04
    [DE]   70400 evals    1.83 h    0.09 s/eval  best = 1.749924e+04
    [DE]   70600 evals    1.83 h    0.09 s/eval  best = 1.749924e+04
    [DE]   70800 evals    1.84 h    0.09 s/eval  best = 1.749924e+04
    [DE]   71000 evals    1.84 h    0.09 s/eval  best = 1.749315e+04
    [DE]   71200 evals    1.85 h    0.09 s/eval  best = 1.749315e+04
    [DE]   71400 evals    1.85 h    0.09 s/eval  best = 1.749315e+04
    [DE]   71600 evals    1.86 h    0.09 s/eval  best = 1.743195e+04
    [DE]   71800 evals    1.87 h    0.09 s/eval  best = 1.732211e+04
    [DE]   72000 evals    1.87 h    0.09 s/eval  best = 1.732211e+04
    [DE]   72200 evals    1.88 h    0.09 s/eval  best = 1.732211e+04
    [DE]   72400 evals    1.88 h    0.09 s/eval  best = 1.732211e+04
    [DE]   72600 evals    1.89 h    0.09 s/eval  best = 1.732211e+04
    [DE]   72800 evals    1.89 h    0.09 s/eval  best = 1.732211e+04
    [DE]   73000 evals    1.90 h    0.09 s/eval  best = 1.732211e+04
    [DE]   73200 evals    1.90 h    0.09 s/eval  best = 1.732211e+04
    [DE]   73400 evals    1.91 h    0.09 s/eval  best = 1.726137e+04
    [DE]   73600 evals    1.91 h    0.09 s/eval  best = 1.726137e+04
    [DE]   73800 evals    1.92 h    0.09 s/eval  best = 1.726137e+04
    [DE]   74000 evals    1.92 h    0.09 s/eval  best = 1.726137e+04
    [DE]   74200 evals    1.93 h    0.09 s/eval  best = 1.726137e+04
    [DE]   74400 evals    1.93 h    0.09 s/eval  best = 1.726137e+04
    [DE]   74600 evals    1.94 h    0.09 s/eval  best = 1.726137e+04
    [DE]   74800 evals    1.94 h    0.09 s/eval  best = 1.726137e+04
    [DE]   75000 evals    1.95 h    0.09 s/eval  best = 1.726137e+04
    [DE]   75200 evals    1.95 h    0.09 s/eval  best = 1.724325e+04
    [DE]   75400 evals    1.96 h    0.09 s/eval  best = 1.724325e+04
    [DE]   75600 evals    1.96 h    0.09 s/eval  best = 1.724325e+04
    [DE]   75800 evals    1.97 h    0.09 s/eval  best = 1.724325e+04
    [DE]   76000 evals    1.97 h    0.09 s/eval  best = 1.724325e+04
    [DE]   76200 evals    1.98 h    0.09 s/eval  best = 1.724325e+04
    [DE]   76400 evals    1.98 h    0.09 s/eval  best = 1.724325e+04
    [DE]   76600 evals    1.99 h    0.09 s/eval  best = 1.724325e+04
    [DE]   76800 evals    1.99 h    0.09 s/eval  best = 1.724223e+04
    [DE]   77000 evals    2.00 h    0.09 s/eval  best = 1.724223e+04
    [DE]   77200 evals    2.00 h    0.09 s/eval  best = 1.724223e+04
    [DE]   77400 evals    2.01 h    0.09 s/eval  best = 1.723661e+04
    [DE]   77600 evals    2.01 h    0.09 s/eval  best = 1.723661e+04
    [DE]   77800 evals    2.02 h    0.09 s/eval  best = 1.723661e+04
    [DE]   78000 evals    2.02 h    0.09 s/eval  best = 1.723661e+04
    [DE]   78200 evals    2.03 h    0.09 s/eval  best = 1.723661e+04
    [DE]   78400 evals    2.03 h    0.09 s/eval  best = 1.723661e+04
    [DE]   78600 evals    2.04 h    0.09 s/eval  best = 1.723661e+04
    [DE]   78800 evals    2.04 h    0.09 s/eval  best = 1.723661e+04
    [DE]   79000 evals    2.05 h    0.09 s/eval  best = 1.723661e+04
    [DE]   79200 evals    2.05 h    0.09 s/eval  best = 1.723661e+04
    [DE]   79400 evals    2.06 h    0.09 s/eval  best = 1.723242e+04
    [DE]   79600 evals    2.06 h    0.09 s/eval  best = 1.723242e+04
    [DE]   79800 evals    2.07 h    0.09 s/eval  best = 1.723242e+04
    [DE]   80000 evals    2.07 h    0.09 s/eval  best = 1.723242e+04
    [DE]   80200 evals    2.08 h    0.09 s/eval  best = 1.723242e+04
    [DE]   80400 evals    2.08 h    0.09 s/eval  best = 1.723242e+04
    [DE]   80600 evals    2.09 h    0.09 s/eval  best = 1.723242e+04
    [DE]   80800 evals    2.09 h    0.09 s/eval  best = 1.723242e+04
    [DE]   81000 evals    2.10 h    0.09 s/eval  best = 1.723242e+04
    [DE]   81200 evals    2.10 h    0.09 s/eval  best = 1.723242e+04
    [DE]   81400 evals    2.11 h    0.09 s/eval  best = 1.723242e+04
    [DE]   81600 evals    2.12 h    0.09 s/eval  best = 1.723242e+04
    [DE]   81800 evals    2.12 h    0.09 s/eval  best = 1.723242e+04
    [DE]   82000 evals    2.13 h    0.09 s/eval  best = 1.722151e+04
    [DE]   82200 evals    2.13 h    0.09 s/eval  best = 1.722151e+04
    [DE]   82400 evals    2.14 h    0.09 s/eval  best = 1.722151e+04
    [DE]   82600 evals    2.14 h    0.09 s/eval  best = 1.720817e+04
    [DE]   82800 evals    2.15 h    0.09 s/eval  best = 1.720817e+04
    [DE]   83000 evals    2.15 h    0.09 s/eval  best = 1.720817e+04
    [DE]   83200 evals    2.16 h    0.09 s/eval  best = 1.720817e+04
    [DE]   83400 evals    2.16 h    0.09 s/eval  best = 1.720817e+04
    [DE]   83600 evals    2.17 h    0.09 s/eval  best = 1.715537e+04
    [DE]   83800 evals    2.17 h    0.09 s/eval  best = 1.715401e+04
    [DE]   84000 evals    2.18 h    0.09 s/eval  best = 1.715401e+04
    [DE]   84200 evals    2.18 h    0.09 s/eval  best = 1.715401e+04
    [DE]   84400 evals    2.19 h    0.09 s/eval  best = 1.715401e+04
    [DE]   84600 evals    2.19 h    0.09 s/eval  best = 1.715401e+04
    [DE]   84800 evals    2.20 h    0.09 s/eval  best = 1.715401e+04
    [DE]   85000 evals    2.20 h    0.09 s/eval  best = 1.715401e+04
    [DE]   85200 evals    2.21 h    0.09 s/eval  best = 1.715401e+04
    [DE]   85400 evals    2.21 h    0.09 s/eval  best = 1.715401e+04
    [DE]   85600 evals    2.22 h    0.09 s/eval  best = 1.715401e+04
    [DE]   85800 evals    2.22 h    0.09 s/eval  best = 1.715401e+04
    [DE]   86000 evals    2.23 h    0.09 s/eval  best = 1.715401e+04
    [DE]   86200 evals    2.23 h    0.09 s/eval  best = 1.713950e+04
    [DE]   86400 evals    2.24 h    0.09 s/eval  best = 1.713284e+04
    [DE]   86600 evals    2.24 h    0.09 s/eval  best = 1.713284e+04
    [DE]   86800 evals    2.25 h    0.09 s/eval  best = 1.713284e+04
    [DE]   87000 evals    2.25 h    0.09 s/eval  best = 1.713220e+04
    [DE]   87200 evals    2.26 h    0.09 s/eval  best = 1.711278e+04
    [DE]   87400 evals    2.26 h    0.09 s/eval  best = 1.711278e+04
    [DE]   87600 evals    2.27 h    0.09 s/eval  best = 1.711278e+04
    [DE]   87800 evals    2.27 h    0.09 s/eval  best = 1.711278e+04
    [DE]   88000 evals    2.28 h    0.09 s/eval  best = 1.711278e+04
    [DE]   88200 evals    2.28 h    0.09 s/eval  best = 1.711217e+04
    [DE]   88400 evals    2.29 h    0.09 s/eval  best = 1.711217e+04
    [DE]   88600 evals    2.29 h    0.09 s/eval  best = 1.711217e+04
    [DE]   88800 evals    2.30 h    0.09 s/eval  best = 1.710523e+04
    [DE]   89000 evals    2.30 h    0.09 s/eval  best = 1.710382e+04
    [DE]   89200 evals    2.31 h    0.09 s/eval  best = 1.709589e+04
    [DE]   89400 evals    2.32 h    0.09 s/eval  best = 1.709589e+04
    [DE]   89600 evals    2.32 h    0.09 s/eval  best = 1.709161e+04
    [DE]   89800 evals    2.33 h    0.09 s/eval  best = 1.706958e+04
    [DE]   90000 evals    2.33 h    0.09 s/eval  best = 1.701511e+04
    [DE]   90200 evals    2.34 h    0.09 s/eval  best = 1.695760e+04
    [DE]   90400 evals    2.34 h    0.09 s/eval  best = 1.694062e+04
    [DE]   90600 evals    2.35 h    0.09 s/eval  best = 1.694062e+04
    [DE]   90800 evals    2.35 h    0.09 s/eval  best = 1.693477e+04
    [DE]   91000 evals    2.36 h    0.09 s/eval  best = 1.669278e+04
    [DE]   91200 evals    2.36 h    0.09 s/eval  best = 1.661768e+04
    [DE]   91400 evals    2.37 h    0.09 s/eval  best = 1.646617e+04
    [DE]   91600 evals    2.37 h    0.09 s/eval  best = 1.646617e+04
    [DE]   91800 evals    2.38 h    0.09 s/eval  best = 1.646617e+04
    [DE]   92000 evals    2.38 h    0.09 s/eval  best = 1.644345e+04
    [DE]   92200 evals    2.39 h    0.09 s/eval  best = 1.637033e+04
    [DE]   92400 evals    2.39 h    0.09 s/eval  best = 1.626929e+04
    [DE]   92600 evals    2.40 h    0.09 s/eval  best = 1.626929e+04
    [DE]   92800 evals    2.40 h    0.09 s/eval  best = 1.626929e+04
    [DE]   93000 evals    2.41 h    0.09 s/eval  best = 1.626929e+04
    [DE]   93200 evals    2.41 h    0.09 s/eval  best = 1.626929e+04
    [DE]   93400 evals    2.42 h    0.09 s/eval  best = 1.626929e+04
    [DE]   93600 evals    2.42 h    0.09 s/eval  best = 1.626929e+04
    [DE]   93800 evals    2.43 h    0.09 s/eval  best = 1.626929e+04
    [DE]   94000 evals    2.43 h    0.09 s/eval  best = 1.626929e+04
    [DE]   94200 evals    2.44 h    0.09 s/eval  best = 1.626929e+04
    [DE]   94400 evals    2.44 h    0.09 s/eval  best = 1.622271e+04
    [DE]   94600 evals    2.45 h    0.09 s/eval  best = 1.622271e+04
    [DE]   94800 evals    2.45 h    0.09 s/eval  best = 1.622271e+04
    [DE]   95000 evals    2.46 h    0.09 s/eval  best = 1.622271e+04
    [DE]   95200 evals    2.46 h    0.09 s/eval  best = 1.622271e+04
    [DE]   95400 evals    2.47 h    0.09 s/eval  best = 1.622271e+04
    [DE]   95600 evals    2.47 h    0.09 s/eval  best = 1.622271e+04
    [DE]   95800 evals    2.48 h    0.09 s/eval  best = 1.622271e+04
    [DE]   96000 evals    2.48 h    0.09 s/eval  best = 1.622271e+04
    [DE]   96200 evals    2.49 h    0.09 s/eval  best = 1.620357e+04
    [DE]   96400 evals    2.49 h    0.09 s/eval  best = 1.572424e+04
    [DE]   96600 evals    2.50 h    0.09 s/eval  best = 1.543766e+04
    [DE]   96800 evals    2.50 h    0.09 s/eval  best = 1.538531e+04
    [DE]   97000 evals    2.51 h    0.09 s/eval  best = 1.533319e+04
    [DE]   97200 evals    2.51 h    0.09 s/eval  best = 1.533319e+04
    [DE]   97400 evals    2.52 h    0.09 s/eval  best = 1.533319e+04
    [DE]   97600 evals    2.52 h    0.09 s/eval  best = 1.532799e+04
    [DE]   97800 evals    2.53 h    0.09 s/eval  best = 1.532799e+04
    [DE]   98000 evals    2.53 h    0.09 s/eval  best = 1.532799e+04
    [DE]   98200 evals    2.54 h    0.09 s/eval  best = 1.532799e+04
    [DE]   98400 evals    2.54 h    0.09 s/eval  best = 1.532799e+04
    [DE]   98600 evals    2.55 h    0.09 s/eval  best = 1.528915e+04
    [DE]   98800 evals    2.55 h    0.09 s/eval  best = 1.479070e+04
    [DE]   99000 evals    2.56 h    0.09 s/eval  best = 1.479070e+04
    [DE]   99200 evals    2.57 h    0.09 s/eval  best = 1.437346e+04
    [DE]   99400 evals    2.57 h    0.09 s/eval  best = 1.437346e+04
    [DE]   99600 evals    2.58 h    0.09 s/eval  best = 1.437346e+04
    [DE]   99800 evals    2.58 h    0.09 s/eval  best = 1.437346e+04
    [DE]  100000 evals    2.59 h    0.09 s/eval  best = 1.437346e+04
    [DE]  100200 evals    2.59 h    0.09 s/eval  best = 1.305845e+04
    [DE]  100400 evals    2.60 h    0.09 s/eval  best = 1.305845e+04
    [DE]  100600 evals    2.60 h    0.09 s/eval  best = 1.305845e+04
    [DE]  100800 evals    2.61 h    0.09 s/eval  best = 1.295828e+04
    [DE]  101000 evals    2.61 h    0.09 s/eval  best = 1.025498e+04
    [DE]  101200 evals    2.62 h    0.09 s/eval  best = 9.723439e+03
    [DE]  101400 evals    2.62 h    0.09 s/eval  best = 9.656752e+03
    [DE]  101600 evals    2.63 h    0.09 s/eval  best = 9.656752e+03
    [DE]  101800 evals    2.63 h    0.09 s/eval  best = 9.656752e+03
    [DE]  102000 evals    2.64 h    0.09 s/eval  best = 9.656752e+03
    [DE]  102200 evals    2.64 h    0.09 s/eval  best = 9.656752e+03
    [DE]  102400 evals    2.65 h    0.09 s/eval  best = 9.656752e+03
    [DE]  102600 evals    2.65 h    0.09 s/eval  best = 9.656752e+03
    [DE]  102800 evals    2.66 h    0.09 s/eval  best = 8.345930e+03
    [DE]  103000 evals    2.66 h    0.09 s/eval  best = 8.345930e+03
    [DE]  103200 evals    2.67 h    0.09 s/eval  best = 8.345930e+03
    [DE]  103400 evals    2.67 h    0.09 s/eval  best = 8.083067e+03
    [DE]  103600 evals    2.68 h    0.09 s/eval  best = 7.973460e+03
    [DE]  103800 evals    2.68 h    0.09 s/eval  best = 7.973460e+03
    [DE]  104000 evals    2.69 h    0.09 s/eval  best = 7.469245e+03
    [DE]  104200 evals    2.69 h    0.09 s/eval  best = 7.469245e+03
    [DE]  104400 evals    2.70 h    0.09 s/eval  best = 7.469245e+03
    [DE]  104600 evals    2.70 h    0.09 s/eval  best = 7.469245e+03
    [DE]  104800 evals    2.71 h    0.09 s/eval  best = 7.469245e+03
    [DE]  105000 evals    2.71 h    0.09 s/eval  best = 7.330342e+03
    [DE]  105200 evals    2.72 h    0.09 s/eval  best = 7.330342e+03
    [DE]  105400 evals    2.72 h    0.09 s/eval  best = 7.130407e+03
    [DE]  105600 evals    2.73 h    0.09 s/eval  best = 7.130407e+03
    [DE]  105800 evals    2.73 h    0.09 s/eval  best = 7.130407e+03
    [DE]  106000 evals    2.74 h    0.09 s/eval  best = 7.130407e+03
    [DE]  106200 evals    2.74 h    0.09 s/eval  best = 7.130407e+03
    [DE]  106400 evals    2.75 h    0.09 s/eval  best = 7.130407e+03
    [DE]  106600 evals    2.75 h    0.09 s/eval  best = 7.130407e+03
    [DE]  106800 evals    2.76 h    0.09 s/eval  best = 7.130407e+03
    [DE]  107000 evals    2.76 h    0.09 s/eval  best = 7.130407e+03
    [DE]  107200 evals    2.77 h    0.09 s/eval  best = 7.130407e+03
    [DE]  107400 evals    2.77 h    0.09 s/eval  best = 7.130407e+03
    [DE]  107600 evals    2.78 h    0.09 s/eval  best = 7.130407e+03
    [DE]  107800 evals    2.78 h    0.09 s/eval  best = 7.130407e+03
    [DE]  108000 evals    2.79 h    0.09 s/eval  best = 7.130407e+03
    [DE]  108200 evals    2.79 h    0.09 s/eval  best = 7.130407e+03
    [DE]  108400 evals    2.80 h    0.09 s/eval  best = 7.130407e+03
    [DE]  108600 evals    2.80 h    0.09 s/eval  best = 7.130407e+03
    [DE]  108800 evals    2.81 h    0.09 s/eval  best = 7.130407e+03
    [DE]  109000 evals    2.81 h    0.09 s/eval  best = 7.130407e+03
    [DE]  109200 evals    2.82 h    0.09 s/eval  best = 7.130407e+03
    [DE]  109400 evals    2.82 h    0.09 s/eval  best = 7.130407e+03
    [DE]  109600 evals    2.83 h    0.09 s/eval  best = 7.130407e+03
    [DE]  109800 evals    2.83 h    0.09 s/eval  best = 7.130407e+03
    [DE]  110000 evals    2.84 h    0.09 s/eval  best = 7.130407e+03
    [DE]  110200 evals    2.84 h    0.09 s/eval  best = 7.130407e+03
    [DE]  110400 evals    2.85 h    0.09 s/eval  best = 7.130407e+03
    [DE]  110600 evals    2.85 h    0.09 s/eval  best = 7.130407e+03
    [DE]  110800 evals    2.86 h    0.09 s/eval  best = 7.130407e+03
    [DE]  111000 evals    2.86 h    0.09 s/eval  best = 7.130407e+03
    [DE]  111200 evals    2.87 h    0.09 s/eval  best = 7.130407e+03
    [DE]  111400 evals    2.87 h    0.09 s/eval  best = 7.130407e+03
    [DE]  111600 evals    2.88 h    0.09 s/eval  best = 7.130407e+03
    [DE]  111800 evals    2.88 h    0.09 s/eval  best = 7.130407e+03
    [DE]  112000 evals    2.89 h    0.09 s/eval  best = 7.130407e+03
    [DE]  112200 evals    2.89 h    0.09 s/eval  best = 7.130407e+03
    [DE]  112400 evals    2.90 h    0.09 s/eval  best = 7.130407e+03
    [DE]  112600 evals    2.90 h    0.09 s/eval  best = 7.130407e+03
    [DE]  112800 evals    2.91 h    0.09 s/eval  best = 7.130407e+03
    [DE]  113000 evals    2.91 h    0.09 s/eval  best = 7.130407e+03
    [DE]  113200 evals    2.92 h    0.09 s/eval  best = 7.130407e+03
    [DE]  113400 evals    2.92 h    0.09 s/eval  best = 7.039625e+03
    [DE]  113600 evals    2.93 h    0.09 s/eval  best = 7.039625e+03
    [DE]  113800 evals    2.93 h    0.09 s/eval  best = 7.039625e+03
    [DE]  114000 evals    2.94 h    0.09 s/eval  best = 7.039625e+03
    [DE]  114200 evals    2.94 h    0.09 s/eval  best = 7.039625e+03
    [DE]  114400 evals    2.95 h    0.09 s/eval  best = 7.039625e+03
    [DE]  114600 evals    2.95 h    0.09 s/eval  best = 7.039625e+03
    [DE]  114800 evals    2.96 h    0.09 s/eval  best = 7.039625e+03
    [DE]  115000 evals    2.96 h    0.09 s/eval  best = 7.039625e+03
    [DE]  115200 evals    2.97 h    0.09 s/eval  best = 7.039625e+03
    [DE]  115400 evals    2.97 h    0.09 s/eval  best = 7.039625e+03
    [DE]  115600 evals    2.98 h    0.09 s/eval  best = 7.039625e+03
    [DE]  115800 evals    2.98 h    0.09 s/eval  best = 7.039625e+03
    [DE]  116000 evals    2.99 h    0.09 s/eval  best = 7.039625e+03
    [DE]  116200 evals    2.99 h    0.09 s/eval  best = 7.039625e+03
    [DE]  116400 evals    3.00 h    0.09 s/eval  best = 7.028167e+03
    [DE]  116600 evals    3.00 h    0.09 s/eval  best = 7.028167e+03
    [DE]  116800 evals    3.01 h    0.09 s/eval  best = 7.028167e+03
    [DE]  117000 evals    3.01 h    0.09 s/eval  best = 7.028167e+03
    [DE]  117200 evals    3.02 h    0.09 s/eval  best = 7.028167e+03
    [DE]  117400 evals    3.02 h    0.09 s/eval  best = 7.015270e+03
    [DE]  117600 evals    3.03 h    0.09 s/eval  best = 7.015270e+03
    [DE]  117800 evals    3.04 h    0.09 s/eval  best = 7.015270e+03
    [DE]  118000 evals    3.04 h    0.09 s/eval  best = 7.015270e+03
    [DE]  118200 evals    3.05 h    0.09 s/eval  best = 7.015270e+03
    [DE]  118400 evals    3.05 h    0.09 s/eval  best = 7.015270e+03
    [DE]  118600 evals    3.06 h    0.09 s/eval  best = 7.015270e+03
    [DE]  118800 evals    3.06 h    0.09 s/eval  best = 7.015270e+03
    [DE]  119000 evals    3.07 h    0.09 s/eval  best = 7.015270e+03
    [DE]  119200 evals    3.07 h    0.09 s/eval  best = 7.015270e+03
    [DE]  119400 evals    3.08 h    0.09 s/eval  best = 7.015270e+03
    [DE]  119600 evals    3.08 h    0.09 s/eval  best = 7.007279e+03
    [DE]  119800 evals    3.09 h    0.09 s/eval  best = 7.007279e+03
    [DE]  120000 evals    3.09 h    0.09 s/eval  best = 7.007279e+03
    [DE]  120200 evals    3.10 h    0.09 s/eval  best = 7.007279e+03
    [DE]  120400 evals    3.10 h    0.09 s/eval  best = 6.998618e+03
    [DE]  120600 evals    3.11 h    0.09 s/eval  best = 6.998618e+03
    [DE]  120800 evals    3.11 h    0.09 s/eval  best = 6.956257e+03
    [DE]  121000 evals    3.12 h    0.09 s/eval  best = 6.956257e+03
    [DE]  121200 evals    3.12 h    0.09 s/eval  best = 6.956257e+03
    [DE]  121400 evals    3.13 h    0.09 s/eval  best = 6.956257e+03
    [DE]  121600 evals    3.13 h    0.09 s/eval  best = 6.956257e+03
    [DE]  121800 evals    3.14 h    0.09 s/eval  best = 6.956257e+03
    [DE]  122000 evals    3.14 h    0.09 s/eval  best = 6.956257e+03
    [DE]  122200 evals    3.15 h    0.09 s/eval  best = 6.956257e+03
    [DE]  122400 evals    3.15 h    0.09 s/eval  best = 6.956257e+03
    [DE]  122600 evals    3.16 h    0.09 s/eval  best = 6.956257e+03
    [DE]  122800 evals    3.16 h    0.09 s/eval  best = 6.956257e+03
    [DE]  123000 evals    3.17 h    0.09 s/eval  best = 6.956257e+03
    [DE]  123200 evals    3.17 h    0.09 s/eval  best = 6.956257e+03
    [DE]  123400 evals    3.18 h    0.09 s/eval  best = 6.956257e+03
    [DE]  123600 evals    3.18 h    0.09 s/eval  best = 6.956257e+03
    [DE]  123800 evals    3.19 h    0.09 s/eval  best = 6.956257e+03
    [DE]  124000 evals    3.19 h    0.09 s/eval  best = 6.956257e+03
    [DE]  124200 evals    3.20 h    0.09 s/eval  best = 6.956257e+03
    [DE]  124400 evals    3.20 h    0.09 s/eval  best = 6.956257e+03
    [DE]  124600 evals    3.21 h    0.09 s/eval  best = 6.956257e+03
    [DE]  124800 evals    3.21 h    0.09 s/eval  best = 6.956257e+03
    [DE]  125000 evals    3.22 h    0.09 s/eval  best = 6.940891e+03
    [DE]  125200 evals    3.22 h    0.09 s/eval  best = 6.940891e+03
    [DE]  125400 evals    3.23 h    0.09 s/eval  best = 6.940891e+03
    [DE]  125600 evals    3.23 h    0.09 s/eval  best = 6.940891e+03
    [DE]  125800 evals    3.24 h    0.09 s/eval  best = 6.940891e+03
    [DE]  126000 evals    3.24 h    0.09 s/eval  best = 6.940891e+03
    [DE]  126200 evals    3.25 h    0.09 s/eval  best = 6.824687e+03
    [DE]  126400 evals    3.25 h    0.09 s/eval  best = 6.648393e+03
    [DE]  126600 evals    3.26 h    0.09 s/eval  best = 6.420521e+03
    [DE]  126800 evals    3.26 h    0.09 s/eval  best = 6.337481e+03
    [DE]  127000 evals    3.27 h    0.09 s/eval  best = 6.337481e+03
    [DE]  127200 evals    3.27 h    0.09 s/eval  best = 6.290321e+03
    [DE]  127400 evals    3.28 h    0.09 s/eval  best = 4.614911e+03
    [DE]  127600 evals    3.28 h    0.09 s/eval  best = 3.571089e+03
    [DE]  127800 evals    3.29 h    0.09 s/eval  best = 3.273955e+03
    [DE]  128000 evals    3.29 h    0.09 s/eval  best = 3.065956e+03
    [DE]  128200 evals    3.30 h    0.09 s/eval  best = 3.065956e+03
    [DE]  128400 evals    3.30 h    0.09 s/eval  best = 3.065956e+03
    [DE]  128600 evals    3.31 h    0.09 s/eval  best = 2.702977e+03
    [DE]  128800 evals    3.31 h    0.09 s/eval  best = 2.702977e+03
    [DE]  129000 evals    3.32 h    0.09 s/eval  best = 2.702977e+03
    [DE]  129200 evals    3.32 h    0.09 s/eval  best = 2.702977e+03
    [DE]  129400 evals    3.33 h    0.09 s/eval  best = 2.702977e+03
    [DE]  129600 evals    3.33 h    0.09 s/eval  best = 2.702977e+03
    [DE]  129800 evals    3.34 h    0.09 s/eval  best = 2.702977e+03
    [DE]  130000 evals    3.34 h    0.09 s/eval  best = 2.702977e+03
    [DE]  130200 evals    3.35 h    0.09 s/eval  best = 2.702977e+03
    [DE]  130400 evals    3.35 h    0.09 s/eval  best = 2.702977e+03
    [DE]  130600 evals    3.36 h    0.09 s/eval  best = 2.702977e+03
    [DE]  130800 evals    3.36 h    0.09 s/eval  best = 2.702977e+03
    [DE]  131000 evals    3.37 h    0.09 s/eval  best = 2.702977e+03
    [DE]  131200 evals    3.37 h    0.09 s/eval  best = 2.702977e+03
    [DE]  131400 evals    3.38 h    0.09 s/eval  best = 2.505396e+03
    [DE]  131600 evals    3.38 h    0.09 s/eval  best = 2.362519e+03
    [DE]  131800 evals    3.39 h    0.09 s/eval  best = 2.362519e+03
    [DE]  132000 evals    3.39 h    0.09 s/eval  best = 2.362519e+03
    [DE]  132200 evals    3.40 h    0.09 s/eval  best = 2.333125e+03
    [DE]  132400 evals    3.40 h    0.09 s/eval  best = 2.333125e+03
    [DE]  132600 evals    3.41 h    0.09 s/eval  best = 2.333125e+03
    [DE]  132800 evals    3.41 h    0.09 s/eval  best = 2.333125e+03
    [DE]  133000 evals    3.42 h    0.09 s/eval  best = 2.333125e+03
    [DE]  133200 evals    3.42 h    0.09 s/eval  best = 2.333125e+03
    [DE]  133400 evals    3.43 h    0.09 s/eval  best = 2.333125e+03
    [DE]  133600 evals    3.43 h    0.09 s/eval  best = 2.333125e+03
    [DE]  133800 evals    3.44 h    0.09 s/eval  best = 2.213270e+03
    [DE]  134000 evals    3.44 h    0.09 s/eval  best = 2.213270e+03
    [DE]  134200 evals    3.45 h    0.09 s/eval  best = 2.213270e+03
    [DE]  134400 evals    3.45 h    0.09 s/eval  best = 2.213270e+03
    [DE]  134600 evals    3.46 h    0.09 s/eval  best = 1.993672e+03
    [DE]  134800 evals    3.46 h    0.09 s/eval  best = 1.847009e+03
    [DE]  135000 evals    3.47 h    0.09 s/eval  best = 1.847009e+03
    [DE]  135200 evals    3.47 h    0.09 s/eval  best = 1.709771e+03
    [DE]  135400 evals    3.48 h    0.09 s/eval  best = 1.709771e+03
    [DE]  135600 evals    3.48 h    0.09 s/eval  best = 1.709771e+03
    [DE]  135800 evals    3.49 h    0.09 s/eval  best = 1.709771e+03
    [DE]  136000 evals    3.49 h    0.09 s/eval  best = 1.709771e+03
    [DE]  136200 evals    3.50 h    0.09 s/eval  best = 1.709771e+03
    [DE]  136400 evals    3.50 h    0.09 s/eval  best = 1.709771e+03
    [DE]  136600 evals    3.51 h    0.09 s/eval  best = 1.683086e+03
    [DE]  136800 evals    3.51 h    0.09 s/eval  best = 1.683086e+03
    [DE]  137000 evals    3.52 h    0.09 s/eval  best = 1.683086e+03
    [DE]  137200 evals    3.52 h    0.09 s/eval  best = 1.573771e+03
    [DE]  137400 evals    3.53 h    0.09 s/eval  best = 1.573771e+03
    [DE]  137600 evals    3.53 h    0.09 s/eval  best = 1.573771e+03
    [DE]  137800 evals    3.54 h    0.09 s/eval  best = 1.117231e+03
    [DE]  138000 evals    3.54 h    0.09 s/eval  best = 1.117231e+03
    [DE]  138200 evals    3.55 h    0.09 s/eval  best = 1.098541e+03
    [DE]  138400 evals    3.55 h    0.09 s/eval  best = 1.098541e+03
    [DE]  138600 evals    3.56 h    0.09 s/eval  best = 1.098541e+03
    [DE]  138800 evals    3.56 h    0.09 s/eval  best = 9.074194e+02
    [DE]  139000 evals    3.57 h    0.09 s/eval  best = 8.152856e+02
    [DE]  139200 evals    3.57 h    0.09 s/eval  best = 8.152856e+02
    [DE]  139400 evals    3.58 h    0.09 s/eval  best = 8.152856e+02
    [DE]  139600 evals    3.58 h    0.09 s/eval  best = 8.152856e+02
    [DE]  139800 evals    3.59 h    0.09 s/eval  best = 8.152856e+02
    [DE]  140000 evals    3.59 h    0.09 s/eval  best = 6.398154e+02
    [DE]  140200 evals    3.60 h    0.09 s/eval  best = 6.398154e+02
    [DE]  140400 evals    3.60 h    0.09 s/eval  best = 6.381698e+02
    [DE]  140600 evals    3.61 h    0.09 s/eval  best = 6.381698e+02
    [DE]  140800 evals    3.61 h    0.09 s/eval  best = 6.381698e+02
    [DE]  141000 evals    3.62 h    0.09 s/eval  best = 6.381698e+02
    [DE]  141200 evals    3.62 h    0.09 s/eval  best = 6.381698e+02
    [DE]  141400 evals    3.63 h    0.09 s/eval  best = 6.381698e+02
    [DE]  141600 evals    3.63 h    0.09 s/eval  best = 6.381698e+02
    [DE]  141800 evals    3.64 h    0.09 s/eval  best = 6.381698e+02
    [DE]  142000 evals    3.64 h    0.09 s/eval  best = 6.381698e+02
    [DE]  142200 evals    3.65 h    0.09 s/eval  best = 6.381698e+02
    [DE]  142400 evals    3.65 h    0.09 s/eval  best = 5.995398e+02
    [DE]  142600 evals    3.66 h    0.09 s/eval  best = 5.995398e+02
    [DE]  142800 evals    3.66 h    0.09 s/eval  best = 5.995398e+02
    [DE]  143000 evals    3.67 h    0.09 s/eval  best = 5.995398e+02
    [DE]  143200 evals    3.67 h    0.09 s/eval  best = 5.995398e+02
    [DE]  143400 evals    3.68 h    0.09 s/eval  best = 5.995398e+02
    [DE]  143600 evals    3.68 h    0.09 s/eval  best = 5.995398e+02
    [DE]  143800 evals    3.69 h    0.09 s/eval  best = 5.995398e+02
    [DE]  144000 evals    3.69 h    0.09 s/eval  best = 5.995398e+02
    [DE]  144200 evals    3.70 h    0.09 s/eval  best = 5.995398e+02
    [DE]  144400 evals    3.70 h    0.09 s/eval  best = 5.995398e+02
    [DE]  144600 evals    3.71 h    0.09 s/eval  best = 5.995398e+02
    [DE]  144800 evals    3.71 h    0.09 s/eval  best = 5.995398e+02
    [DE]  145000 evals    3.72 h    0.09 s/eval  best = 5.995398e+02
    [DE]  145200 evals    3.72 h    0.09 s/eval  best = 5.995398e+02
    [DE]  145400 evals    3.73 h    0.09 s/eval  best = 5.995398e+02
    [DE]  145600 evals    3.73 h    0.09 s/eval  best = 5.995398e+02
    [DE]  145800 evals    3.74 h    0.09 s/eval  best = 5.995398e+02
    [DE]  146000 evals    3.74 h    0.09 s/eval  best = 5.995398e+02
    [DE]  146200 evals    3.75 h    0.09 s/eval  best = 5.995398e+02
    [DE]  146400 evals    3.75 h    0.09 s/eval  best = 5.995398e+02
    [DE]  146600 evals    3.76 h    0.09 s/eval  best = 5.995398e+02
    [DE]  146800 evals    3.76 h    0.09 s/eval  best = 5.995398e+02
    [DE]  147000 evals    3.77 h    0.09 s/eval  best = 5.995398e+02
    [DE]  147200 evals    3.77 h    0.09 s/eval  best = 5.995398e+02
    [DE]  147400 evals    3.78 h    0.09 s/eval  best = 5.995398e+02
    [DE]  147600 evals    3.78 h    0.09 s/eval  best = 5.953879e+02
    [DE]  147800 evals    3.79 h    0.09 s/eval  best = 5.953879e+02
    [DE]  148000 evals    3.79 h    0.09 s/eval  best = 5.953879e+02
    [DE]  148200 evals    3.80 h    0.09 s/eval  best = 5.953879e+02
    [DE]  148400 evals    3.80 h    0.09 s/eval  best = 5.953879e+02
    [DE]  148600 evals    3.81 h    0.09 s/eval  best = 5.953879e+02
    [DE]  148800 evals    3.81 h    0.09 s/eval  best = 5.953879e+02
    [DE]  149000 evals    3.82 h    0.09 s/eval  best = 5.953879e+02
    [DE]  149200 evals    3.82 h    0.09 s/eval  best = 5.653761e+02
    [DE]  149400 evals    3.83 h    0.09 s/eval  best = 5.653761e+02
    [DE]  149600 evals    3.83 h    0.09 s/eval  best = 5.653761e+02
    [DE]  149800 evals    3.84 h    0.09 s/eval  best = 5.653761e+02
    [DE]  150000 evals    3.85 h    0.09 s/eval  best = 5.653761e+02
    [DE]  150200 evals    3.85 h    0.09 s/eval  best = 5.653761e+02
    [DE]  150400 evals    3.86 h    0.09 s/eval  best = 5.653761e+02
    [DE]  150600 evals    3.86 h    0.09 s/eval  best = 5.653761e+02
    [DE]  150800 evals    3.87 h    0.09 s/eval  best = 5.653761e+02
    [DE]  151000 evals    3.87 h    0.09 s/eval  best = 5.653761e+02
    [DE]  151200 evals    3.88 h    0.09 s/eval  best = 5.653761e+02
    [DE]  151400 evals    3.88 h    0.09 s/eval  best = 5.653761e+02
    [DE]  151600 evals    3.89 h    0.09 s/eval  best = 5.653761e+02
    [DE]  151800 evals    3.89 h    0.09 s/eval  best = 5.653761e+02
    [DE]  152000 evals    3.90 h    0.09 s/eval  best = 5.653761e+02
    [DE]  152200 evals    3.90 h    0.09 s/eval  best = 5.611536e+02
    [DE]  152400 evals    3.91 h    0.09 s/eval  best = 5.611536e+02
    [DE]  152600 evals    3.91 h    0.09 s/eval  best = 5.611536e+02
    [DE]  152800 evals    3.92 h    0.09 s/eval  best = 5.611536e+02
    [DE]  153000 evals    3.92 h    0.09 s/eval  best = 5.611536e+02
    [DE]  153200 evals    3.93 h    0.09 s/eval  best = 5.611536e+02
    [DE]  153400 evals    3.93 h    0.09 s/eval  best = 5.611536e+02
    [DE]  153600 evals    3.94 h    0.09 s/eval  best = 5.611536e+02
    [DE]  153800 evals    3.94 h    0.09 s/eval  best = 5.363703e+02
    [DE]  154000 evals    3.95 h    0.09 s/eval  best = 5.363703e+02
    [DE]  154200 evals    3.95 h    0.09 s/eval  best = 5.363703e+02
    [DE]  154400 evals    3.96 h    0.09 s/eval  best = 5.363703e+02
    [DE]  154600 evals    3.96 h    0.09 s/eval  best = 5.363703e+02
    [DE]  154800 evals    3.97 h    0.09 s/eval  best = 5.289121e+02
    [DE]  155000 evals    3.97 h    0.09 s/eval  best = 5.234146e+02
    [DE]  155200 evals    3.98 h    0.09 s/eval  best = 5.234146e+02
    [DE]  155400 evals    3.98 h    0.09 s/eval  best = 4.981966e+02
    [DE]  155600 evals    3.99 h    0.09 s/eval  best = 4.981966e+02
    [DE]  155800 evals    3.99 h    0.09 s/eval  best = 4.981267e+02
    [DE]  156000 evals    4.00 h    0.09 s/eval  best = 4.856361e+02
    [DE]  156200 evals    4.00 h    0.09 s/eval  best = 4.856361e+02
    [DE]  156400 evals    4.01 h    0.09 s/eval  best = 4.856361e+02
    [DE]  156600 evals    4.01 h    0.09 s/eval  best = 4.856361e+02
    [DE]  156800 evals    4.02 h    0.09 s/eval  best = 4.233246e+02
    [DE]  157000 evals    4.02 h    0.09 s/eval  best = 3.880576e+02
    [DE]  157200 evals    4.03 h    0.09 s/eval  best = 3.880576e+02
    [DE]  157400 evals    4.03 h    0.09 s/eval  best = 3.880576e+02
    [DE]  157600 evals    4.03 h    0.09 s/eval  best = 3.880576e+02
    [DE]  157800 evals    4.04 h    0.09 s/eval  best = 3.880576e+02
    [DE]  158000 evals    4.05 h    0.09 s/eval  best = 3.880576e+02
    [DE]  158200 evals    4.05 h    0.09 s/eval  best = 3.675304e+02
    [DE]  158400 evals    4.06 h    0.09 s/eval  best = 3.095453e+02
    [DE]  158600 evals    4.06 h    0.09 s/eval  best = 3.095453e+02
    [DE]  158800 evals    4.06 h    0.09 s/eval  best = 3.088400e+02
    [DE]  159000 evals    4.07 h    0.09 s/eval  best = 3.088400e+02
    [DE]  159200 evals    4.07 h    0.09 s/eval  best = 2.953769e+02
    [DE]  159400 evals    4.08 h    0.09 s/eval  best = 2.745606e+02
    [DE]  159600 evals    4.08 h    0.09 s/eval  best = 2.578108e+02
    [DE]  159800 evals    4.09 h    0.09 s/eval  best = 2.578108e+02
    [DE]  160000 evals    4.10 h    0.09 s/eval  best = 2.398502e+02
    [DE]  160200 evals    4.10 h    0.09 s/eval  best = 2.398502e+02
    [DE]  160400 evals    4.10 h    0.09 s/eval  best = 2.080243e+02
    [DE]  160600 evals    4.11 h    0.09 s/eval  best = 2.080243e+02
    [DE]  160800 evals    4.11 h    0.09 s/eval  best = 2.080243e+02
    [DE]  161000 evals    4.12 h    0.09 s/eval  best = 2.080243e+02
    [DE]  161200 evals    4.12 h    0.09 s/eval  best = 2.080243e+02
    [DE]  161400 evals    4.13 h    0.09 s/eval  best = 2.080243e+02
    [DE]  161600 evals    4.13 h    0.09 s/eval  best = 2.080243e+02
    [DE]  161800 evals    4.14 h    0.09 s/eval  best = 2.080243e+02
    [DE]  162000 evals    4.14 h    0.09 s/eval  best = 2.080243e+02
    [DE]  162200 evals    4.15 h    0.09 s/eval  best = 2.080243e+02
    [DE]  162400 evals    4.15 h    0.09 s/eval  best = 2.080243e+02
    [DE]  162600 evals    4.16 h    0.09 s/eval  best = 2.080243e+02
    [DE]  162800 evals    4.16 h    0.09 s/eval  best = 2.080243e+02
    [DE]  163000 evals    4.17 h    0.09 s/eval  best = 2.080243e+02
    [DE]  163200 evals    4.17 h    0.09 s/eval  best = 2.080243e+02
    [DE]  163400 evals    4.18 h    0.09 s/eval  best = 2.080243e+02
    [DE]  163600 evals    4.18 h    0.09 s/eval  best = 1.910459e+02
    [DE]  163800 evals    4.19 h    0.09 s/eval  best = 1.910459e+02
    [DE]  164000 evals    4.19 h    0.09 s/eval  best = 1.910459e+02
    [DE]  164200 evals    4.20 h    0.09 s/eval  best = 1.910459e+02
    [DE]  164400 evals    4.20 h    0.09 s/eval  best = 1.910459e+02
    [DE]  164600 evals    4.21 h    0.09 s/eval  best = 1.910459e+02
    [DE]  164800 evals    4.21 h    0.09 s/eval  best = 1.910459e+02
    [DE]  165000 evals    4.22 h    0.09 s/eval  best = 1.910459e+02
    [DE]  165200 evals    4.22 h    0.09 s/eval  best = 1.910459e+02
    [DE]  165400 evals    4.23 h    0.09 s/eval  best = 1.910459e+02
    [DE]  165600 evals    4.23 h    0.09 s/eval  best = 1.760189e+02
    [DE]  165800 evals    4.24 h    0.09 s/eval  best = 1.760189e+02
    [DE]  166000 evals    4.24 h    0.09 s/eval  best = 1.760189e+02
    [DE]  166200 evals    4.25 h    0.09 s/eval  best = 1.760189e+02
    [DE]  166400 evals    4.25 h    0.09 s/eval  best = 1.760189e+02
    [DE]  166600 evals    4.26 h    0.09 s/eval  best = 1.760189e+02
    [DE]  166800 evals    4.26 h    0.09 s/eval  best = 1.760189e+02
    [DE]  167000 evals    4.27 h    0.09 s/eval  best = 1.757588e+02
    [DE]  167200 evals    4.27 h    0.09 s/eval  best = 1.757588e+02
    [DE]  167400 evals    4.28 h    0.09 s/eval  best = 1.757588e+02
    [DE]  167600 evals    4.28 h    0.09 s/eval  best = 1.557331e+02
    [DE]  167800 evals    4.29 h    0.09 s/eval  best = 1.557331e+02
    [DE]  168000 evals    4.29 h    0.09 s/eval  best = 1.557331e+02
    [DE]  168200 evals    4.30 h    0.09 s/eval  best = 1.557331e+02
    [DE]  168400 evals    4.30 h    0.09 s/eval  best = 1.556834e+02
    [DE]  168600 evals    4.31 h    0.09 s/eval  best = 1.556834e+02
    [DE]  168800 evals    4.31 h    0.09 s/eval  best = 1.441420e+02
    [DE]  169000 evals    4.32 h    0.09 s/eval  best = 1.441420e+02
    [DE]  169200 evals    4.32 h    0.09 s/eval  best = 1.321866e+02
    [DE]  169400 evals    4.33 h    0.09 s/eval  best = 1.321866e+02
    [DE]  169600 evals    4.33 h    0.09 s/eval  best = 1.217707e+02
    [DE]  169800 evals    4.34 h    0.09 s/eval  best = 1.217707e+02
    [DE]  170000 evals    4.34 h    0.09 s/eval  best = 1.115564e+02
    [DE]  170200 evals    4.35 h    0.09 s/eval  best = 1.115564e+02
    [DE]  170400 evals    4.35 h    0.09 s/eval  best = 1.115564e+02
    [DE]  170600 evals    4.36 h    0.09 s/eval  best = 1.091620e+02
    [DE]  170800 evals    4.36 h    0.09 s/eval  best = 1.091620e+02
    [DE]  171000 evals    4.37 h    0.09 s/eval  best = 8.864773e+01
    [DE]  171200 evals    4.37 h    0.09 s/eval  best = 8.864773e+01
    [DE]  171400 evals    4.38 h    0.09 s/eval  best = 8.864773e+01
    [DE]  171600 evals    4.38 h    0.09 s/eval  best = 8.864773e+01
    [DE]  171800 evals    4.39 h    0.09 s/eval  best = 6.889933e+01
    [DE]  172000 evals    4.39 h    0.09 s/eval  best = 6.889933e+01
    [DE]  172200 evals    4.40 h    0.09 s/eval  best = 6.889933e+01
    [DE]  172400 evals    4.40 h    0.09 s/eval  best = 6.791890e+01
    [DE]  172600 evals    4.41 h    0.09 s/eval  best = 6.791890e+01
    [DE]  172800 evals    4.41 h    0.09 s/eval  best = 6.200045e+01
    [DE]  173000 evals    4.42 h    0.09 s/eval  best = 5.771454e+01
    [DE]  173200 evals    4.42 h    0.09 s/eval  best = 5.771454e+01
    [DE]  173400 evals    4.43 h    0.09 s/eval  best = 5.771454e+01
    [DE]  173600 evals    4.43 h    0.09 s/eval  best = 5.771454e+01
    [DE]  173800 evals    4.44 h    0.09 s/eval  best = 5.771454e+01
    [DE]  174000 evals    4.44 h    0.09 s/eval  best = 5.771454e+01
    [DE]  174200 evals    4.45 h    0.09 s/eval  best = 5.771454e+01
    [DE]  174400 evals    4.45 h    0.09 s/eval  best = 5.604262e+01
    [DE]  174600 evals    4.46 h    0.09 s/eval  best = 5.570900e+01
    [DE]  174800 evals    4.46 h    0.09 s/eval  best = 5.570900e+01
    [DE]  175000 evals    4.47 h    0.09 s/eval  best = 5.570900e+01
    [DE]  175200 evals    4.47 h    0.09 s/eval  best = 5.570900e+01
    [DE]  175400 evals    4.48 h    0.09 s/eval  best = 5.570900e+01
    [DE]  175600 evals    4.48 h    0.09 s/eval  best = 5.570900e+01
    [DE]  175800 evals    4.49 h    0.09 s/eval  best = 5.570900e+01
    [DE]  176000 evals    4.49 h    0.09 s/eval  best = 5.570900e+01
    [DE]  176200 evals    4.50 h    0.09 s/eval  best = 5.570900e+01
    [DE]  176400 evals    4.50 h    0.09 s/eval  best = 5.570900e+01
    [DE]  176600 evals    4.51 h    0.09 s/eval  best = 5.570900e+01
    [DE]  176800 evals    4.51 h    0.09 s/eval  best = 5.570900e+01
    [DE]  177000 evals    4.52 h    0.09 s/eval  best = 5.570900e+01
    [DE]  177200 evals    4.52 h    0.09 s/eval  best = 5.156707e+01
    [DE]  177400 evals    4.53 h    0.09 s/eval  best = 4.422415e+01
    [DE]  177600 evals    4.53 h    0.09 s/eval  best = 4.422415e+01
    [DE]  177800 evals    4.54 h    0.09 s/eval  best = 4.422415e+01
    [DE]  178000 evals    4.54 h    0.09 s/eval  best = 4.422415e+01
    [DE]  178200 evals    4.55 h    0.09 s/eval  best = 4.422415e+01
    [DE]  178400 evals    4.55 h    0.09 s/eval  best = 4.422415e+01
    [DE]  178600 evals    4.56 h    0.09 s/eval  best = 4.422415e+01
    [DE]  178800 evals    4.56 h    0.09 s/eval  best = 4.422415e+01
    [DE]  179000 evals    4.57 h    0.09 s/eval  best = 4.397987e+01
    [DE]  179200 evals    4.57 h    0.09 s/eval  best = 4.397987e+01
    [DE]  179400 evals    4.58 h    0.09 s/eval  best = 4.397987e+01
    [DE]  179600 evals    4.58 h    0.09 s/eval  best = 4.397987e+01
    [DE]  179800 evals    4.59 h    0.09 s/eval  best = 4.397987e+01
    [DE]  180000 evals    4.59 h    0.09 s/eval  best = 4.232773e+01
    [DE]  180200 evals    4.60 h    0.09 s/eval  best = 4.232773e+01
    [DE]  180400 evals    4.60 h    0.09 s/eval  best = 4.232773e+01
    [DE]  180600 evals    4.61 h    0.09 s/eval  best = 4.232773e+01
    [DE]  180800 evals    4.61 h    0.09 s/eval  best = 4.173530e+01
    [DE]  181000 evals    4.62 h    0.09 s/eval  best = 3.239164e+01
    [DE]  181200 evals    4.62 h    0.09 s/eval  best = 3.239164e+01
    [DE]  181400 evals    4.63 h    0.09 s/eval  best = 3.239164e+01
    [DE]  181600 evals    4.63 h    0.09 s/eval  best = 3.207118e+01
    [DE]  181800 evals    4.64 h    0.09 s/eval  best = 2.796923e+01
    [DE]  182000 evals    4.64 h    0.09 s/eval  best = 2.796923e+01
    [DE]  182200 evals    4.65 h    0.09 s/eval  best = 2.654020e+01
    [DE]  182400 evals    4.65 h    0.09 s/eval  best = 2.654020e+01
    [DE]  182600 evals    4.66 h    0.09 s/eval  best = 2.654020e+01
    [DE]  182800 evals    4.66 h    0.09 s/eval  best = 2.654020e+01
    [DE]  183000 evals    4.67 h    0.09 s/eval  best = 2.654020e+01
    [DE]  183200 evals    4.67 h    0.09 s/eval  best = 2.654020e+01
    [DE]  183400 evals    4.68 h    0.09 s/eval  best = 2.654020e+01
    [DE]  183600 evals    4.68 h    0.09 s/eval  best = 2.654020e+01
    [DE]  183800 evals    4.69 h    0.09 s/eval  best = 2.654020e+01
    [DE]  184000 evals    4.69 h    0.09 s/eval  best = 2.578544e+01
    [DE]  184200 evals    4.70 h    0.09 s/eval  best = 2.578544e+01
    [DE]  184400 evals    4.70 h    0.09 s/eval  best = 2.578544e+01
    [DE]  184600 evals    4.71 h    0.09 s/eval  best = 2.578544e+01
    [DE]  184800 evals    4.71 h    0.09 s/eval  best = 2.578544e+01
    [DE]  185000 evals    4.72 h    0.09 s/eval  best = 2.578544e+01
    [DE]  185200 evals    4.72 h    0.09 s/eval  best = 2.578544e+01
    [DE]  185400 evals    4.73 h    0.09 s/eval  best = 2.548351e+01
    [DE]  185600 evals    4.73 h    0.09 s/eval  best = 2.324712e+01
    [DE]  185800 evals    4.74 h    0.09 s/eval  best = 2.063424e+01
    [DE]  186000 evals    4.74 h    0.09 s/eval  best = 2.063424e+01
    [DE]  186200 evals    4.75 h    0.09 s/eval  best = 2.063424e+01
    [DE]  186400 evals    4.75 h    0.09 s/eval  best = 2.063424e+01
    [DE]  186600 evals    4.76 h    0.09 s/eval  best = 2.063424e+01
    [DE]  186800 evals    4.76 h    0.09 s/eval  best = 2.063424e+01
    [DE]  187000 evals    4.77 h    0.09 s/eval  best = 2.063424e+01
    [DE]  187200 evals    4.77 h    0.09 s/eval  best = 1.983706e+01
    [DE]  187400 evals    4.78 h    0.09 s/eval  best = 1.983706e+01
    [DE]  187600 evals    4.78 h    0.09 s/eval  best = 1.928068e+01
    [DE]  187800 evals    4.79 h    0.09 s/eval  best = 1.733747e+01
    [DE]  188000 evals    4.79 h    0.09 s/eval  best = 1.600928e+01
    [DE]  188200 evals    4.80 h    0.09 s/eval  best = 1.600928e+01
    [DE]  188400 evals    4.80 h    0.09 s/eval  best = 1.595474e+01
    [DE]  188600 evals    4.81 h    0.09 s/eval  best = 1.595474e+01
    [DE]  188800 evals    4.81 h    0.09 s/eval  best = 1.595474e+01
    [DE]  189000 evals    4.82 h    0.09 s/eval  best = 1.595474e+01
    [DE]  189200 evals    4.82 h    0.09 s/eval  best = 1.499120e+01
    [DE]  189400 evals    4.83 h    0.09 s/eval  best = 1.499120e+01
    [DE]  189600 evals    4.83 h    0.09 s/eval  best = 1.499120e+01
    [DE]  189800 evals    4.84 h    0.09 s/eval  best = 1.499120e+01
    [DE]  190000 evals    4.84 h    0.09 s/eval  best = 1.499120e+01
    [DE]  190200 evals    4.85 h    0.09 s/eval  best = 1.499120e+01
    [DE]  190400 evals    4.85 h    0.09 s/eval  best = 1.485015e+01
    [DE]  190600 evals    4.86 h    0.09 s/eval  best = 1.485015e+01
    [DE]  190800 evals    4.86 h    0.09 s/eval  best = 1.485015e+01
    [DE]  191000 evals    4.87 h    0.09 s/eval  best = 1.485015e+01
    [DE]  191200 evals    4.87 h    0.09 s/eval  best = 1.485015e+01
    [DE]  191400 evals    4.88 h    0.09 s/eval  best = 1.485015e+01
    [DE]  191600 evals    4.88 h    0.09 s/eval  best = 1.485015e+01
    [DE]  191800 evals    4.89 h    0.09 s/eval  best = 1.485015e+01
    [DE]  192000 evals    4.89 h    0.09 s/eval  best = 1.485015e+01
    [DE]  192200 evals    4.90 h    0.09 s/eval  best = 1.440504e+01
    [DE]  192400 evals    4.90 h    0.09 s/eval  best = 1.440504e+01
    [DE]  192600 evals    4.91 h    0.09 s/eval  best = 1.409576e+01
    [DE]  192800 evals    4.91 h    0.09 s/eval  best = 1.409576e+01
    [DE]  193000 evals    4.92 h    0.09 s/eval  best = 1.409576e+01
    [DE]  193200 evals    4.92 h    0.09 s/eval  best = 1.390739e+01
    [DE]  193400 evals    4.93 h    0.09 s/eval  best = 1.390739e+01
    [DE]  193600 evals    4.93 h    0.09 s/eval  best = 1.390739e+01
    [DE]  193800 evals    4.94 h    0.09 s/eval  best = 1.390739e+01
    [DE]  194000 evals    4.94 h    0.09 s/eval  best = 1.390739e+01
    [DE]  194200 evals    4.95 h    0.09 s/eval  best = 1.390739e+01
    [DE]  194400 evals    4.95 h    0.09 s/eval  best = 1.390739e+01
    [DE]  194600 evals    4.96 h    0.09 s/eval  best = 1.390739e+01
    [DE]  194800 evals    4.96 h    0.09 s/eval  best = 1.390739e+01
    [DE]  195000 evals    4.97 h    0.09 s/eval  best = 1.390739e+01
    [DE]  195200 evals    4.97 h    0.09 s/eval  best = 1.390739e+01
    [DE]  195400 evals    4.98 h    0.09 s/eval  best = 1.390739e+01
    [DE]  195600 evals    4.98 h    0.09 s/eval  best = 1.382251e+01
    [DE]  195800 evals    4.99 h    0.09 s/eval  best = 1.382251e+01
    [DE]  196000 evals    4.99 h    0.09 s/eval  best = 1.365181e+01
    [DE]  196200 evals    5.00 h    0.09 s/eval  best = 1.365181e+01
    [DE]  196400 evals    5.00 h    0.09 s/eval  best = 1.353308e+01
    [DE]  196600 evals    5.01 h    0.09 s/eval  best = 1.299431e+01
    [DE]  196800 evals    5.01 h    0.09 s/eval  best = 1.299431e+01
    [DE]  197000 evals    5.02 h    0.09 s/eval  best = 1.261605e+01
    [DE]  197200 evals    5.02 h    0.09 s/eval  best = 1.261605e+01
    [DE]  197400 evals    5.03 h    0.09 s/eval  best = 1.261605e+01
    [DE]  197600 evals    5.03 h    0.09 s/eval  best = 1.261605e+01
    [DE]  197800 evals    5.04 h    0.09 s/eval  best = 1.235733e+01
    [DE]  198000 evals    5.04 h    0.09 s/eval  best = 1.235733e+01
    [DE]  198200 evals    5.05 h    0.09 s/eval  best = 1.235733e+01
    [DE]  198400 evals    5.05 h    0.09 s/eval  best = 1.235733e+01
    [DE]  198600 evals    5.06 h    0.09 s/eval  best = 1.235733e+01
    [DE]  198800 evals    5.06 h    0.09 s/eval  best = 1.221582e+01
    [DE]  199000 evals    5.07 h    0.09 s/eval  best = 1.221582e+01
    [DE]  199200 evals    5.07 h    0.09 s/eval  best = 1.216328e+01
    [DE]  199400 evals    5.08 h    0.09 s/eval  best = 1.216328e+01
    [DE]  199600 evals    5.08 h    0.09 s/eval  best = 1.216328e+01
    [DE]  199800 evals    5.09 h    0.09 s/eval  best = 1.208304e+01
    [DE]  200000 evals    5.09 h    0.09 s/eval  best = 1.208304e+01
    [DE]  200200 evals    5.10 h    0.09 s/eval  best = 1.202182e+01
    [DE]  200400 evals    5.10 h    0.09 s/eval  best = 1.202182e+01
    [DE]  200600 evals    5.11 h    0.09 s/eval  best = 1.202182e+01
    [DE]  200800 evals    5.11 h    0.09 s/eval  best = 1.202182e+01
    [DE]  201000 evals    5.12 h    0.09 s/eval  best = 1.202182e+01
    [DE]  201200 evals    5.12 h    0.09 s/eval  best = 1.202182e+01
    [DE]  201400 evals    5.13 h    0.09 s/eval  best = 1.202182e+01
    [DE]  201600 evals    5.13 h    0.09 s/eval  best = 1.194159e+01
    [DE]  201800 evals    5.14 h    0.09 s/eval  best = 1.194159e+01
    [DE]  202000 evals    5.14 h    0.09 s/eval  best = 1.194159e+01
    [DE]  202200 evals    5.15 h    0.09 s/eval  best = 1.182049e+01
    [DE]  202400 evals    5.15 h    0.09 s/eval  best = 1.182049e+01
    [DE]  202600 evals    5.16 h    0.09 s/eval  best = 1.182049e+01
    [DE]  202800 evals    5.16 h    0.09 s/eval  best = 1.182049e+01
    [DE]  203000 evals    5.17 h    0.09 s/eval  best = 1.182049e+01
    [DE]  203200 evals    5.17 h    0.09 s/eval  best = 1.182049e+01
    [DE]  203400 evals    5.18 h    0.09 s/eval  best = 1.182049e+01
    [DE]  203600 evals    5.18 h    0.09 s/eval  best = 1.182049e+01
    [DE]  203800 evals    5.19 h    0.09 s/eval  best = 1.182049e+01
    [DE]  204000 evals    5.19 h    0.09 s/eval  best = 1.182049e+01
    [DE]  204200 evals    5.20 h    0.09 s/eval  best = 1.182049e+01
    [DE]  204400 evals    5.20 h    0.09 s/eval  best = 1.182049e+01
    [DE]  204600 evals    5.21 h    0.09 s/eval  best = 1.182049e+01
    [DE]  204800 evals    5.21 h    0.09 s/eval  best = 1.182049e+01
    [DE]  205000 evals    5.22 h    0.09 s/eval  best = 1.182049e+01
    [DE]  205200 evals    5.22 h    0.09 s/eval  best = 1.182049e+01
    [DE]  205400 evals    5.23 h    0.09 s/eval  best = 1.181449e+01
    [DE]  205600 evals    5.23 h    0.09 s/eval  best = 1.181449e+01
    [DE]  205800 evals    5.24 h    0.09 s/eval  best = 1.177597e+01
    [DE]  206000 evals    5.24 h    0.09 s/eval  best = 1.177597e+01
    [DE]  206200 evals    5.25 h    0.09 s/eval  best = 1.177597e+01
    [DE]  206400 evals    5.25 h    0.09 s/eval  best = 1.177597e+01
    [DE]  206600 evals    5.26 h    0.09 s/eval  best = 1.177256e+01
    [DE]  206800 evals    5.26 h    0.09 s/eval  best = 1.170777e+01
    [DE]  207000 evals    5.27 h    0.09 s/eval  best = 1.170777e+01
    [DE]  207200 evals    5.27 h    0.09 s/eval  best = 1.170777e+01
    [DE]  207400 evals    5.28 h    0.09 s/eval  best = 1.170777e+01
    [DE]  207600 evals    5.28 h    0.09 s/eval  best = 1.170777e+01
    [DE]  207800 evals    5.29 h    0.09 s/eval  best = 1.170777e+01
    [DE]  208000 evals    5.29 h    0.09 s/eval  best = 1.170777e+01
    [DE]  208200 evals    5.30 h    0.09 s/eval  best = 1.170777e+01
    [DE]  208400 evals    5.30 h    0.09 s/eval  best = 1.168402e+01
    [DE]  208600 evals    5.31 h    0.09 s/eval  best = 1.168402e+01
    [DE]  208800 evals    5.31 h    0.09 s/eval  best = 1.168402e+01
    [DE]  209000 evals    5.32 h    0.09 s/eval  best = 1.168402e+01
    [DE]  209200 evals    5.32 h    0.09 s/eval  best = 1.168402e+01
    [DE]  209400 evals    5.33 h    0.09 s/eval  best = 1.168402e+01
    [DE]  209600 evals    5.33 h    0.09 s/eval  best = 1.168402e+01
    [DE]  209800 evals    5.34 h    0.09 s/eval  best = 1.168402e+01
    [DE]  210000 evals    5.34 h    0.09 s/eval  best = 1.168402e+01
    [DE]  210200 evals    5.35 h    0.09 s/eval  best = 1.168402e+01
    [DE]  210400 evals    5.35 h    0.09 s/eval  best = 1.168402e+01
    [DE]  210600 evals    5.36 h    0.09 s/eval  best = 1.168402e+01
    [DE]  210800 evals    5.36 h    0.09 s/eval  best = 1.168402e+01
    [DE]  211000 evals    5.37 h    0.09 s/eval  best = 1.168234e+01
    [DE]  211200 evals    5.37 h    0.09 s/eval  best = 1.167747e+01
    [DE]  211400 evals    5.38 h    0.09 s/eval  best = 1.166771e+01
    [DE]  211600 evals    5.38 h    0.09 s/eval  best = 1.166771e+01
    [DE]  211800 evals    5.39 h    0.09 s/eval  best = 1.166771e+01
    [DE]  212000 evals    5.39 h    0.09 s/eval  best = 1.166771e+01
    [DE]  212200 evals    5.40 h    0.09 s/eval  best = 1.166771e+01
    [DE]  212400 evals    5.40 h    0.09 s/eval  best = 1.166771e+01
    [DE]  212600 evals    5.41 h    0.09 s/eval  best = 1.166382e+01
    [DE]  212800 evals    5.41 h    0.09 s/eval  best = 1.166382e+01
    [DE]  213000 evals    5.42 h    0.09 s/eval  best = 1.166382e+01
    [DE]  213200 evals    5.42 h    0.09 s/eval  best = 1.166382e+01
    [DE]  213400 evals    5.43 h    0.09 s/eval  best = 1.166382e+01
    [DE]  213600 evals    5.43 h    0.09 s/eval  best = 1.166382e+01
    [DE]  213800 evals    5.44 h    0.09 s/eval  best = 1.165303e+01
    [DE]  214000 evals    5.44 h    0.09 s/eval  best = 1.165303e+01
    [DE]  214200 evals    5.45 h    0.09 s/eval  best = 1.165303e+01
    [DE]  214400 evals    5.45 h    0.09 s/eval  best = 1.165303e+01
    [DE]  214600 evals    5.46 h    0.09 s/eval  best = 1.165303e+01
    [DE]  214800 evals    5.46 h    0.09 s/eval  best = 1.164798e+01
    [DE]  215000 evals    5.47 h    0.09 s/eval  best = 1.164798e+01
    [DE]  215200 evals    5.47 h    0.09 s/eval  best = 1.164798e+01
    [DE]  215400 evals    5.48 h    0.09 s/eval  best = 1.164798e+01
    [DE]  215600 evals    5.48 h    0.09 s/eval  best = 1.164798e+01
    [DE]  215800 evals    5.49 h    0.09 s/eval  best = 1.164798e+01
    [DE]  216000 evals    5.49 h    0.09 s/eval  best = 1.164756e+01
    [DE]  216200 evals    5.50 h    0.09 s/eval  best = 1.164756e+01
    [DE]  216400 evals    5.50 h    0.09 s/eval  best = 1.164756e+01
    [DE]  216600 evals    5.51 h    0.09 s/eval  best = 1.164683e+01
    [DE]  216800 evals    5.51 h    0.09 s/eval  best = 1.164683e+01
    [DE]  217000 evals    5.52 h    0.09 s/eval  best = 1.164683e+01
    [DE]  217200 evals    5.52 h    0.09 s/eval  best = 1.164683e+01
    [DE]  217400 evals    5.53 h    0.09 s/eval  best = 1.164683e+01
    [DE]  217600 evals    5.53 h    0.09 s/eval  best = 1.164683e+01
    [DE]  217800 evals    5.54 h    0.09 s/eval  best = 1.163836e+01
    [DE]  218000 evals    5.54 h    0.09 s/eval  best = 1.163836e+01
    [DE]  218200 evals    5.55 h    0.09 s/eval  best = 1.163836e+01
    [DE]  218400 evals    5.55 h    0.09 s/eval  best = 1.163836e+01
    [DE]  218600 evals    5.56 h    0.09 s/eval  best = 1.163362e+01
    [DE]  218800 evals    5.56 h    0.09 s/eval  best = 1.163362e+01
    [DE]  219000 evals    5.57 h    0.09 s/eval  best = 1.163362e+01
    [DE]  219200 evals    5.57 h    0.09 s/eval  best = 1.163362e+01
    [DE]  219400 evals    5.58 h    0.09 s/eval  best = 1.163362e+01
    [DE]  219600 evals    5.58 h    0.09 s/eval  best = 1.163362e+01
    [DE]  219800 evals    5.59 h    0.09 s/eval  best = 1.163362e+01
    [DE]  220000 evals    5.59 h    0.09 s/eval  best = 1.163362e+01
    [DE]  220200 evals    5.60 h    0.09 s/eval  best = 1.163362e+01
    [DE]  220400 evals    5.60 h    0.09 s/eval  best = 1.162987e+01
    [DE]  220600 evals    5.61 h    0.09 s/eval  best = 1.162987e+01
    [DE]  220800 evals    5.61 h    0.09 s/eval  best = 1.162987e+01
    [DE]  221000 evals    5.62 h    0.09 s/eval  best = 1.162969e+01
    [DE]  221200 evals    5.62 h    0.09 s/eval  best = 1.162969e+01
    [DE]  221400 evals    5.63 h    0.09 s/eval  best = 1.162916e+01
    [DE]  221600 evals    5.63 h    0.09 s/eval  best = 1.162916e+01
    [DE]  221800 evals    5.64 h    0.09 s/eval  best = 1.162740e+01
    [DE]  222000 evals    5.64 h    0.09 s/eval  best = 1.162740e+01
    [DE]  222200 evals    5.65 h    0.09 s/eval  best = 1.162740e+01
    [DE]  222400 evals    5.65 h    0.09 s/eval  best = 1.162740e+01
    [DE]  222600 evals    5.66 h    0.09 s/eval  best = 1.162740e+01
    [DE]  222800 evals    5.66 h    0.09 s/eval  best = 1.162740e+01
    [DE]  223000 evals    5.67 h    0.09 s/eval  best = 1.162631e+01
    [DE]  223200 evals    5.67 h    0.09 s/eval  best = 1.162631e+01
    [DE]  223400 evals    5.68 h    0.09 s/eval  best = 1.162631e+01
    [DE]  223600 evals    5.68 h    0.09 s/eval  best = 1.162631e+01
    [DE]  223800 evals    5.69 h    0.09 s/eval  best = 1.162631e+01
    [DE]  224000 evals    5.69 h    0.09 s/eval  best = 1.162631e+01
    [DE]  224200 evals    5.70 h    0.09 s/eval  best = 1.162631e+01
    [DE]  224400 evals    5.70 h    0.09 s/eval  best = 1.162631e+01
    [DE]  224600 evals    5.71 h    0.09 s/eval  best = 1.162299e+01
    [DE]  224800 evals    5.71 h    0.09 s/eval  best = 1.162299e+01
    [DE]  225000 evals    5.72 h    0.09 s/eval  best = 1.162299e+01
    [DE]  225200 evals    5.72 h    0.09 s/eval  best = 1.162299e+01
    [DE]  225400 evals    5.73 h    0.09 s/eval  best = 1.162299e+01
    [DE]  225600 evals    5.73 h    0.09 s/eval  best = 1.162299e+01
    [DE]  225800 evals    5.74 h    0.09 s/eval  best = 1.162299e+01
    [DE]  226000 evals    5.74 h    0.09 s/eval  best = 1.162299e+01
    [DE]  226200 evals    5.75 h    0.09 s/eval  best = 1.162299e+01
    [DE]  226400 evals    5.75 h    0.09 s/eval  best = 1.162231e+01
    [DE]  226600 evals    5.76 h    0.09 s/eval  best = 1.162231e+01
    [DE]  226800 evals    5.76 h    0.09 s/eval  best = 1.162231e+01
    [DE]  227000 evals    5.77 h    0.09 s/eval  best = 1.162231e+01
    [DE]  227200 evals    5.77 h    0.09 s/eval  best = 1.162231e+01
    [DE]  227400 evals    5.78 h    0.09 s/eval  best = 1.162231e+01
    [DE]  227600 evals    5.78 h    0.09 s/eval  best = 1.162222e+01
    [DE]  227800 evals    5.79 h    0.09 s/eval  best = 1.162222e+01
    [DE]  228000 evals    5.79 h    0.09 s/eval  best = 1.162222e+01
    [DE]  228200 evals    5.80 h    0.09 s/eval  best = 1.162222e+01
    [DE]  228400 evals    5.80 h    0.09 s/eval  best = 1.162222e+01
    [DE]  228600 evals    5.81 h    0.09 s/eval  best = 1.162222e+01
    [DE]  228800 evals    5.81 h    0.09 s/eval  best = 1.162222e+01
    [DE]  229000 evals    5.82 h    0.09 s/eval  best = 1.162222e+01
    [DE]  229200 evals    5.82 h    0.09 s/eval  best = 1.162222e+01
    [DE]  229400 evals    5.83 h    0.09 s/eval  best = 1.162222e+01
    [DE]  229600 evals    5.83 h    0.09 s/eval  best = 1.162217e+01
    [DE]  229800 evals    5.84 h    0.09 s/eval  best = 1.162217e+01
    [DE]  230000 evals    5.84 h    0.09 s/eval  best = 1.162217e+01
    [DE]  230200 evals    5.85 h    0.09 s/eval  best = 1.162217e+01
    [DE]  230400 evals    5.85 h    0.09 s/eval  best = 1.162217e+01
    [DE]  230600 evals    5.86 h    0.09 s/eval  best = 1.162183e+01
    [DE]  230800 evals    5.86 h    0.09 s/eval  best = 1.162143e+01
    [DE]  231000 evals    5.86 h    0.09 s/eval  best = 1.162143e+01
    [DE]  231200 evals    5.87 h    0.09 s/eval  best = 1.162141e+01
    [DE]  231400 evals    5.87 h    0.09 s/eval  best = 1.162141e+01
    [DE]  231600 evals    5.88 h    0.09 s/eval  best = 1.162141e+01
    [DE]  231800 evals    5.88 h    0.09 s/eval  best = 1.162141e+01
    [DE]  232000 evals    5.89 h    0.09 s/eval  best = 1.162141e+01
    [DE]  232200 evals    5.89 h    0.09 s/eval  best = 1.162141e+01
    [DE]  232400 evals    5.90 h    0.09 s/eval  best = 1.162141e+01
    [DE]  232600 evals    5.90 h    0.09 s/eval  best = 1.162141e+01
    [DE]  232800 evals    5.91 h    0.09 s/eval  best = 1.162137e+01
    [DE]  233000 evals    5.91 h    0.09 s/eval  best = 1.162122e+01
    [DE]  233200 evals    5.92 h    0.09 s/eval  best = 1.162122e+01
    [DE]  233400 evals    5.92 h    0.09 s/eval  best = 1.162122e+01
    [DE]  233600 evals    5.93 h    0.09 s/eval  best = 1.162122e+01
    [DE]  233800 evals    5.93 h    0.09 s/eval  best = 1.162122e+01
    [DE]  234000 evals    5.94 h    0.09 s/eval  best = 1.162122e+01
    [DE]  234200 evals    5.94 h    0.09 s/eval  best = 1.162122e+01
    [DE]  234400 evals    5.95 h    0.09 s/eval  best = 1.162122e+01
    [DE]  234600 evals    5.95 h    0.09 s/eval  best = 1.162122e+01
    [DE]  234800 evals    5.96 h    0.09 s/eval  best = 1.162122e+01
    [DE]  235000 evals    5.96 h    0.09 s/eval  best = 1.162122e+01
    [DE]  235200 evals    5.97 h    0.09 s/eval  best = 1.162122e+01
    [DE]  235400 evals    5.97 h    0.09 s/eval  best = 1.162115e+01
    [DE]  235600 evals    5.98 h    0.09 s/eval  best = 1.162115e+01
    [DE]  235800 evals    5.98 h    0.09 s/eval  best = 1.162115e+01
    [DE]  236000 evals    5.99 h    0.09 s/eval  best = 1.162115e+01
    [DE]  236200 evals    5.99 h    0.09 s/eval  best = 1.162115e+01
    [DE]  236400 evals    6.00 h    0.09 s/eval  best = 1.162115e+01
    [DE]  236600 evals    6.00 h    0.09 s/eval  best = 1.162115e+01
    [DE]  236800 evals    6.01 h    0.09 s/eval  best = 1.162115e+01
    [DE]  237000 evals    6.01 h    0.09 s/eval  best = 1.162110e+01
    [DE]  237200 evals    6.02 h    0.09 s/eval  best = 1.162097e+01
    [DE]  237400 evals    6.02 h    0.09 s/eval  best = 1.162097e+01
    [DE]  237600 evals    6.03 h    0.09 s/eval  best = 1.162097e+01
    [DE]  237800 evals    6.03 h    0.09 s/eval  best = 1.162097e+01
    [DE]  238000 evals    6.04 h    0.09 s/eval  best = 1.162097e+01
    [DE]  238200 evals    6.04 h    0.09 s/eval  best = 1.162097e+01
    [DE]  238400 evals    6.05 h    0.09 s/eval  best = 1.162094e+01
    [DE]  238600 evals    6.05 h    0.09 s/eval  best = 1.162094e+01
    [DE]  238800 evals    6.06 h    0.09 s/eval  best = 1.162094e+01
    [DE]  239000 evals    6.06 h    0.09 s/eval  best = 1.162084e+01
    [DE]  239200 evals    6.07 h    0.09 s/eval  best = 1.162084e+01
    [DE]  239400 evals    6.07 h    0.09 s/eval  best = 1.162084e+01
    [DE]  239600 evals    6.08 h    0.09 s/eval  best = 1.162084e+01
    [DE]  239800 evals    6.08 h    0.09 s/eval  best = 1.162084e+01
    [DE]  240000 evals    6.09 h    0.09 s/eval  best = 1.162083e+01
    [DE]  240200 evals    6.09 h    0.09 s/eval  best = 1.162083e+01
    [DE]  240400 evals    6.10 h    0.09 s/eval  best = 1.162083e+01
    [DE]  240600 evals    6.11 h    0.09 s/eval  best = 1.162083e+01
    [DE]  240800 evals    6.11 h    0.09 s/eval  best = 1.162083e+01
    [DE]  241000 evals    6.12 h    0.09 s/eval  best = 1.162083e+01
    [DE]  241200 evals    6.12 h    0.09 s/eval  best = 1.162083e+01
    [DE]  241400 evals    6.13 h    0.09 s/eval  best = 1.162083e+01
    [DE]  241600 evals    6.13 h    0.09 s/eval  best = 1.162083e+01
    [DE]  241800 evals    6.14 h    0.09 s/eval  best = 1.162083e+01
    [DE]  242000 evals    6.14 h    0.09 s/eval  best = 1.162080e+01
    [DE]  242200 evals    6.15 h    0.09 s/eval  best = 1.162080e+01
    [DE]  242400 evals    6.15 h    0.09 s/eval  best = 1.162080e+01
    [DE]  242600 evals    6.16 h    0.09 s/eval  best = 1.162080e+01
    [DE]  242800 evals    6.16 h    0.09 s/eval  best = 1.162080e+01
    [DE]  243000 evals    6.17 h    0.09 s/eval  best = 1.162080e+01
    [DE]  243200 evals    6.17 h    0.09 s/eval  best = 1.162077e+01
    [DE]  243400 evals    6.18 h    0.09 s/eval  best = 1.162077e+01
    [DE]  243600 evals    6.18 h    0.09 s/eval  best = 1.162077e+01
    [DE]  243800 evals    6.19 h    0.09 s/eval  best = 1.162077e+01
    [DE]  244000 evals    6.19 h    0.09 s/eval  best = 1.162077e+01
    [DE]  244200 evals    6.20 h    0.09 s/eval  best = 1.162075e+01
    [DE]  244400 evals    6.20 h    0.09 s/eval  best = 1.162075e+01
    [DE]  244600 evals    6.21 h    0.09 s/eval  best = 1.162075e+01
    [DE]  244800 evals    6.21 h    0.09 s/eval  best = 1.162075e+01
    [DE]  245000 evals    6.22 h    0.09 s/eval  best = 1.162075e+01
    [DE]  245200 evals    6.22 h    0.09 s/eval  best = 1.162072e+01
    [DE]  245400 evals    6.23 h    0.09 s/eval  best = 1.162071e+01
    [DE]  245600 evals    6.23 h    0.09 s/eval  best = 1.162071e+01
    [DE]  245800 evals    6.24 h    0.09 s/eval  best = 1.162071e+01
    [DE]  246000 evals    6.24 h    0.09 s/eval  best = 1.162071e+01
    [DE]  246200 evals    6.25 h    0.09 s/eval  best = 1.162071e+01
    [DE]  246400 evals    6.25 h    0.09 s/eval  best = 1.162071e+01
    [DE]  246600 evals    6.26 h    0.09 s/eval  best = 1.162071e+01
    [DE]  246800 evals    6.26 h    0.09 s/eval  best = 1.162071e+01
    [DE]  247000 evals    6.27 h    0.09 s/eval  best = 1.162071e+01
    [DE]  247200 evals    6.27 h    0.09 s/eval  best = 1.162071e+01
    [DE]  247400 evals    6.28 h    0.09 s/eval  best = 1.162071e+01
    [DE]  247600 evals    6.28 h    0.09 s/eval  best = 1.162071e+01
    [DE]  247800 evals    6.29 h    0.09 s/eval  best = 1.162071e+01
    [DE]  248000 evals    6.29 h    0.09 s/eval  best = 1.162071e+01
    [DE]  248200 evals    6.30 h    0.09 s/eval  best = 1.162071e+01
    [DE]  248400 evals    6.30 h    0.09 s/eval  best = 1.162071e+01
    [DE]  248600 evals    6.31 h    0.09 s/eval  best = 1.162071e+01
    [DE]  248800 evals    6.31 h    0.09 s/eval  best = 1.162071e+01
    [DE]  249000 evals    6.32 h    0.09 s/eval  best = 1.162071e+01
    [DE]  249200 evals    6.32 h    0.09 s/eval  best = 1.162071e+01
    [DE]  249400 evals    6.33 h    0.09 s/eval  best = 1.162071e+01
    [DE]  249600 evals    6.33 h    0.09 s/eval  best = 1.162071e+01
    [DE]  249800 evals    6.34 h    0.09 s/eval  best = 1.162071e+01
    [DE]  250000 evals    6.34 h    0.09 s/eval  best = 1.162071e+01
    [DE]  250200 evals    6.35 h    0.09 s/eval  best = 1.162071e+01
    [DE]  250400 evals    6.35 h    0.09 s/eval  best = 1.162071e+01
    [DE]  250600 evals    6.36 h    0.09 s/eval  best = 1.162071e+01
    [DE]  250800 evals    6.36 h    0.09 s/eval  best = 1.162071e+01
    [DE]  251000 evals    6.37 h    0.09 s/eval  best = 1.162071e+01
    [DE]  251200 evals    6.37 h    0.09 s/eval  best = 1.162071e+01
    [DE]  251400 evals    6.38 h    0.09 s/eval  best = 1.162071e+01
    [DE]  251600 evals    6.38 h    0.09 s/eval  best = 1.162071e+01
    [DE]  251800 evals    6.39 h    0.09 s/eval  best = 1.162070e+01
    [DE]  252000 evals    6.39 h    0.09 s/eval  best = 1.162070e+01
    [DE]  252200 evals    6.40 h    0.09 s/eval  best = 1.162070e+01
    [DE]  252400 evals    6.40 h    0.09 s/eval  best = 1.162070e+01
    [DE]  252600 evals    6.41 h    0.09 s/eval  best = 1.162070e+01
    [DE]  252800 evals    6.41 h    0.09 s/eval  best = 1.162070e+01
    [DE]  253000 evals    6.42 h    0.09 s/eval  best = 1.162070e+01
    [DE]  253200 evals    6.42 h    0.09 s/eval  best = 1.162070e+01
    [DE]  253400 evals    6.43 h    0.09 s/eval  best = 1.162069e+01
    [DE]  253600 evals    6.43 h    0.09 s/eval  best = 1.162069e+01
    [DE]  253800 evals    6.44 h    0.09 s/eval  best = 1.162069e+01
    [DE]  254000 evals    6.44 h    0.09 s/eval  best = 1.162069e+01
    [DE]  254200 evals    6.45 h    0.09 s/eval  best = 1.162069e+01
    [DE]  254400 evals    6.45 h    0.09 s/eval  best = 1.162069e+01
    [DE]  254600 evals    6.46 h    0.09 s/eval  best = 1.162069e+01
    [DE]  254800 evals    6.46 h    0.09 s/eval  best = 1.162069e+01
    [DE]  255000 evals    6.47 h    0.09 s/eval  best = 1.162069e+01
    [DE]  255200 evals    6.47 h    0.09 s/eval  best = 1.162069e+01
    [DE]  255400 evals    6.48 h    0.09 s/eval  best = 1.162069e+01
    [DE]  255600 evals    6.48 h    0.09 s/eval  best = 1.162069e+01
    [DE]  255800 evals    6.49 h    0.09 s/eval  best = 1.162069e+01
    [DE]  256000 evals    6.49 h    0.09 s/eval  best = 1.162069e+01
[DE] 2000 iters, 256128 evals, 6.49 h: ov = 0.9998549090, chi2 = 1.162069e+01 (Maximum number of iterations has been exceeded.)

=== stage 3: CV climb from the DE point ===
    start overlap = 0.9998549090
Body is not plunging, Fisher should be stable.
waveform shape: (2, 11004874)
Computing SNR for parameters: (np.float64(2067798.1925542913), np.float64(49.990184106555674), np.float64(0.9000317273075825), np.float64(10.306883989951597), 0.0, 1.0, 2.664236642201777, np.float64(0.1998923993156152), np.float64(0.17724516044406213), 0.8, 0.8, np.float64(0.17408782926633526), 0.5, 0.5, 0.0, False, False, False, True, np.float64(0.99999500574895), 0.0, False, 3.968727204155754e-05, 8.0, 1e-12, 4.0)
Waveform Generated. SNR: 200.09037954667178
calculating stable deltas...
Time taken to compute stable deltas is 28.718594551086426 seconds
calculating Fisher matrix...
Finished derivatives
Calculated Fisher is *atleast* positive-definite.
Time taken to compute FM is 2.5242559909820557 seconds
    CV CV2#1 it   0 lam=3.3e-03 ov=0.9998549090 chi2=1.162e+01 rel=4.5e-07
Body is not plunging, Fisher should be stable.
waveform shape: (2, 11004874)
Computing SNR for parameters: (np.float64(2067798.1925498813), np.float64(49.990184106999216), np.float64(0.9000317272894166), np.float64(10.306883989938042), 0.0, 1.0, 2.664236642201777, np.float64(0.19989215932505822), np.float64(0.17723266824374576), 0.8, 0.8, np.float64(0.17408256640971617), 0.5, 0.5, 0.0, False, False, False, True, np.float64(0.9999980955538231), 0.0, False, 3.968727204155754e-05, 8.0, 1e-12, 4.0)
Waveform Generated. SNR: 200.09039271377657
calculating Fisher matrix...
Finished derivatives
Calculated Fisher is *atleast* positive-definite.
Time taken to compute FM is 3.1405439376831055 seconds
    CV CV2#1 it   1 lam=1.1e-03 ov=0.9998549091 chi2=1.162e+01 rel=2.3e-07
Body is not plunging, Fisher should be stable.
waveform shape: (2, 11004874)
Computing SNR for parameters: (np.float64(2067798.1925406973), np.float64(49.99018410796029), np.float64(0.9000317272476432), np.float64(10.306883989909457), 0.0, 1.0, 2.664236642201777, np.float64(0.1998921620455606), np.float64(0.17723193026864295), 0.8, 0.8, np.float64(0.17407972724692178), 0.5, 0.5, 0.0, False, False, False, True, np.float64(1.0000085825528968), 0.0, False, 3.968727204155754e-05, 8.0, 1e-12, 4.0)
Waveform Generated. SNR: 200.0903960885139
calculating Fisher matrix...
Finished derivatives
Calculated Fisher is *atleast* positive-definite.
Time taken to compute FM is 3.117703676223755 seconds
    CV CV2#1 it   2 lam=3.7e-04 ov=0.9998549092 chi2=1.162e+01 rel=6.8e-07
Body is not plunging, Fisher should be stable.
waveform shape: (2, 11004874)
Computing SNR for parameters: (np.float64(2067798.1925225744), np.float64(49.99018411096046), np.float64(0.9000317271101542), np.float64(10.30688398984377), 0.0, 1.0, 2.664236642201777, np.float64(0.19989193065835), np.float64(0.1772314358678797), 0.8, 0.8, np.float64(0.1740748832195529), 0.5, 0.5, 0.0, False, False, False, True, np.float64(1.0000393232352298), 0.0, False, 3.968727204155754e-05, 8.0, 1e-12, 4.0)
Waveform Generated. SNR: 200.09036255590593
calculating Fisher matrix...
Finished derivatives
Calculated Fisher is not positive semi-definite. Try lowering inspiral error tolerance or increasing the derivative order.
Time taken to compute FM is 3.1148366928100586 seconds
    CV CV2#1 it   3 lam=1.2e-04 ov=0.9998549092 chi2=1.162e+01 rel=2.0e-06
Body is not plunging, Fisher should be stable.
waveform shape: (2, 11004874)
Computing SNR for parameters: (np.float64(2067798.1924993398), np.float64(49.990184120742256), np.float64(0.9000317266586939), np.float64(10.306883989710022), 0.0, 1.0, 2.664236642201777, np.float64(0.19989154512290605), np.float64(0.17723217321562076), 0.8, 0.8, np.float64(0.1740669903794125), 0.5, 0.5, 0.0, False, False, False, True, np.float64(1.0001281003601326), 0.0, False, 3.968727204155754e-05, 8.0, 1e-12, 4.0)
Waveform Generated. SNR: 200.0903004789382
calculating Fisher matrix...
Finished derivatives
Calculated Fisher is *atleast* positive-definite.
Time taken to compute FM is 3.110511541366577 seconds
    CV CV2#1 it   4 lam=4.1e-05 ov=0.9998549093 chi2=1.162e+01 rel=5.7e-06
Body is not plunging, Fisher should be stable.
waveform shape: (2, 11004874)
Computing SNR for parameters: (np.float64(2067798.1924876443), np.float64(49.990184153464014), np.float64(0.900031725334349), np.float64(10.30688398941404), 0.0, 1.0, 2.664236642201777, np.float64(0.19989092048305795), np.float64(0.17723703297560214), 0.8, 0.8, np.float64(0.17405420729689225), 0.5, 0.5, 0.0, False, False, False, True, np.float64(1.0003847816349365), 0.0, False, 3.968727204155754e-05, 8.0, 1e-12, 4.0)
Waveform Generated. SNR: 200.090185376604
calculating Fisher matrix...
Finished derivatives
Calculated Fisher is *atleast* positive-definite.
Time taken to compute FM is 3.0963451862335205 seconds
    CV CV2#1 it   5 lam=1.4e-05 ov=0.9998549097 chi2=1.162e+01 rel=1.6e-05
Body is not plunging, Fisher should be stable.
waveform shape: (2, 11004874)
Computing SNR for parameters: (np.float64(2067798.1925743036), np.float64(49.99018426986734), np.float64(0.9000317220242573), np.float64(10.306883988673446), 0.0, 1.0, 2.664236642201777, np.float64(0.19988964720100574), np.float64(0.177248806774859), 0.8, 0.8, np.float64(0.17403120521924983), 0.5, 0.5, 0.0, False, False, False, True, np.float64(1.001115922355655), 0.0, False, 3.968727204155754e-05, 8.0, 1e-12, 4.0)
Waveform Generated. SNR: 200.0899434903531
calculating Fisher matrix...
Finished derivatives
Calculated Fisher is not positive semi-definite. Try lowering inspiral error tolerance or increasing the derivative order.
Time taken to compute FM is 3.138272523880005 seconds
    CV CV2#1 it   6 lam=4.6e-06 ov=0.9998549113 chi2=1.162e+01 rel=4.4e-05
Body is not plunging, Fisher should be stable.
waveform shape: (2, 11004874)
Computing SNR for parameters: (np.float64(2067798.1932554438), np.float64(49.990184694887965), np.float64(0.9000317151029887), np.float64(10.306883986881314), 0.0, 1.0, 2.664236642201777, np.float64(0.19988731847015248), np.float64(0.17726461772548294), 0.8, 0.8, np.float64(0.17400668912080902), 0.5, 0.5, 0.0, False, False, False, True, np.float64(1.0031501276356836), 0.0, False, 3.968727204155754e-05, 8.0, 1e-12, 4.0)
Waveform Generated. SNR: 200.08952503444067
calculating Fisher matrix...
Finished derivatives
Calculated Fisher is *atleast* positive-definite.
Time taken to compute FM is 3.1085731983184814 seconds
    CV CV2#1 it   7 lam=1.5e-06 ov=0.9998549164 chi2=1.162e+01 rel=1.3e-04
Body is not plunging, Fisher should be stable.
waveform shape: (2, 11004874)
Computing SNR for parameters: (np.float64(2067798.196143794), np.float64(49.99018612045981), np.float64(0.9000317006802517), np.float64(10.306883982425903), 0.0, 1.0, 2.664236642201777, np.float64(0.19988334595977997), np.float64(0.17727077391698293), 0.8, 0.8, np.float64(0.17402359668455822), 0.5, 0.5, 0.0, False, False, False, True, np.float64(1.0088943518070106), 0.0, False, 3.968727204155754e-05, 8.0, 1e-12, 4.0)
Waveform Generated. SNR: 200.08889732396494
calculating Fisher matrix...
Finished derivatives
Calculated Fisher is not positive semi-definite. Try lowering inspiral error tolerance or increasing the derivative order.
Time taken to compute FM is 3.0984561443328857 seconds
    CV CV2#1 it   8 lam=5.1e-07 ov=0.9998549329 chi2=1.162e+01 rel=3.7e-04
Body is not plunging, Fisher should be stable.
waveform shape: (2, 11004874)
Computing SNR for parameters: (np.float64(2067798.2052653267), np.float64(49.99019044571345), np.float64(0.9000316632744662), np.float64(10.306883970292466), 0.0, 1.0, 2.664236642201777, np.float64(0.19987404873091666), np.float64(0.17725561316692973), 0.8, 0.8, np.float64(0.17414652446999496), 0.5, 0.5, 0.0, False, False, False, True, np.float64(1.0255397065089478), 0.0, False, 3.968727204155754e-05, 8.0, 1e-12, 4.0)
Waveform Generated. SNR: 200.0875499407589
calculating Fisher matrix...
Finished derivatives
Calculated Fisher is not positive semi-definite. Try lowering inspiral error tolerance or increasing the derivative order.
Time taken to compute FM is 3.1095213890075684 seconds
    CV CV2#1 it   9 lam=1.7e-07 ov=0.9998549819 chi2=1.161e+01 rel=1.0e-03
Body is not plunging, Fisher should be stable.
waveform shape: (2, 11004874)
Computing SNR for parameters: (np.float64(2067798.230611236), np.float64(49.990202757770604), np.float64(0.9000315586013403), np.float64(10.306883938541965), 0.0, 1.0, 2.664236642201777, np.float64(0.19984836506709064), np.float64(0.17720326742159048), 0.8, 0.8, np.float64(0.17451595434819975), 0.5, 0.5, 0.0, False, False, False, True, np.float64(1.0726685867753223), 0.0, False, 3.968727204155754e-05, 8.0, 1e-12, 4.0)
Waveform Generated. SNR: 200.083871232998
calculating stable deltas...
Time taken to compute stable deltas is 28.601407527923584 seconds
calculating Fisher matrix...
Finished derivatives
Calculated Fisher is *atleast* positive-definite.
Time taken to compute FM is 2.5163207054138184 seconds
    CV CV2#1 it  10 lam=5.6e-08 ov=0.9998551162 chi2=1.160e+01 rel=2.3e-03
Body is not plunging, Fisher should be stable.
waveform shape: (2, 11004874)
Computing SNR for parameters: (np.float64(2067798.2895647716), np.float64(49.99023431075405), np.float64(0.9000312910166262), np.float64(10.306883877353238), 0.0, 1.0, 2.664236642201777, np.float64(0.19978286058100608), np.float64(0.17706869971344344), 0.8, 0.8, np.float64(0.17546168298779044), 0.5, 0.5, 0.0, False, False, False, True, np.float64(1.1931121081813547), 0.0, False, 3.968727204155754e-05, 8.0, 1e-12, 4.0)
Waveform Generated. SNR: 200.07449287954466
calculating Fisher matrix...
Finished derivatives
Calculated Fisher is *atleast* positive-definite.
Time taken to compute FM is 3.1080129146575928 seconds
    CV CV2#1 it  11 lam=1.9e-08 ov=0.9998554240 chi2=1.158e+01 rel=3.5e-03
Body is not plunging, Fisher should be stable.
waveform shape: (2, 11004874)
Computing SNR for parameters: (np.float64(2067798.365476559), np.float64(49.99029718327758), np.float64(0.9000307613026873), np.float64(10.306883894673645), 0.0, 1.0, 2.664236642201777, np.float64(0.19965392828632264), np.float64(0.17680375159511028), 0.8, 0.8, np.float64(0.1773255202425542), 0.5, 0.5, 0.0, False, False, False, True, np.float64(1.4309208698931375), 0.0, False, 3.968727204155754e-05, 8.0, 1e-12, 4.0)
Waveform Generated. SNR: 200.056029383474
calculating Fisher matrix...
Finished derivatives
Calculated Fisher is not positive semi-definite. Try lowering inspiral error tolerance or increasing the derivative order.
Time taken to compute FM is 3.115558624267578 seconds
    CV CV2#1 it  12 lam=6.3e-09 ov=0.9998558840 chi2=1.154e+01 rel=2.4e-03
Body is not plunging, Fisher should be stable.
waveform shape: (2, 11004874)
Computing SNR for parameters: (np.float64(2067798.2400242018), np.float64(49.99037459160712), np.float64(0.9000301273571617), np.float64(10.306884649416402), 0.0, 1.0, 2.664236642201777, np.float64(0.19950342116517122), np.float64(0.17649486330189867), 0.8, 0.8, np.float64(0.17950944632941385), 0.5, 0.5, 0.0, False, False, False, True, np.float64(1.7122016364441024), 0.0, False, 3.968727204155754e-05, 8.0, 1e-12, 4.0)
Waveform Generated. SNR: 200.03447053677326
calculating Fisher matrix...
Finished derivatives
Calculated Fisher is not positive semi-definite. Try lowering inspiral error tolerance or increasing the derivative order.
Time taken to compute FM is 3.1009902954101562 seconds
    CV CV2#1 it  13 lam=2.1e-09 ov=0.9998561836 chi2=1.151e+01 rel=7.8e-04
Body is not plunging, Fisher should be stable.
waveform shape: (2, 11004874)
Computing SNR for parameters: (np.float64(2067797.306993956), np.float64(49.99043156040224), np.float64(0.9000297305062286), np.float64(10.306888021185465), 0.0, 1.0, 2.664236642201777, np.float64(0.19942379897816173), np.float64(0.17633583117469065), 0.8, 0.8, np.float64(0.18068204352843684), 0.5, 0.5, 0.0, False, False, False, True, np.float64(1.8750690417551124), 0.0, False, 3.968727204155754e-05, 8.0, 1e-12, 4.0)
Waveform Generated. SNR: 200.02305794108975
calculating Fisher matrix...
Finished derivatives
Calculated Fisher is *atleast* positive-definite.
Time taken to compute FM is 3.1165876388549805 seconds
    CV CV2#1 it  14 lam=7.0e-10 ov=0.9998562797 chi2=1.150e+01 rel=1.2e-03
Body is not plunging, Fisher should be stable.
waveform shape: (2, 11004874)
Computing SNR for parameters: (np.float64(2067794.1767670866), np.float64(49.990497599194704), np.float64(0.9000294398125693), np.float64(10.306898792227763), 0.0, 1.0, 2.664236642201777, np.float64(0.19940662610563753), np.float64(0.17631856452695743), 0.8, 0.8, np.float64(0.180966490599863), 0.5, 0.5, 0.0, False, False, False, True, np.float64(1.9563830289824966), 0.0, False, 3.968727204155754e-05, 8.0, 1e-12, 4.0)
Waveform Generated. SNR: 200.0205728501048
calculating Fisher matrix...
Finished derivatives
Calculated Fisher is *atleast* positive-definite.
Time taken to compute FM is 3.117166042327881 seconds
    CV CV2#1 it  15 lam=2.3e-10 ov=0.9998564467 chi2=1.149e+01 rel=3.5e-03
Body is not plunging, Fisher should be stable.
waveform shape: (2, 11004874)
Computing SNR for parameters: (np.float64(2067784.7351079006), np.float64(49.99067316057186), np.float64(0.900028759249401), np.float64(10.306931178401735), 0.0, 1.0, 2.664236642201777, np.float64(0.19940164734431337), np.float64(0.1763641384078537), 0.8, 0.8, np.float64(0.1811252661890515), 0.5, 0.5, 0.0, False, False, False, True, np.float64(2.1138379303534403), 0.0, False, 3.968727204155754e-05, 8.0, 1e-12, 4.0)
Waveform Generated. SNR: 200.01978013265997
calculating Fisher matrix...
Finished derivatives
Calculated Fisher is *atleast* positive-definite.
Time taken to compute FM is 3.116488456726074 seconds
    CV CV2#1 it  16 lam=7.8e-11 ov=0.9998569475 chi2=1.145e+01 rel=9.8e-03
Body is not plunging, Fisher should be stable.
waveform shape: (2, 11004874)
Computing SNR for parameters: (np.float64(2067756.5835018507), np.float64(49.991194845566355), np.float64(0.900026744745738), np.float64(10.307027735271106), 0.0, 1.0, 2.664236642201777, np.float64(0.19939021933882878), np.float64(0.17650736686513552), 0.8, 0.8, np.float64(0.18154389325367049), 0.5, 0.5, 0.0, False, False, False, True, np.float64(2.576703125431152), 0.0, False, 3.968727204155754e-05, 8.0, 1e-12, 4.0)
Waveform Generated. SNR: 200.0179043729878
calculating Fisher matrix...
Finished derivatives
Calculated Fisher is *atleast* positive-definite.
Time taken to compute FM is 3.112609624862671 seconds
    CV CV2#1 it  17 lam=2.6e-10 ov=0.9998583420 chi2=1.133e+01 rel=3.8e-03
Body is not plunging, Fisher should be stable.
waveform shape: (2, 11004874)
Computing SNR for parameters: (np.float64(2067748.2208310287), np.float64(49.991349620649785), np.float64(0.900026148260299), np.float64(10.307056419308674), 0.0, 1.0, 2.664236642201777, np.float64(0.19938845346335077), np.float64(0.17655010461422402), 0.8, 0.8, np.float64(0.18166689762125918), 0.5, 0.5, 0.0, False, False, False, True, np.float64(2.7133847499953814), 0.0, False, 3.968727204155754e-05, 8.0, 1e-12, 4.0)
Waveform Generated. SNR: 200.01759455123943
calculating Fisher matrix...
Finished derivatives
Calculated Fisher is not positive semi-definite. Try lowering inspiral error tolerance or increasing the derivative order.
Time taken to compute FM is 3.1243062019348145 seconds
    CV CV2#1 it  18 lam=8.7e-11 ov=0.9998588802 chi2=1.129e+01 rel=8.9e-03
Body is not plunging, Fisher should be stable.
waveform shape: (2, 11004874)
Computing SNR for parameters: (np.float64(2067723.2757315831), np.float64(49.99181184229004), np.float64(0.9000243636528745), np.float64(10.307141980490139), 0.0, 1.0, 2.664236642201777, np.float64(0.1993786122117433), np.float64(0.17667594847307658), 0.8, 0.8, np.float64(0.18203648434331107), 0.5, 0.5, 0.0, False, False, False, True, np.float64(3.1232961847735994), 0.0, False, 3.968727204155754e-05, 8.0, 1e-12, 4.0)
Waveform Generated. SNR: 200.01597928841576
calculating Fisher matrix...
Finished derivatives
Calculated Fisher is *atleast* positive-definite.
Time taken to compute FM is 3.108332633972168 seconds
    CV CV2#1 it  19 lam=2.9e-10 ov=0.9998601315 chi2=1.119e+01 rel=3.2e-03
Body is not plunging, Fisher should be stable.
waveform shape: (2, 11004874)
Computing SNR for parameters: (np.float64(2067715.8044454416), np.float64(49.99195012652443), np.float64(0.9000238307049728), np.float64(10.307167607652826), 0.0, 1.0, 2.664236642201777, np.float64(0.19937703499287834), np.float64(0.1767139797041496), 0.8, 0.8, np.float64(0.18214646792766181), 0.5, 0.5, 0.0, False, False, False, True, np.float64(3.245418114853791), 0.0, False, 3.968727204155754e-05, 8.0, 1e-12, 4.0)
Waveform Generated. SNR: 200.01570289236844
calculating stable deltas...
Time taken to compute stable deltas is 28.635879516601562 seconds
calculating Fisher matrix...
Finished derivatives
Calculated Fisher is *atleast* positive-definite.
Time taken to compute FM is 2.519876003265381 seconds
    CV CV2#1 it  20 lam=9.6e-11 ov=0.9998605825 chi2=1.115e+01 rel=8.1e-03
Body is not plunging, Fisher should be stable.
waveform shape: (2, 11004874)
Computing SNR for parameters: (np.float64(2067693.5053985314), np.float64(49.992363330962355), np.float64(0.9000222353255112), np.float64(10.30724409491109), 0.0, 1.0, 2.664236642201777, np.float64(0.19936822391303916), np.float64(0.17682666294780022), 0.8, 0.8, np.float64(0.18247688588556404), 0.5, 0.5, 0.0, False, False, False, True, np.float64(3.61184297821132), 0.0, False, 3.968727204155754e-05, 8.0, 1e-12, 4.0)
Waveform Generated. SNR: 200.01425550700387
calculating Fisher matrix...
Finished derivatives
Calculated Fisher is *atleast* positive-definite.
Time taken to compute FM is 3.0968902111053467 seconds
    CV CV2#1 it  21 lam=1.3e-10 ov=0.9998617080 chi2=1.106e+01 rel=3.7e-03
Body is not plunging, Fisher should be stable.
waveform shape: (2, 11004874)
Computing SNR for parameters: (np.float64(2067627.6194866644), np.float64(49.993584336255346), np.float64(0.9000175204618684), np.float64(10.307470092978589), 0.0, 1.0, 2.664236642201777, np.float64(0.19934153324909715), np.float64(0.17716249348757285), 0.8, 0.8, np.float64(0.1834553819075314), 0.5, 0.5, 0.0, False, False, False, True, np.float64(4.694874891604746), 0.0, False, 3.968727204155754e-05, 8.0, 1e-12, 4.0)
Waveform Generated. SNR: 200.00986720895122
calculating Fisher matrix...
Finished derivatives
Calculated Fisher is *atleast* positive-definite.
Time taken to compute FM is 3.106703042984009 seconds
    CV CV2#1 it  22 lam=8.8e-11 ov=0.9998622192 chi2=1.102e+01 rel=3.3e-02
Body is not plunging, Fisher should be stable.
waveform shape: (2, 11004874)
Computing SNR for parameters: (np.float64(2067579.1296144912), np.float64(49.99448281122812), np.float64(0.9000140523184521), np.float64(10.307636433680058), 0.0, 1.0, 2.664236642201777, np.float64(0.19932395088320468), np.float64(0.17741365368826742), 0.8, 0.8, np.float64(0.18417609886853015), 0.5, 0.5, 0.0, False, False, False, True, np.float64(5.49096836551788), 0.0, False, 3.968727204155754e-05, 8.0, 1e-12, 4.0)
Waveform Generated. SNR: 200.0069289279993
calculating Fisher matrix...
Finished derivatives
Calculated Fisher is not positive semi-definite. Try lowering inspiral error tolerance or increasing the derivative order.
Time taken to compute FM is 3.1120858192443848 seconds
    CV CV2#1 it  23 lam=1.2e-10 ov=0.9998667586 chi2=1.066e+01 rel=4.9e-03
Body is not plunging, Fisher should be stable.
waveform shape: (2, 11004874)
Computing SNR for parameters: (np.float64(2067509.2158050365), np.float64(49.995778201033296), np.float64(0.9000090523676914), np.float64(10.307876271118348), 0.0, 1.0, 2.664236642201777, np.float64(0.1992985735832383), np.float64(0.1777654790934449), 0.8, 0.8, np.float64(0.18520959047321586), 0.5, 0.5, 0.0, False, False, False, True, np.float64(6.638494898458665), 0.0, False, 3.968727204155754e-05, 8.0, 1e-12, 4.0)
Waveform Generated. SNR: 200.00273154966663
calculating Fisher matrix...
Finished derivatives
Calculated Fisher is *atleast* positive-definite.
Time taken to compute FM is 3.090219497680664 seconds
    CV CV2#1 it  24 lam=8.6e-11 ov=0.9998674146 chi2=1.061e+01 rel=3.9e-02
Body is not plunging, Fisher should be stable.
waveform shape: (2, 11004874)
Computing SNR for parameters: (np.float64(2067457.7211369646), np.float64(49.99673236682908), np.float64(0.9000053696096338), np.float64(10.308052936380962), 0.0, 1.0, 2.664236642201777, np.float64(0.19928041823920611), np.float64(0.17803002401382692), 0.8, 0.8, np.float64(0.1859732707950925), 0.5, 0.5, 0.0, False, False, False, True, np.float64(7.483492880261892), 0.0, False, 3.968727204155754e-05, 8.0, 1e-12, 4.0)
Waveform Generated. SNR: 199.99969268077277
calculating Fisher matrix...
Finished derivatives
Calculated Fisher is not positive semi-definite. Try lowering inspiral error tolerance or increasing the derivative order.
Time taken to compute FM is 3.0962069034576416 seconds
    CV CV2#1 it  25 lam=1.1e-10 ov=0.9998725895 chi2=1.019e+01 rel=6.1e-03
Body is not plunging, Fisher should be stable.
waveform shape: (2, 11004874)
Computing SNR for parameters: (np.float64(2067387.7468497695), np.float64(49.99802894290635), np.float64(0.9000003653449571), np.float64(10.308293004806961), 0.0, 1.0, 2.664236642201777, np.float64(0.1992554581698925), np.float64(0.1783818039671327), 0.8, 0.8, np.float64(0.1870067342794861), 0.5, 0.5, 0.0, False, False, False, True, np.float64(8.631593161416973), 0.0, False, 3.968727204155754e-05, 8.0, 1e-12, 4.0)
Waveform Generated. SNR: 199.99555208520036
calculating Fisher matrix...
Finished derivatives
Calculated Fisher is not positive semi-definite. Try lowering inspiral error tolerance or increasing the derivative order.
Time taken to compute FM is 3.1262307167053223 seconds
    CV CV2#1 it  26 lam=8.8e-11 ov=0.9998733675 chi2=1.013e+01 rel=4.0e-02
Body is not plunging, Fisher should be stable.
waveform shape: (2, 11004874)
Computing SNR for parameters: (np.float64(2067333.7965481447), np.float64(49.999028703670255), np.float64(0.8999965065457665), np.float64(10.308478112408777), 0.0, 1.0, 2.664236642201777, np.float64(0.1992364354875437), np.float64(0.17865842863381087), 0.8, 0.8, np.float64(0.18780638588303392), 0.5, 0.5, 0.0, False, False, False, True, np.float64(9.516748983174015), 0.0, False, 3.968727204155754e-05, 8.0, 1e-12, 4.0)
Waveform Generated. SNR: 199.99236452178747
calculating Fisher matrix...
Finished derivatives
Calculated Fisher is *atleast* positive-definite.
Time taken to compute FM is 3.1199326515197754 seconds
    CV CV2#1 it  27 lam=9.1e-11 ov=0.9998783751 chi2=9.730e+00 rel=1.2e-02
Body is not plunging, Fisher should be stable.
waveform shape: (2, 11004874)
Computing SNR for parameters: (np.float64(2067267.590075124), np.float64(50.00025554931796), np.float64(0.8999917715603106), np.float64(10.308705277138415), 0.0, 1.0, 2.664236642201777, np.float64(0.19921316644380033), np.float64(0.1789914919174705), 0.8, 0.8, np.float64(0.1887838855472624), 0.5, 0.5, 0.0, False, False, False, True, np.float64(10.602701026112317), 0.0, False, 3.968727204155754e-05, 8.0, 1e-12, 4.0)
Waveform Generated. SNR: 199.98849073605976
calculating Fisher matrix...
Finished derivatives
Calculated Fisher is *atleast* positive-definite.
Time taken to compute FM is 3.1101129055023193 seconds
    CV CV2#1 it  28 lam=9.1e-11 ov=0.9998798382 chi2=9.613e+00 rel=2.9e-02
Body is not plunging, Fisher should be stable.
waveform shape: (2, 11004874)
Computing SNR for parameters: (np.float64(2067204.9564178633), np.float64(50.00141637225529), np.float64(0.8999872907437395), np.float64(10.308920197028323), 0.0, 1.0, 2.664236642201777, np.float64(0.19919062310895455), np.float64(0.17931143470150795), 0.8, 0.8, np.float64(0.18971175636446597), 0.5, 0.5, 0.0, False, False, False, True, np.float64(11.630373174174737), 0.0, False, 3.968727204155754e-05, 8.0, 1e-12, 4.0)
Waveform Generated. SNR: 199.98471935897115
calculating Fisher matrix...
Finished derivatives
Calculated Fisher is *atleast* positive-definite.
Time taken to compute FM is 3.1121017932891846 seconds
    CV CV2#1 it  29 lam=9.1e-11 ov=0.9998833519 chi2=9.331e+00 rel=2.5e-02
Body is not plunging, Fisher should be stable.
waveform shape: (2, 11004874)
Computing SNR for parameters: (np.float64(2067142.9051827402), np.float64(50.00256633673881), np.float64(0.8999828524621096), np.float64(10.30913312807776), 0.0, 1.0, 2.664236642201777, np.float64(0.19916902676723017), np.float64(0.17962555443930417), 0.8, 0.8, np.float64(0.19062861259521996), 0.5, 0.5, 0.0, False, False, False, True, np.float64(12.64795437401307), 0.0, False, 3.968727204155754e-05, 8.0, 1e-12, 4.0)
Waveform Generated. SNR: 199.9811041790749
calculating stable deltas...
Time taken to compute stable deltas is 28.625474452972412 seconds
calculating Fisher matrix...
Finished derivatives
Calculated Fisher is not positive semi-definite. Try lowering inspiral error tolerance or increasing the derivative order.
Time taken to compute FM is 2.509972095489502 seconds
    CV CV2#1 it  30 lam=9.0e-11 ov=0.9998862846 chi2=9.097e+00 rel=2.5e-02
Body is not plunging, Fisher should be stable.
waveform shape: (2, 11004874)
Computing SNR for parameters: (np.float64(2067081.7455231503), np.float64(50.00369985551462), np.float64(0.8999784774911609), np.float64(10.30934301013173), 0.0, 1.0, 2.664236642201777, np.float64(0.19914759497528123), np.float64(0.179935835535641), 0.8, 0.8, np.float64(0.19153259738720554), 0.5, 0.5, 0.0, False, False, False, True, np.float64(13.65092078169665), 0.0, False, 3.968727204155754e-05, 8.0, 1e-12, 4.0)
Waveform Generated. SNR: 199.97751239301076
calculating Fisher matrix...
Finished derivatives
Calculated Fisher is *atleast* positive-definite.
Time taken to compute FM is 3.118647813796997 seconds
    CV CV2#1 it  31 lam=9.0e-11 ov=0.9998891742 chi2=8.866e+00 rel=2.5e-02
Body is not plunging, Fisher should be stable.
waveform shape: (2, 11004874)
Computing SNR for parameters: (np.float64(2067021.4038297406), np.float64(50.004818265119724), np.float64(0.8999741608196605), np.float64(10.309550095214298), 0.0, 1.0, 2.664236642201777, np.float64(0.1991264898108072), np.float64(0.18024196045710847), 0.8, 0.8, np.float64(0.19242440989101695), 0.5, 0.5, 0.0, False, False, False, True, np.float64(14.64038504565641), 0.0, False, 3.968727204155754e-05, 8.0, 1e-12, 4.0)
Waveform Generated. SNR: 199.97397127627087
calculating Fisher matrix...
Finished derivatives
Calculated Fisher is *atleast* positive-definite.
Time taken to compute FM is 3.107579231262207 seconds
    CV CV2#1 it  32 lam=9.0e-11 ov=0.9998919673 chi2=8.642e+00 rel=2.5e-02
Body is not plunging, Fisher should be stable.
waveform shape: (2, 11004874)
Computing SNR for parameters: (np.float64(2066961.8356652586), np.float64(50.00592239200321), np.float64(0.8999698992311886), np.float64(10.309754535455436), 0.0, 1.0, 2.664236642201777, np.float64(0.19910565909205075), np.float64(0.18054422352875063), 0.8, 0.8, np.float64(0.1933047707808576), 0.5, 0.5, 0.0, False, False, False, True, np.float64(15.617097967426421), 0.0, False, 3.968727204155754e-05, 8.0, 1e-12, 4.0)
Waveform Generated. SNR: 199.97047271030084
calculating Fisher matrix...
Finished derivatives
Calculated Fisher is not positive semi-definite. Try lowering inspiral error tolerance or increasing the derivative order.
Time taken to compute FM is 3.095632791519165 seconds
    CV CV2#1 it  33 lam=8.9e-11 ov=0.9998946731 chi2=8.426e+00 rel=2.5e-02
Body is not plunging, Fisher should be stable.
waveform shape: (2, 11004874)
Computing SNR for parameters: (np.float64(2066902.9950467497), np.float64(50.007013085163074), np.float64(0.8999656894583202), np.float64(10.309956488297281), 0.0, 1.0, 2.664236642201777, np.float64(0.19908508820605947), np.float64(0.1808428565711845), 0.8, 0.8, np.float64(0.19417434322919652), 0.5, 0.5, 0.0, False, False, False, True, np.float64(16.58181103937195), 0.0, False, 3.968727204155754e-05, 8.0, 1e-12, 4.0)
Waveform Generated. SNR: 199.96701408585582
calculating Fisher matrix...
Finished derivatives
Calculated Fisher is not positive semi-definite. Try lowering inspiral error tolerance or increasing the derivative order.
Time taken to compute FM is 3.1371188163757324 seconds
    CV CV2#1 it  34 lam=8.9e-11 ov=0.9998972958 chi2=8.216e+00 rel=2.5e-02
Body is not plunging, Fisher should be stable.
waveform shape: (2, 11004874)
Computing SNR for parameters: (np.float64(2066844.837903816), np.float64(50.00809115975555), np.float64(0.8999615283527077), np.float64(10.310156104657011), 0.0, 1.0, 2.664236642201777, np.float64(0.19906476156205963), np.float64(0.18113809864513883), 0.8, 0.8, np.float64(0.1950337675223913), 0.5, 0.5, 0.0, False, False, False, True, np.float64(17.535249997383286), 0.0, False, 3.968727204155754e-05, 8.0, 1e-12, 4.0)
Waveform Generated. SNR: 199.96359304642303
calculating Fisher matrix...
Finished derivatives
Calculated Fisher is not positive semi-definite. Try lowering inspiral error tolerance or increasing the derivative order.
Time taken to compute FM is 3.1214022636413574 seconds
    CV CV2#1 it  35 lam=8.8e-11 ov=0.9998998397 chi2=8.013e+00 rel=2.5e-02
Body is not plunging, Fisher should be stable.
waveform shape: (2, 11004874)
Computing SNR for parameters: (np.float64(2066787.3233031726), np.float64(50.00915736953363), np.float64(0.8999574130239167), np.float64(10.310353524703112), 0.0, 1.0, 2.664236642201777, np.float64(0.19904468158355187), np.float64(0.18143016471164689), 0.8, 0.8, np.float64(0.1958835932474827), 0.5, 0.5, 0.0, False, False, False, True, np.float64(18.478075500525655), 0.0, False, 3.968727204155754e-05, 8.0, 1e-12, 4.0)
Waveform Generated. SNR: 199.96020976040057
calculating Fisher matrix...
Finished derivatives
Calculated Fisher is *atleast* positive-definite.
Time taken to compute FM is 3.1212501525878906 seconds
    CV CV2#1 it  36 lam=8.8e-11 ov=0.9999023090 chi2=7.815e+00 rel=2.5e-02
Body is not plunging, Fisher should be stable.
waveform shape: (2, 11004874)
Computing SNR for parameters: (np.float64(2066730.4119033427), np.float64(50.010212446358906), np.float64(0.8999533406304353), np.float64(10.310548883198349), 0.0, 1.0, 2.664236642201777, np.float64(0.1990248170983833), np.float64(0.18171918868934736), 0.8, 0.8, np.float64(0.19672448946379745), 0.5, 0.5, 0.0, False, False, False, True, np.float64(19.410950015205323), 0.0, False, 3.968727204155754e-05, 8.0, 1e-12, 4.0)
Waveform Generated. SNR: 199.9568594790542
calculating Fisher matrix...
Finished derivatives
Calculated Fisher is *atleast* positive-definite.
Time taken to compute FM is 3.1151089668273926 seconds
    CV CV2#1 it  37 lam=8.7e-11 ov=0.9999047072 chi2=7.624e+00 rel=2.4e-02
Body is not plunging, Fisher should be stable.
waveform shape: (2, 11004874)
Computing SNR for parameters: (np.float64(2066674.0684367286), np.float64(50.01125703966476), np.float64(0.8999493086772533), np.float64(10.310742300919646), 0.0, 1.0, 2.664236642201777, np.float64(0.19900516855561518), np.float64(0.18200542636212516), 0.8, 0.8, np.float64(0.19755691712740636), 0.5, 0.5, 0.0, False, False, False, True, np.float64(20.33444303422969), 0.0, False, 3.968727204155754e-05, 8.0, 1e-12, 4.0)
Waveform Generated. SNR: 199.95354187506385
calculating Fisher matrix...
Finished derivatives
Calculated Fisher is not positive semi-definite. Try lowering inspiral error tolerance or increasing the derivative order.
Time taken to compute FM is 3.1043334007263184 seconds
    CV CV2#1 it  38 lam=8.6e-11 ov=0.9999070382 chi2=7.437e+00 rel=2.4e-02
Body is not plunging, Fisher should be stable.
waveform shape: (2, 11004874)
Computing SNR for parameters: (np.float64(2066618.2617125078), np.float64(50.01229172576313), np.float64(0.8999453149451976), np.float64(10.310933884682017), 0.0, 1.0, 2.664236642201777, np.float64(0.19898572255090327), np.float64(0.1822889914915381), 0.8, 0.8, np.float64(0.19838131882266424), 0.5, 0.5, 0.0, False, False, False, True, np.float64(21.249065347310644), 0.0, False, 3.968727204155754e-05, 8.0, 1e-12, 4.0)
Waveform Generated. SNR: 199.9502551600336
calculating Fisher matrix...
Finished derivatives
Calculated Fisher is not positive semi-definite. Try lowering inspiral error tolerance or increasing the derivative order.
Time taken to compute FM is 3.1215598583221436 seconds
    CV CV2#1 it  39 lam=8.6e-11 ov=0.9999093048 chi2=7.256e+00 rel=2.4e-02
Body is not plunging, Fisher should be stable.
waveform shape: (2, 11004874)
Computing SNR for parameters: (np.float64(2066562.9632198007), np.float64(50.0133170354082), np.float64(0.8999413573702688), np.float64(10.311123732138016), 0.0, 1.0, 2.664236642201777, np.float64(0.1989664621041933), np.float64(0.18257002915543835), 0.8, 0.8, np.float64(0.19919820496029683), 0.5, 0.5, 0.0, False, False, False, True, np.float64(22.155298900238627), 0.0, False, 3.968727204155754e-05, 8.0, 1e-12, 4.0)
Waveform Generated. SNR: 199.94699669583795
calculating stable deltas...
Time taken to compute stable deltas is 28.58709192276001 seconds
calculating Fisher matrix...
Finished derivatives
Calculated Fisher is not positive semi-definite. Try lowering inspiral error tolerance or increasing the derivative order.
Time taken to compute FM is 2.5144331455230713 seconds
    CV CV2#1 it  40 lam=8.5e-11 ov=0.9999115101 chi2=7.080e+00 rel=2.4e-02
Body is not plunging, Fisher should be stable.
waveform shape: (2, 11004874)
Computing SNR for parameters: (np.float64(2066508.148468377), np.float64(50.0143334195216), np.float64(0.8999374342192471), np.float64(10.311311927132014), 0.0, 1.0, 2.664236642201777, np.float64(0.19894737965324974), np.float64(0.1828486983642969), 0.8, 0.8, np.float64(0.20000787847874932), 0.5, 0.5, 0.0, False, False, False, True, np.float64(23.053539742256568), 0.0, False, 3.968727204155754e-05, 8.0, 1e-12, 4.0)
Waveform Generated. SNR: 199.94376487272436
calculating Fisher matrix...
Finished derivatives
Calculated Fisher is not positive semi-definite. Try lowering inspiral error tolerance or increasing the derivative order.
Time taken to compute FM is 3.101248264312744 seconds
    CV CV2#1 it  41 lam=8.4e-11 ov=0.9999136566 chi2=6.909e+00 rel=2.4e-02
Body is not plunging, Fisher should be stable.
waveform shape: (2, 11004874)
Computing SNR for parameters: (np.float64(2066453.7971182144), np.float64(50.01534125432616), np.float64(0.8999335440454301), np.float64(10.311498539287015), 0.0, 1.0, 2.664236642201777, np.float64(0.19892847258962054), np.float64(0.18312502038771272), 0.8, 0.8, np.float64(0.20081066666652672), 0.5, 0.5, 0.0, False, False, False, True, np.float64(23.944122911697153), 0.0, False, 3.968727204155754e-05, 8.0, 1e-12, 4.0)
Waveform Generated. SNR: 199.9405595422026
calculating Fisher matrix...
Finished derivatives
Calculated Fisher is *atleast* positive-definite.
Time taken to compute FM is 3.1180472373962402 seconds
    CV CV2#1 it  42 lam=8.3e-11 ov=0.9999157467 chi2=6.742e+00 rel=2.4e-02
Body is not plunging, Fisher should be stable.
waveform shape: (2, 11004874)
Computing SNR for parameters: (np.float64(2066399.8905356552), np.float64(50.01634088218854), np.float64(0.8999296855347423), np.float64(10.311683632368894), 0.0, 1.0, 2.664236642201777, np.float64(0.19890974391489755), np.float64(0.18339914415015263), 0.8, 0.8, np.float64(0.20160679957068223), 0.5, 0.5, 0.0, False, False, False, True, np.float64(24.82734781338033), 0.0, False, 3.968727204155754e-05, 8.0, 1e-12, 4.0)
Waveform Generated. SNR: 199.93738120996773
calculating Fisher matrix...
Finished derivatives
Calculated Fisher is *atleast* positive-definite.
Time taken to compute FM is 3.118041515350342 seconds
    CV CV2#1 it  43 lam=8.3e-11 ov=0.9999177821 chi2=6.579e+00 rel=2.4e-02
Body is not plunging, Fisher should be stable.
waveform shape: (2, 11004874)
Computing SNR for parameters: (np.float64(2066346.4146896494), np.float64(50.017332565810804), np.float64(0.8999258576551771), np.float64(10.311867254374116), 0.0, 1.0, 2.664236642201777, np.float64(0.19889116352951638), np.float64(0.1836711547168783), 0.8, 0.8, np.float64(0.20239653739540753), 0.5, 0.5, 0.0, False, False, False, True, np.float64(25.703459459262152), 0.0, False, 3.968727204155754e-05, 8.0, 1e-12, 4.0)
Waveform Generated. SNR: 199.93422520257147
calculating Fisher matrix...
Finished derivatives
Calculated Fisher is *atleast* positive-definite.
Time taken to compute FM is 3.114210367202759 seconds
    CV CV2#1 it  44 lam=8.2e-11 ov=0.9999197649 chi2=6.421e+00 rel=2.4e-02
Body is not plunging, Fisher should be stable.
waveform shape: (2, 11004874)
Computing SNR for parameters: (np.float64(2066293.3568155856), np.float64(50.018316540405095), np.float64(0.8999220595065964), np.float64(10.312049448946553), 0.0, 1.0, 2.664236642201777, np.float64(0.198872738604401), np.float64(0.18394104076179982), 0.8, 0.8, np.float64(0.203180092966626), 0.5, 0.5, 0.0, False, False, False, True, np.float64(26.57266587816129), 0.0, False, 3.968727204155754e-05, 8.0, 1e-12, 4.0)
Waveform Generated. SNR: 199.9310925710723
calculating Fisher matrix...
Finished derivatives
Calculated Fisher is not positive semi-definite. Try lowering inspiral error tolerance or increasing the derivative order.
Time taken to compute FM is 3.1112542152404785 seconds
    CV CV2#1 it  45 lam=8.1e-11 ov=0.9999216969 chi2=6.267e+00 rel=2.4e-02
Body is not plunging, Fisher should be stable.
waveform shape: (2, 11004874)
Computing SNR for parameters: (np.float64(2066240.705326241), np.float64(50.01929301792256), np.float64(0.899918290273305), np.float64(10.312230255685959), 0.0, 1.0, 2.664236642201777, np.float64(0.19885447119772084), np.float64(0.18420896735648623), 0.8, 0.8, np.float64(0.20395756214108504), 0.5, 0.5, 0.0, False, False, False, True, np.float64(27.435151680636185), 0.0, False, 3.968727204155754e-05, 8.0, 1e-12, 4.0)
Waveform Generated. SNR: 199.9279834126795
calculating Fisher matrix...
Finished derivatives
Calculated Fisher is not positive semi-definite. Try lowering inspiral error tolerance or increasing the derivative order.
Time taken to compute FM is 3.115086555480957 seconds
    CV CV2#1 it  46 lam=8.0e-11 ov=0.9999235790 chi2=6.117e+00 rel=2.4e-02
Body is not plunging, Fisher should be stable.
waveform shape: (2, 11004874)
Computing SNR for parameters: (np.float64(2066188.4530151368), np.float64(50.020262131580864), np.float64(0.8999145494460745), np.float64(10.312409699169093), 0.0, 1.0, 2.664236642201777, np.float64(0.19883635741969238), np.float64(0.18447489345209056), 0.8, 0.8, np.float64(0.20472908848118687), 0.5, 0.5, 0.0, False, False, False, True, np.float64(28.29103736478365), 0.0, False, 3.968727204155754e-05, 8.0, 1e-12, 4.0)
Waveform Generated. SNR: 199.9248976317908
calculating Fisher matrix...
Finished derivatives
Calculated Fisher is not positive semi-definite. Try lowering inspiral error tolerance or increasing the derivative order.
Time taken to compute FM is 3.1119418144226074 seconds
    CV CV2#1 it  47 lam=7.9e-11 ov=0.9999254131 chi2=5.970e+00 rel=2.4e-02
Body is not plunging, Fisher should be stable.
waveform shape: (2, 11004874)
Computing SNR for parameters: (np.float64(2066136.5940287332), np.float64(50.021223988725446), np.float64(0.8999108366147082), np.float64(10.312587799327131), 0.0, 1.0, 2.664236642201777, np.float64(0.19881839792036562), np.float64(0.18473881802117195), 0.8, 0.8, np.float64(0.20549476257080726), 0.5, 0.5, 0.0, False, False, False, True, np.float64(29.140418694466078), 0.0, False, 3.968727204155754e-05, 8.0, 1e-12, 4.0)
Waveform Generated. SNR: 199.92183498735446
calculating Fisher matrix...
Finished derivatives
Calculated Fisher is not positive semi-definite. Try lowering inspiral error tolerance or increasing the derivative order.
Time taken to compute FM is 3.1210246086120605 seconds
    CV CV2#1 it  48 lam=7.8e-11 ov=0.9999272000 chi2=5.828e+00 rel=2.4e-02
Body is not plunging, Fisher should be stable.
waveform shape: (2, 11004874)
Computing SNR for parameters: (np.float64(2066085.122417949), np.float64(50.0221786995522), np.float64(0.8999071513419322), np.float64(10.312764576425778), 0.0, 1.0, 2.664236642201777, np.float64(0.19880058051792693), np.float64(0.18500087669109913), 0.8, 0.8, np.float64(0.206254658075682), 0.5, 0.5, 0.0, False, False, False, True, np.float64(29.9833981941945), 0.0, False, 3.968727204155754e-05, 8.0, 1e-12, 4.0)
Waveform Generated. SNR: 199.9187937981191
calculating Fisher matrix...
Finished derivatives
Calculated Fisher is not positive semi-definite. Try lowering inspiral error tolerance or increasing the derivative order.
Time taken to compute FM is 3.104034662246704 seconds
    CV CV2#1 it  49 lam=7.7e-11 ov=0.9999289409 chi2=5.689e+00 rel=2.4e-02
Body is not plunging, Fisher should be stable.
waveform shape: (2, 11004874)
Computing SNR for parameters: (np.float64(2066034.033323204), np.float64(50.02312635377681), np.float64(0.8999034932874918), np.float64(10.312940046995632), 0.0, 1.0, 2.664236642201777, np.float64(0.198782910009404), np.float64(0.18526100025954725), 0.8, 0.8, np.float64(0.20700888816226895), 0.5, 0.5, 0.0, False, False, False, True, np.float64(30.820057515362826), 0.0, False, 3.968727204155754e-05, 8.0, 1e-12, 4.0)
Waveform Generated. SNR: 199.91577469784693
calculating stable deltas...
Time taken to compute stable deltas is 28.567665100097656 seconds
calculating Fisher matrix...
Finished derivatives
Calculated Fisher is *atleast* positive-definite.
Time taken to compute FM is 2.5249226093292236 seconds
    CV CV2#1 it  50 lam=7.6e-11 ov=0.9999306368 chi2=5.554e+00 rel=2.4e-02
Body is not plunging, Fisher should be stable.
waveform shape: (2, 11004874)
Computing SNR for parameters: (np.float64(2065983.3243877175), np.float64(50.024066993710335), np.float64(0.8998998622874819), np.float64(10.3131142189678), 0.0, 1.0, 2.664236642201777, np.float64(0.19876537930007324), np.float64(0.18551924055841593), 0.8, 0.8, np.float64(0.2077574464826866), 0.5, 0.5, 0.0, False, False, False, True, np.float64(31.65043485522964), 0.0, False, 3.968727204155754e-05, 8.0, 1e-12, 4.0)
Waveform Generated. SNR: 199.912776987225
calculating Fisher matrix...
Finished derivatives
Calculated Fisher is not positive semi-definite. Try lowering inspiral error tolerance or increasing the derivative order.
Time taken to compute FM is 3.1306185722351074 seconds
    CV CV2#1 it  51 lam=7.6e-11 ov=0.9999322884 chi2=5.422e+00 rel=2.4e-02
Body is not plunging, Fisher should be stable.
waveform shape: (2, 11004874)
Computing SNR for parameters: (np.float64(2065932.9936592618), np.float64(50.02500065366096), np.float64(0.8998962582162335), np.float64(10.313287098886493), 0.0, 1.0, 2.664236642201777, np.float64(0.1987480005770464), np.float64(0.18577559860040121), 0.8, 0.8, np.float64(0.2085003662924043), 0.5, 0.5, 0.0, False, False, False, True, np.float64(32.4745592083593), 0.0, False, 3.968727204155754e-05, 8.0, 1e-12, 4.0)
Waveform Generated. SNR: 199.90980180863767
calculating Fisher matrix...
Finished derivatives
Calculated Fisher is *atleast* positive-definite.
Time taken to compute FM is 3.132390260696411 seconds
    CV CV2#1 it  52 lam=7.5e-11 ov=0.9999338969 chi2=5.294e+00 rel=2.4e-02
Body is not plunging, Fisher should be stable.
waveform shape: (2, 11004874)
Computing SNR for parameters: (np.float64(2065883.0394710973), np.float64(50.02592736667615), np.float64(0.8998926809321576), np.float64(10.313458692331203), 0.0, 1.0, 2.664236642201777, np.float64(0.19873075252821995), np.float64(0.18603007652909467), 0.8, 0.8, np.float64(0.2092377129328376), 0.5, 0.5, 0.0, False, False, False, True, np.float64(33.29247033409706), 0.0, False, 3.968727204155754e-05, 8.0, 1e-12, 4.0)
Waveform Generated. SNR: 199.9068470333082
calculating Fisher matrix...
Finished derivatives
Calculated Fisher is not positive semi-definite. Try lowering inspiral error tolerance or increasing the derivative order.
Time taken to compute FM is 3.1089353561401367 seconds
    CV CV2#1 it  53 lam=7.4e-11 ov=0.9999354629 chi2=5.169e+00 rel=2.3e-02
Body is not plunging, Fisher should be stable.
waveform shape: (2, 11004874)
Computing SNR for parameters: (np.float64(2065833.4615320738), np.float64(50.02684713406837), np.float64(0.8998891304474311), np.float64(10.313629000135462), 0.0, 1.0, 2.664236642201777, np.float64(0.19871365423096596), np.float64(0.18628267785346778), 0.8, 0.8, np.float64(0.2099694456614153), 0.5, 0.5, 0.0, False, False, False, True, np.float64(34.10416170455313), 0.0, False, 3.968727204155754e-05, 8.0, 1e-12, 4.0)
Waveform Generated. SNR: 199.90391475306853
calculating Fisher matrix...
Finished derivatives
Calculated Fisher is *atleast* positive-definite.
Time taken to compute FM is 3.1247470378875732 seconds
    CV CV2#1 it  54 lam=7.3e-11 ov=0.9999369872 chi2=5.048e+00 rel=2.3e-02
Body is not plunging, Fisher should be stable.
waveform shape: (2, 11004874)
Computing SNR for parameters: (np.float64(2065784.2593955644), np.float64(50.0277599647011), np.float64(0.8998856067213358), np.float64(10.313798023685154), 0.0, 1.0, 2.664236642201777, np.float64(0.1986966969249908), np.float64(0.18653339673102096), 0.8, 0.8, np.float64(0.21069558698968222), 0.5, 0.5, 0.0, False, False, False, True, np.float64(34.90964713490258), 0.0, False, 3.968727204155754e-05, 8.0, 1e-12, 4.0)
Waveform Generated. SNR: 199.9010040838304
calculating Fisher matrix...
Finished derivatives
Calculated Fisher is *atleast* positive-definite.
Time taken to compute FM is 3.1120777130126953 seconds
    CV CV2#1 it  55 lam=7.2e-11 ov=0.9999384705 chi2=4.930e+00 rel=2.3e-02
Body is not plunging, Fisher should be stable.
waveform shape: (2, 11004874)
Computing SNR for parameters: (np.float64(2065735.4335192558), np.float64(50.02866584749109), np.float64(0.8998821098034052), np.float64(10.313965761249026), 0.0, 1.0, 2.664236642201777, np.float64(0.19867989322827434), np.float64(0.18678226850458077), 0.8, 0.8, np.float64(0.21141610818599213), 0.5, 0.5, 0.0, False, False, False, True, np.float64(35.708913799161074), 0.0, False, 3.968727204155754e-05, 8.0, 1e-12, 4.0)
Waveform Generated. SNR: 199.89811670209718
calculating Fisher matrix...
Finished derivatives
Calculated Fisher is not positive semi-definite. Try lowering inspiral error tolerance or increasing the derivative order.
Time taken to compute FM is 3.1221444606781006 seconds
    CV CV2#1 it  56 lam=7.1e-11 ov=0.9999399135 chi2=4.815e+00 rel=2.3e-02
Body is not plunging, Fisher should be stable.
waveform shape: (2, 11004874)
Computing SNR for parameters: (np.float64(2065686.9846555342), np.float64(50.029564772194476), np.float64(0.8998786397138624), np.float64(10.31413221010775), 0.0, 1.0, 2.664236642201777, np.float64(0.19866321239657378), np.float64(0.18702924621162367), 0.8, 0.8, np.float64(0.21213106488849612), 0.5, 0.5, 0.0, False, False, False, True, np.float64(36.50196748656094), 0.0, False, 3.968727204155754e-05, 8.0, 1e-12, 4.0)
Waveform Generated. SNR: 199.89524840631887
calculating Fisher matrix...
Finished derivatives
Calculated Fisher is not positive semi-definite. Try lowering inspiral error tolerance or increasing the derivative order.
Time taken to compute FM is 3.1125407218933105 seconds
    CV CV2#1 it  57 lam=7.0e-11 ov=0.9999413169 chi2=4.703e+00 rel=2.3e-02
Body is not plunging, Fisher should be stable.
waveform shape: (2, 11004874)
Computing SNR for parameters: (np.float64(2065638.9128930334), np.float64(50.030456733346874), np.float64(0.8998751964897548), np.float64(10.31429736979612), 0.0, 1.0, 2.664236642201777, np.float64(0.1986466795995299), np.float64(0.18727432465516367), 0.8, 0.8, np.float64(0.21284042829240654), 0.5, 0.5, 0.0, False, False, False, True, np.float64(37.288796298527096), 0.0, False, 3.968727204155754e-05, 8.0, 1e-12, 4.0)
Waveform Generated. SNR: 199.89240288307002
calculating Fisher matrix...
Finished derivatives
Calculated Fisher is not positive semi-definite. Try lowering inspiral error tolerance or increasing the derivative order.
Time taken to compute FM is 3.142704963684082 seconds
    CV CV2#1 it  58 lam=6.9e-11 ov=0.9999426813 chi2=4.595e+00 rel=2.3e-02
Body is not plunging, Fisher should be stable.
waveform shape: (2, 11004874)
Computing SNR for parameters: (np.float64(2065591.2200235312), np.float64(50.03134169801745), np.float64(0.8998717802519373), np.float64(10.314461234011686), 0.0, 1.0, 2.664236642201777, np.float64(0.1986302812606216), np.float64(0.1875175151191537), 0.8, 0.8, np.float64(0.21354416829799194), 0.5, 0.5, 0.0, False, False, False, True, np.float64(38.06937649161902), 0.0, False, 3.968727204155754e-05, 8.0, 1e-12, 4.0)
Waveform Generated. SNR: 199.8895779444123
calculating Fisher matrix...
Finished derivatives
Calculated Fisher is not positive semi-definite. Try lowering inspiral error tolerance or increasing the derivative order.
Time taken to compute FM is 3.121542453765869 seconds
    CV CV2#1 it  59 lam=6.8e-11 ov=0.9999440075 chi2=4.489e+00 rel=2.3e-02
Body is not plunging, Fisher should be stable.
waveform shape: (2, 11004874)
Computing SNR for parameters: (np.float64(2065543.9075891222), np.float64(50.03221963221494), np.float64(0.8998683911556199), np.float64(10.314623797290185), 0.0, 1.0, 2.664236642201777, np.float64(0.19861404802735877), np.float64(0.1877588057964402), 0.8, 0.8, np.float64(0.21424219498818892), 0.5, 0.5, 0.0, False, False, False, True, np.float64(38.843666452510845), 0.0, False, 3.968727204155754e-05, 8.0, 1e-12, 4.0)
Waveform Generated. SNR: 199.88677883943706
calculating stable deltas...
Time taken to compute stable deltas is 28.669727087020874 seconds
calculating Fisher matrix...
Finished derivatives
Calculated Fisher is not positive semi-definite. Try lowering inspiral error tolerance or increasing the derivative order.
Time taken to compute FM is 2.534428119659424 seconds
    CV CV2#1 it  60 lam=6.7e-11 ov=0.9999452959 chi2=4.387e+00 rel=2.3e-02
Body is not plunging, Fisher should be stable.
waveform shape: (2, 11004874)
Computing SNR for parameters: (np.float64(2065496.9770382077), np.float64(50.03309051605089), np.float64(0.8998650292394713), np.float64(10.314785054535996), 0.0, 1.0, 2.664236642201777, np.float64(0.1985979356653762), np.float64(0.18799816241331643), 0.8, 0.8, np.float64(0.21493462486621323), 0.5, 0.5, 0.0, False, False, False, True, np.float64(39.61167315713568), 0.0, False, 3.968727204155754e-05, 8.0, 1e-12, 4.0)
Waveform Generated. SNR: 199.88399820677682
calculating Fisher matrix...
Finished derivatives
Calculated Fisher is not positive semi-definite. Try lowering inspiral error tolerance or increasing the derivative order.
Time taken to compute FM is 3.1097054481506348 seconds
    CV CV2#1 it  61 lam=6.6e-11 ov=0.9999465473 chi2=4.287e+00 rel=2.3e-02
Body is not plunging, Fisher should be stable.
waveform shape: (2, 11004874)
Computing SNR for parameters: (np.float64(2065450.430347721), np.float64(50.033954306075934), np.float64(0.8998616946976185), np.float64(10.314944998784494), 0.0, 1.0, 2.664236642201777, np.float64(0.19858197366051314), np.float64(0.18823564861792866), 0.8, 0.8, np.float64(0.2156213102669843), 0.5, 0.5, 0.0, False, False, False, True, np.float64(40.37334314557817), 0.0, False, 3.968727204155754e-05, 8.0, 1e-12, 4.0)
Waveform Generated. SNR: 199.88124104648617
calculating Fisher matrix...
Finished derivatives
Calculated Fisher is not positive semi-definite. Try lowering inspiral error tolerance or increasing the derivative order.
Time taken to compute FM is 3.1329991817474365 seconds
    CV CV2#1 it  62 lam=6.6e-11 ov=0.9999477622 chi2=4.191e+00 rel=2.2e-02
Body is not plunging, Fisher should be stable.
waveform shape: (2, 11004874)
Computing SNR for parameters: (np.float64(2065404.2693209772), np.float64(50.034810970003235), np.float64(0.8998583876524182), np.float64(10.315103623700654), 0.0, 1.0, 2.664236642201777, np.float64(0.19856615837818353), np.float64(0.18847115286737354), 0.8, 0.8, np.float64(0.21630227866175783), 0.5, 0.5, 0.0, False, False, False, True, np.float64(41.128654703323086), 0.0, False, 3.968727204155754e-05, 8.0, 1e-12, 4.0)
Waveform Generated. SNR: 199.8785069887968
calculating Fisher matrix...
Finished derivatives
Calculated Fisher is *atleast* positive-definite.
Time taken to compute FM is 3.120957612991333 seconds
    CV CV2#1 it  63 lam=6.5e-11 ov=0.9999489413 chi2=4.097e+00 rel=2.2e-02
Body is not plunging, Fisher should be stable.
waveform shape: (2, 11004874)
Computing SNR for parameters: (np.float64(2065358.495665702), np.float64(50.03566047597121), np.float64(0.8998551082192069), np.float64(10.315260923270642), 0.0, 1.0, 2.664236642201777, np.float64(0.19855048428427197), np.float64(0.18870473553444694), 0.8, 0.8, np.float64(0.21697751255888242), 0.5, 0.5, 0.0, False, False, False, True, np.float64(41.877583893741686), 0.0, False, 3.968727204155754e-05, 8.0, 1e-12, 4.0)
Waveform Generated. SNR: 199.8757949236611
calculating Fisher matrix...
Finished derivatives
Calculated Fisher is *atleast* positive-definite.
Time taken to compute FM is 3.1179451942443848 seconds
    CV CV2#1 it  64 lam=6.4e-11 ov=0.9999500850 chi2=4.006e+00 rel=2.2e-02
Body is not plunging, Fisher should be stable.
waveform shape: (2, 11004874)
Computing SNR for parameters: (np.float64(2065313.1125258075), np.float64(50.036502763204744), np.float64(0.8998518566417368), np.float64(10.315416886537312), 0.0, 1.0, 2.664236642201777, np.float64(0.19853495845204303), np.float64(0.1889363715022432), 0.8, 0.8, np.float64(0.21764692279768103), 0.5, 0.5, 0.0, False, False, False, True, np.float64(42.62007414908885), 0.0, False, 3.968727204155754e-05, 8.0, 1e-12, 4.0)
Waveform Generated. SNR: 199.8731060213944
calculating Fisher matrix...
Finished derivatives
Calculated Fisher is not positive semi-definite. Try lowering inspiral error tolerance or increasing the derivative order.
Time taken to compute FM is 3.1054131984710693 seconds
    CV CV2#1 it  65 lam=6.3e-11 ov=0.9999511941 chi2=3.918e+00 rel=2.2e-02
Body is not plunging, Fisher should be stable.
waveform shape: (2, 11004874)
Computing SNR for parameters: (np.float64(2065268.1217308652), np.float64(50.03733780105936), np.float64(0.8998486330215476), np.float64(10.315571507083257), 0.0, 1.0, 2.664236642201777, np.float64(0.19851956233467216), np.float64(0.18916600099668288), 0.8, 0.8, np.float64(0.21831058221021746), 0.5, 0.5, 0.0, False, False, False, True, np.float64(43.35611181183186), 0.0, False, 3.968727204155754e-05, 8.0, 1e-12, 4.0)
Waveform Generated. SNR: 199.8704376744797
calculating Fisher matrix...
Finished derivatives
Calculated Fisher is *atleast* positive-definite.
Time taken to compute FM is 3.11686372756958 seconds
    CV CV2#1 it  66 lam=6.2e-11 ov=0.9999522692 chi2=3.833e+00 rel=2.2e-02
Body is not plunging, Fisher should be stable.
waveform shape: (2, 11004874)
Computing SNR for parameters: (np.float64(2065223.525493531), np.float64(50.03816554215757), np.float64(0.8998454375674674), np.float64(10.31572477713672), 0.0, 1.0, 2.664236642201777, np.float64(0.19850432669697615), np.float64(0.1893936543264084), 0.8, 0.8, np.float64(0.21896834075906416), 0.5, 0.5, 0.0, False, False, False, True, np.float64(44.0856410371202), 0.0, False, 3.968727204155754e-05, 8.0, 1e-12, 4.0)
Waveform Generated. SNR: 199.8677948147116
calculating Fisher matrix...
Finished derivatives
Calculated Fisher is *atleast* positive-definite.
Time taken to compute FM is 3.122741937637329 seconds
    CV CV2#1 it  67 lam=6.1e-11 ov=0.9999533107 chi2=3.750e+00 rel=2.1e-02
Body is not plunging, Fisher should be stable.
waveform shape: (2, 11004874)
Computing SNR for parameters: (np.float64(2065179.3264210857), np.float64(50.03898593938152), np.float64(0.899842270447084), np.float64(10.31587668759808), 0.0, 1.0, 2.664236642201777, np.float64(0.19848923713900934), np.float64(0.18961936848339453), 0.8, 0.8, np.float64(0.2196201811600929), 0.5, 0.5, 0.0, False, False, False, True, np.float64(44.80862861153515), 0.0, False, 3.968727204155754e-05, 8.0, 1e-12, 4.0)
Waveform Generated. SNR: 199.8651749562841
calculating Fisher matrix...
Finished derivatives
Calculated Fisher is not positive semi-definite. Try lowering inspiral error tolerance or increasing the derivative order.
Time taken to compute FM is 3.1159441471099854 seconds
    CV CV2#1 it  68 lam=6.0e-11 ov=0.9999543193 chi2=3.670e+00 rel=2.1e-02
Body is not plunging, Fisher should be stable.
waveform shape: (2, 11004874)
Computing SNR for parameters: (np.float64(2065135.5271460973), np.float64(50.03979894511112), np.float64(0.8998391318435691), np.float64(10.316027229284087), 0.0, 1.0, 2.664236642201777, np.float64(0.19847428962775596), np.float64(0.189843014641786), 0.8, 0.8, np.float64(0.2202661462980072), 0.5, 0.5, 0.0, False, False, False, True, np.float64(45.52503920720024), 0.0, False, 3.968727204155754e-05, 8.0, 1e-12, 4.0)
Waveform Generated. SNR: 199.86257760381991
calculating Fisher matrix...
Finished derivatives
Calculated Fisher is not positive semi-definite. Try lowering inspiral error tolerance or increasing the derivative order.
Time taken to compute FM is 3.1252832412719727 seconds
    CV CV2#1 it  69 lam=5.9e-11 ov=0.9999552955 chi2=3.593e+00 rel=2.1e-02
Body is not plunging, Fisher should be stable.
waveform shape: (2, 11004874)
Computing SNR for parameters: (np.float64(2065092.1305176083), np.float64(50.040604504021125), np.float64(0.89983602197176), np.float64(10.316176392249016), 0.0, 1.0, 2.664236642201777, np.float64(0.19845948612581965), np.float64(0.19006467545712313), 0.8, 0.8, np.float64(0.22090612592564063), 0.5, 0.5, 0.0, False, False, False, True, np.float64(46.234821894481954), 0.0, False, 3.968727204155754e-05, 8.0, 1e-12, 4.0)
Waveform Generated. SNR: 199.86000327729684
calculating stable deltas...
Time taken to compute stable deltas is 28.66973638534546 seconds
calculating Fisher matrix...
Finished derivatives
Calculated Fisher is not positive semi-definite. Try lowering inspiral error tolerance or increasing the derivative order.
Time taken to compute FM is 2.529388189315796 seconds
    CV CV2#1 it  70 lam=5.8e-11 ov=0.9999562399 chi2=3.518e+00 rel=2.1e-02
Body is not plunging, Fisher should be stable.
waveform shape: (2, 11004874)
Computing SNR for parameters: (np.float64(2065049.1394960484), np.float64(50.04140256141059), np.float64(0.8998329410434867), np.float64(10.316324166178132), 0.0, 1.0, 2.664236642201777, np.float64(0.19844482873448763), np.float64(0.19028426692956263), 0.8, 0.8, np.float64(0.22154011879588043), 0.5, 0.5, 0.0, False, False, False, True, np.float64(46.93793261035569), 0.0, False, 3.968727204155754e-05, 8.0, 1e-12, 4.0)
Waveform Generated. SNR: 199.85745233570518
calculating Fisher matrix...
Finished derivatives
Calculated Fisher is *atleast* positive-definite.
Time taken to compute FM is 3.115565776824951 seconds
    CV CV2#1 it  71 lam=5.7e-11 ov=0.9999571532 chi2=3.446e+00 rel=2.0e-02
Body is not plunging, Fisher should be stable.
waveform shape: (2, 11004874)
Computing SNR for parameters: (np.float64(2065006.556338508), np.float64(50.04219307134318), np.float64(0.8998298892506242), np.float64(10.316470543155884), 0.0, 1.0, 2.664236642201777, np.float64(0.19843033564260426), np.float64(0.1905018058417129), 0.8, 0.8, np.float64(0.22216802900915283), 0.5, 0.5, 0.0, False, False, False, True, np.float64(47.63432339586682), 0.0, False, 3.968727204155754e-05, 8.0, 1e-12, 4.0)
Waveform Generated. SNR: 199.8549276157214
calculating Fisher matrix...
Finished derivatives
Calculated Fisher is *atleast* positive-definite.
Time taken to compute FM is 3.1108145713806152 seconds
    CV CV2#1 it  72 lam=5.6e-11 ov=0.9999580358 chi2=3.376e+00 rel=2.0e-02
Body is not plunging, Fisher should be stable.
waveform shape: (2, 11004874)
Computing SNR for parameters: (np.float64(2064964.3845792834), np.float64(50.04297597145227), np.float64(0.8998268668126052), np.float64(10.316615510904267), 0.0, 1.0, 2.664236642201777, np.float64(0.19841598220388582), np.float64(0.19071729334745882), 0.8, 0.8, np.float64(0.22278986481475796), 0.5, 0.5, 0.0, False, False, False, True, np.float64(48.32395299892266), 0.0, False, 3.968727204155754e-05, 8.0, 1e-12, 4.0)
Waveform Generated. SNR: 199.85242546219564
calculating Fisher matrix...
Finished derivatives
Calculated Fisher is not positive semi-definite. Try lowering inspiral error tolerance or increasing the derivative order.
Time taken to compute FM is 3.106578826904297 seconds
    CV CV2#1 it  73 lam=5.6e-11 ov=0.9999588883 chi2=3.308e+00 rel=2.0e-02
Body is not plunging, Fisher should be stable.
waveform shape: (2, 11004874)
Computing SNR for parameters: (np.float64(2064922.626747436), np.float64(50.04375121367897), np.float64(0.8998238739204646), np.float64(10.316759060585216), 0.0, 1.0, 2.664236642201777, np.float64(0.19840177130643405), np.float64(0.19093067117366214), 0.8, 0.8, np.float64(0.22340559413228986), 0.5, 0.5, 0.0, False, False, False, True, np.float64(49.00677948964973), 0.0, False, 3.968727204155754e-05, 8.0, 1e-12, 4.0)
Waveform Generated. SNR: 199.84994637433323
calculating Fisher matrix...
Finished derivatives
Calculated Fisher is not positive semi-definite. Try lowering inspiral error tolerance or increasing the derivative order.
Time taken to compute FM is 3.098390817642212 seconds
    CV CV2#1 it  74 lam=5.5e-11 ov=0.9999597113 chi2=3.243e+00 rel=1.9e-02
Body is not plunging, Fisher should be stable.
waveform shape: (2, 11004874)
Computing SNR for parameters: (np.float64(2064881.28601063), np.float64(50.04451873506), np.float64(0.8998209108341656), np.float64(10.316901181153549), 0.0, 1.0, 2.664236642201777, np.float64(0.19838772741156363), np.float64(0.19114194099389292), 0.8, 0.8, np.float64(0.22401511533356946), 0.5, 0.5, 0.0, False, False, False, True, np.float64(49.682739323483425), 0.0, False, 3.968727204155754e-05, 8.0, 1e-12, 4.0)
Waveform Generated. SNR: 199.84749425522384
calculating Fisher matrix...
Finished derivatives
Calculated Fisher is *atleast* positive-definite.
Time taken to compute FM is 3.101532220840454 seconds
    CV CV2#1 it  75 lam=5.4e-11 ov=0.9999605054 chi2=3.180e+00 rel=1.9e-02
Body is not plunging, Fisher should be stable.
waveform shape: (2, 11004874)
Computing SNR for parameters: (np.float64(2064840.3660380444), np.float64(50.04527847132974), np.float64(0.8998179777758589), np.float64(10.317041859869095), 0.0, 1.0, 2.664236642201777, np.float64(0.19837381765931933), np.float64(0.19135111140382086), 0.8, 0.8, np.float64(0.22461844311934456), 0.5, 0.5, 0.0, False, False, False, True, np.float64(50.35179153775769), 0.0, False, 3.968727204155754e-05, 8.0, 1e-12, 4.0)
Waveform Generated. SNR: 199.8450639123596
calculating Fisher matrix...
Finished derivatives
Calculated Fisher is not positive semi-definite. Try lowering inspiral error tolerance or increasing the derivative order.
Time taken to compute FM is 3.1175646781921387 seconds
    CV CV2#1 it  76 lam=5.3e-11 ov=0.9999612711 chi2=3.120e+00 rel=1.9e-02
Body is not plunging, Fisher should be stable.
waveform shape: (2, 11004874)
Computing SNR for parameters: (np.float64(2064799.8698182364), np.float64(50.04603036255555), np.float64(0.8998150749992893), np.float64(10.317181086301746), 0.0, 1.0, 2.664236642201777, np.float64(0.19836007037179287), np.float64(0.1915581299918451), 0.8, 0.8, np.float64(0.2252154755473061), 0.5, 0.5, 0.0, False, False, False, True, np.float64(51.01387395499896), 0.0, False, 3.968727204155754e-05, 8.0, 1e-12, 4.0)
Waveform Generated. SNR: 199.84265983104086
calculating Fisher matrix...
Finished derivatives
Calculated Fisher is not positive semi-definite. Try lowering inspiral error tolerance or increasing the derivative order.
Time taken to compute FM is 3.0929031372070312 seconds
    CV CV2#1 it  77 lam=5.2e-11 ov=0.9999620090 chi2=3.062e+00 rel=1.8e-02
Body is not plunging, Fisher should be stable.
waveform shape: (2, 11004874)
Computing SNR for parameters: (np.float64(2064759.8006257266), np.float64(50.04677434799727), np.float64(0.8998122027345783), np.float64(10.317318849054544), 0.0, 1.0, 2.664236642201777, np.float64(0.19834648109870104), np.float64(0.19176298936445255), 0.8, 0.8, np.float64(0.2258061805827594), 0.5, 0.5, 0.0, False, False, False, True, np.float64(51.66893731206725), 0.0, False, 3.968727204155754e-05, 8.0, 1e-12, 4.0)
Waveform Generated. SNR: 199.84028148625237
calculating Fisher matrix...
Finished derivatives
Calculated Fisher is not positive semi-definite. Try lowering inspiral error tolerance or increasing the derivative order.
Time taken to compute FM is 3.1107797622680664 seconds
    CV CV2#1 it  78 lam=5.1e-11 ov=0.9999627196 chi2=3.006e+00 rel=1.8e-02
Body is not plunging, Fisher should be stable.
waveform shape: (2, 11004874)
Computing SNR for parameters: (np.float64(2064720.1617014657), np.float64(50.047510368186884), np.float64(0.8998093612039143), np.float64(10.317455136848267), 0.0, 1.0, 2.664236642201777, np.float64(0.19833303870992797), np.float64(0.19196567494390684), 0.8, 0.8, np.float64(0.22639053968857575), 0.5, 0.5, 0.0, False, False, False, True, np.float64(52.31693533838073), 0.0, False, 3.968727204155754e-05, 8.0, 1e-12, 4.0)
Waveform Generated. SNR: 199.837927356452
calculating Fisher matrix...
Finished derivatives
Calculated Fisher is *atleast* positive-definite.
Time taken to compute FM is 3.1007239818573 seconds
    CV CV2#1 it  79 lam=5.0e-11 ov=0.9999634035 chi2=2.952e+00 rel=1.8e-02
Body is not plunging, Fisher should be stable.
waveform shape: (2, 11004874)
Computing SNR for parameters: (np.float64(2064680.9570058926), np.float64(50.04823834762967), np.float64(0.8998065507054468), np.float64(10.317589935920353), 0.0, 1.0, 2.664236642201777, np.float64(0.1983197557316214), np.float64(0.19216616638331252), 0.8, 0.8, np.float64(0.22696847157810138), 0.5, 0.5, 0.0, False, False, False, True, np.float64(52.95779976395068), 0.0, False, 3.968727204155754e-05, 8.0, 1e-12, 4.0)
Waveform Generated. SNR: 199.83559908833965
calculating stable deltas...
Time taken to compute stable deltas is 28.700933933258057 seconds
calculating Fisher matrix...
Finished derivatives
Calculated Fisher is *atleast* positive-definite.
Time taken to compute FM is 2.5178446769714355 seconds
    CV CV2#1 it  80 lam=4.9e-11 ov=0.9999640613 chi2=2.900e+00 rel=1.7e-02
Body is not plunging, Fisher should be stable.
waveform shape: (2, 11004874)
Computing SNR for parameters: (np.float64(2064642.1902524466), np.float64(50.048958217405065), np.float64(0.8998037715056352), np.float64(10.317723233365342), 0.0, 1.0, 2.664236642201777, np.float64(0.19830662919767472), np.float64(0.19236439055983745), 0.8, 0.8, np.float64(0.22753994652623924), 0.5, 0.5, 0.0, False, False, False, True, np.float64(53.591473516245124), 0.0, False, 3.968727204155754e-05, 8.0, 1e-12, 4.0)
Waveform Generated. SNR: 199.83329692985524
calculating Fisher matrix...
Finished derivatives
Calculated Fisher is *atleast* positive-definite.
Time taken to compute FM is 3.1105968952178955 seconds
    CV CV2#1 it  81 lam=4.8e-11 ov=0.9999646934 chi2=2.850e+00 rel=1.7e-02
Body is not plunging, Fisher should be stable.
waveform shape: (2, 11004874)
Computing SNR for parameters: (np.float64(2064603.8646550293), np.float64(50.049669915805836), np.float64(0.8998010238372333), np.float64(10.317855017983716), 0.0, 1.0, 2.664236642201777, np.float64(0.19829365673991897), np.float64(0.19256049165984737), 0.8, 0.8, np.float64(0.22810485432938346), 0.5, 0.5, 0.0, False, False, False, True, np.float64(54.2179017282048), 0.0, False, 3.968727204155754e-05, 8.0, 1e-12, 4.0)
Waveform Generated. SNR: 199.83101954916032
calculating Fisher matrix...
Finished derivatives
Calculated Fisher is not positive semi-definite. Try lowering inspiral error tolerance or increasing the derivative order.
Time taken to compute FM is 3.108229160308838 seconds
    CV CV2#1 it  82 lam=4.8e-11 ov=0.9999653006 chi2=2.802e+00 rel=1.6e-02
Body is not plunging, Fisher should be stable.
waveform shape: (2, 11004874)
Computing SNR for parameters: (np.float64(2064565.9842615642), np.float64(50.05037336887655), np.float64(0.8997983079906477), np.float64(10.317985275727438), 0.0, 1.0, 2.664236642201777, np.float64(0.1982808407038041), np.float64(0.1927542662900302), 0.8, 0.8, np.float64(0.2286632220877621), 0.5, 0.5, 0.0, False, False, False, True, np.float64(54.837025088937125), 0.0, False, 3.968727204155754e-05, 8.0, 1e-12, 4.0)
Waveform Generated. SNR: 199.82876862595455
calculating Fisher matrix...
Finished derivatives
Calculated Fisher is not positive semi-definite. Try lowering inspiral error tolerance or increasing the derivative order.
Time taken to compute FM is 3.116330623626709 seconds
    CV CV2#1 it  83 lam=4.7e-11 ov=0.9999658832 chi2=2.756e+00 rel=1.6e-02
Body is not plunging, Fisher should be stable.
waveform shape: (2, 11004874)
Computing SNR for parameters: (np.float64(2064528.5533524049), np.float64(50.051068494646856), np.float64(0.8997956242838563), np.float64(10.318113991729367), 0.0, 1.0, 2.664236642201777, np.float64(0.19826818672937171), np.float64(0.19294578997452108), 0.8, 0.8, np.float64(0.22921492438259272), 0.5, 0.5, 0.0, False, False, False, True, np.float64(55.44876900898788), 0.0, False, 3.968727204155754e-05, 8.0, 1e-12, 4.0)
Waveform Generated. SNR: 199.82654421069162
calculating Fisher matrix...
Finished derivatives
Calculated Fisher is not positive semi-definite. Try lowering inspiral error tolerance or increasing the derivative order.
Time taken to compute FM is 3.1132588386535645 seconds
    CV CV2#1 it  84 lam=4.6e-11 ov=0.9999664419 chi2=2.712e+00 rel=1.6e-02
Body is not plunging, Fisher should be stable.
waveform shape: (2, 11004874)
Computing SNR for parameters: (np.float64(2064491.5754301762), np.float64(50.05175522910871), np.float64(0.8997929729588893), np.float64(10.318241153812915), 0.0, 1.0, 2.664236642201777, np.float64(0.1982556876891982), np.float64(0.1931349912558619), 0.8, 0.8, np.float64(0.22975996114095842), 0.5, 0.5, 0.0, False, False, False, True, np.float64(56.05308368521359), 0.0, False, 3.968727204155754e-05, 8.0, 1e-12, 4.0)
Waveform Generated. SNR: 199.8243458421352
calculating Fisher matrix...
Finished derivatives
Calculated Fisher is *atleast* positive-definite.
Time taken to compute FM is 3.1027467250823975 seconds
    CV CV2#1 it  85 lam=4.5e-11 ov=0.9999669772 chi2=2.670e+00 rel=1.5e-02
Body is not plunging, Fisher should be stable.
waveform shape: (2, 11004874)
Computing SNR for parameters: (np.float64(2064455.0549790699), np.float64(50.05243348505622), np.float64(0.8997903543699893), np.float64(10.318366746406873), 0.0, 1.0, 2.664236642201777, np.float64(0.19824336684901792), np.float64(0.19332184560734778), 0.8, 0.8, np.float64(0.23029820819018174), 0.5, 0.5, 0.0, False, False, False, True, np.float64(56.649884653637194), 0.0, False, 3.968727204155754e-05, 8.0, 1e-12, 4.0)
Waveform Generated. SNR: 199.82217706199214
calculating Fisher matrix...
Finished derivatives
Calculated Fisher is *atleast* positive-definite.
Time taken to compute FM is 3.1115126609802246 seconds
    CV CV2#1 it  86 lam=4.4e-11 ov=0.9999674897 chi2=2.630e+00 rel=1.5e-02
Body is not plunging, Fisher should be stable.
waveform shape: (2, 11004874)
Computing SNR for parameters: (np.float64(2064418.9965898702), np.float64(50.05310317955606), np.float64(0.8997877688171348), np.float64(10.318490753595148), 0.0, 1.0, 2.664236642201777, np.float64(0.1982311987231038), np.float64(0.1935063862806023), 0.8, 0.8, np.float64(0.23082963684310762), 0.5, 0.5, 0.0, False, False, False, True, np.float64(57.2391102339498), 0.0, False, 3.968727204155754e-05, 8.0, 1e-12, 4.0)
Waveform Generated. SNR: 199.8200336713382
calculating Fisher matrix...
Finished derivatives
Calculated Fisher is not positive semi-definite. Try lowering inspiral error tolerance or increasing the derivative order.
Time taken to compute FM is 3.1008949279785156 seconds
    CV CV2#1 it  87 lam=4.3e-11 ov=0.9999679798 chi2=2.592e+00 rel=1.4e-02
Body is not plunging, Fisher should be stable.
waveform shape: (2, 11004874)
Computing SNR for parameters: (np.float64(2064383.4048143164), np.float64(50.05376422590985), np.float64(0.8997852166437991), np.float64(10.318613159580764), 0.0, 1.0, 2.664236642201777, np.float64(0.19821919713621225), np.float64(0.19368857833640266), 0.8, 0.8, np.float64(0.23135415665536446), 0.5, 0.5, 0.0, False, False, False, True, np.float64(57.82068154804725), 0.0, False, 3.968727204155754e-05, 8.0, 1e-12, 4.0)
Waveform Generated. SNR: 199.8179179953988
calculating Fisher matrix...
Finished derivatives
Calculated Fisher is not positive semi-definite. Try lowering inspiral error tolerance or increasing the derivative order.
Time taken to compute FM is 3.0862388610839844 seconds
    CV CV2#1 it  88 lam=4.2e-11 ov=0.9999684482 chi2=2.555e+00 rel=1.4e-02
Body is not plunging, Fisher should be stable.
waveform shape: (2, 11004874)
Computing SNR for parameters: (np.float64(2064348.283467342), np.float64(50.05441655275692), np.float64(0.8997826981243764), np.float64(10.318733951106418), 0.0, 1.0, 2.664236642201777, np.float64(0.19820735979617413), np.float64(0.19386841033049157), 0.8, 0.8, np.float64(0.23187172078918822), 0.5, 0.5, 0.0, False, False, False, True, np.float64(58.3945382330244), 0.0, False, 3.968727204155754e-05, 8.0, 1e-12, 4.0)
Waveform Generated. SNR: 199.81582982587085
calculating Fisher matrix...
Finished derivatives
Calculated Fisher is *atleast* positive-definite.
Time taken to compute FM is 3.0968945026397705 seconds
    CV CV2#1 it  89 lam=4.1e-11 ov=0.9999688954 chi2=2.520e+00 rel=1.3e-02
Body is not plunging, Fisher should be stable.
waveform shape: (2, 11004874)
Computing SNR for parameters: (np.float64(2064313.6382140992), np.float64(50.055060054727875), np.float64(0.89978021366647), np.float64(10.31885310855402), 0.0, 1.0, 2.664236642201777, np.float64(0.19819568857437128), np.float64(0.1940458055257894), 0.8, 0.8, np.float64(0.2323822621595604), 0.5, 0.5, 0.0, False, False, False, True, np.float64(58.960590612830806), 0.0, False, 3.968727204155754e-05, 8.0, 1e-12, 4.0)
Waveform Generated. SNR: 199.81376977964445
calculating stable deltas...
Time taken to compute stable deltas is 28.567877769470215 seconds
calculating Fisher matrix...
Finished derivatives
Calculated Fisher is not positive semi-definite. Try lowering inspiral error tolerance or increasing the derivative order.
Time taken to compute FM is 2.516026258468628 seconds
    CV CV2#1 it  90 lam=4.0e-11 ov=0.9999693219 chi2=2.487e+00 rel=1.3e-02
Body is not plunging, Fisher should be stable.
waveform shape: (2, 11004874)
Computing SNR for parameters: (np.float64(2064279.4731227788), np.float64(50.05569465458693), np.float64(0.8997777635755342), np.float64(10.318970617791566), 0.0, 1.0, 2.664236642201777, np.float64(0.1981841930706243), np.float64(0.1942207159663842), 0.8, 0.8, np.float64(0.2328857153069137), 0.5, 0.5, 0.0, False, False, False, True, np.float64(59.51876944106921), 0.0, False, 3.968727204155754e-05, 8.0, 1e-12, 4.0)
Waveform Generated. SNR: 199.81173936890482
calculating Fisher matrix...
Finished derivatives
Calculated Fisher is *atleast* positive-definite.
Time taken to compute FM is 3.097750425338745 seconds
    CV CV2#1 it  91 lam=4.0e-11 ov=0.9999697282 chi2=2.455e+00 rel=1.2e-02
Body is not plunging, Fisher should be stable.
waveform shape: (2, 11004874)
Computing SNR for parameters: (np.float64(2064245.7938994216), np.float64(50.05632024781099), np.float64(0.8997753482379998), np.float64(10.319086459063836), 0.0, 1.0, 2.664236642201777, np.float64(0.19817285439208732), np.float64(0.19439318837426706), 0.8, 0.8, np.float64(0.23338201293190813), 0.5, 0.5, 0.0, False, False, False, True, np.float64(60.06899162601101), 0.0, False, 3.968727204155754e-05, 8.0, 1e-12, 4.0)
Waveform Generated. SNR: 199.80973540972442
calculating Fisher matrix...
Finished derivatives
Calculated Fisher is *atleast* positive-definite.
Time taken to compute FM is 3.1075806617736816 seconds
    CV CV2#1 it  92 lam=3.9e-11 ov=0.9999701150 chi2=2.425e+00 rel=1.2e-02
Body is not plunging, Fisher should be stable.
waveform shape: (2, 11004874)
Computing SNR for parameters: (np.float64(2064212.6051108134), np.float64(50.056936746178785), np.float64(0.899772968011948), np.float64(10.319200616518007), 0.0, 1.0, 2.664236642201777, np.float64(0.19816169475818238), np.float64(0.19456316792888756), 0.8, 0.8, np.float64(0.23387105011520454), 0.5, 0.5, 0.0, False, False, False, True, np.float64(60.61117302760417), 0.0, False, 3.968727204155754e-05, 8.0, 1e-12, 4.0)
Waveform Generated. SNR: 199.8077618215854
calculating Fisher matrix...
Finished derivatives
Calculated Fisher is *atleast* positive-definite.
Time taken to compute FM is 3.103037118911743 seconds
    CV CV2#1 it  93 lam=3.8e-11 ov=0.9999704826 chi2=2.396e+00 rel=1.1e-02
Body is not plunging, Fisher should be stable.
waveform shape: (2, 11004874)
Computing SNR for parameters: (np.float64(2064179.9129794952), np.float64(50.05754403446014), np.float64(0.899770623337855), np.float64(10.31931306861967), 0.0, 1.0, 2.664236642201777, np.float64(0.19815070681815453), np.float64(0.19473060624437882), 0.8, 0.8, np.float64(0.23435276174121236), 0.5, 0.5, 0.0, False, False, False, True, np.float64(61.145217076023314), 0.0, False, 3.968727204155754e-05, 8.0, 1e-12, 4.0)
Waveform Generated. SNR: 199.8058173118576
calculating Fisher matrix...
Finished derivatives
Calculated Fisher is not positive semi-definite. Try lowering inspiral error tolerance or increasing the derivative order.
Time taken to compute FM is 3.0888664722442627 seconds
    CV CV2#1 it  94 lam=3.7e-11 ov=0.9999708317 chi2=2.369e+00 rel=1.1e-02
Body is not plunging, Fisher should be stable.
waveform shape: (2, 11004874)
Computing SNR for parameters: (np.float64(2064147.7229860725), np.float64(50.05814201002508), np.float64(0.8997683146116741), np.float64(10.3194237963816), 0.0, 1.0, 2.664236642201777, np.float64(0.1981398968721586), np.float64(0.19489549161070752), 0.8, 0.8, np.float64(0.2348270569208405), 0.5, 0.5, 0.0, False, False, False, True, np.float64(61.67103500338013), 0.0, False, 3.968727204155754e-05, 8.0, 1e-12, 4.0)
Waveform Generated. SNR: 199.80390296158558
calculating Fisher matrix...
Finished derivatives
Calculated Fisher is not positive semi-definite. Try lowering inspiral error tolerance or increasing the derivative order.
Time taken to compute FM is 3.110076665878296 seconds
    CV CV2#1 it  95 lam=3.6e-11 ov=0.9999711628 chi2=2.343e+00 rel=1.0e-02
Body is not plunging, Fisher should be stable.
waveform shape: (2, 11004874)
Computing SNR for parameters: (np.float64(2064116.0400653672), np.float64(50.058730581132544), np.float64(0.8997660421839365), np.float64(10.319532782696491), 0.0, 1.0, 2.664236642201777, np.float64(0.19812925738262982), np.float64(0.19505780684538196), 0.8, 0.8, np.float64(0.23529387498133228), 0.5, 0.5, 0.0, False, False, False, True, np.float64(62.18854980995732), 0.0, False, 3.968727204155754e-05, 8.0, 1e-12, 4.0)
Waveform Generated. SNR: 199.80201804484363
calculating Fisher matrix...
Finished derivatives
Calculated Fisher is not positive semi-definite. Try lowering inspiral error tolerance or increasing the derivative order.
Time taken to compute FM is 3.103850841522217 seconds
    CV CV2#1 it  96 lam=3.5e-11 ov=0.9999714764 chi2=2.319e+00 rel=9.9e-03
Body is not plunging, Fisher should be stable.
waveform shape: (2, 11004874)
Computing SNR for parameters: (np.float64(2064084.8716645627), np.float64(50.05930960690417), np.float64(0.8997638066109815), np.float64(10.31964000180714), 0.0, 1.0, 2.664236642201777, np.float64(0.1981188063279878), np.float64(0.19521747799875608), 0.8, 0.8, np.float64(0.23575308198079012), 0.5, 0.5, 0.0, False, False, False, True, np.float64(62.697633608933984), 0.0, False, 3.968727204155754e-05, 8.0, 1e-12, 4.0)
Waveform Generated. SNR: 199.8001648965304
calculating Fisher matrix...
Finished derivatives
Calculated Fisher is not positive semi-definite. Try lowering inspiral error tolerance or increasing the derivative order.
Time taken to compute FM is 3.101804733276367 seconds
    CV CV2#1 it  97 lam=3.4e-11 ov=0.9999717730 chi2=2.296e+00 rel=9.4e-03
Body is not plunging, Fisher should be stable.
waveform shape: (2, 11004874)
Computing SNR for parameters: (np.float64(2064054.2230154637), np.float64(50.05987899273844), np.float64(0.8997616082376686), np.float64(10.319745435593989), 0.0, 1.0, 2.664236642201777, np.float64(0.1981085206492668), np.float64(0.1953745296661798), 0.8, 0.8, np.float64(0.2362046410428967), 0.5, 0.5, 0.0, False, False, False, True, np.float64(63.19821502252382), 0.0, False, 3.968727204155754e-05, 8.0, 1e-12, 4.0)
Waveform Generated. SNR: 199.79834043578097
calculating Fisher matrix...
Finished derivatives
Calculated Fisher is not positive semi-definite. Try lowering inspiral error tolerance or increasing the derivative order.
Time taken to compute FM is 3.1053802967071533 seconds
    CV CV2#1 it  98 lam=3.3e-11 ov=0.9999720532 chi2=2.274e+00 rel=9.0e-03
Body is not plunging, Fisher should be stable.
waveform shape: (2, 11004874)
Computing SNR for parameters: (np.float64(2064024.1006861), np.float64(50.06043861186668), np.float64(0.8997594475789141), np.float64(10.31984906131649), 0.0, 1.0, 2.664236642201777, np.float64(0.1980984328541116), np.float64(0.1955288724657723), 0.8, 0.8, np.float64(0.23664841787998286), 0.5, 0.5, 0.0, False, False, False, True, np.float64(63.69017184813027), 0.0, False, 3.968727204155754e-05, 8.0, 1e-12, 4.0)
Waveform Generated. SNR: 199.7965495487322
calculating Fisher matrix...
Finished derivatives
Calculated Fisher is *atleast* positive-definite.
Time taken to compute FM is 3.1144495010375977 seconds
    CV CV2#1 it  99 lam=3.3e-11 ov=0.9999723174 chi2=2.254e+00 rel=8.5e-03
Body is not plunging, Fisher should be stable.
waveform shape: (2, 11004874)
Computing SNR for parameters: (np.float64(2063994.5111826735), np.float64(50.06098834653095), np.float64(0.8997573250658062), np.float64(10.319950856472785), 0.0, 1.0, 2.664236642201777, np.float64(0.19808851373336145), np.float64(0.19568053135891392), 0.8, 0.8, np.float64(0.23708434244060095), 0.5, 0.5, 0.0, False, False, False, True, np.float64(64.17341394779766), 0.0, False, 3.968727204155754e-05, 8.0, 1e-12, 4.0)
Waveform Generated. SNR: 199.79478799051688
calculating stable deltas...
Time taken to compute stable deltas is 28.530478954315186 seconds
calculating Fisher matrix...
Finished derivatives
Calculated Fisher is not positive semi-definite. Try lowering inspiral error tolerance or increasing the derivative order.
Time taken to compute FM is 2.4993655681610107 seconds
    CV CV2#1 it 100 lam=3.2e-11 ov=0.9999725662 chi2=2.235e+00 rel=8.0e-03
Body is not plunging, Fisher should be stable.
waveform shape: (2, 11004874)
Computing SNR for parameters: (np.float64(2063965.450868567), np.float64(50.061528254438386), np.float64(0.8997552405338193), np.float64(10.320050833409526), 0.0, 1.0, 2.664236642201777, np.float64(0.19807879856042757), np.float64(0.19582942275658163), 0.8, 0.8, np.float64(0.23751233743114997), 0.5, 0.5, 0.0, False, False, False, True, np.float64(64.64796568969841), 0.0, False, 3.968727204155754e-05, 8.0, 1e-12, 4.0)
Waveform Generated. SNR: 199.79306137396776
calculating Fisher matrix...
Finished derivatives
Calculated Fisher is not positive semi-definite. Try lowering inspiral error tolerance or increasing the derivative order.
Time taken to compute FM is 3.1004040241241455 seconds
    CV CV2#1 it 101 lam=3.1e-11 ov=0.9999728000 chi2=2.217e+00 rel=7.6e-03
Body is not plunging, Fisher should be stable.
waveform shape: (2, 11004874)
Computing SNR for parameters: (np.float64(2063936.9644853312), np.float64(50.06205752435344), np.float64(0.8997531969854198), np.float64(10.32014883815105), 0.0, 1.0, 2.664236642201777, np.float64(0.19806925572800688), np.float64(0.19597546188891737), 0.8, 0.8, np.float64(0.23793210566630804), 0.5, 0.5, 0.0, False, False, False, True, np.float64(65.1131785320659), 0.0, False, 3.968727204155754e-05, 8.0, 1e-12, 4.0)
Waveform Generated. SNR: 199.7913646302426
calculating Fisher matrix...
Finished derivatives
Calculated Fisher is not positive semi-definite. Try lowering inspiral error tolerance or increasing the derivative order.
Time taken to compute FM is 3.1272599697113037 seconds
    CV CV2#1 it 102 lam=3.0e-11 ov=0.9999730198 chi2=2.200e+00 rel=7.2e-03
Body is not plunging, Fisher should be stable.
waveform shape: (2, 11004874)
Computing SNR for parameters: (np.float64(2063909.031843642), np.float64(50.06257651411962), np.float64(0.8997511931472105), np.float64(10.32024493995956), 0.0, 1.0, 2.664236642201777, np.float64(0.19805990968025303), np.float64(0.19611865949652124), 0.8, 0.8, np.float64(0.23834366927272502), 0.5, 0.5, 0.0, False, False, False, True, np.float64(65.56931790015767), 0.0, False, 3.968727204155754e-05, 8.0, 1e-12, 4.0)
Waveform Generated. SNR: 199.78970211294455
calculating Fisher matrix...
Finished derivatives
Calculated Fisher is not positive semi-definite. Try lowering inspiral error tolerance or increasing the derivative order.
Time taken to compute FM is 3.109954833984375 seconds
    CV CV2#1 it 103 lam=2.9e-11 ov=0.9999732255 chi2=2.184e+00 rel=6.7e-03
Body is not plunging, Fisher should be stable.
waveform shape: (2, 11004874)
Computing SNR for parameters: (np.float64(2063881.645590468), np.float64(50.06308535984403), np.float64(0.8997492284802111), np.float64(10.320339163998755), 0.0, 1.0, 2.664236642201777, np.float64(0.1980507568334228), np.float64(0.19625906298377588), 0.8, 0.8, np.float64(0.23874708093898242), 0.5, 0.5, 0.0, False, False, False, True, np.float64(66.01650725294465), 0.0, False, 3.968727204155754e-05, 8.0, 1e-12, 4.0)
Waveform Generated. SNR: 199.78807262463874
calculating Fisher matrix...
Finished derivatives
Calculated Fisher is *atleast* positive-definite.
Time taken to compute FM is 3.1125574111938477 seconds
    CV CV2#1 it 104 lam=2.8e-11 ov=0.9999734177 chi2=2.169e+00 rel=6.3e-03
Body is not plunging, Fisher should be stable.
waveform shape: (2, 11004874)
Computing SNR for parameters: (np.float64(2063854.819509228), np.float64(50.06358380164269), np.float64(0.8997473040302785), np.float64(10.320431462715757), 0.0, 1.0, 2.664236642201777, np.float64(0.19804179558856913), np.float64(0.19639653932972337), 0.8, 0.8, np.float64(0.2391421468988658), 0.5, 0.5, 0.0, False, False, False, True, np.float64(66.45450765009329), 0.0, False, 3.968727204155754e-05, 8.0, 1e-12, 4.0)
Waveform Generated. SNR: 199.7864768998185
calculating Fisher matrix...
Finished derivatives
Calculated Fisher is not positive semi-definite. Try lowering inspiral error tolerance or increasing the derivative order.
Time taken to compute FM is 3.1114983558654785 seconds
    CV CV2#1 it 105 lam=2.8e-11 ov=0.9999735968 chi2=2.156e+00 rel=5.9e-03
Body is not plunging, Fisher should be stable.
waveform shape: (2, 11004874)
Computing SNR for parameters: (np.float64(2063828.6098818262), np.float64(50.06407080323542), np.float64(0.8997454237060203), np.float64(10.320521642377193), 0.0, 1.0, 2.664236642201777, np.float64(0.19803305541418625), np.float64(0.19653092029901637), 0.8, 0.8, np.float64(0.23952816587890594), 0.5, 0.5, 0.0, False, False, False, True, np.float64(66.88244366480687), 0.0, False, 3.968727204155754e-05, 8.0, 1e-12, 4.0)
Waveform Generated. SNR: 199.78491927791995
calculating Fisher matrix...
Finished derivatives
Calculated Fisher is not positive semi-definite. Try lowering inspiral error tolerance or increasing the derivative order.
Time taken to compute FM is 3.13198184967041 seconds
    CV CV2#1 it 106 lam=2.7e-11 ov=0.9999737639 chi2=2.143e+00 rel=5.5e-03
Body is not plunging, Fisher should be stable.
waveform shape: (2, 11004874)
Computing SNR for parameters: (np.float64(2063802.9783184913), np.float64(50.06454707786427), np.float64(0.8997435847744935), np.float64(10.320609834937656), 0.0, 1.0, 2.664236642201777, np.float64(0.1980244944108301), np.float64(0.19666237895102584), 0.8, 0.8, np.float64(0.23990578065933002), 0.5, 0.5, 0.0, False, False, False, True, np.float64(67.30094346065339), 0.0, False, 3.968727204155754e-05, 8.0, 1e-12, 4.0)
Waveform Generated. SNR: 199.78339287934827
calculating Fisher matrix...
Finished derivatives
Calculated Fisher is not positive semi-definite. Try lowering inspiral error tolerance or increasing the derivative order.
Time taken to compute FM is 3.1188697814941406 seconds
    CV CV2#1 it 107 lam=2.6e-11 ov=0.9999739194 chi2=2.131e+00 rel=5.1e-03
Body is not plunging, Fisher should be stable.
waveform shape: (2, 11004874)
Computing SNR for parameters: (np.float64(2063777.9197437533), np.float64(50.06501271213636), np.float64(0.8997417869385648), np.float64(10.320696057711181), 0.0, 1.0, 2.664236642201777, np.float64(0.19801613759296724), np.float64(0.19679088001435374), 0.8, 0.8, np.float64(0.24027489551595027), 0.5, 0.5, 0.0, False, False, False, True, np.float64(67.71006385179146), 0.0, False, 3.968727204155754e-05, 8.0, 1e-12, 4.0)
Waveform Generated. SNR: 199.78190219778537
calculating Fisher matrix...
Finished derivatives
Calculated Fisher is *atleast* positive-definite.
Time taken to compute FM is 3.1099019050598145 seconds
    CV CV2#1 it 108 lam=2.5e-11 ov=0.9999740632 chi2=2.120e+00 rel=4.7e-03
Body is not plunging, Fisher should be stable.
waveform shape: (2, 11004874)
Computing SNR for parameters: (np.float64(2063753.477235227), np.float64(50.06546690751173), np.float64(0.8997400332594842), np.float64(10.320780162364823), 0.0, 1.0, 2.664236642201777, np.float64(0.19800798524495852), np.float64(0.1969162055282434), 0.8, 0.8, np.float64(0.2406349086502415), 0.5, 0.5, 0.0, False, False, False, True, np.float64(68.10911285605243), 0.0, False, 3.968727204155754e-05, 8.0, 1e-12, 4.0)
Waveform Generated. SNR: 199.7804476775965
calculating Fisher matrix...
Finished derivatives
Calculated Fisher is *atleast* positive-definite.
Time taken to compute FM is 3.1207547187805176 seconds
    CV CV2#1 it 109 lam=2.4e-11 ov=0.9999741959 chi2=2.110e+00 rel=4.4e-03
Body is not plunging, Fisher should be stable.
waveform shape: (2, 11004874)
Computing SNR for parameters: (np.float64(2063729.6792725339), np.float64(50.06590913081874), np.float64(0.8997383258230333), np.float64(10.320862050761422), 0.0, 1.0, 2.664236642201777, np.float64(0.19800006391388453), np.float64(0.19703824709919182), 0.8, 0.8, np.float64(0.2409853671121734), 0.5, 0.5, 0.0, False, False, False, True, np.float64(68.49761340974463), 0.0, False, 3.968727204155754e-05, 8.0, 1e-12, 4.0)
Waveform Generated. SNR: 199.77903311639204
calculating stable deltas...
Time taken to compute stable deltas is 28.80409860610962 seconds
calculating Fisher matrix...
Finished derivatives
Calculated Fisher is *atleast* positive-definite.
Time taken to compute FM is 2.515355348587036 seconds
    CV CV2#1 it 110 lam=2.4e-11 ov=0.9999743184 chi2=2.101e+00 rel=4.0e-03
Body is not plunging, Fisher should be stable.
waveform shape: (2, 11004874)
Computing SNR for parameters: (np.float64(2063706.4950896383), np.float64(50.06633996049975), np.float64(0.8997366623497168), np.float64(10.320941828669014), 0.0, 1.0, 2.664236642201777, np.float64(0.19799234211508202), np.float64(0.19715717938095884), 0.8, 0.8, np.float64(0.2413268640657503), 0.5, 0.5, 0.0, False, False, False, True, np.float64(68.87609764068782), 0.0, False, 3.968727204155754e-05, 8.0, 1e-12, 4.0)
Waveform Generated. SNR: 199.7776536395175
calculating Fisher matrix...
Finished derivatives
Calculated Fisher is not positive semi-definite. Try lowering inspiral error tolerance or increasing the derivative order.
Time taken to compute FM is 3.1296985149383545 seconds
    CV CV2#1 it 111 lam=2.3e-11 ov=0.9999744311 chi2=2.093e+00 rel=3.7e-03
Body is not plunging, Fisher should be stable.
waveform shape: (2, 11004874)
Computing SNR for parameters: (np.float64(2063683.9533544676), np.float64(50.06675885726385), np.float64(0.8997350449566135), np.float64(10.321019397298405), 0.0, 1.0, 2.664236642201777, np.float64(0.19798484020722362), np.float64(0.19727281135422536), 0.8, 0.8, np.float64(0.24165884833534718), 0.5, 0.5, 0.0, False, False, False, True, np.float64(69.24407544132639), 0.0, False, 3.968727204155754e-05, 8.0, 1e-12, 4.0)
Waveform Generated. SNR: 199.7763127983235
calculating Fisher matrix...
Finished derivatives
Calculated Fisher is not positive semi-definite. Try lowering inspiral error tolerance or increasing the derivative order.
Time taken to compute FM is 3.123199701309204 seconds
    CV CV2#1 it 112 lam=2.2e-11 ov=0.9999745342 chi2=2.085e+00 rel=3.3e-03
Body is not plunging, Fisher should be stable.
waveform shape: (2, 11004874)
Computing SNR for parameters: (np.float64(2063662.0690560883), np.float64(50.06716554355788), np.float64(0.8997334747087967), np.float64(10.321094704955868), 0.0, 1.0, 2.664236642201777, np.float64(0.19797756295850144), np.float64(0.19738504752690247), 0.8, 0.8, np.float64(0.24198115049988567), 0.5, 0.5, 0.0, False, False, False, True, np.float64(69.60130912982495), 0.0, False, 3.968727204155754e-05, 8.0, 1e-12, 4.0)
Waveform Generated. SNR: 199.77501168312435
calculating Fisher matrix...
Finished derivatives
Calculated Fisher is not positive semi-definite. Try lowering inspiral error tolerance or increasing the derivative order.
Time taken to compute FM is 3.1203219890594482 seconds
    CV CV2#1 it 113 lam=2.1e-11 ov=0.9999746284 chi2=2.078e+00 rel=3.0e-03
Body is not plunging, Fisher should be stable.
waveform shape: (2, 11004874)
Computing SNR for parameters: (np.float64(2063640.85640547), np.float64(50.06755975483108), np.float64(0.899731952623045), np.float64(10.321167702618396), 0.0, 1.0, 2.664236642201777, np.float64(0.1979705132481562), np.float64(0.19749386889522746), 0.8, 0.8, np.float64(0.24229355301511224), 0.5, 0.5, 0.0, False, False, False, True, np.float64(69.94756882380611), 0.0, False, 3.968727204155754e-05, 8.0, 1e-12, 4.0)
Waveform Generated. SNR: 199.77375054165486
calculating Fisher matrix...
Finished derivatives
Calculated Fisher is not positive semi-definite. Try lowering inspiral error tolerance or increasing the derivative order.
Time taken to compute FM is 3.1209986209869385 seconds
    CV CV2#1 it 114 lam=2.1e-11 ov=0.9999747141 chi2=2.072e+00 rel=2.7e-03
Body is not plunging, Fisher should be stable.
waveform shape: (2, 11004874)
Computing SNR for parameters: (np.float64(2063620.3268997655), np.float64(50.06794127655296), np.float64(0.8997304795312697), np.float64(10.321238350601702), 0.0, 1.0, 2.664236642201777, np.float64(0.19796369467023311), np.float64(0.1975991929664359), 0.8, 0.8, np.float64(0.2425958752267699), 0.5, 0.5, 0.0, False, False, False, True, np.float64(70.28266665182798), 0.0, False, 3.968727204155754e-05, 8.0, 1e-12, 4.0)
Waveform Generated. SNR: 199.77253019704665
calculating Fisher matrix...
Finished derivatives
Calculated Fisher is *atleast* positive-definite.
Time taken to compute FM is 3.12575101852417 seconds
    CV CV2#1 it 115 lam=2.0e-11 ov=0.9999747917 chi2=2.066e+00 rel=2.5e-03
Body is not plunging, Fisher should be stable.
waveform shape: (2, 11004874)
Computing SNR for parameters: (np.float64(2063600.4943197493), np.float64(50.06830985184858), np.float64(0.8997290564292161), np.float64(10.321306601365258), 0.0, 1.0, 2.664236642201777, np.float64(0.19795711207029132), np.float64(0.19770092149893045), 0.8, 0.8, np.float64(0.24288793538207482), 0.5, 0.5, 0.0, False, False, False, True, np.float64(70.60637768884344), 0.0, False, 3.968727204155754e-05, 8.0, 1e-12, 4.0)
Waveform Generated. SNR: 199.77135175704436
calculating Fisher matrix...
Finished derivatives
Calculated Fisher is *atleast* positive-definite.
Time taken to compute FM is 3.113435745239258 seconds
    CV CV2#1 it 116 lam=1.9e-11 ov=0.9999748618 chi2=2.061e+00 rel=2.2e-03
Body is not plunging, Fisher should be stable.
waveform shape: (2, 11004874)
Computing SNR for parameters: (np.float64(2063581.3780113978), np.float64(50.068665120864935), np.float64(0.899727684701159), np.float64(10.321372388217727), 0.0, 1.0, 2.664236642201777, np.float64(0.19795077239002096), np.float64(0.19779899309195298), 0.8, 0.8, np.float64(0.24316944022976275), 0.5, 0.5, 0.0, False, False, False, True, np.float64(70.91838861161749), 0.0, False, 3.968727204155754e-05, 8.0, 1e-12, 4.0)
Waveform Generated. SNR: 199.77021615127805
calculating Fisher matrix...
Finished derivatives
Calculated Fisher is *atleast* positive-definite.
Time taken to compute FM is 3.130565643310547 seconds
    CV CV2#1 it 117 lam=1.9e-11 ov=0.9999749247 chi2=2.057e+00 rel=1.9e-03
Body is not plunging, Fisher should be stable.
waveform shape: (2, 11004874)
Computing SNR for parameters: (np.float64(2063562.9920070912), np.float64(50.06900682242242), np.float64(0.8997263653540781), np.float64(10.321435662753476), 0.0, 1.0, 2.664236642201777, np.float64(0.197944677511424), np.float64(0.19789334195330816), 0.8, 0.8, np.float64(0.24344017473003593), 0.5, 0.5, 0.0, False, False, False, True, np.float64(71.2184721869114), 0.0, False, 3.968727204155754e-05, 8.0, 1e-12, 4.0)
Waveform Generated. SNR: 199.7691239796407
calculating Fisher matrix...
Finished derivatives
Calculated Fisher is not positive semi-definite. Try lowering inspiral error tolerance or increasing the derivative order.
Time taken to compute FM is 3.126945972442627 seconds
    CV CV2#1 it 118 lam=1.8e-11 ov=0.9999749810 chi2=2.053e+00 rel=1.7e-03
Body is not plunging, Fisher should be stable.
waveform shape: (2, 11004874)
Computing SNR for parameters: (np.float64(2063545.3552544734), np.float64(50.06933460324935), np.float64(0.8997250997595949), np.float64(10.321496359651988), 0.0, 1.0, 2.664236642201777, np.float64(0.1979388366935719), np.float64(0.19798382581233517), 0.8, 0.8, np.float64(0.2436998731737702), 0.5, 0.5, 0.0, False, False, False, True, np.float64(71.50631748378336), 0.0, False, 3.968727204155754e-05, 8.0, 1e-12, 4.0)
Waveform Generated. SNR: 199.76807697282135
calculating Fisher matrix...
Finished derivatives
Calculated Fisher is *atleast* positive-definite.
Time taken to compute FM is 3.0987942218780518 seconds
    CV CV2#1 it 119 lam=1.7e-11 ov=0.9999750310 chi2=2.049e+00 rel=1.5e-03
Body is not plunging, Fisher should be stable.
waveform shape: (2, 11004874)
Computing SNR for parameters: (np.float64(2063528.4821481968), np.float64(50.069648195064396), np.float64(0.8997238889513889), np.float64(10.321554429261761), 0.0, 1.0, 2.664236642201777, np.float64(0.19793325349640528), np.float64(0.1980704048980695), 0.8, 0.8, np.float64(0.24394830672187773), 0.5, 0.5, 0.0, False, False, False, True, np.float64(71.78169017952608), 0.0, False, 3.968727204155754e-05, 8.0, 1e-12, 4.0)
Waveform Generated. SNR: 199.76707572250265
calculating stable deltas...
Time taken to compute stable deltas is 28.7342689037323 seconds
calculating Fisher matrix...
Finished derivatives
Calculated Fisher is *atleast* positive-definite.
Time taken to compute FM is 2.523142099380493 seconds
    CV CV2#1 it 120 lam=1.7e-11 ov=0.9999750752 chi2=2.046e+00 rel=1.3e-03
Body is not plunging, Fisher should be stable.
waveform shape: (2, 11004874)
Computing SNR for parameters: (np.float64(2063512.3941500129), np.float64(50.06994719896861), np.float64(0.8997227344674794), np.float64(10.321609797615816), 0.0, 1.0, 2.664236642201777, np.float64(0.19792793554241622), np.float64(0.19815296243618885), 0.8, 0.8, np.float64(0.24418517613682608), 0.5, 0.5, 0.0, False, False, False, True, np.float64(72.04424287194925), 0.0, False, 3.968727204155754e-05, 8.0, 1e-12, 4.0)
Waveform Generated. SNR: 199.76612152950727
calculating Fisher matrix...
Finished derivatives
Calculated Fisher is not positive semi-definite. Try lowering inspiral error tolerance or increasing the derivative order.
Time taken to compute FM is 3.1249852180480957 seconds
    CV CV2#1 it 121 lam=1.6e-11 ov=0.9999751141 chi2=2.043e+00 rel=1.1e-03
Body is not plunging, Fisher should be stable.
waveform shape: (2, 11004874)
Computing SNR for parameters: (np.float64(2063497.1103806123), np.float64(50.070231259102385), np.float64(0.8997216376840248), np.float64(10.321662398802943), 0.0, 1.0, 2.664236642201777, np.float64(0.1979228876148626), np.float64(0.19823137688901948), 0.8, 0.8, np.float64(0.24441020108578604), 0.5, 0.5, 0.0, False, False, False, True, np.float64(72.29366437348983), 0.0, False, 3.968727204155754e-05, 8.0, 1e-12, 4.0)
Waveform Generated. SNR: 199.76521543925122
calculating Fisher matrix...
Finished derivatives
Calculated Fisher is *atleast* positive-definite.
Time taken to compute FM is 3.103774309158325 seconds
    CV CV2#1 it 122 lam=1.6e-11 ov=0.9999751479 chi2=2.041e+00 rel=9.6e-04
Body is not plunging, Fisher should be stable.
waveform shape: (2, 11004874)
Computing SNR for parameters: (np.float64(2063482.653307325), np.float64(50.07049995744009), np.float64(0.899720600214602), np.float64(10.321712155396193), 0.0, 1.0, 2.664236642201777, np.float64(0.19791811668328668), np.float64(0.19830553543993962), 0.8, 0.8, np.float64(0.24462305830221348), 0.5, 0.5, 0.0, False, False, False, True, np.float64(72.52958920359113), 0.0, False, 3.968727204155754e-05, 8.0, 1e-12, 4.0)
Waveform Generated. SNR: 199.764358995871
calculating Fisher matrix...
Finished derivatives
Calculated Fisher is not positive semi-definite. Try lowering inspiral error tolerance or increasing the derivative order.
Time taken to compute FM is 3.116959810256958 seconds
    CV CV2#1 it 123 lam=1.6e-11 ov=0.9999751773 chi2=2.039e+00 rel=8.1e-04
Body is not plunging, Fisher should be stable.
waveform shape: (2, 11004874)
Computing SNR for parameters: (np.float64(2063469.0373000633), np.float64(50.07075302502146), np.float64(0.899719623101598), np.float64(10.321759017832603), 0.0, 1.0, 2.664236642201777, np.float64(0.1979136302967417), np.float64(0.19837540978739565), 0.8, 0.8, np.float64(0.24482349663411163), 0.5, 0.5, 0.0, False, False, False, True, np.float64(72.75177889800192), 0.0, False, 3.968727204155754e-05, 8.0, 1e-12, 4.0)
Waveform Generated. SNR: 199.7635531488804
calculating Fisher matrix...
Finished derivatives
Calculated Fisher is not positive semi-definite. Try lowering inspiral error tolerance or increasing the derivative order.
Time taken to compute FM is 3.1182498931884766 seconds
    CV CV2#1 it 124 lam=1.5e-11 ov=0.9999752025 chi2=2.037e+00 rel=6.7e-04
Body is not plunging, Fisher should be stable.
waveform shape: (2, 11004874)
Computing SNR for parameters: (np.float64(2063456.280251982), np.float64(50.070990129961864), np.float64(0.8997187076226385), np.float64(10.321802924438552), 0.0, 1.0, 2.664236642201777, np.float64(0.19790943274890635), np.float64(0.1984408708597301), 0.8, 0.8, np.float64(0.2450112829034073), 0.5, 0.5, 0.0, False, False, False, True, np.float64(72.95994647554336), 0.0, False, 3.968727204155754e-05, 8.0, 1e-12, 4.0)
Waveform Generated. SNR: 199.76279864535377
calculating Fisher matrix...
Finished derivatives
Calculated Fisher is *atleast* positive-definite.
Time taken to compute FM is 3.1245486736297607 seconds
    CV CV2#1 it 125 lam=1.5e-11 ov=0.9999752240 chi2=2.036e+00 rel=5.5e-04
Body is not plunging, Fisher should be stable.
waveform shape: (2, 11004874)
Computing SNR for parameters: (np.float64(2063444.3931730352), np.float64(50.07121106765259), np.float64(0.8997178545664696), np.float64(10.321843837230922), 0.0, 1.0, 2.664236642201777, np.float64(0.197905523670094), np.float64(0.1985018581841025), 0.8, 0.8, np.float64(0.24518626969263882), 0.5, 0.5, 0.0, False, False, False, True, np.float64(73.15391481581653), 0.0, False, 3.968727204155754e-05, 8.0, 1e-12, 4.0)
Waveform Generated. SNR: 199.7620960622156
calculating Fisher matrix...
Finished derivatives
Calculated Fisher is *atleast* positive-definite.
Time taken to compute FM is 3.1064207553863525 seconds
    CV CV2#1 it 126 lam=1.5e-11 ov=0.9999752422 chi2=2.035e+00 rel=4.5e-04
Body is not plunging, Fisher should be stable.
waveform shape: (2, 11004874)
Computing SNR for parameters: (np.float64(2063433.3843082292), np.float64(50.07141568266963), np.float64(0.8997170645393293), np.float64(10.321881727738718), 0.0, 1.0, 2.664236642201777, np.float64(0.1979019129415022), np.float64(0.198558364086941), 0.8, 0.8, np.float64(0.2453482898692984), 0.5, 0.5, 0.0, False, False, False, True, np.float64(73.33354383740112), 0.0, False, 3.968727204155754e-05, 8.0, 1e-12, 4.0)
Waveform Generated. SNR: 199.76144651418
calculating Fisher matrix...
Finished derivatives
Calculated Fisher is *atleast* positive-definite.
Time taken to compute FM is 3.108912706375122 seconds
    CV CV2#1 it 127 lam=1.5e-11 ov=0.9999752573 chi2=2.034e+00 rel=3.6e-04
Body is not plunging, Fisher should be stable.
waveform shape: (2, 11004874)
Computing SNR for parameters: (np.float64(2063423.2467161382), np.float64(50.07160410546939), np.float64(0.899716337032673), np.float64(10.321916619781092), 0.0, 1.0, 2.664236642201777, np.float64(0.19789859136027016), np.float64(0.1986103640811012), 0.8, 0.8, np.float64(0.24549749618950584), 0.5, 0.5, 0.0, False, False, False, True, np.float64(73.49895399806438), 0.0, False, 3.968727204155754e-05, 8.0, 1e-12, 4.0)
Waveform Generated. SNR: 199.76084898944148
calculating Fisher matrix...
Finished derivatives
Calculated Fisher is not positive semi-definite. Try lowering inspiral error tolerance or increasing the derivative order.
Time taken to compute FM is 3.1152541637420654 seconds
    CV CV2#1 it 128 lam=1.5e-11 ov=0.9999752699 chi2=2.033e+00 rel=2.8e-04
Body is not plunging, Fisher should be stable.
waveform shape: (2, 11004874)
Computing SNR for parameters: (np.float64(2063413.9657164288), np.float64(50.0717766079002), np.float64(0.8997156709966269), np.float64(10.321948563809432), 0.0, 1.0, 2.664236642201777, np.float64(0.19789555335472866), np.float64(0.19865798604496573), 0.8, 0.8, np.float64(0.24563408759310645), 0.5, 0.5, 0.0, False, False, False, True, np.float64(73.65038345811588), 0.0, False, 3.968727204155754e-05, 8.0, 1e-12, 4.0)
Waveform Generated. SNR: 199.76030222220191
calculating Fisher matrix...
Finished derivatives
Calculated Fisher is not positive semi-definite. Try lowering inspiral error tolerance or increasing the derivative order.
Time taken to compute FM is 3.0930683612823486 seconds
    CV CV2#1 it 129 lam=1.5e-11 ov=0.9999752803 chi2=2.033e+00 rel=2.2e-04
Body is not plunging, Fisher should be stable.
waveform shape: (2, 11004874)
Computing SNR for parameters: (np.float64(2063405.504810846), np.float64(50.0719338683411), np.float64(0.8997150638125229), np.float64(10.321977685382958), 0.0, 1.0, 2.664236642201777, np.float64(0.19789278769096863), np.float64(0.1987013796723889), 0.8, 0.8, np.float64(0.24575860619820858), 0.5, 0.5, 0.0, False, False, False, True, np.float64(73.78842928974827), 0.0, False, 3.968727204155754e-05, 8.0, 1e-12, 4.0)
Waveform Generated. SNR: 199.75980442103022
calculating stable deltas...
Time taken to compute stable deltas is 28.662726163864136 seconds
calculating Fisher matrix...
Finished derivatives
Calculated Fisher is not positive semi-definite. Try lowering inspiral error tolerance or increasing the derivative order.
Time taken to compute FM is 2.5068068504333496 seconds
    CV CV2#1 it 130 lam=1.5e-11 ov=0.9999752887 chi2=2.032e+00 rel=1.6e-04
Body is not plunging, Fisher should be stable.
waveform shape: (2, 11004874)
Computing SNR for parameters: (np.float64(2063397.8155501438), np.float64(50.07207678681793), np.float64(0.8997145120033995), np.float64(10.322004151201487), 0.0, 1.0, 2.664236642201777, np.float64(0.19789027636995932), np.float64(0.19874084279930093), 0.8, 0.8, np.float64(0.24587175248856405), 0.5, 0.5, 0.0, False, False, False, True, np.float64(73.91388205178093), 0.0, False, 3.968727204155754e-05, 8.0, 1e-12, 4.0)
Waveform Generated. SNR: 199.75935198962162
calculating Fisher matrix...
Finished derivatives
Calculated Fisher is *atleast* positive-definite.
Time taken to compute FM is 3.1335976123809814 seconds
    CV CV2#1 it 131 lam=1.5e-11 ov=0.9999752955 chi2=2.032e+00 rel=1.2e-04
Body is not plunging, Fisher should be stable.
waveform shape: (2, 11004874)
Computing SNR for parameters: (np.float64(2063390.8336940813), np.float64(50.07220655804916), np.float64(0.8997140109547126), np.float64(10.322028182331806), 0.0, 1.0, 2.664236642201777, np.float64(0.19788799525058584), np.float64(0.1987766589973934), 0.8, 0.8, np.float64(0.24597450310865557), 0.5, 0.5, 0.0, False, False, False, True, np.float64(74.02779348307243), 0.0, False, 3.968727204155754e-05, 8.0, 1e-12, 4.0)
Waveform Generated. SNR: 199.75894137691307
calculating Fisher matrix...
Finished derivatives
Calculated Fisher is not positive semi-definite. Try lowering inspiral error tolerance or increasing the derivative order.
Time taken to compute FM is 3.1138787269592285 seconds
    CV CV2#1 it 132 lam=1.5e-11 ov=0.9999753011 chi2=2.032e+00 rel=9.0e-05
Body is not plunging, Fisher should be stable.
waveform shape: (2, 11004874)
Computing SNR for parameters: (np.float64(2063384.4945294126), np.float64(50.07232438377601), np.float64(0.8997135560277185), np.float64(10.322050001469979), 0.0, 1.0, 2.664236642201777, np.float64(0.19788592594262625), np.float64(0.19880920371672267), 0.8, 0.8, np.float64(0.24606777809644723), 0.5, 0.5, 0.0, False, False, False, True, np.float64(74.13121677494385), 0.0, False, 3.968727204155754e-05, 8.0, 1e-12, 4.0)
Waveform Generated. SNR: 199.75856849310995
calculating Fisher matrix...
Finished derivatives
Calculated Fisher is not positive semi-definite. Try lowering inspiral error tolerance or increasing the derivative order.
Time taken to compute FM is 3.115311861038208 seconds
    CV CV2#1 it 133 lam=1.5e-11 ov=0.9999753056 chi2=2.031e+00 rel=6.4e-05
Body is not plunging, Fisher should be stable.
waveform shape: (2, 11004874)
Computing SNR for parameters: (np.float64(2063378.7536307645), np.float64(50.07243109013042), np.float64(0.8997131440338169), np.float64(10.322069761497223), 0.0, 1.0, 2.664236642201777, np.float64(0.1978840527775443), np.float64(0.19883865991352437), 0.8, 0.8, np.float64(0.24615225540666422), 0.5, 0.5, 0.0, False, False, False, True, np.float64(74.22487869700375), 0.0, False, 3.968727204155754e-05, 8.0, 1e-12, 4.0)
Waveform Generated. SNR: 199.7582308900995
calculating Fisher matrix...
Finished derivatives
Calculated Fisher is not positive semi-definite. Try lowering inspiral error tolerance or increasing the derivative order.
Time taken to compute FM is 3.1007227897644043 seconds
    CV CV2#1 it 134 lam=1.5e-11 ov=0.9999753092 chi2=2.031e+00 rel=4.4e-05
Body is not plunging, Fisher should be stable.
waveform shape: (2, 11004874)
Computing SNR for parameters: (np.float64(2063373.6075687353), np.float64(50.07252674017644), np.float64(0.8997127747312098), np.float64(10.322087474187741), 0.0, 1.0, 2.664236642201777, np.float64(0.1978823779744673), np.float64(0.19886505640933644), 0.8, 0.8, np.float64(0.24622797430946705), 0.5, 0.5, 0.0, False, False, False, True, np.float64(74.30883350322023), 0.0, False, 3.968727204155754e-05, 8.0, 1e-12, 4.0)
Waveform Generated. SNR: 199.7579291621645
calculating Fisher matrix...
Finished derivatives
Calculated Fisher is not positive semi-definite. Try lowering inspiral error tolerance or increasing the derivative order.
Time taken to compute FM is 3.1006526947021484 seconds
    CV CV2#1 it 135 lam=1.7e-11 ov=0.9999753121 chi2=2.031e+00 rel=2.8e-05
Body is not plunging, Fisher should be stable.
waveform shape: (2, 11004874)
Computing SNR for parameters: (np.float64(2063369.1124607143), np.float64(50.07261028974141), np.float64(0.8997124521559471), np.float64(10.322102946356832), 0.0, 1.0, 2.664236642201777, np.float64(0.19788092554584544), np.float64(0.1988881118908104), 0.8, 0.8, np.float64(0.24629409371517774), 0.5, 0.5, 0.0, False, False, False, True, np.float64(74.38216219944438), 0.0, False, 3.968727204155754e-05, 8.0, 1e-12, 4.0)
Waveform Generated. SNR: 199.75766718623007
calculating Fisher matrix...
Finished derivatives
Calculated Fisher is *atleast* positive-definite.
Time taken to compute FM is 3.0959901809692383 seconds
    CV CV2#1 it 136 lam=2.1e-11 ov=0.9999753144 chi2=2.031e+00 rel=1.5e-05
Body is not plunging, Fisher should be stable.
waveform shape: (2, 11004874)
Computing SNR for parameters: (np.float64(2063365.3982944593), np.float64(50.072679321688526), np.float64(0.8997121856448861), np.float64(10.322115730556865), 0.0, 1.0, 2.664236642201777, np.float64(0.1978797423206365), np.float64(0.19890716634562683), 0.8, 0.8, np.float64(0.24634868060914306), 0.5, 0.5, 0.0, False, False, False, True, np.float64(74.4427409396748), 0.0, False, 3.968727204155754e-05, 8.0, 1e-12, 4.0)
Waveform Generated. SNR: 199.7574531194224
calculating Fisher matrix...
Finished derivatives
Calculated Fisher is not positive semi-definite. Try lowering inspiral error tolerance or increasing the derivative order.
Time taken to compute FM is 3.109243154525757 seconds
    CV CV2#1 it 137 lam=3.0e-11 ov=0.9999753161 chi2=2.031e+00 rel=7.3e-06
Body is not plunging, Fisher should be stable.
waveform shape: (2, 11004874)
Computing SNR for parameters: (np.float64(2063362.590899981), np.float64(50.07273149791853), np.float64(0.8997119842236396), np.float64(10.322125393657013), 0.0, 1.0, 2.664236642201777, np.float64(0.1978788671125551), np.float64(0.1989215434428721), 0.8, 0.8, np.float64(0.24638991342650385), 0.5, 0.5, 0.0, False, False, False, True, np.float64(74.48852008584774), 0.0, False, 3.968727204155754e-05, 8.0, 1e-12, 4.0)
Waveform Generated. SNR: 199.7572943079718
calculating Fisher matrix...
Finished derivatives
Calculated Fisher is not positive semi-definite. Try lowering inspiral error tolerance or increasing the derivative order.
Time taken to compute FM is 3.1126439571380615 seconds
    CV CV2#1 it 138 lam=4.9e-11 ov=0.9999753172 chi2=2.031e+00 rel=2.6e-06
Body is not plunging, Fisher should be stable.
waveform shape: (2, 11004874)
Computing SNR for parameters: (np.float64(2063360.6906820151), np.float64(50.07276681142699), np.float64(0.8997118479140969), np.float64(10.322131934243286), 0.0, 1.0, 2.664236642201777, np.float64(0.19787829353109532), np.float64(0.19893126130797104), 0.8, 0.8, np.float64(0.24641778654225538), 0.5, 0.5, 0.0, False, False, False, True, np.float64(74.51949587900567), 0.0, False, 3.968727204155754e-05, 8.0, 1e-12, 4.0)
Waveform Generated. SNR: 199.75718976296457
calculating Fisher matrix...
Finished derivatives
Calculated Fisher is *atleast* positive-definite.
Time taken to compute FM is 3.120814323425293 seconds
    CV CV2#1 it 139 lam=9.0e-11 ov=0.9999753179 chi2=2.031e+00 rel=6.1e-07
Body is not plunging, Fisher should be stable.
waveform shape: (2, 11004874)
Computing SNR for parameters: (np.float64(2063359.5584488108), np.float64(50.07278785044337), np.float64(0.8997117667166289), np.float64(10.322135831407362), 0.0, 1.0, 2.664236642201777, np.float64(0.19787796747790154), np.float64(0.19893704327121697), 0.8, 0.8, np.float64(0.2464343585856472), 0.5, 0.5, 0.0, False, False, False, True, np.float64(74.53794356024315), 0.0, False, 3.968727204155754e-05, 8.0, 1e-12, 4.0)
Waveform Generated. SNR: 199.7571299112884
calculating stable deltas...
Time taken to compute stable deltas is 28.550865173339844 seconds
calculating Fisher matrix...
Finished derivatives
Calculated Fisher is *atleast* positive-definite.
Time taken to compute FM is 2.5070416927337646 seconds
    CV CV2#1 it 140 lam=1.8e-10 ov=0.9999753183 chi2=2.031e+00 rel=6.3e-08
Body is not plunging, Fisher should be stable.
waveform shape: (2, 11004874)
Computing SNR for parameters: (np.float64(2063358.9501682378), np.float64(50.0727991525214), np.float64(0.8997117231030826), np.float64(10.322137925116268), 0.0, 1.0, 2.664236642201777, np.float64(0.19787779958135682), np.float64(0.1989401422416128), 0.8, 0.8, np.float64(0.24644325090852612), 0.5, 0.5, 0.0, False, False, False, True, np.float64(74.54785078195714), 0.0, False, 3.968727204155754e-05, 8.0, 1e-12, 4.0)
Waveform Generated. SNR: 199.7570989042465
calculating Fisher matrix...
Finished derivatives
Calculated Fisher is *atleast* positive-definite.
Time taken to compute FM is 3.0915536880493164 seconds
    CV CV2#1 it 141 lam=1.8e-08 ov=0.9999753184 chi2=2.031e+00 rel=2.0e-08
Body is not plunging, Fisher should be stable.
waveform shape: (2, 11004874)
Computing SNR for parameters: (np.float64(2063358.9470629834), np.float64(50.072799206709384), np.float64(0.899711722915822), np.float64(10.322137935794155), 0.0, 1.0, 2.664236642201777, np.float64(0.19787783451825897), np.float64(0.19894012442038134), 0.8, 0.8, np.float64(0.2464432786660953), 0.5, 0.5, 0.0, False, False, False, True, np.float64(74.54788744519824), 0.0, False, 3.968727204155754e-05, 8.0, 1e-12, 4.0)
Waveform Generated. SNR: 199.75710437192998
calculating Fisher matrix...
Finished derivatives
Calculated Fisher is *atleast* positive-definite.
Time taken to compute FM is 3.1071243286132812 seconds
    CV CV2#1 it 142 lam=6.0e+02 ov=0.9999753184 chi2=2.031e+00 rel=1.1e-09
Body is not plunging, Fisher should be stable.
waveform shape: (2, 11004874)
Computing SNR for parameters: (np.float64(2063358.9470629834), np.float64(50.072799206709384), np.float64(0.899711722915822), np.float64(10.322137935794155), 0.0, 1.0, 2.664236642201777, np.float64(0.19787783451843574), np.float64(0.1989401244192068), 0.8, 0.8, np.float64(0.24644327866550095), 0.5, 0.5, 0.0, False, False, False, True, np.float64(74.54788744519841), 0.0, False, 3.968727204155754e-05, 8.0, 1e-12, 4.0)
Waveform Generated. SNR: 199.75710437185177
calculating Fisher matrix...
Finished derivatives
Calculated Fisher is not positive semi-definite. Try lowering inspiral error tolerance or increasing the derivative order.
Time taken to compute FM is 3.1113944053649902 seconds
    CV CV2#1 it 143 lam=2.0e+04 ov=0.9999753184 chi2=2.031e+00 rel=3.3e-12
    NM CV2 nfev=956 ov 0.9999753184 -> 0.9999753184 (accepted=False)
Body is not plunging, Fisher should be stable.
waveform shape: (2, 11004874)
Computing SNR for parameters: (np.float64(2063358.9470629834), np.float64(50.072799206709384), np.float64(0.899711722915822), np.float64(10.322137935794155), 0.0, 1.0, 2.664236642201777, np.float64(0.19787783451844082), np.float64(0.19894012441917197), 0.8, 0.8, np.float64(0.24644327866548357), 0.5, 0.5, 0.0, False, False, False, True, np.float64(74.54788744519841), 0.0, False, 3.968727204155754e-05, 8.0, 1e-12, 4.0)
Waveform Generated. SNR: 199.75710437185157
calculating stable deltas...
Time taken to compute stable deltas is 28.571523427963257 seconds
calculating Fisher matrix...
Finished derivatives
Calculated Fisher is not positive semi-definite. Try lowering inspiral error tolerance or increasing the derivative order.
Time taken to compute FM is 2.500669479370117 seconds
    CV CV2#2 it   0 lam=3.3e+03 ov=0.9999753184 chi2=2.031e+00 rel=5.4e-12
[stage] CV climb   ov = 0.9999753184  chi2 = 2.031127e+00  20.9 min
Body is not plunging, Fisher should be stable.
waveform shape: (2, 11004874)
Computing SNR for parameters: (np.float64(2063358.9470629834), np.float64(50.072799206709384), np.float64(0.899711722915822), np.float64(10.322137935794155), 0.0, 1.0, 2.664236642201777, np.float64(0.1978778345184713), np.float64(0.19894012441896336), 0.8, 0.8, np.float64(0.2464432786653795), 0.5, 0.5, 0.0, False, False, False, True, np.float64(74.54788744519844), 0.0, False, 3.968727204155754e-05, 8.0, 1e-12, 4.0)
Waveform Generated. SNR: 199.7571043718794
calculating stable deltas...
Time taken to compute stable deltas is 28.658048152923584 seconds
calculating Fisher matrix...
Finished derivatives
Calculated Fisher is not positive semi-definite. Try lowering inspiral error tolerance or increasing the derivative order.
Time taken to compute FM is 2.5152170658111572 seconds
[FISH] 0PA+PN final: cond = 1.214e+21, 32.8 s

    param           injected           injected                 DE           CV climb        sigma    b/sigma
       m1        2067045.419        2067045.419        2067798.193        2063358.947   1.4500e+03    -2.5423
       m2                 50                 50        49.99018411        50.07279921   2.6976e-02    +2.6987
        a                0.9                0.9       0.9000317273       0.8997117229   1.0437e-04    -2.7621
       p0        10.30948048        10.30948048        10.30688399        10.32213794   4.9911e-03    +2.5360
       qS                0.2                0.2       0.1998923993       0.1978778345   2.5330e-03    -0.8378
     phiS                0.2                0.2       0.1772451604       0.1989401244   1.4341e-02    -0.0739
 Phi_phi0                0.3                0.3       0.1740878293       0.2464432787   3.7551e-02    -1.4262
      C_p                  0                  0       0.9999950057        74.54788745   2.3856e+01    +3.1249

[done] ov: injected -0.0156565709 -> DE 0.9998549090 -> CV climb 0.9999753184
[done] population run reached 0.0075558532 (0PA), 0.0075783786 (0PA+PN)
[done] total 6.89 h
[saved] /home/svu/e1583490/EMRI_CV_bias/harder_environmental/results_cv_de_cv_pn_s13_inj5.json
