startup
======================================================================
[idx0] SNR=341.83  overlap(start) = 0.9891928
Body is plunging! Expect instabilities.
Removed last 6 hours of inspiral. New evolution time: 0.26011138646714366 years
waveform shape: (3, 6311629)
Computing SNR for parameters: (np.float64(1001759.2549), np.float64(4995.0935), np.float64(0.703994), np.float64(24.96744), np.float64(0.249804), 1.0, 12.0, np.float64(0.823991), np.float64(0.997843), 1.0, 1.0471975511965976, np.float64(0.859946), 0.5, np.float64(0.447855), 0.95, False, False, False, False)
Waveform Generated. SNR: 353.51461716120843
calculating stable deltas...
plunging! t_interp:  8230234.089333607 t_traj:  8223700.201366242
plunging! t_interp:  8230234.089333607 t_traj:  8225333.4301079735
plunging! t_interp:  8230234.089333607 t_traj:  8226966.821016447
plunging! t_interp:  8230234.089333607 t_traj:  8228600.374091659
plunging! t_interp:  8230234.089333607 t_traj:  8227939.620413855
plunging! t_interp:  8230234.089333607 t_traj:  8228513.2076547835
plunging! t_interp:  8230234.089333607 t_traj:  8229086.814888383
plunging! t_interp:  8230234.089333607 t_traj:  8229660.44211466
plunging! t_interp:  8230234.089333607 t_traj:  8229428.420862896
plunging! t_interp:  8230234.089333607 t_traj:  8229629.83428339
plunging! t_interp:  8230234.089333607 t_traj:  8229831.250168672
plunging! t_interp:  8230234.089333607 t_traj:  8230032.668518744
plunging! t_interp:  8230234.089333607 t_traj:  8229951.199193604
plunging! t_interp:  8230234.089333607 t_traj:  8230021.921272799
plunging! t_interp:  8230234.089333607 t_traj:  8230092.643655865
plunging! t_interp:  8230234.089333607 t_traj:  8230163.366342803
plunging! t_interp:  8230234.089333607 t_traj:  8230134.760627624
plunging! t_interp:  8230234.089333607 t_traj:  8230159.592747927
plunging! t_interp:  8230234.089333607 t_traj:  8230184.424905691
plunging! t_interp:  8230234.089333607 t_traj:  8230209.2571009165
plunging! t_interp:  8230234.089333607 t_traj:  8230199.213052184
plunging! t_interp:  8230234.089333607 t_traj:  8230207.93211561
plunging! t_interp:  8230234.089333607 t_traj:  8230216.651183657
plunging! t_interp:  8230234.089333607 t_traj:  8230225.3702563215
plunging! t_interp:  8230234.089333607 t_traj:  8230221.843594084
plunging! t_interp:  8230234.089333607 t_traj:  8230224.905028109
plunging! t_interp:  8230234.089333607 t_traj:  8230227.966462708
plunging! t_interp:  8230234.089333607 t_traj:  8230231.027897873
plunging! t_interp:  8230234.089333607 t_traj:  8230229.789618631
plunging! t_interp:  8230234.089333607 t_traj:  8230230.86454727
plunging! t_interp:  8230234.089333607 t_traj:  8230231.939475981
plunging! t_interp:  8230234.089333607 t_traj:  8230233.014404758
plunging! t_interp:  8230234.089333607 t_traj:  8230232.579621113
plunging! t_interp:  8230234.089333607 t_traj:  8230232.95704922
plunging! t_interp:  8230234.089333607 t_traj:  8230233.334477343
plunging! t_interp:  8230234.089333607 t_traj:  8230233.711905473
plunging! t_interp:  8230234.089333607 t_traj:  8230233.559244587
plunging! t_interp:  8230234.089333607 t_traj:  8230233.69176684
plunging! t_interp:  8230234.089333607 t_traj:  8230233.824289094
plunging! t_interp:  8230234.089333607 t_traj:  8230233.956811351
plunging! t_interp:  8230234.089333607 t_traj:  8230233.903209187
plunging! t_interp:  8230234.089333607 t_traj:  8230233.9497402925
plunging! t_interp:  8230234.089333607 t_traj:  8230233.996271397
plunging! t_interp:  8230234.089333607 t_traj:  8230234.0428025015
plunging! t_interp:  8230234.089333607 t_traj:  8230234.023981755
plunging! t_interp:  8230234.089333607 t_traj:  8230234.040319717
plunging! t_interp:  8230234.089333607 t_traj:  8230234.056657681
plunging! t_interp:  8230234.089333607 t_traj:  8230234.072995647
plunging! t_interp:  8230234.089333607 t_traj:  8229423.397492484
plunging! t_interp:  8230234.089333607 t_traj:  8228612.86776946
plunging! t_interp:  8230234.089333607 t_traj:  8227802.500115915
plunging! t_interp:  8230234.089333607 t_traj:  8226992.294483254
plunging! t_interp:  8230234.089333607 t_traj:  8229949.421413359
plunging! t_interp:  8230234.089333607 t_traj:  8229664.773483679
plunging! t_interp:  8230234.089333607 t_traj:  8229380.1455424605
plunging! t_interp:  8230234.089333607 t_traj:  8229095.537587599
plunging! t_interp:  8230234.089333607 t_traj:  8230134.134691347
plunging! t_interp:  8230234.089333607 t_traj:  8230034.182513787
plunging! t_interp:  8230234.089333607 t_traj:  8229934.232800837
plunging! t_interp:  8230234.089333607 t_traj:  8229834.285552398
plunging! t_interp:  8230234.089333607 t_traj:  8230198.993061462
plunging! t_interp:  8230234.089333607 t_traj:  8230163.897093183
plunging! t_interp:  8230234.089333607 t_traj:  8230128.801428763
plunging! t_interp:  8230234.089333607 t_traj:  8230093.706068205
plunging! t_interp:  8230234.089333607 t_traj:  8230221.766324926
plunging! t_interp:  8230234.089333607 t_traj:  8230209.443353705
plunging! t_interp:  8230234.089333607 t_traj:  8230197.120419948
plunging! t_interp:  8230234.089333607 t_traj:  8230184.797523653
plunging! t_interp:  8230234.089333607 t_traj:  8230229.762484721
plunging! t_interp:  8230234.089333607 t_traj:  8230225.435640446
plunging! t_interp:  8230234.089333607 t_traj:  8230221.108800793
plunging! t_interp:  8230234.089333607 t_traj:  8230216.7819657605
plunging! t_interp:  8230234.089333607 t_traj:  8230232.570093475
plunging! t_interp:  8230234.089333607 t_traj:  8230231.050853912
plunging! t_interp:  8230234.089333607 t_traj:  8230229.531614922
plunging! t_interp:  8230234.089333607 t_traj:  8230228.012376498
plunging! t_interp:  8230234.089333607 t_traj:  8230233.555899202
plunging! t_interp:  8230234.089333607 t_traj:  8230233.022464871
plunging! t_interp:  8230234.089333607 t_traj:  8230232.489030607
plunging! t_interp:  8230234.089333607 t_traj:  8230231.9555964125
plunging! t_interp:  8230234.089333607 t_traj:  8230233.902034556
plunging! t_interp:  8230234.089333607 t_traj:  8230233.714735507
plunging! t_interp:  8230234.089333607 t_traj:  8230233.52743647
plunging! t_interp:  8230234.089333607 t_traj:  8230233.340137439
plunging! t_interp:  8230234.089333607 t_traj:  8230234.0235693185
plunging! t_interp:  8230234.089333607 t_traj:  8230233.957805028
plunging! t_interp:  8230234.089333607 t_traj:  8230233.892040743
plunging! t_interp:  8230234.089333607 t_traj:  8230233.826276452
plunging! t_interp:  8230234.089333607 t_traj:  8230234.066242506
plunging! t_interp:  8230234.089333607 t_traj:  8230234.043151403
plunging! t_interp:  8230234.089333607 t_traj:  8230234.020060301
plunging! t_interp:  8230234.089333607 t_traj:  8230233.996969195
plunging! t_interp:  8230234.089333607 t_traj:  8230234.08122588
plunging! t_interp:  8230234.089333607 t_traj:  8230234.07311815
plunging! t_interp:  8230234.089333607 t_traj:  8230234.065010422
plunging! t_interp:  8230234.089333607 t_traj:  8230234.05690269
plunging! t_interp:  8230234.089333607 t_traj:  8229853.64758726
plunging! t_interp:  8230234.089333607 t_traj:  8229948.758995937
plunging! t_interp:  8230234.089333607 t_traj:  8230043.869750732
plunging! t_interp:  8230234.089333607 t_traj:  8230138.979904248
plunging! t_interp:  8230234.089333607 t_traj:  8230100.510129544
plunging! t_interp:  8230234.089333607 t_traj:  8230133.905082237
plunging! t_interp:  8230234.089333607 t_traj:  8230167.299944449
plunging! t_interp:  8230234.089333607 t_traj:  8230200.694667344
plunging! t_interp:  8230234.089333607 t_traj:  8230187.187295795
plunging! t_interp:  8230234.089333607 t_traj:  8230198.912857879
plunging! t_interp:  8230234.089333607 t_traj:  8230210.638359525
plunging! t_interp:  8230234.089333607 t_traj:  8230222.363564084
plunging! t_interp:  8230234.089333607 t_traj:  8230217.621121372
plunging! t_interp:  8230234.089333607 t_traj:  8230221.738211323
plunging! t_interp:  8230234.089333607 t_traj:  8230225.855228625
plunging! t_interp:  8230234.089333607 t_traj:  8230229.972284628
plunging! t_interp:  8230234.089333607 t_traj:  8230228.307086964
plunging! t_interp:  8230234.089333607 t_traj:  8230229.752638698
plunging! t_interp:  8230234.089333607 t_traj:  8230231.198174777
plunging! t_interp:  8230234.089333607 t_traj:  8230232.643780044
plunging! t_interp:  8230234.089333607 t_traj:  8230232.059094893
plunging! t_interp:  8230234.089333607 t_traj:  8230232.56664739
plunging! t_interp:  8230234.089333607 t_traj:  8230233.074255496
plunging! t_interp:  8230234.089333607 t_traj:  8230233.581755218
plunging! t_interp:  8230234.089333607 t_traj:  8230233.376496481
plunging! t_interp:  8230234.089333607 t_traj:  8230233.55468733
plunging! t_interp:  8230234.089333607 t_traj:  8230233.732925791
plunging! t_interp:  8230234.089333607 t_traj:  8230233.911143636
plunging! t_interp:  8230234.089333607 t_traj:  8230233.839053791
plunging! t_interp:  8230234.089333607 t_traj:  8230233.90162641
plunging! t_interp:  8230234.089333607 t_traj:  8230233.964204791
plunging! t_interp:  8230234.089333607 t_traj:  8230234.02677142
plunging! t_interp:  8230234.089333607 t_traj:  8230234.00145812
plunging! t_interp:  8230234.089333607 t_traj:  8230234.0233439775
plunging! t_interp:  8230234.089333607 t_traj:  8230234.04617471
plunging! t_interp:  8230234.089333607 t_traj:  8230234.067391783
plunging! t_interp:  8230234.089333607 t_traj:  8230234.058473334
plunging! t_interp:  8230234.089333607 t_traj:  8230234.06620174
plunging! t_interp:  8230234.089333607 t_traj:  8230234.0739238
plunging! t_interp:  8230234.089333607 t_traj:  8230234.081645936
plunging! t_interp:  8230234.089333607 t_traj:  8230234.078492906
plunging! t_interp:  8230234.089333607 t_traj:  8230234.081230866
plunging! t_interp:  8230234.089333607 t_traj:  8230234.083925933
plunging! t_interp:  8230234.089333607 t_traj:  8230234.087407545
plunging! t_interp:  8230234.089333607 t_traj:  8230234.085585729
plunging! t_interp:  8230234.089333607 t_traj:  8230234.086506954
plunging! t_interp:  8230234.089333607 t_traj:  8230234.087417485
plunging! t_interp:  8230234.089333607 t_traj:  8230234.088403847
plunging! t_interp:  8230234.089333607 t_traj:  8217133.876390381
plunging! t_interp:  8230234.089333607 t_traj:  8220407.469793104
plunging! t_interp:  8230234.089333607 t_traj:  8223682.036369791
plunging! t_interp:  8230234.089333607 t_traj:  8226957.576122837
plunging! t_interp:  8230234.089333607 t_traj:  8225632.579370901
plunging! t_interp:  8230234.089333607 t_traj:  8226782.7768654125
plunging! t_interp:  8230234.089333607 t_traj:  8227933.094123928
plunging! t_interp:  8230234.089333607 t_traj:  8229083.531799334
plunging! t_interp:  8230234.089333607 t_traj:  8228618.192231919
plunging! t_interp:  8230234.089333607 t_traj:  8229022.14430986
plunging! t_interp:  8230234.089333607 t_traj:  8229426.111170487
plunging! t_interp:  8230234.089333607 t_traj:  8229830.092855714
plunging! t_interp:  8230234.089333607 t_traj:  8229666.6899190815
plunging! t_interp:  8230234.089333607 t_traj:  8229808.537047633
plunging! t_interp:  8230234.089333607 t_traj:  8229950.385954051
plunging! t_interp:  8230234.089333607 t_traj:  8230092.236764912
plunging! t_interp:  8230234.089333607 t_traj:  8230034.861229269
plunging! t_interp:  8230234.089333607 t_traj:  8230084.667879268
plunging! t_interp:  8230234.089333607 t_traj:  8230134.474841903
plunging! t_interp:  8230234.089333607 t_traj:  8230184.282016501
plunging! t_interp:  8230234.089333607 t_traj:  8230164.136127376
plunging! t_interp:  8230234.089333607 t_traj:  8230181.624398661
plunging! t_interp:  8230234.089333607 t_traj:  8230199.112724585
plunging! t_interp:  8230234.089333607 t_traj:  8230216.600995181
plunging! t_interp:  8230234.089333607 t_traj:  8230209.527388237
plunging! t_interp:  8230234.089333607 t_traj:  8230215.667883297
plunging! t_interp:  8230234.089333607 t_traj:  8230221.808342042
plunging! t_interp:  8230234.089333607 t_traj:  8230227.948869093
plunging! t_interp:  8230234.089333607 t_traj:  8230225.465169142
plunging! t_interp:  8230234.089333607 t_traj:  8230227.621214203
plunging! t_interp:  8230234.089333607 t_traj:  8230229.777252393
plunging! t_interp:  8230234.089333607 t_traj:  8230231.933275271
plunging! t_interp:  8230234.089333607 t_traj:  8230231.061208396
plunging! t_interp:  8230234.089333607 t_traj:  8230231.818303569
plunging! t_interp:  8230234.089333607 t_traj:  8230232.575296705
plunging! t_interp:  8230234.089333607 t_traj:  8230233.332362516
plunging! t_interp:  8230234.089333607 t_traj:  8230233.02610824
plunging! t_interp:  8230234.089333607 t_traj:  8230233.291944444
plunging! t_interp:  8230234.089333607 t_traj:  8230233.557771797
plunging! t_interp:  8230234.089333607 t_traj:  8230233.823534927
plunging! t_interp:  8230234.089333607 t_traj:  8230233.716005671
plunging! t_interp:  8230234.089333607 t_traj:  8230233.8093379615
plunging! t_interp:  8230234.089333607 t_traj:  8230233.902730458
plunging! t_interp:  8230234.089333607 t_traj:  8230233.996041127
plunging! t_interp:  8230234.089333607 t_traj:  8230233.958282702
plunging! t_interp:  8230234.089333607 t_traj:  8230233.991016758
plunging! t_interp:  8230234.089333607 t_traj:  8230234.023845528
plunging! t_interp:  8230234.089333607 t_traj:  8230234.05658605
plunging! t_interp:  8230234.089333607 t_traj:  8230090.6489984775
plunging! t_interp:  8230234.089333607 t_traj:  8230126.501534298
plunging! t_interp:  8230234.089333607 t_traj:  8230162.359070089
plunging! t_interp:  8230234.089333607 t_traj:  8230198.221652361
plunging! t_interp:  8230234.089333607 t_traj:  8230183.715511245
plunging! t_interp:  8230234.089333607 t_traj:  8230196.308050146
plunging! t_interp:  8230234.089333607 t_traj:  8230208.901172899
plunging! t_interp:  8230234.089333607 t_traj:  8230221.494949187
plunging! t_interp:  8230234.089333607 t_traj:  8230216.401012433
plunging! t_interp:  8230234.089333607 t_traj:  8230220.822963808
plunging! t_interp:  8230234.089333607 t_traj:  8230225.244982276
plunging! t_interp:  8230234.089333607 t_traj:  8230229.667143159
plunging! t_interp:  8230234.089333607 t_traj:  8230227.8784846105
plunging! t_interp:  8230234.089333607 t_traj:  8230229.431196226
plunging! t_interp:  8230234.089333607 t_traj:  8230230.983904464
plunging! t_interp:  8230234.089333607 t_traj:  8230232.53666872
plunging! t_interp:  8230234.089333607 t_traj:  8230231.908616906
plunging! t_interp:  8230234.089333607 t_traj:  8230232.453451914
plunging! t_interp:  8230234.089333607 t_traj:  8230232.99900862
plunging! t_interp:  8230234.089333607 t_traj:  8230233.544149359
plunging! t_interp:  8230234.089333607 t_traj:  8230233.323654022
plunging! t_interp:  8230234.089333607 t_traj:  8230233.515074374
plunging! t_interp:  8230234.089333607 t_traj:  8230233.706508089
plunging! t_interp:  8230234.089333607 t_traj:  8230233.897902121
plunging! t_interp:  8230234.089333607 t_traj:  8230233.82047169
plunging! t_interp:  8230234.089333607 t_traj:  8230233.887748976
plunging! t_interp:  8230234.089333607 t_traj:  8230233.954948122
plunging! t_interp:  8230234.089333607 t_traj:  8230234.022106776
plunging! t_interp:  8230234.089333607 t_traj:  8230233.994979389
plunging! t_interp:  8230234.089333607 t_traj:  8230234.018569613
plunging! t_interp:  8230234.089333607 t_traj:  8230234.042187694
plunging! t_interp:  8230234.089333607 t_traj:  8230234.065765679
plunging! t_interp:  8230234.089333607 t_traj:  8230234.056216468
plunging! t_interp:  8230234.089333607 t_traj:  8230234.064497222
plunging! t_interp:  8230234.089333607 t_traj:  8230234.072783909
plunging! t_interp:  8230234.089333607 t_traj:  8230234.081036279
plunging! t_interp:  8230234.089333607 t_traj:  8230234.077718762
plunging! t_interp:  8230234.089333607 t_traj:  8230234.080611846
plunging! t_interp:  8230234.089333607 t_traj:  8230234.083534606
plunging! t_interp:  8230234.089333607 t_traj:  8230234.086440374
plunging! t_interp:  8230234.089333607 t_traj:  8230234.0852876725
plunging! t_interp:  8230234.089333607 t_traj:  8230234.086289578
plunging! t_interp:  8230234.089333607 t_traj:  8230234.087285799
plunging! t_interp:  8230234.089333607 t_traj:  8230234.088307011
plunging! t_interp:  8230234.089333607 t_traj:  8230234.0879087765
plunging! t_interp:  8230234.089333607 t_traj:  8230234.088256876
plunging! t_interp:  8230234.089333607 t_traj:  8230234.088648088
plunging! t_interp:  8230234.089333607 t_traj:  8230234.088961537
Time taken to compute stable deltas is 82.44975352287292 seconds
calculating Fisher matrix...
plunging! t_interp:  8230234.089333607 t_traj:  8230233.559244587
plunging! t_interp:  8230234.089333607 t_traj:  8230233.69176684
plunging! t_interp:  8230234.089333607 t_traj:  8230233.824289094
plunging! t_interp:  8230234.089333607 t_traj:  8230233.956811351
plunging! t_interp:  8230234.089333607 t_traj:  8230234.0235693185
plunging! t_interp:  8230234.089333607 t_traj:  8230233.957805028
plunging! t_interp:  8230234.089333607 t_traj:  8230233.892040743
plunging! t_interp:  8230234.089333607 t_traj:  8230233.826276452
plunging! t_interp:  8230234.089333607 t_traj:  8230232.059094893
plunging! t_interp:  8230234.089333607 t_traj:  8230232.56664739
plunging! t_interp:  8230234.089333607 t_traj:  8230233.074255496
plunging! t_interp:  8230234.089333607 t_traj:  8230233.581755218
plunging! t_interp:  8230234.089333607 t_traj:  8230233.958282702
plunging! t_interp:  8230234.089333607 t_traj:  8230233.991016758
plunging! t_interp:  8230234.089333607 t_traj:  8230234.023845528
plunging! t_interp:  8230234.089333607 t_traj:  8230234.05658605
plunging! t_interp:  8230234.089333607 t_traj:  8230233.82047169
plunging! t_interp:  8230234.089333607 t_traj:  8230233.887748976
plunging! t_interp:  8230234.089333607 t_traj:  8230233.954948122
plunging! t_interp:  8230234.089333607 t_traj:  8230234.022106776
Finished derivatives
Calculated Fisher is *atleast* positive-definite.
Time taken to compute FM is 6.651448488235474 seconds
    CV#1 it   0 lam=3.3e-03 ov=0.9891928 chi2=2.749e+03 rel=3.5e-01
Body is not plunging, Fisher should be stable.
waveform shape: (3, 6311629)
Computing SNR for parameters: (np.float64(1001759.0948491201), np.float64(4995.095652820182), np.float64(0.7039971110005421), np.float64(24.967437855280295), np.float64(0.2498022036552128), 1.0, 12.0, np.float64(0.8000460102453862), np.float64(1.004008723654174), 1.0, 1.0471975511965976, np.float64(0.908132134815242), 0.5, np.float64(0.5812226789904212), 0.95, False, False, False, False)
Waveform Generated. SNR: 346.84225280594114
calculating Fisher matrix...
plunging! t_interp:  8230226.793312122 t_traj:  8230226.263223492
plunging! t_interp:  8230226.793312122 t_traj:  8230226.395745647
plunging! t_interp:  8230226.793312122 t_traj:  8230226.5282678045
plunging! t_interp:  8230226.793312122 t_traj:  8230226.660789962
plunging! t_interp:  8230226.793312122 t_traj:  8230226.72754792
plunging! t_interp:  8230226.793312122 t_traj:  8230226.661783717
plunging! t_interp:  8230226.793312122 t_traj:  8230226.596019517
plunging! t_interp:  8230226.793312122 t_traj:  8230226.530255316
plunging! t_interp:  8230226.793312122 t_traj:  8230224.763044657
plunging! t_interp:  8230226.793312122 t_traj:  8230225.270554217
plunging! t_interp:  8230226.793312122 t_traj:  8230225.7781220265
plunging! t_interp:  8230226.793312122 t_traj:  8230226.285708707
plunging! t_interp:  8230226.793312122 t_traj:  8230226.662165967
plunging! t_interp:  8230226.793312122 t_traj:  8230226.69494671
plunging! t_interp:  8230226.793312122 t_traj:  8230226.727718907
plunging! t_interp:  8230226.793312122 t_traj:  8230226.760482347
plunging! t_interp:  8230226.793312122 t_traj:  8230226.524451122
plunging! t_interp:  8230226.793312122 t_traj:  8230226.591609307
plunging! t_interp:  8230226.793312122 t_traj:  8230226.658888894
plunging! t_interp:  8230226.793312122 t_traj:  8230226.726059134
Finished derivatives
Calculated Fisher is *atleast* positive-definite.
Time taken to compute FM is 7.319985389709473 seconds
    CV#1 it   1 lam=2.6e-03 ov=0.9926102 chi2=1.777e+03 rel=6.7e-02
Body is not plunging, Fisher should be stable.
waveform shape: (3, 6311629)
Computing SNR for parameters: (np.float64(1001759.0311070329), np.float64(4995.0979343863155), np.float64(0.7039999672481079), np.float64(24.967436657431996), np.float64(0.24980122157195617), 1.0, 12.0, np.float64(0.7884142234902433), np.float64(1.001479566386979), 1.0, 1.0471975511965976, np.float64(0.9032107896169168), 0.5, np.float64(0.5931187924980922), 0.95, False, False, False, False)
Waveform Generated. SNR: 343.0724342598341
calculating Fisher matrix...
plunging! t_interp:  8230222.926764783 t_traj:  8230222.396676366
plunging! t_interp:  8230222.926764783 t_traj:  8230222.52919847
plunging! t_interp:  8230222.926764783 t_traj:  8230222.661720573
plunging! t_interp:  8230222.926764783 t_traj:  8230222.794242677
plunging! t_interp:  8230222.926764783 t_traj:  8230222.861000639
plunging! t_interp:  8230222.926764783 t_traj:  8230222.7952365
plunging! t_interp:  8230222.926764783 t_traj:  8230222.7294723615
plunging! t_interp:  8230222.926764783 t_traj:  8230222.66370822
plunging! t_interp:  8230222.926764783 t_traj:  8230220.896508638
plunging! t_interp:  8230222.926764783 t_traj:  8230221.404083096
plunging! t_interp:  8230222.926764783 t_traj:  8230221.911567218
plunging! t_interp:  8230222.926764783 t_traj:  8230222.419230226
plunging! t_interp:  8230222.926764783 t_traj:  8230222.795652901
plunging! t_interp:  8230222.926764783 t_traj:  8230222.828485471
plunging! t_interp:  8230222.926764783 t_traj:  8230222.861276899
plunging! t_interp:  8230222.926764783 t_traj:  8230222.894010798
plunging! t_interp:  8230222.926764783 t_traj:  8230222.657922074
plunging! t_interp:  8230222.926764783 t_traj:  8230222.725181582
plunging! t_interp:  8230222.926764783 t_traj:  8230222.792370424
plunging! t_interp:  8230222.926764783 t_traj:  8230222.85957464
Finished derivatives
Calculated Fisher is *atleast* positive-definite.
Time taken to compute FM is 7.2762291431427 seconds
    CV#1 it   2 lam=4.8e-03 ov=0.9929391 chi2=1.658e+03 rel=1.3e-03
Body is not plunging, Fisher should be stable.
waveform shape: (3, 6311629)
Computing SNR for parameters: (np.float64(1001758.9854775751), np.float64(4995.100594774769), np.float64(0.704004784460344), np.float64(24.967435482779006), np.float64(0.24980035014704316), 1.0, 12.0, np.float64(0.7851593107627208), np.float64(0.9979469803579228), 1.0, 1.0471975511965976, np.float64(0.8876143663507857), 0.5, np.float64(0.5902570552794631), 0.95, False, False, False, False)
Waveform Generated. SNR: 341.7252264011454
calculating Fisher matrix...
plunging! t_interp:  8230221.579410288 t_traj:  8230221.0493219355
plunging! t_interp:  8230221.579410288 t_traj:  8230221.181844022
plunging! t_interp:  8230221.579410288 t_traj:  8230221.31436611
plunging! t_interp:  8230221.579410288 t_traj:  8230221.446888197
plunging! t_interp:  8230221.579410288 t_traj:  8230221.513646192
plunging! t_interp:  8230221.579410288 t_traj:  8230221.447882095
plunging! t_interp:  8230221.579410288 t_traj:  8230221.382118005
plunging! t_interp:  8230221.579410288 t_traj:  8230221.316353911
plunging! t_interp:  8230221.579410288 t_traj:  8230219.549114962
plunging! t_interp:  8230221.579410288 t_traj:  8230220.056707501
plunging! t_interp:  8230221.579410288 t_traj:  8230220.564262608
plunging! t_interp:  8230221.579410288 t_traj:  8230221.071842261
plunging! t_interp:  8230221.579410288 t_traj:  8230221.448368705
plunging! t_interp:  8230221.579410288 t_traj:  8230221.481074369
plunging! t_interp:  8230221.579410288 t_traj:  8230221.5138557935
plunging! t_interp:  8230221.579410288 t_traj:  8230221.546436363
plunging! t_interp:  8230221.579410288 t_traj:  8230221.3105350835
plunging! t_interp:  8230221.579410288 t_traj:  8230221.377746342
plunging! t_interp:  8230221.579410288 t_traj:  8230221.444975352
plunging! t_interp:  8230221.579410288 t_traj:  8230221.512175362
Finished derivatives
Calculated Fisher is *atleast* positive-definite.
Time taken to compute FM is 7.292477130889893 seconds
    CV#1 it   3 lam=4.9e-03 ov=0.9929141 chi2=1.655e+03 rel=6.8e-03
Body is not plunging, Fisher should be stable.
waveform shape: (3, 6311629)
Computing SNR for parameters: (np.float64(1001759.212873356), np.float64(4995.101918498119), np.float64(0.7040038578044061), np.float64(24.967434925126437), np.float64(0.24979986864172363), 1.0, 12.0, np.float64(0.7837244208087959), np.float64(0.9954206632902524), 1.0, 1.0471975511965976, np.float64(0.8828791447115678), 0.5, np.float64(0.5890127142251973), 0.95, False, False, False, False)
Waveform Generated. SNR: 341.0343870486877
calculating Fisher matrix...
plunging! t_interp:  8230220.464259176 t_traj:  8230219.934171016
plunging! t_interp:  8230220.464259176 t_traj:  8230220.066693054
plunging! t_interp:  8230220.464259176 t_traj:  8230220.199215093
plunging! t_interp:  8230220.464259176 t_traj:  8230220.331737132
plunging! t_interp:  8230220.464259176 t_traj:  8230220.398495105
plunging! t_interp:  8230220.464259176 t_traj:  8230220.332731038
plunging! t_interp:  8230220.464259176 t_traj:  8230220.266966969
plunging! t_interp:  8230220.464259176 t_traj:  8230220.201202901
plunging! t_interp:  8230220.464259176 t_traj:  8230218.43399553
plunging! t_interp:  8230220.464259176 t_traj:  8230218.941568271
plunging! t_interp:  8230220.464259176 t_traj:  8230219.449168799
plunging! t_interp:  8230220.464259176 t_traj:  8230219.956737872
plunging! t_interp:  8230220.464259176 t_traj:  8230220.332976293
plunging! t_interp:  8230220.464259176 t_traj:  8230220.365933241
plunging! t_interp:  8230220.464259176 t_traj:  8230220.398728669
plunging! t_interp:  8230220.464259176 t_traj:  8230220.431470488
plunging! t_interp:  8230220.464259176 t_traj:  8230220.195415266
plunging! t_interp:  8230220.464259176 t_traj:  8230220.262655866
plunging! t_interp:  8230220.464259176 t_traj:  8230220.329824894
plunging! t_interp:  8230220.464259176 t_traj:  8230220.397085017
Finished derivatives
Calculated Fisher is *atleast* positive-definite.
Time taken to compute FM is 7.3178112506866455 seconds
    CV#1 it   4 lam=1.6e-03 ov=0.9929506 chi2=1.644e+03 rel=5.9e-03
Body is not plunging, Fisher should be stable.
waveform shape: (3, 6311629)
Computing SNR for parameters: (np.float64(1001759.3067958063), np.float64(4995.101794403115), np.float64(0.704001292101862), np.float64(24.967435868710265), np.float64(0.24980005379399436), 1.0, 12.0, np.float64(0.7837408607135071), np.float64(0.9953865686245474), 1.0, 1.0471975511965976, np.float64(0.8875981291071048), 0.5, np.float64(0.5923927686125132), 0.95, False, False, False, False)
Waveform Generated. SNR: 341.03617416377097
calculating stable deltas...
plunging! t_interp:  8230220.23555141 t_traj:  8223686.35866081
plunging! t_interp:  8230220.23555141 t_traj:  8225319.584633765
plunging! t_interp:  8230220.23555141 t_traj:  8226952.972773184
plunging! t_interp:  8230220.23555141 t_traj:  8228586.523079065
plunging! t_interp:  8230220.23555141 t_traj:  8227925.770521426
plunging! t_interp:  8230220.23555141 t_traj:  8228499.356789962
plunging! t_interp:  8230220.23555141 t_traj:  8229072.963051139
plunging! t_interp:  8230220.23555141 t_traj:  8229646.589304955
plunging! t_interp:  8230220.23555141 t_traj:  8229414.568446534
plunging! t_interp:  8230220.23555141 t_traj:  8229615.981525574
plunging! t_interp:  8230220.23555141 t_traj:  8229817.397069399
plunging! t_interp:  8230220.23555141 t_traj:  8230018.81507801
plunging! t_interp:  8230220.23555141 t_traj:  8229937.345890987
plunging! t_interp:  8230220.23555141 t_traj:  8230008.067850284
plunging! t_interp:  8230220.23555141 t_traj:  8230078.790113457
plunging! t_interp:  8230220.23555141 t_traj:  8230149.5126805
plunging! t_interp:  8230220.23555141 t_traj:  8230120.907013814
plunging! t_interp:  8230220.23555141 t_traj:  8230145.739092019
plunging! t_interp:  8230220.23555141 t_traj:  8230170.571207688
plunging! t_interp:  8230220.23555141 t_traj:  8230195.403360815
plunging! t_interp:  8230220.23555141 t_traj:  8230185.359329109
plunging! t_interp:  8230220.23555141 t_traj:  8230194.078377758
plunging! t_interp:  8230220.23555141 t_traj:  8230202.797431023
plunging! t_interp:  8230220.23555141 t_traj:  8230211.516488909
plunging! t_interp:  8230220.23555141 t_traj:  8230207.989832647
plunging! t_interp:  8230220.23555141 t_traj:  8230211.051261484
plunging! t_interp:  8230220.23555141 t_traj:  8230214.112690887
plunging! t_interp:  8230220.23555141 t_traj:  8230217.174120864
plunging! t_interp:  8230220.23555141 t_traj:  8230215.935843722
plunging! t_interp:  8230220.23555141 t_traj:  8230217.010770539
plunging! t_interp:  8230220.23555141 t_traj:  8230218.0856974255
plunging! t_interp:  8230220.23555141 t_traj:  8230219.160624382
plunging! t_interp:  8230220.23555141 t_traj:  8230218.725841471
plunging! t_interp:  8230220.23555141 t_traj:  8230219.103268943
plunging! t_interp:  8230220.23555141 t_traj:  8230219.480696425
plunging! t_interp:  8230220.23555141 t_traj:  8230219.858123911
plunging! t_interp:  8230220.23555141 t_traj:  8230219.705463287
plunging! t_interp:  8230220.23555141 t_traj:  8230219.837985317
plunging! t_interp:  8230220.23555141 t_traj:  8230219.970507348
plunging! t_interp:  8230220.23555141 t_traj:  8230220.103029377
plunging! t_interp:  8230220.23555141 t_traj:  8230220.049427306
plunging! t_interp:  8230220.23555141 t_traj:  8230220.09595833
plunging! t_interp:  8230220.23555141 t_traj:  8230220.142489355
plunging! t_interp:  8230220.23555141 t_traj:  8230220.189020382
plunging! t_interp:  8230220.23555141 t_traj:  8230220.170199667
plunging! t_interp:  8230220.23555141 t_traj:  8230220.186537602
plunging! t_interp:  8230220.23555141 t_traj:  8230220.20287554
plunging! t_interp:  8230220.23555141 t_traj:  8230220.219213475
plunging! t_interp:  8230220.23555141 t_traj:  8229409.545094512
plunging! t_interp:  8230220.23555141 t_traj:  8228599.016755438
plunging! t_interp:  8230220.23555141 t_traj:  8227788.650485571
plunging! t_interp:  8230220.23555141 t_traj:  8226978.446236303
plunging! t_interp:  8230220.23555141 t_traj:  8229935.56811722
plunging! t_interp:  8230220.23555141 t_traj:  8229650.920673569
plunging! t_interp:  8230220.23555141 t_traj:  8229366.293218338
plunging! t_interp:  8230220.23555141 t_traj:  8229081.6857494395
plunging! t_interp:  8230220.23555141 t_traj:  8230120.281079818
plunging! t_interp:  8230220.23555141 t_traj:  8230020.329072923
plunging! t_interp:  8230220.23555141 t_traj:  8229920.379530628
plunging! t_interp:  8230220.23555141 t_traj:  8229820.432452851
plunging! t_interp:  8230220.23555141 t_traj:  8230185.139339187
plunging! t_interp:  8230220.23555141 t_traj:  8230150.043430833
plunging! t_interp:  8230220.23555141 t_traj:  8230114.94782634
plunging! t_interp:  8230220.23555141 t_traj:  8230079.852525707
plunging! t_interp:  8230220.23555141 t_traj:  8230207.912563767
plunging! t_interp:  8230220.23555141 t_traj:  8230195.589613586
plunging! t_interp:  8230220.23555141 t_traj:  8230183.26670087
plunging! t_interp:  8230220.23555141 t_traj:  8230170.943825616
plunging! t_interp:  8230220.23555141 t_traj:  8230215.908709908
plunging! t_interp:  8230220.23555141 t_traj:  8230211.58187302
plunging! t_interp:  8230220.23555141 t_traj:  8230207.255040758
plunging! t_interp:  8230220.23555141 t_traj:  8230202.92821311
plunging! t_interp:  8230220.23555141 t_traj:  8230218.716313871
plunging! t_interp:  8230220.23555141 t_traj:  8230217.197076901
plunging! t_interp:  8230220.23555141 t_traj:  8230215.677840502
plunging! t_interp:  8230220.23555141 t_traj:  8230214.158604671
plunging! t_interp:  8230220.23555141 t_traj:  8230219.702117915
plunging! t_interp:  8230220.23555141 t_traj:  8230219.16868449
plunging! t_interp:  8230220.23555141 t_traj:  8230218.63525114
plunging! t_interp:  8230220.23555141 t_traj:  8230218.101817855
plunging! t_interp:  8230220.23555141 t_traj:  8230220.048252675
plunging! t_interp:  8230220.23555141 t_traj:  8230219.860953949
plunging! t_interp:  8230220.23555141 t_traj:  8230219.673655228
plunging! t_interp:  8230220.23555141 t_traj:  8230219.486356516
plunging! t_interp:  8230220.23555141 t_traj:  8230220.16978723
plunging! t_interp:  8230220.23555141 t_traj:  8230220.104023053
plunging! t_interp:  8230220.23555141 t_traj:  8230220.0382588785
plunging! t_interp:  8230220.23555141 t_traj:  8230219.972494705
plunging! t_interp:  8230220.23555141 t_traj:  8230220.2124603465
plunging! t_interp:  8230220.23555141 t_traj:  8230220.189369277
plunging! t_interp:  8230220.23555141 t_traj:  8230220.166278217
plunging! t_interp:  8230220.23555141 t_traj:  8230220.143187152
plunging! t_interp:  8230220.23555141 t_traj:  8230220.227443692
plunging! t_interp:  8230220.23555141 t_traj:  8230220.21933598
plunging! t_interp:  8230220.23555141 t_traj:  8230220.211228258
plunging! t_interp:  8230220.23555141 t_traj:  8230220.2031205455
plunging! t_interp:  8230220.23555141 t_traj:  8229839.791042861
plunging! t_interp:  8230220.23555141 t_traj:  8229934.903305334
plunging! t_interp:  8230220.23555141 t_traj:  8230030.014698613
plunging! t_interp:  8230220.23555141 t_traj:  8230125.125498094
plunging! t_interp:  8230220.23555141 t_traj:  8230086.655477695
plunging! t_interp:  8230220.23555141 t_traj:  8230120.050632021
plunging! t_interp:  8230220.23555141 t_traj:  8230153.44541318
plunging! t_interp:  8230220.23555141 t_traj:  8230186.840413273
plunging! t_interp:  8230220.23555141 t_traj:  8230173.333190777
plunging! t_interp:  8230220.23555141 t_traj:  8230185.058815103
plunging! t_interp:  8230220.23555141 t_traj:  8230196.784397956
plunging! t_interp:  8230220.23555141 t_traj:  8230208.509965574
plunging! t_interp:  8230220.23555141 t_traj:  8230203.767302129
plunging! t_interp:  8230220.23555141 t_traj:  8230207.884021748
plunging! t_interp:  8230220.23555141 t_traj:  8230212.001439364
plunging! t_interp:  8230220.23555141 t_traj:  8230216.119380827
plunging! t_interp:  8230220.23555141 t_traj:  8230214.453238102
plunging! t_interp:  8230220.23555141 t_traj:  8230215.898581473
plunging! t_interp:  8230220.23555141 t_traj:  8230217.344439904
plunging! t_interp:  8230220.23555141 t_traj:  8230218.789737499
plunging! t_interp:  8230220.23555141 t_traj:  8230218.205296494
plunging! t_interp:  8230220.23555141 t_traj:  8230218.712848643
plunging! t_interp:  8230220.23555141 t_traj:  8230219.220429108
plunging! t_interp:  8230220.23555141 t_traj:  8230219.727979295
plunging! t_interp:  8230220.23555141 t_traj:  8230219.52243884
plunging! t_interp:  8230220.23555141 t_traj:  8230219.700719113
plunging! t_interp:  8230220.23555141 t_traj:  8230219.879171769
plunging! t_interp:  8230220.23555141 t_traj:  8230220.057361295
plunging! t_interp:  8230220.23555141 t_traj:  8230219.985315679
plunging! t_interp:  8230220.23555141 t_traj:  8230220.047894044
plunging! t_interp:  8230220.23555141 t_traj:  8230220.110463541
plunging! t_interp:  8230220.23555141 t_traj:  8230220.173009787
plunging! t_interp:  8230220.23555141 t_traj:  8230220.147682811
plunging! t_interp:  8230220.23555141 t_traj:  8230220.16961811
plunging! t_interp:  8230220.23555141 t_traj:  8230220.191643021
plunging! t_interp:  8230220.23555141 t_traj:  8230220.213585036
plunging! t_interp:  8230220.23555141 t_traj:  8230220.20471678
plunging! t_interp:  8230220.23555141 t_traj:  8230220.212407359
plunging! t_interp:  8230220.23555141 t_traj:  8230220.220140537
plunging! t_interp:  8230220.23555141 t_traj:  8230220.2278427845
plunging! t_interp:  8230220.23555141 t_traj:  8230220.2247461155
plunging! t_interp:  8230220.23555141 t_traj:  8230220.227439096
plunging! t_interp:  8230220.23555141 t_traj:  8230220.230140645
plunging! t_interp:  8230220.23555141 t_traj:  8230220.232865129
plunging! t_interp:  8230220.23555141 t_traj:  8230220.231776048
plunging! t_interp:  8230220.23555141 t_traj:  8230220.232705694
plunging! t_interp:  8230220.23555141 t_traj:  8230220.233688984
plunging! t_interp:  8230220.23555141 t_traj:  8230220.234619748
plunging! t_interp:  8230220.23555141 t_traj:  8217120.051851243
plunging! t_interp:  8230220.23555141 t_traj:  8220393.637995774
plunging! t_interp:  8230220.23555141 t_traj:  8223668.197196667
plunging! t_interp:  8230220.23555141 t_traj:  8226943.7296973225
plunging! t_interp:  8230220.23555141 t_traj:  8225618.735879903
plunging! t_interp:  8230220.23555141 t_traj:  8226768.930773212
plunging! t_interp:  8230220.23555141 t_traj:  8227919.245700475
plunging! t_interp:  8230220.23555141 t_traj:  8229069.6803733995
plunging! t_interp:  8230220.23555141 t_traj:  8228604.342061182
plunging! t_interp:  8230220.23555141 t_traj:  8229008.2929424895
plunging! t_interp:  8230220.23555141 t_traj:  8229412.259234116
plunging! t_interp:  8230220.23555141 t_traj:  8229816.240029325
plunging! t_interp:  8230220.23555141 t_traj:  8229652.837387125
plunging! t_interp:  8230220.23555141 t_traj:  8229794.6840196755
plunging! t_interp:  8230220.23555141 t_traj:  8229936.532836572
plunging! t_interp:  8230220.23555141 t_traj:  8230078.383312523
plunging! t_interp:  8230220.23555141 t_traj:  8230021.007883834
plunging! t_interp:  8230220.23555141 t_traj:  8230070.814476769
plunging! t_interp:  8230220.23555141 t_traj:  8230120.621255213
plunging! t_interp:  8230220.23555141 t_traj:  8230170.428328055
plunging! t_interp:  8230220.23555141 t_traj:  8230150.282491213
plunging! t_interp:  8230220.23555141 t_traj:  8230167.77052187
plunging! t_interp:  8230220.23555141 t_traj:  8230185.25897434
plunging! t_interp:  8230220.23555141 t_traj:  8230202.747261159
plunging! t_interp:  8230220.23555141 t_traj:  8230195.673457428
plunging! t_interp:  8230220.23555141 t_traj:  8230201.814147961
plunging! t_interp:  8230220.23555141 t_traj:  8230207.954584815
plunging! t_interp:  8230220.23555141 t_traj:  8230214.095073821
plunging! t_interp:  8230220.23555141 t_traj:  8230211.611424162
plunging! t_interp:  8230220.23555141 t_traj:  8230213.767433734
plunging! t_interp:  8230220.23555141 t_traj:  8230215.923251434
plunging! t_interp:  8230220.23555141 t_traj:  8230218.079246761
plunging! t_interp:  8230220.23555141 t_traj:  8230217.207270928
plunging! t_interp:  8230220.23555141 t_traj:  8230217.964502724
plunging! t_interp:  8230220.23555141 t_traj:  8230218.721524576
plunging! t_interp:  8230220.23555141 t_traj:  8230219.478543461
plunging! t_interp:  8230220.23555141 t_traj:  8230219.17232535
plunging! t_interp:  8230220.23555141 t_traj:  8230219.438169047
plunging! t_interp:  8230220.23555141 t_traj:  8230219.703969291
plunging! t_interp:  8230220.23555141 t_traj:  8230219.970553364
plunging! t_interp:  8230220.23555141 t_traj:  8230219.86221973
plunging! t_interp:  8230220.23555141 t_traj:  8230219.95555188
plunging! t_interp:  8230220.23555141 t_traj:  8230220.048620259
plunging! t_interp:  8230220.23555141 t_traj:  8230220.142265614
plunging! t_interp:  8230220.23555141 t_traj:  8230220.104299908
plunging! t_interp:  8230220.23555141 t_traj:  8230220.137243804
plunging! t_interp:  8230220.23555141 t_traj:  8230220.1700411625
plunging! t_interp:  8230220.23555141 t_traj:  8230220.20279423
plunging! t_interp:  8230220.23555141 t_traj:  8230076.800749007
plunging! t_interp:  8230220.23555141 t_traj:  8230112.651869774
plunging! t_interp:  8230220.23555141 t_traj:  8230148.508079801
plunging! t_interp:  8230220.23555141 t_traj:  8230184.369260466
plunging! t_interp:  8230220.23555141 t_traj:  8230169.863644159
plunging! t_interp:  8230220.23555141 t_traj:  8230182.455664892
plunging! t_interp:  8230220.23555141 t_traj:  8230195.048362298
plunging! t_interp:  8230220.23555141 t_traj:  8230207.641661121
plunging! t_interp:  8230220.23555141 t_traj:  8230202.547862749
plunging! t_interp:  8230220.23555141 t_traj:  8230206.969698027
plunging! t_interp:  8230220.23555141 t_traj:  8230211.391577268
plunging! t_interp:  8230220.23555141 t_traj:  8230215.813568742
plunging! t_interp:  8230220.23555141 t_traj:  8230214.024946497
plunging! t_interp:  8230220.23555141 t_traj:  8230215.577589104
plunging! t_interp:  8230220.23555141 t_traj:  8230217.130227872
plunging! t_interp:  8230220.23555141 t_traj:  8230218.682920293
plunging! t_interp:  8230220.23555141 t_traj:  8230218.054692881
plunging! t_interp:  8230220.23555141 t_traj:  8230218.600063842
plunging! t_interp:  8230220.23555141 t_traj:  8230219.1452372065
plunging! t_interp:  8230220.23555141 t_traj:  8230219.690396913
plunging! t_interp:  8230220.23555141 t_traj:  8230219.469898785
plunging! t_interp:  8230220.23555141 t_traj:  8230219.661328763
plunging! t_interp:  8230220.23555141 t_traj:  8230219.852724491
plunging! t_interp:  8230220.23555141 t_traj:  8230220.0439539915
plunging! t_interp:  8230220.23555141 t_traj:  8230219.96677499
plunging! t_interp:  8230220.23555141 t_traj:  8230220.033942388
plunging! t_interp:  8230220.23555141 t_traj:  8230220.101148657
plunging! t_interp:  8230220.23555141 t_traj:  8230220.16840244
plunging! t_interp:  8230220.23555141 t_traj:  8230220.141170113
plunging! t_interp:  8230220.23555141 t_traj:  8230220.164779501
plunging! t_interp:  8230220.23555141 t_traj:  8230220.188369547
plunging! t_interp:  8230220.23555141 t_traj:  8230220.211956291
plunging! t_interp:  8230220.23555141 t_traj:  8230220.202435782
plunging! t_interp:  8230220.23555141 t_traj:  8230220.2107205
plunging! t_interp:  8230220.23555141 t_traj:  8230220.219017031
plunging! t_interp:  8230220.23555141 t_traj:  8230220.227322484
plunging! t_interp:  8230220.23555141 t_traj:  8230220.223959229
plunging! t_interp:  8230220.23555141 t_traj:  8230220.226831729
plunging! t_interp:  8230220.23555141 t_traj:  8230220.229762451
plunging! t_interp:  8230220.23555141 t_traj:  8230220.232667027
plunging! t_interp:  8230220.23555141 t_traj:  8230220.231505102
plunging! t_interp:  8230220.23555141 t_traj:  8230220.23251174
plunging! t_interp:  8230220.23555141 t_traj:  8230220.2335264925
plunging! t_interp:  8230220.23555141 t_traj:  8230220.234557726
plunging! t_interp:  8230220.23555141 t_traj:  8230220.234185202
plunging! t_interp:  8230220.23555141 t_traj:  8230220.234476673
plunging! t_interp:  8230220.23555141 t_traj:  8230220.234900473
plunging! t_interp:  8230220.23555141 t_traj:  8230220.235215472
Time taken to compute stable deltas is 68.58919930458069 seconds
calculating Fisher matrix...
plunging! t_interp:  8230220.23555141 t_traj:  8230219.705463287
plunging! t_interp:  8230220.23555141 t_traj:  8230219.837985317
plunging! t_interp:  8230220.23555141 t_traj:  8230219.970507348
plunging! t_interp:  8230220.23555141 t_traj:  8230220.103029377
plunging! t_interp:  8230220.23555141 t_traj:  8230220.16978723
plunging! t_interp:  8230220.23555141 t_traj:  8230220.104023053
plunging! t_interp:  8230220.23555141 t_traj:  8230220.0382588785
plunging! t_interp:  8230220.23555141 t_traj:  8230219.972494705
plunging! t_interp:  8230220.23555141 t_traj:  8230220.147682811
plunging! t_interp:  8230220.23555141 t_traj:  8230220.16961811
plunging! t_interp:  8230220.23555141 t_traj:  8230220.191643021
plunging! t_interp:  8230220.23555141 t_traj:  8230220.213585036
plunging! t_interp:  8230220.23555141 t_traj:  8230220.104299908
plunging! t_interp:  8230220.23555141 t_traj:  8230220.137243804
plunging! t_interp:  8230220.23555141 t_traj:  8230220.1700411625
plunging! t_interp:  8230220.23555141 t_traj:  8230220.20279423
plunging! t_interp:  8230220.23555141 t_traj:  8230220.141170113
plunging! t_interp:  8230220.23555141 t_traj:  8230220.164779501
plunging! t_interp:  8230220.23555141 t_traj:  8230220.188369547
plunging! t_interp:  8230220.23555141 t_traj:  8230220.211956291
Finished derivatives
Calculated Fisher is *atleast* positive-definite.
Time taken to compute FM is 6.5763099193573 seconds
    CV#1 it   5 lam=5.4e-04 ov=0.9929923 chi2=1.634e+03 rel=3.1e-02
Body is not plunging, Fisher should be stable.
waveform shape: (3, 6311629)
Computing SNR for parameters: (np.float64(1001759.5664628281), np.float64(4995.101178295257), np.float64(0.7039946697056821), np.float64(24.967438569498547), np.float64(0.24979988512401505), 1.0, 12.0, np.float64(0.7837959117795975), np.float64(0.9955146550639998), 1.0, 1.0471975511965976, np.float64(0.8975241838778082), 0.5, np.float64(0.5983457496722111), 0.95, False, False, False, False)
Waveform Generated. SNR: 341.079039467339
calculating Fisher matrix...
plunging! t_interp:  8230219.8263752395 t_traj:  8230219.296287283
plunging! t_interp:  8230219.8263752395 t_traj:  8230219.428809269
plunging! t_interp:  8230219.8263752395 t_traj:  8230219.561331259
plunging! t_interp:  8230219.8263752395 t_traj:  8230219.693853248
plunging! t_interp:  8230219.8263752395 t_traj:  8230219.760611058
plunging! t_interp:  8230219.8263752395 t_traj:  8230219.694846876
plunging! t_interp:  8230219.8263752395 t_traj:  8230219.629082695
plunging! t_interp:  8230219.8263752395 t_traj:  8230219.563318513
plunging! t_interp:  8230219.8263752395 t_traj:  8230219.738517817
plunging! t_interp:  8230219.8263752395 t_traj:  8230219.760450731
plunging! t_interp:  8230219.8263752395 t_traj:  8230219.782488604
plunging! t_interp:  8230219.8263752395 t_traj:  8230219.804391565
plunging! t_interp:  8230219.8263752395 t_traj:  8230219.695040229
plunging! t_interp:  8230219.8263752395 t_traj:  8230219.728127587
plunging! t_interp:  8230219.8263752395 t_traj:  8230219.760837866
plunging! t_interp:  8230219.8263752395 t_traj:  8230219.793349931
plunging! t_interp:  8230219.8263752395 t_traj:  8230219.731945984
plunging! t_interp:  8230219.8263752395 t_traj:  8230219.755633652
plunging! t_interp:  8230219.8263752395 t_traj:  8230219.779168339
plunging! t_interp:  8230219.8263752395 t_traj:  8230219.802794506
Finished derivatives
Calculated Fisher is *atleast* positive-definite.
Time taken to compute FM is 7.303710699081421 seconds
    CV#1 it   6 lam=7.5e-04 ov=0.9932116 chi2=1.583e+03 rel=6.7e-03
Body is not plunging, Fisher should be stable.
waveform shape: (3, 6311629)
Computing SNR for parameters: (np.float64(1001760.2538627798), np.float64(4995.098654844353), np.float64(0.7039795885126202), np.float64(24.967445921787593), np.float64(0.24979755343184576), 1.0, 12.0, np.float64(0.7869103242658287), np.float64(1.0016353959761857), 1.0, 1.0471975511965976, np.float64(0.9218017331877122), 0.5, np.float64(0.6029496432474453), 0.95, False, False, False, False)
Waveform Generated. SNR: 342.65082473688057
calculating Fisher matrix...
plunging! t_interp:  8230221.060599479 t_traj:  8230220.530511798
plunging! t_interp:  8230221.060599479 t_traj:  8230220.663033717
plunging! t_interp:  8230221.060599479 t_traj:  8230220.795555634
plunging! t_interp:  8230221.060599479 t_traj:  8230220.928077557
plunging! t_interp:  8230221.060599479 t_traj:  8230220.994835253
plunging! t_interp:  8230221.060599479 t_traj:  8230220.929071027
plunging! t_interp:  8230221.060599479 t_traj:  8230220.8633068
plunging! t_interp:  8230221.060599479 t_traj:  8230220.797542574
plunging! t_interp:  8230221.060599479 t_traj:  8230220.972713707
plunging! t_interp:  8230221.060599479 t_traj:  8230220.994648514
plunging! t_interp:  8230221.060599479 t_traj:  8230221.01660163
plunging! t_interp:  8230221.060599479 t_traj:  8230221.0385992825
plunging! t_interp:  8230221.060599479 t_traj:  8230220.9294733
plunging! t_interp:  8230221.060599479 t_traj:  8230220.962247507
plunging! t_interp:  8230221.060599479 t_traj:  8230220.994771906
plunging! t_interp:  8230221.060599479 t_traj:  8230221.027795082
plunging! t_interp:  8230221.060599479 t_traj:  8230220.966209434
plunging! t_interp:  8230221.060599479 t_traj:  8230220.989779329
plunging! t_interp:  8230221.060599479 t_traj:  8230221.013375354
plunging! t_interp:  8230221.060599479 t_traj:  8230221.036974413
Finished derivatives
Calculated Fisher is *atleast* positive-definite.
Time taken to compute FM is 7.308035373687744 seconds
    CV#1 it   7 lam=2.5e-04 ov=0.9932882 chi2=1.573e+03 rel=5.8e-02
Body is not plunging, Fisher should be stable.
waveform shape: (3, 6311629)
Computing SNR for parameters: (np.float64(1001760.6735221932), np.float64(4995.097141907199), np.float64(0.7039694015212083), np.float64(24.967450562891354), np.float64(0.24979515207673705), 1.0, 12.0, np.float64(0.7848878614019894), np.float64(0.9989248476020449), 1.0, 1.0471975511965976, np.float64(0.9186270498379988), 0.5, np.float64(0.5992033306060932), 0.95, False, False, False, False)
Waveform Generated. SNR: 341.77616717626125
calculating Fisher matrix...
plunging! t_interp:  8230219.241481347 t_traj:  8230218.711394006
plunging! t_interp:  8230219.241481347 t_traj:  8230218.843915837
plunging! t_interp:  8230219.241481347 t_traj:  8230218.976437677
plunging! t_interp:  8230219.241481347 t_traj:  8230219.10895951
plunging! t_interp:  8230219.241481347 t_traj:  8230219.175717115
plunging! t_interp:  8230219.241481347 t_traj:  8230219.10995288
plunging! t_interp:  8230219.241481347 t_traj:  8230219.0441886475
plunging! t_interp:  8230219.241481347 t_traj:  8230218.978424419
plunging! t_interp:  8230219.241481347 t_traj:  8230219.153536026
plunging! t_interp:  8230219.241481347 t_traj:  8230219.175548837
plunging! t_interp:  8230219.241481347 t_traj:  8230219.197535102
plunging! t_interp:  8230219.241481347 t_traj:  8230219.219462674
plunging! t_interp:  8230219.241481347 t_traj:  8230219.110344853
plunging! t_interp:  8230219.241481347 t_traj:  8230219.1431673225
plunging! t_interp:  8230219.241481347 t_traj:  8230219.175884787
plunging! t_interp:  8230219.241481347 t_traj:  8230219.208673837
plunging! t_interp:  8230219.241481347 t_traj:  8230219.146906875
plunging! t_interp:  8230219.241481347 t_traj:  8230219.170635859
plunging! t_interp:  8230219.241481347 t_traj:  8230219.19429105
plunging! t_interp:  8230219.241481347 t_traj:  8230219.217635422
Finished derivatives
Calculated Fisher is *atleast* positive-definite.
Time taken to compute FM is 7.347534656524658 seconds
    CV#1 it   8 lam=8.6e-02 ov=0.9936610 chi2=1.481e+03 rel=1.0e-02
Body is not plunging, Fisher should be stable.
waveform shape: (3, 6311629)
Computing SNR for parameters: (np.float64(1001760.680327112), np.float64(4995.09706016044), np.float64(0.7039694858403764), np.float64(24.96745065187859), np.float64(0.24979516328865586), 1.0, 12.0, np.float64(0.7856912897225654), np.float64(1.000788538101377), 1.0, 1.0471975511965976, np.float64(0.9205066676451165), 0.5, np.float64(0.6074167956386987), 0.95, False, False, False, False)
Waveform Generated. SNR: 342.22348675766926
calculating Fisher matrix...
plunging! t_interp:  8230219.73193462 t_traj:  8230219.201847248
plunging! t_interp:  8230219.73193462 t_traj:  8230219.3343690885
plunging! t_interp:  8230219.73193462 t_traj:  8230219.46689093
plunging! t_interp:  8230219.73193462 t_traj:  8230219.599412773
plunging! t_interp:  8230219.73193462 t_traj:  8230219.66617038
plunging! t_interp:  8230219.73193462 t_traj:  8230219.600406139
plunging! t_interp:  8230219.73193462 t_traj:  8230219.534641906
plunging! t_interp:  8230219.73193462 t_traj:  8230219.4688776685
plunging! t_interp:  8230219.73193462 t_traj:  8230219.644006538
plunging! t_interp:  8230219.73193462 t_traj:  8230219.665982477
plunging! t_interp:  8230219.73193462 t_traj:  8230219.688012313
plunging! t_interp:  8230219.73193462 t_traj:  8230219.709952711
plunging! t_interp:  8230219.73193462 t_traj:  8230219.600846137
plunging! t_interp:  8230219.73193462 t_traj:  8230219.633650897
plunging! t_interp:  8230219.73193462 t_traj:  8230219.666352664
plunging! t_interp:  8230219.73193462 t_traj:  8230219.69915606
plunging! t_interp:  8230219.73193462 t_traj:  8230219.638407745
plunging! t_interp:  8230219.73193462 t_traj:  8230219.661131883
plunging! t_interp:  8230219.73193462 t_traj:  8230219.684739837
plunging! t_interp:  8230219.73193462 t_traj:  8230219.7083253395
Finished derivatives
Calculated Fisher is *atleast* positive-definite.
Time taken to compute FM is 7.32191801071167 seconds
    CV#1 it   9 lam=2.3e-01 ov=0.9937344 chi2=1.466e+03 rel=3.7e-03
Body is not plunging, Fisher should be stable.
waveform shape: (3, 6311629)
Computing SNR for parameters: (np.float64(1001760.683284422), np.float64(4995.097023581215), np.float64(0.7039695264686046), np.float64(24.96745069091543), np.float64(0.24979516822933429), 1.0, 12.0, np.float64(0.7860459305076525), np.float64(1.0014720034973177), 1.0, 1.0471975511965976, np.float64(0.9214061208771193), 0.5, np.float64(0.6104870983369409), 0.95, False, False, False, False)
Waveform Generated. SNR: 342.4059988484477
calculating stable deltas...
plunging! t_interp:  8230219.95347119 t_traj:  8223686.07669101
plunging! t_interp:  8230219.95347119 t_traj:  8225319.302636362
plunging! t_interp:  8230219.95347119 t_traj:  8226952.690748173
plunging! t_interp:  8230219.95347119 t_traj:  8228586.241026451
plunging! t_interp:  8230219.95347119 t_traj:  8227925.488479977
plunging! t_interp:  8230219.95347119 t_traj:  8228499.074738822
plunging! t_interp:  8230219.95347119 t_traj:  8229072.680990305
plunging! t_interp:  8230219.95347119 t_traj:  8229646.307234428
plunging! t_interp:  8230219.95347119 t_traj:  8229414.286379928
plunging! t_interp:  8230219.95347119 t_traj:  8229615.699455562
plunging! t_interp:  8230219.95347119 t_traj:  8229817.114995987
plunging! t_interp:  8230219.95347119 t_traj:  8230018.533001196
plunging! t_interp:  8230219.95347119 t_traj:  8229937.063815547
plunging! t_interp:  8230219.95347119 t_traj:  8230007.785773651
plunging! t_interp:  8230219.95347119 t_traj:  8230078.50803563
plunging! t_interp:  8230219.95347119 t_traj:  8230149.230601474
plunging! t_interp:  8230219.95347119 t_traj:  8230120.624935273
plunging! t_interp:  8230219.95347119 t_traj:  8230145.4570130585
plunging! t_interp:  8230219.95347119 t_traj:  8230170.289128308
plunging! t_interp:  8230219.95347119 t_traj:  8230195.121281018
plunging! t_interp:  8230219.95347119 t_traj:  8230185.077249481
plunging! t_interp:  8230219.95347119 t_traj:  8230193.7962979805
plunging! t_interp:  8230219.95347119 t_traj:  8230202.515351098
plunging! t_interp:  8230219.95347119 t_traj:  8230211.234408834
plunging! t_interp:  8230219.95347119 t_traj:  8230207.707752634
plunging! t_interp:  8230219.95347119 t_traj:  8230210.76918142
plunging! t_interp:  8230219.95347119 t_traj:  8230213.8306107735
plunging! t_interp:  8230219.95347119 t_traj:  8230216.892040698
plunging! t_interp:  8230219.95347119 t_traj:  8230215.6537635755
plunging! t_interp:  8230219.95347119 t_traj:  8230216.728690376
plunging! t_interp:  8230219.95347119 t_traj:  8230217.803617241
plunging! t_interp:  8230219.95347119 t_traj:  8230218.878544182
plunging! t_interp:  8230219.95347119 t_traj:  8230218.443761278
plunging! t_interp:  8230219.95347119 t_traj:  8230218.821188744
plunging! t_interp:  8230219.95347119 t_traj:  8230219.198616217
plunging! t_interp:  8230219.95347119 t_traj:  8230219.5760437
plunging! t_interp:  8230219.95347119 t_traj:  8230219.4233830795
plunging! t_interp:  8230219.95347119 t_traj:  8230219.555905105
plunging! t_interp:  8230219.95347119 t_traj:  8230219.688427134
plunging! t_interp:  8230219.95347119 t_traj:  8230219.820949163
plunging! t_interp:  8230219.95347119 t_traj:  8230219.767347089
plunging! t_interp:  8230219.95347119 t_traj:  8230219.8138781125
plunging! t_interp:  8230219.95347119 t_traj:  8230219.860409141
plunging! t_interp:  8230219.95347119 t_traj:  8230219.906940165
plunging! t_interp:  8230219.95347119 t_traj:  8230219.888119451
plunging! t_interp:  8230219.95347119 t_traj:  8230219.9044573875
plunging! t_interp:  8230219.95347119 t_traj:  8230219.920795322
plunging! t_interp:  8230219.95347119 t_traj:  8230219.9371332545
plunging! t_interp:  8230219.95347119 t_traj:  8229409.26301369
plunging! t_interp:  8230219.95347119 t_traj:  8228598.734674013
plunging! t_interp:  8230219.95347119 t_traj:  8227788.368403541
plunging! t_interp:  8230219.95347119 t_traj:  8226978.164153671
plunging! t_interp:  8230219.95347119 t_traj:  8229935.2860367885
plunging! t_interp:  8230219.95347119 t_traj:  8229650.638592924
plunging! t_interp:  8230219.95347119 t_traj:  8229366.011137488
plunging! t_interp:  8230219.95347119 t_traj:  8229081.403668368
plunging! t_interp:  8230219.95347119 t_traj:  8230119.998999524
plunging! t_interp:  8230219.95347119 t_traj:  8230020.0469925525
plunging! t_interp:  8230219.95347119 t_traj:  8229920.0974501865
plunging! t_interp:  8230219.95347119 t_traj:  8229820.150372333
plunging! t_interp:  8230219.95347119 t_traj:  8230184.857258943
plunging! t_interp:  8230219.95347119 t_traj:  8230149.76135056
plunging! t_interp:  8230219.95347119 t_traj:  8230114.66574604
plunging! t_interp:  8230219.95347119 t_traj:  8230079.570445382
plunging! t_interp:  8230219.95347119 t_traj:  8230207.63048354
plunging! t_interp:  8230219.95347119 t_traj:  8230195.307533354
plunging! t_interp:  8230219.95347119 t_traj:  8230182.984620624
plunging! t_interp:  8230219.95347119 t_traj:  8230170.661745361
plunging! t_interp:  8230219.95347119 t_traj:  8230215.626629684
plunging! t_interp:  8230219.95347119 t_traj:  8230211.299792796
plunging! t_interp:  8230219.95347119 t_traj:  8230206.97296053
plunging! t_interp:  8230219.95347119 t_traj:  8230202.646132878
plunging! t_interp:  8230219.95347119 t_traj:  8230218.43423365
plunging! t_interp:  8230219.95347119 t_traj:  8230216.91499668
plunging! t_interp:  8230219.95347119 t_traj:  8230215.39576028
plunging! t_interp:  8230219.95347119 t_traj:  8230213.876524449
plunging! t_interp:  8230219.95347119 t_traj:  8230219.420037693
plunging! t_interp:  8230219.95347119 t_traj:  8230218.886604273
plunging! t_interp:  8230219.95347119 t_traj:  8230218.353170917
plunging! t_interp:  8230219.95347119 t_traj:  8230217.819737636
plunging! t_interp:  8230219.95347119 t_traj:  8230219.766172455
plunging! t_interp:  8230219.95347119 t_traj:  8230219.578873729
plunging! t_interp:  8230219.95347119 t_traj:  8230219.391575009
plunging! t_interp:  8230219.95347119 t_traj:  8230219.204276299
plunging! t_interp:  8230219.95347119 t_traj:  8230219.887707012
plunging! t_interp:  8230219.95347119 t_traj:  8230219.821942832
plunging! t_interp:  8230219.95347119 t_traj:  8230219.756178658
plunging! t_interp:  8230219.95347119 t_traj:  8230219.690414482
plunging! t_interp:  8230219.95347119 t_traj:  8230219.930380126
plunging! t_interp:  8230219.95347119 t_traj:  8230219.90728906
plunging! t_interp:  8230219.95347119 t_traj:  8230219.884197997
plunging! t_interp:  8230219.95347119 t_traj:  8230219.861106936
plunging! t_interp:  8230219.95347119 t_traj:  8230219.945363475
plunging! t_interp:  8230219.95347119 t_traj:  8230219.937255759
plunging! t_interp:  8230219.95347119 t_traj:  8230219.929148042
plunging! t_interp:  8230219.95347119 t_traj:  8230219.92104033
plunging! t_interp:  8230219.95347119 t_traj:  8229839.522954604
plunging! t_interp:  8230219.95347119 t_traj:  8229934.631386312
plunging! t_interp:  8230219.95347119 t_traj:  8230029.739147809
plunging! t_interp:  8230219.95347119 t_traj:  8230124.846271659
plunging! t_interp:  8230219.95347119 t_traj:  8230086.377735616
plunging! t_interp:  8230219.95347119 t_traj:  8230119.771631651
plunging! t_interp:  8230219.95347119 t_traj:  8230153.165168646
plunging! t_interp:  8230219.95347119 t_traj:  8230186.559112295
plunging! t_interp:  8230219.95347119 t_traj:  8230173.0521847345
plunging! t_interp:  8230219.95347119 t_traj:  8230184.777309319
plunging! t_interp:  8230219.95347119 t_traj:  8230196.50246628
plunging! t_interp:  8230219.95347119 t_traj:  8230208.227597028
plunging! t_interp:  8230219.95347119 t_traj:  8230203.485066726
plunging! t_interp:  8230219.95347119 t_traj:  8230207.601995477
plunging! t_interp:  8230219.95347119 t_traj:  8230211.718894521
plunging! t_interp:  8230219.95347119 t_traj:  8230215.835826932
plunging! t_interp:  8230219.95347119 t_traj:  8230214.170664225
plunging! t_interp:  8230219.95347119 t_traj:  8230215.616173119
plunging! t_interp:  8230219.95347119 t_traj:  8230217.061682782
plunging! t_interp:  8230219.95347119 t_traj:  8230218.507227686
plunging! t_interp:  8230219.95347119 t_traj:  8230217.922567875
plunging! t_interp:  8230219.95347119 t_traj:  8230218.429797169
plunging! t_interp:  8230219.95347119 t_traj:  8230218.937609554
plunging! t_interp:  8230219.95347119 t_traj:  8230219.445174638
plunging! t_interp:  8230219.95347119 t_traj:  8230219.239880435
plunging! t_interp:  8230219.95347119 t_traj:  8230219.418104125
plunging! t_interp:  8230219.95347119 t_traj:  8230219.596336099
plunging! t_interp:  8230219.95347119 t_traj:  8230219.774548376
plunging! t_interp:  8230219.95347119 t_traj:  8230219.702427181
plunging! t_interp:  8230219.95347119 t_traj:  8230219.765018928
plunging! t_interp:  8230219.95347119 t_traj:  8230219.827633801
plunging! t_interp:  8230219.95347119 t_traj:  8230219.890173066
plunging! t_interp:  8230219.95347119 t_traj:  8230219.864580801
plunging! t_interp:  8230219.95347119 t_traj:  8230219.886818131
plunging! t_interp:  8230219.95347119 t_traj:  8230219.9088051235
plunging! t_interp:  8230219.95347119 t_traj:  8230219.930533797
plunging! t_interp:  8230219.95347119 t_traj:  8230219.921859808
plunging! t_interp:  8230219.95347119 t_traj:  8230219.929601951
plunging! t_interp:  8230219.95347119 t_traj:  8230219.9373100195
plunging! t_interp:  8230219.95347119 t_traj:  8230219.945042567
plunging! t_interp:  8230219.95347119 t_traj:  8230219.941953208
plunging! t_interp:  8230219.95347119 t_traj:  8230219.944663157
plunging! t_interp:  8230219.95347119 t_traj:  8230219.947361376
plunging! t_interp:  8230219.95347119 t_traj:  8230219.950068004
plunging! t_interp:  8230219.95347119 t_traj:  8230219.9489361225
plunging! t_interp:  8230219.95347119 t_traj:  8230219.949888123
plunging! t_interp:  8230219.95347119 t_traj:  8230219.950858267
plunging! t_interp:  8230219.95347119 t_traj:  8230219.951798126
plunging! t_interp:  8230219.95347119 t_traj:  8217119.74095671
plunging! t_interp:  8230219.95347119 t_traj:  8220393.334098029
plunging! t_interp:  8230219.95347119 t_traj:  8223667.900365132
plunging! t_interp:  8230219.95347119 t_traj:  8226943.439811484
plunging! t_interp:  8230219.95347119 t_traj:  8225618.44319893
plunging! t_interp:  8230219.95347119 t_traj:  8226768.640571397
plunging! t_interp:  8230219.95347119 t_traj:  8227918.957947441
plunging! t_interp:  8230219.95347119 t_traj:  8229069.395127924
plunging! t_interp:  8230219.95347119 t_traj:  8228604.055560311
plunging! t_interp:  8230219.95347119 t_traj:  8229008.007799264
plunging! t_interp:  8230219.95347119 t_traj:  8229411.974664488
plunging! t_interp:  8230219.95347119 t_traj:  8229815.956281073
plunging! t_interp:  8230219.95347119 t_traj:  8229652.553370205
plunging! t_interp:  8230219.95347119 t_traj:  8229794.4004537305
plunging! t_interp:  8230219.95347119 t_traj:  8229936.249412458
plunging! t_interp:  8230219.95347119 t_traj:  8230078.1001953045
plunging! t_interp:  8230219.95347119 t_traj:  8230020.724660261
plunging! t_interp:  8230219.95347119 t_traj:  8230070.531343076
plunging! t_interp:  8230219.95347119 t_traj:  8230120.338236002
plunging! t_interp:  8230219.95347119 t_traj:  8230170.1450976385
plunging! t_interp:  8230219.95347119 t_traj:  8230149.9995132405
plunging! t_interp:  8230219.95347119 t_traj:  8230167.487788732
plunging! t_interp:  8230219.95347119 t_traj:  8230184.976081375
plunging! t_interp:  8230219.95347119 t_traj:  8230202.464380022
plunging! t_interp:  8230219.95347119 t_traj:  8230195.390780365
plunging! t_interp:  8230219.95347119 t_traj:  8230201.531216875
plunging! t_interp:  8230219.95347119 t_traj:  8230207.671731259
plunging! t_interp:  8230219.95347119 t_traj:  8230213.812223038
plunging! t_interp:  8230219.95347119 t_traj:  8230211.328227068
plunging! t_interp:  8230219.95347119 t_traj:  8230213.484609712
plunging! t_interp:  8230219.95347119 t_traj:  8230215.640627373
plunging! t_interp:  8230219.95347119 t_traj:  8230217.796731228
plunging! t_interp:  8230219.95347119 t_traj:  8230216.92463649
plunging! t_interp:  8230219.95347119 t_traj:  8230217.6816460285
plunging! t_interp:  8230219.95347119 t_traj:  8230218.438684923
plunging! t_interp:  8230219.95347119 t_traj:  8230219.195694064
plunging! t_interp:  8230219.95347119 t_traj:  8230218.889530369
plunging! t_interp:  8230219.95347119 t_traj:  8230219.155340939
plunging! t_interp:  8230219.95347119 t_traj:  8230219.421904405
plunging! t_interp:  8230219.95347119 t_traj:  8230219.686932153
plunging! t_interp:  8230219.95347119 t_traj:  8230219.579459603
plunging! t_interp:  8230219.95347119 t_traj:  8230219.67273578
plunging! t_interp:  8230219.95347119 t_traj:  8230219.766109483
plunging! t_interp:  8230219.95347119 t_traj:  8230219.859428426
plunging! t_interp:  8230219.95347119 t_traj:  8230219.821620518
plunging! t_interp:  8230219.95347119 t_traj:  8230219.854431145
plunging! t_interp:  8230219.95347119 t_traj:  8230219.88720873
plunging! t_interp:  8230219.95347119 t_traj:  8230219.919978734
plunging! t_interp:  8230219.95347119 t_traj:  8230076.5248807715
plunging! t_interp:  8230219.95347119 t_traj:  8230112.374256201
plunging! t_interp:  8230219.95347119 t_traj:  8230148.228682518
plunging! t_interp:  8230219.95347119 t_traj:  8230184.0879143085
plunging! t_interp:  8230219.95347119 t_traj:  8230169.583239737
plunging! t_interp:  8230219.95347119 t_traj:  8230182.174690314
plunging! t_interp:  8230219.95347119 t_traj:  8230194.766786069
plunging! t_interp:  8230219.95347119 t_traj:  8230207.359438863
plunging! t_interp:  8230219.95347119 t_traj:  8230202.265889572
plunging! t_interp:  8230219.95347119 t_traj:  8230206.687499785
plunging! t_interp:  8230219.95347119 t_traj:  8230211.109151429
plunging! t_interp:  8230219.95347119 t_traj:  8230215.530899091
plunging! t_interp:  8230219.95347119 t_traj:  8230213.743178997
plunging! t_interp:  8230219.95347119 t_traj:  8230215.294964547
plunging! t_interp:  8230219.95347119 t_traj:  8230216.847533401
plunging! t_interp:  8230219.95347119 t_traj:  8230218.39990623
plunging! t_interp:  8230219.95347119 t_traj:  8230217.772164398
plunging! t_interp:  8230219.95347119 t_traj:  8230218.317307315
plunging! t_interp:  8230219.95347119 t_traj:  8230218.862430994
plunging! t_interp:  8230219.95347119 t_traj:  8230219.407626096
plunging! t_interp:  8230219.95347119 t_traj:  8230219.187098078
plunging! t_interp:  8230219.95347119 t_traj:  8230219.378475113
plunging! t_interp:  8230219.95347119 t_traj:  8230219.569936469
plunging! t_interp:  8230219.95347119 t_traj:  8230219.761336759
plunging! t_interp:  8230219.95347119 t_traj:  8230219.683925562
plunging! t_interp:  8230219.95347119 t_traj:  8230219.751101418
plunging! t_interp:  8230219.95347119 t_traj:  8230219.818335603
plunging! t_interp:  8230219.95347119 t_traj:  8230219.885510931
plunging! t_interp:  8230219.95347119 t_traj:  8230219.858385969
plunging! t_interp:  8230219.95347119 t_traj:  8230219.8819645485
plunging! t_interp:  8230219.95347119 t_traj:  8230219.905559192
plunging! t_interp:  8230219.95347119 t_traj:  8230219.929166065
plunging! t_interp:  8230219.95347119 t_traj:  8230219.919645127
plunging! t_interp:  8230219.95347119 t_traj:  8230219.927889541
plunging! t_interp:  8230219.95347119 t_traj:  8230219.936188805
plunging! t_interp:  8230219.95347119 t_traj:  8230219.944458583
plunging! t_interp:  8230219.95347119 t_traj:  8230219.941110017
plunging! t_interp:  8230219.95347119 t_traj:  8230219.943987151
plunging! t_interp:  8230219.95347119 t_traj:  8230219.946930947
plunging! t_interp:  8230219.95347119 t_traj:  8230219.949559206
plunging! t_interp:  8230219.95347119 t_traj:  8230219.948703783
plunging! t_interp:  8230219.95347119 t_traj:  8230219.949683399
plunging! t_interp:  8230219.95347119 t_traj:  8230219.950674953
plunging! t_interp:  8230219.95347119 t_traj:  8230219.952537736
plunging! t_interp:  8230219.95347119 t_traj:  8230219.9513131995
plunging! t_interp:  8230219.95347119 t_traj:  8230219.9517132165
plunging! t_interp:  8230219.95347119 t_traj:  8230219.951788232
plunging! t_interp:  8230219.95347119 t_traj:  8230219.952397985
plunging! t_interp:  8230219.95347119 t_traj:  8230219.953058591
plunging! t_interp:  8230219.95347119 t_traj:  8230219.953463781
Time taken to compute stable deltas is 79.16288304328918 seconds
calculating Fisher matrix...
plunging! t_interp:  8230219.95347119 t_traj:  8230219.767347089
plunging! t_interp:  8230219.95347119 t_traj:  8230219.8138781125
plunging! t_interp:  8230219.95347119 t_traj:  8230219.860409141
plunging! t_interp:  8230219.95347119 t_traj:  8230219.906940165
plunging! t_interp:  8230219.95347119 t_traj:  8230219.766172455
plunging! t_interp:  8230219.95347119 t_traj:  8230219.578873729
plunging! t_interp:  8230219.95347119 t_traj:  8230219.391575009
plunging! t_interp:  8230219.95347119 t_traj:  8230219.204276299
plunging! t_interp:  8230219.95347119 t_traj:  8230219.702427181
plunging! t_interp:  8230219.95347119 t_traj:  8230219.765018928
plunging! t_interp:  8230219.95347119 t_traj:  8230219.827633801
plunging! t_interp:  8230219.95347119 t_traj:  8230219.890173066
plunging! t_interp:  8230219.95347119 t_traj:  8230219.821620518
plunging! t_interp:  8230219.95347119 t_traj:  8230219.854431145
plunging! t_interp:  8230219.95347119 t_traj:  8230219.88720873
plunging! t_interp:  8230219.95347119 t_traj:  8230219.919978734
plunging! t_interp:  8230219.95347119 t_traj:  8230219.187098078
plunging! t_interp:  8230219.95347119 t_traj:  8230219.378475113
plunging! t_interp:  8230219.95347119 t_traj:  8230219.569936469
plunging! t_interp:  8230219.95347119 t_traj:  8230219.761336759
Finished derivatives
Calculated Fisher is *atleast* positive-definite.
Time taken to compute FM is 6.588254928588867 seconds
    CV#1 it  10 lam=4.9e+00 ov=0.9937619 chi2=1.461e+03 rel=1.9e-04
Body is not plunging, Fisher should be stable.
waveform shape: (3, 6311629)
Computing SNR for parameters: (np.float64(1001760.683442137), np.float64(4995.097021636511), np.float64(0.7039695286905969), np.float64(24.96745069298782), np.float64(0.2497951685939868), 1.0, 12.0, np.float64(0.7860637697242261), np.float64(1.0015107793941813), 1.0, 1.0471975511965976, np.float64(0.921447688778272), 0.5, np.float64(0.610679698305968), 0.95, False, False, False, False)
Waveform Generated. SNR: 342.41564288556316
calculating Fisher matrix...
plunging! t_interp:  8230219.96474932 t_traj:  8230219.77862522
plunging! t_interp:  8230219.96474932 t_traj:  8230219.825156244
plunging! t_interp:  8230219.96474932 t_traj:  8230219.87168727
plunging! t_interp:  8230219.96474932 t_traj:  8230219.918218296
plunging! t_interp:  8230219.96474932 t_traj:  8230219.777450586
plunging! t_interp:  8230219.96474932 t_traj:  8230219.590151856
plunging! t_interp:  8230219.96474932 t_traj:  8230219.402853138
plunging! t_interp:  8230219.96474932 t_traj:  8230219.215554428
plunging! t_interp:  8230219.96474932 t_traj:  8230219.714426428
plunging! t_interp:  8230219.96474932 t_traj:  8230219.776977188
plunging! t_interp:  8230219.96474932 t_traj:  8230219.83931929
plunging! t_interp:  8230219.96474932 t_traj:  8230219.902135565
plunging! t_interp:  8230219.96474932 t_traj:  8230219.833672096
plunging! t_interp:  8230219.96474932 t_traj:  8230219.866418998
plunging! t_interp:  8230219.96474932 t_traj:  8230219.899170856
plunging! t_interp:  8230219.96474932 t_traj:  8230219.931930107
plunging! t_interp:  8230219.96474932 t_traj:  8230219.199088222
plunging! t_interp:  8230219.96474932 t_traj:  8230219.390481688
plunging! t_interp:  8230219.96474932 t_traj:  8230219.581910817
plunging! t_interp:  8230219.96474932 t_traj:  8230219.773322801
Finished derivatives
Calculated Fisher is *atleast* positive-definite.
Time taken to compute FM is 7.299723386764526 seconds
    CV#1 it  11 lam=1.6e+00 ov=0.9937633 chi2=1.460e+03 rel=5.4e-04
Body is not plunging, Fisher should be stable.
waveform shape: (3, 6311629)
Computing SNR for parameters: (np.float64(1001760.6838907518), np.float64(4995.097016062122), np.float64(0.7039695350383224), np.float64(24.967450698898624), np.float64(0.24979516944144986), 1.0, 12.0, np.float64(0.7861173766069857), np.float64(1.0016157334123108), 1.0, 1.0471975511965976, np.float64(0.9215803132467102), 0.5, np.float64(0.6111891776350747), 0.95, False, False, False, False)
Waveform Generated. SNR: 342.44347291316177
calculating Fisher matrix...
plunging! t_interp:  8230219.998609908 t_traj:  8230219.812485806
plunging! t_interp:  8230219.998609908 t_traj:  8230219.859016831
plunging! t_interp:  8230219.998609908 t_traj:  8230219.905547857
plunging! t_interp:  8230219.998609908 t_traj:  8230219.952078881
plunging! t_interp:  8230219.998609908 t_traj:  8230219.811311172
plunging! t_interp:  8230219.998609908 t_traj:  8230219.624012441
plunging! t_interp:  8230219.998609908 t_traj:  8230219.436713726
plunging! t_interp:  8230219.998609908 t_traj:  8230219.249415016
plunging! t_interp:  8230219.998609908 t_traj:  8230219.748323663
plunging! t_interp:  8230219.998609908 t_traj:  8230219.810920336
plunging! t_interp:  8230219.998609908 t_traj:  8230219.873459125
plunging! t_interp:  8230219.998609908 t_traj:  8230219.9360434925
plunging! t_interp:  8230219.998609908 t_traj:  8230219.867528465
plunging! t_interp:  8230219.998609908 t_traj:  8230219.900308475
plunging! t_interp:  8230219.998609908 t_traj:  8230219.933109855
plunging! t_interp:  8230219.998609908 t_traj:  8230219.965842348
plunging! t_interp:  8230219.998609908 t_traj:  8230219.232966253
plunging! t_interp:  8230219.998609908 t_traj:  8230219.42443739
plunging! t_interp:  8230219.998609908 t_traj:  8230219.615792047
plunging! t_interp:  8230219.998609908 t_traj:  8230219.80721357
Finished derivatives
Calculated Fisher is *atleast* positive-definite.
Time taken to compute FM is 7.309875965118408 seconds
    CV#1 it  12 lam=5.5e+02 ov=0.9937673 chi2=1.460e+03 rel=1.5e-06
Body is not plunging, Fisher should be stable.
waveform shape: (3, 6311629)
Computing SNR for parameters: (np.float64(1001760.6838921079), np.float64(4995.09701604531), np.float64(0.7039695350575579), np.float64(24.967450698916473), np.float64(0.24979516944426194), 1.0, 12.0, np.float64(0.7861175345453087), np.float64(1.0016160511063092), 1.0, 1.0471975511965976, np.float64(0.9215806972338714), 0.5, np.float64(0.6111907443960669), 0.95, False, False, False, False)
Waveform Generated. SNR: 342.4435570399492
calculating Fisher matrix...
plunging! t_interp:  8230219.998721978 t_traj:  8230219.812597875
plunging! t_interp:  8230219.998721978 t_traj:  8230219.859128901
plunging! t_interp:  8230219.998721978 t_traj:  8230219.905659925
plunging! t_interp:  8230219.998721978 t_traj:  8230219.952190951
plunging! t_interp:  8230219.998721978 t_traj:  8230219.811423239
plunging! t_interp:  8230219.998721978 t_traj:  8230219.624124511
plunging! t_interp:  8230219.998721978 t_traj:  8230219.436825791
plunging! t_interp:  8230219.998721978 t_traj:  8230219.24952708
plunging! t_interp:  8230219.998721978 t_traj:  8230219.748418461
plunging! t_interp:  8230219.998721978 t_traj:  8230219.811017695
plunging! t_interp:  8230219.998721978 t_traj:  8230219.873594514
plunging! t_interp:  8230219.998721978 t_traj:  8230219.936139226
plunging! t_interp:  8230219.998721978 t_traj:  8230219.867665329
plunging! t_interp:  8230219.998721978 t_traj:  8230219.900442089
plunging! t_interp:  8230219.998721978 t_traj:  8230219.933174864
plunging! t_interp:  8230219.998721978 t_traj:  8230219.965970706
plunging! t_interp:  8230219.998721978 t_traj:  8230219.233944353
plunging! t_interp:  8230219.998721978 t_traj:  8230219.424542553
plunging! t_interp:  8230219.998721978 t_traj:  8230219.615909505
plunging! t_interp:  8230219.998721978 t_traj:  8230219.8073083265
Finished derivatives
Calculated Fisher is *atleast* positive-definite.
Time taken to compute FM is 7.301036834716797 seconds
    CV#1 it  13 lam=1.8e+02 ov=0.9937674 chi2=1.460e+03 rel=4.7e-06
Body is not plunging, Fisher should be stable.
waveform shape: (3, 6311629)
Computing SNR for parameters: (np.float64(1001760.6838961722), np.float64(4995.097015994917), np.float64(0.7039695351152135), np.float64(24.967450698969973), np.float64(0.24979516945264435), 1.0, 12.0, np.float64(0.7861180084628462), np.float64(1.0016170032159235), 1.0, 1.0471975511965976, np.float64(0.9215818502412451), 0.5, np.float64(0.6111954395548007), 0.95, False, False, False, False)
Waveform Generated. SNR: 342.44380415378316
calculating Fisher matrix...
plunging! t_interp:  8230219.999084314 t_traj:  8230219.812960209
plunging! t_interp:  8230219.999084314 t_traj:  8230219.859491237
plunging! t_interp:  8230219.999084314 t_traj:  8230219.906022261
plunging! t_interp:  8230219.999084314 t_traj:  8230219.952553286
plunging! t_interp:  8230219.999084314 t_traj:  8230219.811785575
plunging! t_interp:  8230219.999084314 t_traj:  8230219.624486848
plunging! t_interp:  8230219.999084314 t_traj:  8230219.437188127
plunging! t_interp:  8230219.999084314 t_traj:  8230219.249889421
plunging! t_interp:  8230219.999084314 t_traj:  8230219.748799784
plunging! t_interp:  8230219.999084314 t_traj:  8230219.811311298
plunging! t_interp:  8230219.999084314 t_traj:  8230219.873878134
plunging! t_interp:  8230219.999084314 t_traj:  8230219.937193162
plunging! t_interp:  8230219.999084314 t_traj:  8230219.868011003
plunging! t_interp:  8230219.999084314 t_traj:  8230219.900720053
plunging! t_interp:  8230219.999084314 t_traj:  8230219.933520848
plunging! t_interp:  8230219.999084314 t_traj:  8230219.966281684
plunging! t_interp:  8230219.999084314 t_traj:  8230219.233382314
plunging! t_interp:  8230219.999084314 t_traj:  8230219.424831715
plunging! t_interp:  8230219.999084314 t_traj:  8230219.616264006
plunging! t_interp:  8230219.999084314 t_traj:  8230219.807666039
Finished derivatives
Calculated Fisher is *atleast* positive-definite.
Time taken to compute FM is 7.347458362579346 seconds
    CV#1 it  14 lam=6.2e+01 ov=0.9937674 chi2=1.460e+03 rel=1.4e-05
Body is not plunging, Fisher should be stable.
waveform shape: (3, 6311629)
Computing SNR for parameters: (np.float64(1001760.6839083204), np.float64(4995.097015844221), np.float64(0.7039695352882992), np.float64(24.967450699129902), np.float64(0.24979516947741304), 1.0, 12.0, np.float64(0.7861194312590426), np.float64(1.0016198513824301), 1.0, 1.0471975511965976, np.float64(0.9215853197344334), 0.5, np.float64(0.6112094755074823), 0.95, False, False, False, False)
Waveform Generated. SNR: 342.4445517358568
calculating stable deltas...
plunging! t_interp:  8230219.999973345 t_traj:  8223686.12315614
plunging! t_interp:  8230219.999973345 t_traj:  8225319.349110747
plunging! t_interp:  8230219.999973345 t_traj:  8226952.737231816
plunging! t_interp:  8230219.999973345 t_traj:  8228586.287519347
plunging! t_interp:  8230219.999973345 t_traj:  8227925.5349691305
plunging! t_interp:  8230219.999973345 t_traj:  8228499.121231223
plunging! t_interp:  8230219.999973345 t_traj:  8229072.727485957
plunging! t_interp:  8230219.999973345 t_traj:  8229646.353733332
plunging! t_interp:  8230219.999973345 t_traj:  8229414.332877517
plunging! t_interp:  8230219.999973345 t_traj:  8229615.745954293
plunging! t_interp:  8230219.999973345 t_traj:  8229817.161495857
plunging! t_interp:  8230219.999973345 t_traj:  8230018.579502209
plunging! t_interp:  8230219.999973345 t_traj:  8229937.110316097
plunging! t_interp:  8230219.999973345 t_traj:  8230007.8322746055
plunging! t_interp:  8230219.999973345 t_traj:  8230078.554536979
plunging! t_interp:  8230219.999973345 t_traj:  8230149.27710323
plunging! t_interp:  8230219.999973345 t_traj:  8230120.671436868
plunging! t_interp:  8230219.999973345 t_traj:  8230145.503514793
plunging! t_interp:  8230219.999973345 t_traj:  8230170.335630179
plunging! t_interp:  8230219.999973345 t_traj:  8230195.167783032
plunging! t_interp:  8230219.999973345 t_traj:  8230185.123751435
plunging! t_interp:  8230219.999973345 t_traj:  8230193.842799988
plunging! t_interp:  8230219.999973345 t_traj:  8230202.561853153
plunging! t_interp:  8230219.999973345 t_traj:  8230211.280910941
plunging! t_interp:  8230219.999973345 t_traj:  8230207.754254719
plunging! t_interp:  8230219.999973345 t_traj:  8230210.815683521
plunging! t_interp:  8230219.999973345 t_traj:  8230213.877112891
plunging! t_interp:  8230219.999973345 t_traj:  8230216.9385428345
plunging! t_interp:  8230219.999973345 t_traj:  8230215.7002657065
plunging! t_interp:  8230219.999973345 t_traj:  8230216.77519251
plunging! t_interp:  8230219.999973345 t_traj:  8230217.850119384
plunging! t_interp:  8230219.999973345 t_traj:  8230218.925046328
plunging! t_interp:  8230219.999973345 t_traj:  8230218.490263424
plunging! t_interp:  8230219.999973345 t_traj:  8230218.86769089
plunging! t_interp:  8230219.999973345 t_traj:  8230219.2451183675
plunging! t_interp:  8230219.999973345 t_traj:  8230219.622545852
plunging! t_interp:  8230219.999973345 t_traj:  8230219.46988523
plunging! t_interp:  8230219.999973345 t_traj:  8230219.602407258
plunging! t_interp:  8230219.999973345 t_traj:  8230219.734929285
plunging! t_interp:  8230219.999973345 t_traj:  8230219.867451312
plunging! t_interp:  8230219.999973345 t_traj:  8230219.813849242
plunging! t_interp:  8230219.999973345 t_traj:  8230219.860380268
plunging! t_interp:  8230219.999973345 t_traj:  8230219.906911292
plunging! t_interp:  8230219.999973345 t_traj:  8230219.953442318
plunging! t_interp:  8230219.999973345 t_traj:  8230219.934621603
plunging! t_interp:  8230219.999973345 t_traj:  8230219.950959538
plunging! t_interp:  8230219.999973345 t_traj:  8230219.967297473
plunging! t_interp:  8230219.999973345 t_traj:  8230219.983635408
plunging! t_interp:  8230219.999973345 t_traj:  8229409.309511239
plunging! t_interp:  8230219.999973345 t_traj:  8228598.781166958
plunging! t_interp:  8230219.999973345 t_traj:  8227788.414891879
plunging! t_interp:  8230219.999973345 t_traj:  8226978.210637405
plunging! t_interp:  8230219.999973345 t_traj:  8229935.33253733
plunging! t_interp:  8230219.999973345 t_traj:  8229650.685091845
plunging! t_interp:  8230219.999973345 t_traj:  8229366.057634787
plunging! t_interp:  8230219.999973345 t_traj:  8229081.450164058
plunging! t_interp:  8230219.999973345 t_traj:  8230120.045501113
plunging! t_interp:  8230219.999973345 t_traj:  8230020.093493573
plunging! t_interp:  8230219.999973345 t_traj:  8229920.14395064
plunging! t_interp:  8230219.999973345 t_traj:  8229820.19687222
plunging! t_interp:  8230219.999973345 t_traj:  8230184.903760898
plunging! t_interp:  8230219.999973345 t_traj:  8230149.807852319
plunging! t_interp:  8230219.999973345 t_traj:  8230114.712247599
plunging! t_interp:  8230219.999973345 t_traj:  8230079.616946738
plunging! t_interp:  8230219.999973345 t_traj:  8230207.676985626
plunging! t_interp:  8230219.999973345 t_traj:  8230195.354035367
plunging! t_interp:  8230219.999973345 t_traj:  8230183.031122571
plunging! t_interp:  8230219.999973345 t_traj:  8230170.708247237
plunging! t_interp:  8230219.999973345 t_traj:  8230215.673131817
plunging! t_interp:  8230219.999973345 t_traj:  8230211.346294904
plunging! t_interp:  8230219.999973345 t_traj:  8230207.019462612
plunging! t_interp:  8230219.999973345 t_traj:  8230202.692634936
plunging! t_interp:  8230219.999973345 t_traj:  8230218.480735798
plunging! t_interp:  8230219.999973345 t_traj:  8230216.96149882
plunging! t_interp:  8230219.999973345 t_traj:  8230215.442262408
plunging! t_interp:  8230219.999973345 t_traj:  8230213.923026571
plunging! t_interp:  8230219.999973345 t_traj:  8230219.46653985
plunging! t_interp:  8230219.999973345 t_traj:  8230218.933106422
plunging! t_interp:  8230219.999973345 t_traj:  8230218.399673064
plunging! t_interp:  8230219.999973345 t_traj:  8230217.86623978
plunging! t_interp:  8230219.999973345 t_traj:  8230219.812674608
plunging! t_interp:  8230219.999973345 t_traj:  8230219.625375882
plunging! t_interp:  8230219.999973345 t_traj:  8230219.438077163
plunging! t_interp:  8230219.999973345 t_traj:  8230219.250778452
plunging! t_interp:  8230219.999973345 t_traj:  8230219.934209168
plunging! t_interp:  8230219.999973345 t_traj:  8230219.868444988
plunging! t_interp:  8230219.999973345 t_traj:  8230219.802680813
plunging! t_interp:  8230219.999973345 t_traj:  8230219.73691664
plunging! t_interp:  8230219.999973345 t_traj:  8230219.976882285
plunging! t_interp:  8230219.999973345 t_traj:  8230219.953791219
plunging! t_interp:  8230219.999973345 t_traj:  8230219.930700155
plunging! t_interp:  8230219.999973345 t_traj:  8230219.907609088
plunging! t_interp:  8230219.999973345 t_traj:  8230219.991865629
plunging! t_interp:  8230219.999973345 t_traj:  8230219.983757914
plunging! t_interp:  8230219.999973345 t_traj:  8230219.975650199
plunging! t_interp:  8230219.999973345 t_traj:  8230219.967542484
plunging! t_interp:  8230219.999973345 t_traj:  8229839.570158989
plunging! t_interp:  8230219.999973345 t_traj:  8229934.678606831
plunging! t_interp:  8230219.999973345 t_traj:  8230029.786354246
plunging! t_interp:  8230219.999973345 t_traj:  8230124.893234286
plunging! t_interp:  8230219.999973345 t_traj:  8230086.425002988
plunging! t_interp:  8230219.999973345 t_traj:  8230119.818828444
plunging! t_interp:  8230219.999973345 t_traj:  8230153.212629251
plunging! t_interp:  8230219.999973345 t_traj:  8230186.606326192
plunging! t_interp:  8230219.999973345 t_traj:  8230173.099365826
plunging! t_interp:  8230219.999973345 t_traj:  8230184.82453082
plunging! t_interp:  8230219.999973345 t_traj:  8230196.550582923
plunging! t_interp:  8230219.999973345 t_traj:  8230208.274841776
plunging! t_interp:  8230219.999973345 t_traj:  8230203.532290766
plunging! t_interp:  8230219.999973345 t_traj:  8230207.649211838
plunging! t_interp:  8230219.999973345 t_traj:  8230211.766160981
plunging! t_interp:  8230219.999973345 t_traj:  8230215.883047358
plunging! t_interp:  8230219.999973345 t_traj:  8230214.2187425895
plunging! t_interp:  8230219.999973345 t_traj:  8230215.663393841
plunging! t_interp:  8230219.999973345 t_traj:  8230217.108924985
plunging! t_interp:  8230219.999973345 t_traj:  8230218.55441315
plunging! t_interp:  8230219.999973345 t_traj:  8230217.969758278
plunging! t_interp:  8230219.999973345 t_traj:  8230218.477313131
plunging! t_interp:  8230219.999973345 t_traj:  8230218.984892801
plunging! t_interp:  8230219.999973345 t_traj:  8230219.4924160335
plunging! t_interp:  8230219.999973345 t_traj:  8230219.2871100325
plunging! t_interp:  8230219.999973345 t_traj:  8230219.465342966
plunging! t_interp:  8230219.999973345 t_traj:  8230219.643558874
plunging! t_interp:  8230219.999973345 t_traj:  8230219.821771031
plunging! t_interp:  8230219.999973345 t_traj:  8230219.749705509
plunging! t_interp:  8230219.999973345 t_traj:  8230219.811951763
plunging! t_interp:  8230219.999973345 t_traj:  8230219.874857538
plunging! t_interp:  8230219.999973345 t_traj:  8230219.938201438
plunging! t_interp:  8230219.999973345 t_traj:  8230219.912082703
plunging! t_interp:  8230219.999973345 t_traj:  8230219.93405912
plunging! t_interp:  8230219.999973345 t_traj:  8230219.95603071
plunging! t_interp:  8230219.999973345 t_traj:  8230219.977965
plunging! t_interp:  8230219.999973345 t_traj:  8230219.969155976
plunging! t_interp:  8230219.999973345 t_traj:  8230219.976803477
plunging! t_interp:  8230219.999973345 t_traj:  8230219.984529095
plunging! t_interp:  8230219.999973345 t_traj:  8230219.992256756
plunging! t_interp:  8230219.999973345 t_traj:  8230219.989140294
plunging! t_interp:  8230219.999973345 t_traj:  8230219.991848427
plunging! t_interp:  8230219.999973345 t_traj:  8230219.9945551455
plunging! t_interp:  8230219.999973345 t_traj:  8230219.997225264
plunging! t_interp:  8230219.999973345 t_traj:  8230219.996152242
plunging! t_interp:  8230219.999973345 t_traj:  8230219.997150004
plunging! t_interp:  8230219.999973345 t_traj:  8230219.998051297
plunging! t_interp:  8230219.999973345 t_traj:  8230219.999024498
plunging! t_interp:  8230219.999973345 t_traj:  8217119.788120136
plunging! t_interp:  8230219.999973345 t_traj:  8220393.381280863
plunging! t_interp:  8230219.999973345 t_traj:  8223667.947524167
plunging! t_interp:  8230219.999973345 t_traj:  8226943.487796939
plunging! t_interp:  8230219.999973345 t_traj:  8225618.490364658
plunging! t_interp:  8230219.999973345 t_traj:  8226768.687779181
plunging! t_interp:  8230219.999973345 t_traj:  8227919.005155897
plunging! t_interp:  8230219.999973345 t_traj:  8229069.442512648
plunging! t_interp:  8230219.999973345 t_traj:  8228604.1029183995
plunging! t_interp:  8230219.999973345 t_traj:  8229008.055058959
plunging! t_interp:  8230219.999973345 t_traj:  8229412.021607285
plunging! t_interp:  8230219.999973345 t_traj:  8229816.003536164
plunging! t_interp:  8230219.999973345 t_traj:  8229652.600621557
plunging! t_interp:  8230219.999973345 t_traj:  8229794.447402059
plunging! t_interp:  8230219.999973345 t_traj:  8229936.296625873
plunging! t_interp:  8230219.999973345 t_traj:  8230078.147390632
plunging! t_interp:  8230219.999973345 t_traj:  8230020.77184258
plunging! t_interp:  8230219.999973345 t_traj:  8230070.578233589
plunging! t_interp:  8230219.999973345 t_traj:  8230120.385453868
plunging! t_interp:  8230219.999973345 t_traj:  8230170.192609785
plunging! t_interp:  8230219.999973345 t_traj:  8230150.046773318
plunging! t_interp:  8230219.999973345 t_traj:  8230167.534971556
plunging! t_interp:  8230219.999973345 t_traj:  8230185.023338393
plunging! t_interp:  8230219.999973345 t_traj:  8230202.512405799
plunging! t_interp:  8230219.999973345 t_traj:  8230195.438001711
plunging! t_interp:  8230219.999973345 t_traj:  8230201.578487091
plunging! t_interp:  8230219.999973345 t_traj:  8230207.71895654
plunging! t_interp:  8230219.999973345 t_traj:  8230213.859458651
plunging! t_interp:  8230219.999973345 t_traj:  8230211.375780925
plunging! t_interp:  8230219.999973345 t_traj:  8230213.531799023
plunging! t_interp:  8230219.999973345 t_traj:  8230215.687844396
plunging! t_interp:  8230219.999973345 t_traj:  8230217.843921511
plunging! t_interp:  8230219.999973345 t_traj:  8230216.971878824
plunging! t_interp:  8230219.999973345 t_traj:  8230217.728911514
plunging! t_interp:  8230219.999973345 t_traj:  8230218.4859105805
plunging! t_interp:  8230219.999973345 t_traj:  8230219.24294761
plunging! t_interp:  8230219.999973345 t_traj:  8230218.936528768
plunging! t_interp:  8230219.999973345 t_traj:  8230219.20253303
plunging! t_interp:  8230219.999973345 t_traj:  8230219.468325023
plunging! t_interp:  8230219.999973345 t_traj:  8230219.734164298
plunging! t_interp:  8230219.999973345 t_traj:  8230219.626624841
plunging! t_interp:  8230219.999973345 t_traj:  8230219.719955333
plunging! t_interp:  8230219.999973345 t_traj:  8230219.813324949
plunging! t_interp:  8230219.999973345 t_traj:  8230219.906649657
plunging! t_interp:  8230219.999973345 t_traj:  8230219.868863841
plunging! t_interp:  8230219.999973345 t_traj:  8230219.902558839
plunging! t_interp:  8230219.999973345 t_traj:  8230219.934438906
plunging! t_interp:  8230219.999973345 t_traj:  8230219.967207113
plunging! t_interp:  8230219.999973345 t_traj:  8230076.57207332
plunging! t_interp:  8230219.999973345 t_traj:  8230112.4212185005
plunging! t_interp:  8230219.999973345 t_traj:  8230148.275951824
plunging! t_interp:  8230219.999973345 t_traj:  8230184.13516008
plunging! t_interp:  8230219.999973345 t_traj:  8230169.630448363
plunging! t_interp:  8230219.999973345 t_traj:  8230182.221897638
plunging! t_interp:  8230219.999973345 t_traj:  8230194.813972602
plunging! t_interp:  8230219.999973345 t_traj:  8230207.406700382
plunging! t_interp:  8230219.999973345 t_traj:  8230202.313121393
plunging! t_interp:  8230219.999973345 t_traj:  8230206.734724342
plunging! t_interp:  8230219.999973345 t_traj:  8230211.156411907
plunging! t_interp:  8230219.999973345 t_traj:  8230215.578177571
plunging! t_interp:  8230219.999973345 t_traj:  8230213.789646541
plunging! t_interp:  8230219.999973345 t_traj:  8230215.342187071
plunging! t_interp:  8230219.999973345 t_traj:  8230216.894753282
plunging! t_interp:  8230219.999973345 t_traj:  8230218.447348459
plunging! t_interp:  8230219.999973345 t_traj:  8230217.819359011
plunging! t_interp:  8230219.999973345 t_traj:  8230218.364329246
plunging! t_interp:  8230219.999973345 t_traj:  8230218.909682576
plunging! t_interp:  8230219.999973345 t_traj:  8230219.454827624
plunging! t_interp:  8230219.999973345 t_traj:  8230219.234326857
plunging! t_interp:  8230219.999973345 t_traj:  8230219.425747643
plunging! t_interp:  8230219.999973345 t_traj:  8230219.617189025
plunging! t_interp:  8230219.999973345 t_traj:  8230219.80853518
plunging! t_interp:  8230219.999973345 t_traj:  8230219.731135465
plunging! t_interp:  8230219.999973345 t_traj:  8230219.798339396
plunging! t_interp:  8230219.999973345 t_traj:  8230219.86556589
plunging! t_interp:  8230219.999973345 t_traj:  8230219.932729825
plunging! t_interp:  8230219.999973345 t_traj:  8230219.90556734
plunging! t_interp:  8230219.999973345 t_traj:  8230219.929179617
plunging! t_interp:  8230219.999973345 t_traj:  8230219.952457901
plunging! t_interp:  8230219.999973345 t_traj:  8230219.976408903
plunging! t_interp:  8230219.999973345 t_traj:  8230219.96681964
plunging! t_interp:  8230219.999973345 t_traj:  8230219.975102895
plunging! t_interp:  8230219.999973345 t_traj:  8230219.983377687
plunging! t_interp:  8230219.999973345 t_traj:  8230219.991416091
plunging! t_interp:  8230219.999973345 t_traj:  8230219.988372545
plunging! t_interp:  8230219.999973345 t_traj:  8230219.991214069
plunging! t_interp:  8230219.999973345 t_traj:  8230219.994151847
plunging! t_interp:  8230219.999973345 t_traj:  8230219.99706559
plunging! t_interp:  8230219.999973345 t_traj:  8230219.995911055
plunging! t_interp:  8230219.999973345 t_traj:  8230219.996904455
plunging! t_interp:  8230219.999973345 t_traj:  8230219.99796086
plunging! t_interp:  8230219.999973345 t_traj:  8230219.998949449
plunging! t_interp:  8230219.999973345 t_traj:  8230219.998547574
plunging! t_interp:  8230219.999973345 t_traj:  8230219.998896613
plunging! t_interp:  8230219.999973345 t_traj:  8230219.99925392
plunging! t_interp:  8230219.999973345 t_traj:  8230219.999619631
Time taken to compute stable deltas is 68.88874793052673 seconds
calculating Fisher matrix...
plunging! t_interp:  8230219.999973345 t_traj:  8230219.46988523
plunging! t_interp:  8230219.999973345 t_traj:  8230219.602407258
plunging! t_interp:  8230219.999973345 t_traj:  8230219.734929285
plunging! t_interp:  8230219.999973345 t_traj:  8230219.867451312
plunging! t_interp:  8230219.999973345 t_traj:  8230219.934209168
plunging! t_interp:  8230219.999973345 t_traj:  8230219.868444988
plunging! t_interp:  8230219.999973345 t_traj:  8230219.802680813
plunging! t_interp:  8230219.999973345 t_traj:  8230219.73691664
plunging! t_interp:  8230219.999973345 t_traj:  8230219.2871100325
plunging! t_interp:  8230219.999973345 t_traj:  8230219.465342966
plunging! t_interp:  8230219.999973345 t_traj:  8230219.643558874
plunging! t_interp:  8230219.999973345 t_traj:  8230219.821771031
plunging! t_interp:  8230219.999973345 t_traj:  8230219.626624841
plunging! t_interp:  8230219.999973345 t_traj:  8230219.719955333
plunging! t_interp:  8230219.999973345 t_traj:  8230219.813324949
plunging! t_interp:  8230219.999973345 t_traj:  8230219.906649657
plunging! t_interp:  8230219.999973345 t_traj:  8230219.234326857
plunging! t_interp:  8230219.999973345 t_traj:  8230219.425747643
plunging! t_interp:  8230219.999973345 t_traj:  8230219.617189025
plunging! t_interp:  8230219.999973345 t_traj:  8230219.80853518
Finished derivatives
Calculated Fisher is *atleast* positive-definite.
Time taken to compute FM is 6.5828940868377686 seconds
    CV#1 it  15 lam=4.3e+07 ov=0.9937675 chi2=1.459e+03 rel=1.4e-06
Body is not plunging, Fisher should be stable.
waveform shape: (3, 6311629)
Computing SNR for parameters: (np.float64(1001760.6839083204), np.float64(4995.097015844221), np.float64(0.7039695352882994), np.float64(24.967450699129902), np.float64(0.24979516947741306), 1.0, 12.0, np.float64(0.7861194312610774), np.float64(1.001619851386505), 1.0, 1.0471975511965976, np.float64(0.9215853197393931), 0.5, np.float64(0.6112094755275902), 0.95, False, False, False, False)
Waveform Generated. SNR: 342.444538447698
calculating Fisher matrix...
plunging! t_interp:  8230219.999968929 t_traj:  8230219.469880815
plunging! t_interp:  8230219.999968929 t_traj:  8230219.602402843
plunging! t_interp:  8230219.999968929 t_traj:  8230219.734924871
plunging! t_interp:  8230219.999968929 t_traj:  8230219.867446898
plunging! t_interp:  8230219.999968929 t_traj:  8230219.9342047535
plunging! t_interp:  8230219.999968929 t_traj:  8230219.868440573
plunging! t_interp:  8230219.999968929 t_traj:  8230219.802676397
plunging! t_interp:  8230219.999968929 t_traj:  8230219.736912224
plunging! t_interp:  8230219.999968929 t_traj:  8230219.287136651
plunging! t_interp:  8230219.999968929 t_traj:  8230219.465311852
plunging! t_interp:  8230219.999968929 t_traj:  8230219.643580735
plunging! t_interp:  8230219.999968929 t_traj:  8230219.821767336
plunging! t_interp:  8230219.999968929 t_traj:  8230219.626683197
plunging! t_interp:  8230219.999968929 t_traj:  8230219.719694985
plunging! t_interp:  8230219.999968929 t_traj:  8230219.813300023
plunging! t_interp:  8230219.999968929 t_traj:  8230219.906640748
plunging! t_interp:  8230219.999968929 t_traj:  8230219.234327206
plunging! t_interp:  8230219.999968929 t_traj:  8230219.425735074
plunging! t_interp:  8230219.999968929 t_traj:  8230219.617129498
plunging! t_interp:  8230219.999968929 t_traj:  8230219.808536818
Finished derivatives
Calculated Fisher is *atleast* positive-definite.
Time taken to compute FM is 7.3089683055877686 seconds
    CV#1 it  16 lam=2.9e+07 ov=0.9937675 chi2=1.459e+03 rel=2.3e-08
Body is not plunging, Fisher should be stable.
waveform shape: (3, 6311629)
Computing SNR for parameters: (np.float64(1001760.6839083204), np.float64(4995.097015844221), np.float64(0.7039695352882998), np.float64(24.967450699129902), np.float64(0.24979516947741312), 1.0, 12.0, np.float64(0.7861194312641275), np.float64(1.0016198513926164), 1.0, 1.0471975511965976, np.float64(0.9215853197468321), 0.5, np.float64(0.6112094755577561), 0.95, False, False, False, False)
Waveform Generated. SNR: 342.44455287964416
calculating Fisher matrix...
plunging! t_interp:  8230219.999953702 t_traj:  8230219.469865588
plunging! t_interp:  8230219.999953702 t_traj:  8230219.602387616
plunging! t_interp:  8230219.999953702 t_traj:  8230219.734909643
plunging! t_interp:  8230219.999953702 t_traj:  8230219.8674316695
plunging! t_interp:  8230219.999953702 t_traj:  8230219.934189526
plunging! t_interp:  8230219.999953702 t_traj:  8230219.868425346
plunging! t_interp:  8230219.999953702 t_traj:  8230219.80266117
plunging! t_interp:  8230219.999953702 t_traj:  8230219.736896997
plunging! t_interp:  8230219.999953702 t_traj:  8230219.287123754
plunging! t_interp:  8230219.999953702 t_traj:  8230219.465328635
plunging! t_interp:  8230219.999953702 t_traj:  8230219.643249325
plunging! t_interp:  8230219.999953702 t_traj:  8230219.821789705
plunging! t_interp:  8230219.999953702 t_traj:  8230219.626618252
plunging! t_interp:  8230219.999953702 t_traj:  8230219.719982807
plunging! t_interp:  8230219.999953702 t_traj:  8230219.813355085
plunging! t_interp:  8230219.999953702 t_traj:  8230219.906655546
plunging! t_interp:  8230219.999953702 t_traj:  8230219.234300756
plunging! t_interp:  8230219.999953702 t_traj:  8230219.425733259
plunging! t_interp:  8230219.999953702 t_traj:  8230219.617158946
plunging! t_interp:  8230219.999953702 t_traj:  8230219.808557
Finished derivatives
Calculated Fisher is *atleast* positive-definite.
Time taken to compute FM is 7.284275770187378 seconds
    CV#1 it  17 lam=6.1e+08 ov=0.9937675 chi2=1.459e+03 rel=1.7e-10
    NM  nfev=977 ov 0.9937675 -> 0.9938500 (accepted=True)
Body is not plunging, Fisher should be stable.
waveform shape: (3, 6311629)
Computing SNR for parameters: (np.float64(1001761.9856617104), np.float64(4995.112882511354), np.float64(0.7039622579010161), np.float64(24.967458056237803), np.float64(0.24979844108418434), 1.0, 12.0, np.float64(0.7861379024150483), np.float64(1.0049136898493323), 1.0, 1.0471975511965976, np.float64(0.989953420904007), 0.5, np.float64(0.6429505609415809), 0.95, False, False, False, False)
Waveform Generated. SNR: 342.82260368952717
calculating stable deltas...
plunging! t_interp:  8230219.998738461 t_traj:  8223686.12201372
plunging! t_interp:  8230219.998738461 t_traj:  8225319.347945214
plunging! t_interp:  8230219.998738461 t_traj:  8226952.73604317
plunging! t_interp:  8230219.998738461 t_traj:  8228586.2863075845
plunging! t_interp:  8230219.998738461 t_traj:  8227925.533766719
plunging! t_interp:  8230219.998738461 t_traj:  8228499.120020693
plunging! t_interp:  8230219.998738461 t_traj:  8229072.726267311
plunging! t_interp:  8230219.998738461 t_traj:  8229646.352506565
plunging! t_interp:  8230219.998738461 t_traj:  8229414.331654034
plunging! t_interp:  8230219.998738461 t_traj:  8229615.744727962
plunging! t_interp:  8230219.998738461 t_traj:  8229817.160266675
plunging! t_interp:  8230219.998738461 t_traj:  8230018.578270173
plunging! t_interp:  8230219.998738461 t_traj:  8229937.109085217
plunging! t_interp:  8230219.998738461 t_traj:  8230007.83104272
plunging! t_interp:  8230219.998738461 t_traj:  8230078.553304097
plunging! t_interp:  8230219.998738461 t_traj:  8230149.2758693425
plunging! t_interp:  8230219.998738461 t_traj:  8230120.670203387
plunging! t_interp:  8230219.998738461 t_traj:  8230145.502280963
plunging! t_interp:  8230219.998738461 t_traj:  8230170.334395998
plunging! t_interp:  8230219.998738461 t_traj:  8230195.166548496
plunging! t_interp:  8230219.998738461 t_traj:  8230185.122517044
plunging! t_interp:  8230219.998738461 t_traj:  8230193.841565469
plunging! t_interp:  8230219.998738461 t_traj:  8230202.560618516
plunging! t_interp:  8230219.998738461 t_traj:  8230211.279676179
plunging! t_interp:  8230219.998738461 t_traj:  8230207.753020004
plunging! t_interp:  8230219.998738461 t_traj:  8230210.8144487655
plunging! t_interp:  8230219.998738461 t_traj:  8230213.875878097
plunging! t_interp:  8230219.998738461 t_traj:  8230216.937307994
plunging! t_interp:  8230219.998738461 t_traj:  8230215.69903088
plunging! t_interp:  8230219.998738461 t_traj:  8230216.773957671
plunging! t_interp:  8230219.998738461 t_traj:  8230217.84888453
plunging! t_interp:  8230219.998738461 t_traj:  8230218.92381146
plunging! t_interp:  8230219.998738461 t_traj:  8230218.48902856
plunging! t_interp:  8230219.998738461 t_traj:  8230218.866456021
plunging! t_interp:  8230219.998738461 t_traj:  8230219.243883493
plunging! t_interp:  8230219.998738461 t_traj:  8230219.621310972
plunging! t_interp:  8230219.998738461 t_traj:  8230219.468650351
plunging! t_interp:  8230219.998738461 t_traj:  8230219.601172376
plunging! t_interp:  8230219.998738461 t_traj:  8230219.733694407
plunging! t_interp:  8230219.998738461 t_traj:  8230219.86621643
plunging! t_interp:  8230219.998738461 t_traj:  8230219.812614362
plunging! t_interp:  8230219.998738461 t_traj:  8230219.859145384
plunging! t_interp:  8230219.998738461 t_traj:  8230219.905676408
plunging! t_interp:  8230219.998738461 t_traj:  8230219.952207434
plunging! t_interp:  8230219.998738461 t_traj:  8230219.933386719
plunging! t_interp:  8230219.998738461 t_traj:  8230219.949724654
plunging! t_interp:  8230219.998738461 t_traj:  8230219.96606259
plunging! t_interp:  8230219.998738461 t_traj:  8230219.982400524
plunging! t_interp:  8230219.998738461 t_traj:  8229409.308299352
plunging! t_interp:  8230219.998738461 t_traj:  8228598.779978062
plunging! t_interp:  8230219.998738461 t_traj:  8227788.413725977
plunging! t_interp:  8230219.998738461 t_traj:  8226978.209494488
plunging! t_interp:  8230219.998738461 t_traj:  8229935.331310518
plunging! t_interp:  8230219.998738461 t_traj:  8229650.68387311
plunging! t_interp:  8230219.998738461 t_traj:  8229366.05642413
plunging! t_interp:  8230219.998738461 t_traj:  8229081.448961472
plunging! t_interp:  8230219.998738461 t_traj:  8230120.044269062
plunging! t_interp:  8230219.998738461 t_traj:  8230020.09226436
plunging! t_interp:  8230219.998738461 t_traj:  8229920.142724259
plunging! t_interp:  8230219.998738461 t_traj:  8229820.195648675
plunging! t_interp:  8230219.998738461 t_traj:  8230184.902527007
plunging! t_interp:  8230219.998738461 t_traj:  8230149.8066194225
plunging! t_interp:  8230219.998738461 t_traj:  8230114.711015701
plunging! t_interp:  8230219.998738461 t_traj:  8230079.615715838
plunging! t_interp:  8230219.998738461 t_traj:  8230207.675751087
plunging! t_interp:  8230219.998738461 t_traj:  8230195.3528011795
plunging! t_interp:  8230219.998738461 t_traj:  8230183.029888732
plunging! t_interp:  8230219.998738461 t_traj:  8230170.7070137495
plunging! t_interp:  8230219.998738461 t_traj:  8230215.671897052
plunging! t_interp:  8230219.998738461 t_traj:  8230211.345060264
plunging! t_interp:  8230219.998738461 t_traj:  8230207.018228094
plunging! t_interp:  8230219.998738461 t_traj:  8230202.691400543
plunging! t_interp:  8230219.998738461 t_traj:  8230218.479500953
plunging! t_interp:  8230219.998738461 t_traj:  8230216.96026402
plunging! t_interp:  8230219.998738461 t_traj:  8230215.441027654
plunging! t_interp:  8230219.998738461 t_traj:  8230213.921791859
plunging! t_interp:  8230219.998738461 t_traj:  8230219.465304978
plunging! t_interp:  8230219.998738461 t_traj:  8230218.931871565
plunging! t_interp:  8230219.998738461 t_traj:  8230218.3984382255
plunging! t_interp:  8230219.998738461 t_traj:  8230217.865004954
plunging! t_interp:  8230219.998738461 t_traj:  8230219.8114397265
plunging! t_interp:  8230219.998738461 t_traj:  8230219.624141006
plunging! t_interp:  8230219.998738461 t_traj:  8230219.436842291
plunging! t_interp:  8230219.998738461 t_traj:  8230219.249543588
plunging! t_interp:  8230219.998738461 t_traj:  8230219.932974284
plunging! t_interp:  8230219.998738461 t_traj:  8230219.867210108
plunging! t_interp:  8230219.998738461 t_traj:  8230219.801445935
plunging! t_interp:  8230219.998738461 t_traj:  8230219.735681759
plunging! t_interp:  8230219.998738461 t_traj:  8230219.975647396
plunging! t_interp:  8230219.998738461 t_traj:  8230219.952556332
plunging! t_interp:  8230219.998738461 t_traj:  8230219.92946527
plunging! t_interp:  8230219.998738461 t_traj:  8230219.906374207
plunging! t_interp:  8230219.998738461 t_traj:  8230219.990630744
plunging! t_interp:  8230219.998738461 t_traj:  8230219.982523027
plunging! t_interp:  8230219.998738461 t_traj:  8230219.974415315
plunging! t_interp:  8230219.998738461 t_traj:  8230219.9663076
plunging! t_interp:  8230219.998738461 t_traj:  8229839.572227303
plunging! t_interp:  8230219.998738461 t_traj:  8229934.6800758485
plunging! t_interp:  8230219.998738461 t_traj:  8230029.7867633095
plunging! t_interp:  8230219.998738461 t_traj:  8230124.893325209
plunging! t_interp:  8230219.998738461 t_traj:  8230086.425111156
plunging! t_interp:  8230219.998738461 t_traj:  8230119.818721111
plunging! t_interp:  8230219.998738461 t_traj:  8230153.212193848
plunging! t_interp:  8230219.998738461 t_traj:  8230186.605622792
plunging! t_interp:  8230219.998738461 t_traj:  8230173.098791267
plunging! t_interp:  8230219.998738461 t_traj:  8230184.823863809
plunging! t_interp:  8230219.998738461 t_traj:  8230196.548946212
plunging! t_interp:  8230219.998738461 t_traj:  8230208.273932804
plunging! t_interp:  8230219.998738461 t_traj:  8230203.5314405905
plunging! t_interp:  8230219.998738461 t_traj:  8230207.648319273
plunging! t_interp:  8230219.998738461 t_traj:  8230211.765183154
plunging! t_interp:  8230219.998738461 t_traj:  8230215.882107381
plunging! t_interp:  8230219.998738461 t_traj:  8230214.216949683
plunging! t_interp:  8230219.998738461 t_traj:  8230215.662406231
plunging! t_interp:  8230219.998738461 t_traj:  8230217.10794984
plunging! t_interp:  8230219.998738461 t_traj:  8230218.553444821
plunging! t_interp:  8230219.998738461 t_traj:  8230217.968783773
plunging! t_interp:  8230219.998738461 t_traj:  8230218.476192084
plunging! t_interp:  8230219.998738461 t_traj:  8230218.98385837
plunging! t_interp:  8230219.998738461 t_traj:  8230219.491465202
plunging! t_interp:  8230219.998738461 t_traj:  8230219.285944084
plunging! t_interp:  8230219.998738461 t_traj:  8230219.4643303305
plunging! t_interp:  8230219.998738461 t_traj:  8230219.642560013
plunging! t_interp:  8230219.998738461 t_traj:  8230219.820771892
plunging! t_interp:  8230219.998738461 t_traj:  8230219.748694203
plunging! t_interp:  8230219.998738461 t_traj:  8230219.8112542005
plunging! t_interp:  8230219.998738461 t_traj:  8230219.873844348
plunging! t_interp:  8230219.998738461 t_traj:  8230219.936418151
plunging! t_interp:  8230219.998738461 t_traj:  8230219.91108258
plunging! t_interp:  8230219.998738461 t_traj:  8230219.933061561
plunging! t_interp:  8230219.998738461 t_traj:  8230219.955047353
plunging! t_interp:  8230219.998738461 t_traj:  8230219.9769963445
plunging! t_interp:  8230219.998738461 t_traj:  8230219.96815817
plunging! t_interp:  8230219.998738461 t_traj:  8230219.975822521
plunging! t_interp:  8230219.998738461 t_traj:  8230219.98355676
plunging! t_interp:  8230219.998738461 t_traj:  8230219.991242406
plunging! t_interp:  8230219.998738461 t_traj:  8230219.988167336
plunging! t_interp:  8230219.998738461 t_traj:  8230219.9908773145
plunging! t_interp:  8230219.998738461 t_traj:  8230219.993548939
plunging! t_interp:  8230219.998738461 t_traj:  8230219.996277888
plunging! t_interp:  8230219.998738461 t_traj:  8230219.995938907
plunging! t_interp:  8230219.998738461 t_traj:  8230219.996125043
plunging! t_interp:  8230219.998738461 t_traj:  8230219.997060567
plunging! t_interp:  8230219.998738461 t_traj:  8230219.998055127
plunging! t_interp:  8230219.998738461 t_traj:  8217119.780029077
plunging! t_interp:  8230219.998738461 t_traj:  8220393.374964004
plunging! t_interp:  8230219.998738461 t_traj:  8223667.942979683
plunging! t_interp:  8230219.998738461 t_traj:  8226943.484237565
plunging! t_interp:  8230219.998738461 t_traj:  8225618.486888816
plunging! t_interp:  8230219.998738461 t_traj:  8226768.684876035
plunging! t_interp:  8230219.998738461 t_traj:  8227919.002935948
plunging! t_interp:  8230219.998738461 t_traj:  8229069.44179632
plunging! t_interp:  8230219.998738461 t_traj:  8228604.1010910515
plunging! t_interp:  8230219.998738461 t_traj:  8229008.053388713
plunging! t_interp:  8230219.998738461 t_traj:  8229412.020446351
plunging! t_interp:  8230219.998738461 t_traj:  8229816.002296752
plunging! t_interp:  8230219.998738461 t_traj:  8229652.599281523
plunging! t_interp:  8230219.998738461 t_traj:  8229794.446500627
plunging! t_interp:  8230219.998738461 t_traj:  8229936.295456439
plunging! t_interp:  8230219.998738461 t_traj:  8230078.146329236
plunging! t_interp:  8230219.998738461 t_traj:  8230020.770740394
plunging! t_interp:  8230219.998738461 t_traj:  8230070.577498355
plunging! t_interp:  8230219.998738461 t_traj:  8230120.384099944
plunging! t_interp:  8230219.998738461 t_traj:  8230170.191571924
plunging! t_interp:  8230219.998738461 t_traj:  8230150.045721697
plunging! t_interp:  8230219.998738461 t_traj:  8230167.533996682
plunging! t_interp:  8230219.998738461 t_traj:  8230185.022282533
plunging! t_interp:  8230219.998738461 t_traj:  8230202.510326769
plunging! t_interp:  8230219.998738461 t_traj:  8230195.437005672
plunging! t_interp:  8230219.998738461 t_traj:  8230201.577484663
plunging! t_interp:  8230219.998738461 t_traj:  8230207.717992315
plunging! t_interp:  8230219.998738461 t_traj:  8230213.858486246
plunging! t_interp:  8230219.998738461 t_traj:  8230211.374796919
plunging! t_interp:  8230219.998738461 t_traj:  8230213.530873136
plunging! t_interp:  8230219.998738461 t_traj:  8230215.686883738
plunging! t_interp:  8230219.998738461 t_traj:  8230217.842942991
plunging! t_interp:  8230219.998738461 t_traj:  8230216.970863559
plunging! t_interp:  8230219.998738461 t_traj:  8230217.727873238
plunging! t_interp:  8230219.998738461 t_traj:  8230218.484937033
plunging! t_interp:  8230219.998738461 t_traj:  8230219.241946237
plunging! t_interp:  8230219.998738461 t_traj:  8230218.935729274
plunging! t_interp:  8230219.998738461 t_traj:  8230219.201563279
plunging! t_interp:  8230219.998738461 t_traj:  8230219.467395614
plunging! t_interp:  8230219.998738461 t_traj:  8230219.733197258
plunging! t_interp:  8230219.998738461 t_traj:  8230219.625689546
plunging! t_interp:  8230219.998738461 t_traj:  8230219.71897221
plunging! t_interp:  8230219.998738461 t_traj:  8230219.812322154
plunging! t_interp:  8230219.998738461 t_traj:  8230219.905657693
plunging! t_interp:  8230219.998738461 t_traj:  8230219.867899948
plunging! t_interp:  8230219.998738461 t_traj:  8230219.900461448
plunging! t_interp:  8230219.998738461 t_traj:  8230219.9334169
plunging! t_interp:  8230219.998738461 t_traj:  8230219.966220514
plunging! t_interp:  8230219.998738461 t_traj:  8230076.566733997
plunging! t_interp:  8230219.998738461 t_traj:  8230112.4172342615
plunging! t_interp:  8230219.998738461 t_traj:  8230148.272733264
plunging! t_interp:  8230219.998738461 t_traj:  8230184.133356377
plunging! t_interp:  8230219.998738461 t_traj:  8230169.627882789
plunging! t_interp:  8230219.998738461 t_traj:  8230182.219760168
plunging! t_interp:  8230219.998738461 t_traj:  8230194.81218631
plunging! t_interp:  8230219.998738461 t_traj:  8230207.4052957855
plunging! t_interp:  8230219.998738461 t_traj:  8230202.31161437
plunging! t_interp:  8230219.998738461 t_traj:  8230206.73331227
plunging! t_interp:  8230219.998738461 t_traj:  8230211.155129307
plunging! t_interp:  8230219.998738461 t_traj:  8230215.577021575
plunging! t_interp:  8230219.998738461 t_traj:  8230213.788444422
plunging! t_interp:  8230219.998738461 t_traj:  8230215.341062738
plunging! t_interp:  8230219.998738461 t_traj:  8230216.893711987
plunging! t_interp:  8230219.998738461 t_traj:  8230218.446343589
plunging! t_interp:  8230219.998738461 t_traj:  8230217.818263064
plunging! t_interp:  8230219.998738461 t_traj:  8230218.36348155
plunging! t_interp:  8230219.998738461 t_traj:  8230218.908632674
plunging! t_interp:  8230219.998738461 t_traj:  8230219.453557442
plunging! t_interp:  8230219.998738461 t_traj:  8230219.233309816
plunging! t_interp:  8230219.998738461 t_traj:  8230219.424750916
plunging! t_interp:  8230219.998738461 t_traj:  8230219.616122573
plunging! t_interp:  8230219.998738461 t_traj:  8230219.807549224
plunging! t_interp:  8230219.998738461 t_traj:  8230219.730103218
plunging! t_interp:  8230219.998738461 t_traj:  8230219.797376811
plunging! t_interp:  8230219.998738461 t_traj:  8230219.864570158
plunging! t_interp:  8230219.998738461 t_traj:  8230219.931744713
plunging! t_interp:  8230219.998738461 t_traj:  8230219.904571312
plunging! t_interp:  8230219.998738461 t_traj:  8230219.928193099
plunging! t_interp:  8230219.998738461 t_traj:  8230219.95176317
plunging! t_interp:  8230219.998738461 t_traj:  8230219.97540848
plunging! t_interp:  8230219.998738461 t_traj:  8230219.965835261
plunging! t_interp:  8230219.998738461 t_traj:  8230219.97399358
plunging! t_interp:  8230219.998738461 t_traj:  8230219.982407031
plunging! t_interp:  8230219.998738461 t_traj:  8230219.990694084
plunging! t_interp:  8230219.998738461 t_traj:  8230219.987353724
plunging! t_interp:  8230219.998738461 t_traj:  8230219.99021558
plunging! t_interp:  8230219.998738461 t_traj:  8230219.993153934
plunging! t_interp:  8230219.998738461 t_traj:  8230219.996070605
plunging! t_interp:  8230219.998738461 t_traj:  8230219.99492423
plunging! t_interp:  8230219.998738461 t_traj:  8230219.996706261
plunging! t_interp:  8230219.998738461 t_traj:  8230219.996960048
plunging! t_interp:  8230219.998738461 t_traj:  8230219.9979631845
plunging! t_interp:  8230219.998738461 t_traj:  8230219.997514796
plunging! t_interp:  8230219.998738461 t_traj:  8230219.997892729
plunging! t_interp:  8230219.998738461 t_traj:  8230219.998239974
plunging! t_interp:  8230219.998738461 t_traj:  8230219.99861123
Time taken to compute stable deltas is 69.53447031974792 seconds
calculating Fisher matrix...
plunging! t_interp:  8230219.998738461 t_traj:  8230219.812614362
plunging! t_interp:  8230219.998738461 t_traj:  8230219.859145384
plunging! t_interp:  8230219.998738461 t_traj:  8230219.905676408
plunging! t_interp:  8230219.998738461 t_traj:  8230219.952207434
plunging! t_interp:  8230219.998738461 t_traj:  8230219.8114397265
plunging! t_interp:  8230219.998738461 t_traj:  8230219.624141006
plunging! t_interp:  8230219.998738461 t_traj:  8230219.436842291
plunging! t_interp:  8230219.998738461 t_traj:  8230219.249543588
plunging! t_interp:  8230219.998738461 t_traj:  8230219.285944084
plunging! t_interp:  8230219.998738461 t_traj:  8230219.4643303305
plunging! t_interp:  8230219.998738461 t_traj:  8230219.642560013
plunging! t_interp:  8230219.998738461 t_traj:  8230219.820771892
plunging! t_interp:  8230219.998738461 t_traj:  8230218.935729274
plunging! t_interp:  8230219.998738461 t_traj:  8230219.201563279
plunging! t_interp:  8230219.998738461 t_traj:  8230219.467395614
plunging! t_interp:  8230219.998738461 t_traj:  8230219.733197258
plunging! t_interp:  8230219.998738461 t_traj:  8230219.730103218
plunging! t_interp:  8230219.998738461 t_traj:  8230219.797376811
plunging! t_interp:  8230219.998738461 t_traj:  8230219.864570158
plunging! t_interp:  8230219.998738461 t_traj:  8230219.931744713
Finished derivatives
Calculated Fisher is *atleast* positive-definite.
Time taken to compute FM is 6.581975936889648 seconds
    CV#2 it   0 lam=7.0e+03 ov=0.9938500 chi2=1.442e+03 rel=9.1e-06
Body is not plunging, Fisher should be stable.
waveform shape: (3, 6311629)
Computing SNR for parameters: (np.float64(1001761.9856621018), np.float64(4995.112882506852), np.float64(0.7039622579067889), np.float64(24.967458056242847), np.float64(0.24979844108691018), 1.0, 12.0, np.float64(0.7861378999701162), np.float64(1.0049136926441435), 1.0, 1.0471975511965976, np.float64(0.9899533880795844), 0.5, np.float64(0.6429505511983141), 0.95, False, False, False, False)
Waveform Generated. SNR: 342.822678892293
calculating Fisher matrix...
plunging! t_interp:  8230219.999012598 t_traj:  8230219.8128884975
plunging! t_interp:  8230219.999012598 t_traj:  8230219.859419523
plunging! t_interp:  8230219.999012598 t_traj:  8230219.905950545
plunging! t_interp:  8230219.999012598 t_traj:  8230219.952481571
plunging! t_interp:  8230219.999012598 t_traj:  8230219.811713866
plunging! t_interp:  8230219.999012598 t_traj:  8230219.6244151415
plunging! t_interp:  8230219.999012598 t_traj:  8230219.43711643
plunging! t_interp:  8230219.999012598 t_traj:  8230219.249817726
plunging! t_interp:  8230219.999012598 t_traj:  8230219.2861417765
plunging! t_interp:  8230219.999012598 t_traj:  8230219.464423368
plunging! t_interp:  8230219.999012598 t_traj:  8230219.642603079
plunging! t_interp:  8230219.999012598 t_traj:  8230219.82076015
plunging! t_interp:  8230219.999012598 t_traj:  8230218.935757865
plunging! t_interp:  8230219.999012598 t_traj:  8230219.201631242
plunging! t_interp:  8230219.999012598 t_traj:  8230219.467402431
plunging! t_interp:  8230219.999012598 t_traj:  8230219.733179517
plunging! t_interp:  8230219.999012598 t_traj:  8230219.729847043
plunging! t_interp:  8230219.999012598 t_traj:  8230219.797356145
plunging! t_interp:  8230219.999012598 t_traj:  8230219.864629402
plunging! t_interp:  8230219.999012598 t_traj:  8230219.931812074
Finished derivatives
Calculated Fisher is *atleast* positive-definite.
Time taken to compute FM is 7.263026475906372 seconds
     CV#2 it   1 lam=4.9e+09 ov=0.9938501 chi2=1.442e+03 rel=8.0e-12
======================================================================
[idx1] SNR=20.82  overlap(start) = 0.9648822
Body is not plunging, Fisher should be stable.wwaveform shape: (3, 6311629)CComputing SNR for parameters: (np.float64(998829.2763), np.float64(1001.1117), np.float64(-0.498209), np.float64(24.98167), np.float64(0.099602), 1.0, 33.992306, np.float64(1.057766), np.float64(0.778929), 0.628318531, 0.523598776, np.float64(6.145088), 0.2, np.float64(0.955298), 0.95, False, False, False, False)
Waveform Generated. SNR: 20.91085320224945
calculating stable deltas...plunging! t_interp:  31558144.999999993 t_traj:  31531237.10813777
plunging! t_interp:  31558144.999999993 t_traj:  31545103.761524633
Time taken to compute stable deltas is 50.74176096916199 seconds
calculating Fisher matrix...
Finished derivatives
Calculated Fisher is *atleast* positive-definite.
Time taken to compute FM is 4.917642831802368 seconds
    CV#1 it   0 lam=3.3e-03 ov=0.9648822 chi2=3.058e+01 rel=4.1e-02
Body is not plunging, Fisher should be stable.
waveform shape: (3, 6311629)
Computing SNR for parameters: (np.float64(998829.2744483271), np.float64(1001.1116580566169), np.float64(-0.498208580510315), np.float64(24.981670064524355), np.float64(0.09960182362446067), 1.0, 33.992306, np.float64(1.0554331166647288), np.float64(0.7840468075434882), 0.628318531, 0.523598776, np.float64(6.13384626426676), 0.2, np.float64(0.9638974129952078), 0.95, False, False, False, False)
Waveform Generated. SNR: 20.83619244029101
calculating Fisher matrix...
Finished derivatives
Calculated Fisher is *atleast* positive-definite.
Time taken to compute FM is 5.510601758956909 seconds
    CV#1 it   1 lam=1.1e-03 ov=0.9661997 chi2=2.932e+01 rel=2.1e-04
Body is not plunging, Fisher should be stable.
waveform shape: (3, 6311629)
Computing SNR for parameters: (np.float64(998829.2510613906), np.float64(1001.1116427857784), np.float64(-0.4982081884638119), np.float64(24.981669926325647), np.float64(0.09960139296610744), 1.0, 33.992306, np.float64(1.0560920693968658), np.float64(0.7853278274389279), 0.628318531, 0.523598776, np.float64(6.127534045365998), 0.2, np.float64(0.9552409945845346), 0.95, False, False, False, False)
Waveform Generated. SNR: 20.827992402149057
calculating Fisher matrix...
Finished derivatives
Calculated Fisher is *atleast* positive-definite.
Time taken to compute FM is 5.525366544723511 seconds
    CV#1 it   2 lam=3.7e-04 ov=0.9661934 chi2=2.932e+01 rel=1.1e-04
Body is not plunging, Fisher should be stable.
waveform shape: (3, 6311629)
Computing SNR for parameters: (np.float64(998829.2090616104), np.float64(1001.1116321392544), np.float64(-0.4982075696855416), np.float64(24.98166969534116), np.float64(0.09960128430869261), 1.0, 33.992306, np.float64(1.055895613187331), np.float64(0.7858021741053115), 0.628318531, 0.523598776, np.float64(6.123065021835272), 0.2, np.float64(0.9477323069383445), 0.95, False, False, False, False)
Waveform Generated. SNR: 20.823038656804638
calculating Fisher matrix...
Finished derivatives
Calculated Fisher is *atleast* positive-definite.
Time taken to compute FM is 5.54544472694397 seconds
    CV#1 it   3 lam=1.2e-04 ov=0.9661891 chi2=2.932e+01 rel=7.5e-05
Body is not plunging, Fisher should be stable.
waveform shape: (3, 6311629)
Computing SNR for parameters: (np.float64(998829.1345985616), np.float64(1001.1116263891322), np.float64(-0.49820670911469805), np.float64(24.98166937694101), np.float64(0.09960188527038803), 1.0, 33.992306, np.float64(1.0558137084454702), np.float64(0.7860804803621372), 0.628318531, 0.523598776, np.float64(6.123064921977515), 0.2, np.float64(0.9433334285446596), 0.95, False, False, False, False)
Waveform Generated. SNR: 20.82002491715175
calculating Fisher matrix...
Finished derivatives
Calculated Fisher is *atleast* positive-definite.
Time taken to compute FM is 5.493373870849609 seconds
    CV#1 it   4 lam=4.1e-05 ov=0.9661869 chi2=2.931e+01 rel=5.3e-05
Body is not plunging, Fisher should be stable.
waveform shape: (3, 6311629)
Computing SNR for parameters: (np.float64(998829.0128421374), np.float64(1001.1115681320423), np.float64(-0.49820592965613153), np.float64(24.98166924680404), np.float64(0.09960300048871461), 1.0, 33.992306, np.float64(1.0557548529538245), np.float64(0.7862584936916708), 0.628318531, 0.523598776, np.float64(6.125933033821115), 0.2, np.float64(0.941579126219353), 0.95, False, False, False, False)
Waveform Generated. SNR: 20.817953228841795
calculating stable deltas...
plunging! t_interp:  31558144.999999996 t_traj:  31531243.638543867
plunging! t_interp:  31558144.999999996 t_traj:  31545110.29084386
Time taken to compute stable deltas is 48.45541596412659 seconds
calculating Fisher matrix...
Finished derivatives
Calculated Fisher is *atleast* positive-definite.
Time taken to compute FM is 4.869673728942871 seconds
    CV#1 it   5 lam=1.4e-05 ov=0.9661854 chi2=2.931e+01 rel=3.7e-05
Body is not plunging, Fisher should be stable.
waveform shape: (3, 6311629)
Computing SNR for parameters: (np.float64(998828.8019424705), np.float64(1001.1113188626084), np.float64(-0.4982061043202048), np.float64(24.981670168527135), np.float64(0.09960416364209455), 1.0, 33.992306, np.float64(1.0558429998674959), np.float64(0.7863638858103918), 0.628318531, 0.523598776, np.float64(6.1286566521026655), 0.2, np.float64(0.9421781288537793), 0.95, False, False, False, False)
Waveform Generated. SNR: 20.817337667933867
calculating Fisher matrix...
Finished derivatives
Calculated Fisher is *atleast* positive-definite.
Time taken to compute FM is 5.658996343612671 seconds
    CV#1 it   6 lam=4.6e-06 ov=0.9661856 chi2=2.931e+01 rel=6.1e-05
Body is not plunging, Fisher should be stable.
waveform shape: (3, 6311629)
Computing SNR for parameters: (np.float64(998828.3209008457), np.float64(1001.1107671584315), np.float64(-0.4982078119964401), np.float64(24.98167421915771), np.float64(0.09960558839352172), 1.0, 33.992306, np.float64(1.0558057695169871), np.float64(0.7864509621702519), 0.628318531, 0.523598776, np.float64(6.130363218746179), 0.2, np.float64(0.9455154978318436), 0.95, False, False, False, False)
Waveform Generated. SNR: 20.81663027920106
calculating Fisher matrix...
Finished derivatives
Calculated Fisher is *atleast* positive-definite.
Time taken to compute FM is 5.490302085876465 seconds
    CV#1 it   7 lam=1.5e-06 ov=0.9661865 chi2=2.931e+01 rel=1.4e-04
Body is not plunging, Fisher should be stable.
waveform shape: (3, 6311629)
Computing SNR for parameters: (np.float64(998827.1100397172), np.float64(1001.1101061177861), np.float64(-0.49821167925053766), np.float64(24.981688440387707), np.float64(0.09960759572965337), 1.0, 33.992306, np.float64(1.055775635500371), np.float64(0.7865401709144021), 0.628318531, 0.523598776, np.float64(6.13207238348437), 0.2, np.float64(0.9510693931739993), 0.95, False, False, False, False)
Waveform Generated. SNR: 20.81608808807118
calculating Fisher matrix...
Finished derivatives
Calculated Fisher is *atleast* positive-definite.
Time taken to compute FM is 5.483542442321777 seconds
    CV#1 it   8 lam=5.1e-07 ov=0.9661905 chi2=2.930e+01 rel=3.8e-04
Body is not plunging, Fisher should be stable.
waveform shape: (3, 6311629)
Computing SNR for parameters: (np.float64(998823.8824344564), np.float64(1001.1100951227264), np.float64(-0.4982197136306257), np.float64(24.981734264904677), np.float64(0.09961030152060271), 1.0, 33.992306, np.float64(1.0557113663114917), np.float64(0.7866167524591012), 0.628318531, 0.523598776, np.float64(6.134474354023797), 0.2, np.float64(0.9554981611934983), 0.95, False, False, False, False)
Waveform Generated. SNR: 20.81553384284897
calculating Fisher matrix...
Finished derivatives
Calculated Fisher is *atleast* positive-definite.
Time taken to compute FM is 5.686544895172119 seconds
    CV#1 it   9 lam=1.7e-07 ov=0.9662025 chi2=2.929e+01 rel=1.1e-03
Body is not plunging, Fisher should be stable.
waveform shape: (3, 6311629)
Computing SNR for parameters: (np.float64(998814.7369827509), np.float64(1001.1118731215255), np.float64(-0.49824004131493194), np.float64(24.981872187971856), np.float64(0.0996152406436607), 1.0, 33.992306, np.float64(1.0556583476292334), np.float64(0.7867198311302408), 0.628318531, 0.523598776, np.float64(6.13878712224962), 0.2, np.float64(0.9554766535244287), 0.95, False, False, False, False)
Waveform Generated. SNR: 20.81494470174005
calculating stable deltas...
plunging! t_interp:  31558144.999999996 t_traj:  31531240.64833903
plunging! t_interp:  31558144.999999996 t_traj:  31545107.324467633
Time taken to compute stable deltas is 47.77002549171448 seconds
calculating Fisher matrix...
Finished derivatives
Calculated Fisher is *atleast* positive-definite.
Time taken to compute FM is 4.860743284225464 seconds
    CV#1 it  10 lam=5.6e-08 ov=0.9662383 chi2=2.926e+01 rel=3.0e-03
Body is not plunging, Fisher should be stable.
waveform shape: (3, 6311629)
Computing SNR for parameters: (np.float64(998789.0564513728), np.float64(1001.117916393382), np.float64(-0.49829566117508367), np.float64(24.982264156453166), np.float64(0.09962746010518762), 1.0, 33.992306, np.float64(1.0554604806546553), np.float64(0.7869470682079619), 0.628318531, 0.523598776, np.float64(6.148726085580101), 0.2, np.float64(0.9465683713991826), 0.95, False, False, False, False)
Waveform Generated. SNR: 20.81329202480691
calculating Fisher matrix...
Finished derivatives
Calculated Fisher is *atleast* positive-definite.
Time taken to compute FM is 5.587343454360962 seconds
    CV#1 it  11 lam=1.9e-08 ov=0.9663365 chi2=2.917e+01 rel=7.0e-03
Body is not plunging, Fisher should be stable.
waveform shape: (3, 6311629)
Computing SNR for parameters: (np.float64(998723.5298476904), np.float64(1001.1339208885471), np.float64(-0.49843679459240586), np.float64(24.98326692759251), np.float64(0.0996577059350072), 1.0, 33.992306, np.float64(1.0549626353236436), np.float64(0.7875115655210955), 0.628318531, 0.523598776, np.float64(6.172620546044044), 0.2, np.float64(0.9183698817713555), 0.95, False, False, False, False)
Waveform Generated. SNR: 20.810230671314145
calculating Fisher matrix...
Finished derivatives
Calculated Fisher is *atleast* positive-definite.
Time taken to compute FM is 5.615190744400024 seconds
    CV#1 it  12 lam=6.3e-09 ov=0.9665657 chi2=2.897e+01 rel=1.1e-02
Body is not plunging, Fisher should be stable.
waveform shape: (3, 6311629)
Computing SNR for parameters: (np.float64(998592.642236218), np.float64(1001.1664292597998), np.float64(-0.49871791904944834), np.float64(24.98527264543528), np.float64(0.09971710017077402), 1.0, 33.992306, np.float64(1.0540175618142569), np.float64(0.7885559310681427), 0.628318531, 0.523598776, np.float64(6.218343007323877), 0.2, np.float64(0.857132803014652), 0.95, False, False, False, False)
Waveform Generated. SNR: 20.803752853959665
calculating Fisher matrix...
Finished derivatives
Calculated Fisher is *atleast* positive-definite.
Time taken to compute FM is 5.557150840759277 seconds
    CV#1 it  13 lam=2.1e-09 ov=0.9669346 chi2=2.864e+01 rel=9.4e-03
Body is not plunging, Fisher should be stable.
waveform shape: (3, 6311629)
Computing SNR for parameters: (np.float64(998424.5417796262), np.float64(1001.2095756577451), np.float64(-0.4990771741556023), np.float64(24.98785550522531), np.float64(0.09979088617453653), 1.0, 33.992306, np.float64(1.0529259028195996), np.float64(0.7896888673070693), 0.628318531, 0.523598776, np.float64(6.272296397950498), 0.2, np.float64(0.7687727816410156), 0.95, False, False, False, False)
Waveform Generated. SNR: 20.797290458775556
calculating Fisher matrix...
Finished derivatives
Calculated Fisher is *atleast* positive-definite.
Time taken to compute FM is 5.560796499252319 seconds
    CV#1 it  14 lam=1.5e-09 ov=0.9672337 chi2=2.837e+01 rel=4.8e-03
Body is not plunging, Fisher should be stable.
waveform shape: (3, 6311629)
Computing SNR for parameters: (np.float64(998297.6977727049), np.float64(1001.2446380288129), np.float64(-0.499345037078847), np.float64(24.989816415024006), np.float64(0.09984217847249559), 1.0, 33.992306, np.float64(1.052269716171973), np.float64(0.7902108489897466), 0.628318531, 0.523598776, np.float64(6.304480831904968), 0.2, np.float64(0.6845158229665868), 0.95, False, False, False, False)
Waveform Generated. SNR: 20.7932850637299
calculating stable deltas...
plunging! t_interp:  31558144.999999993 t_traj:  31531154.634202115
plunging! t_interp:  31558144.999999993 t_traj:  31545021.904882826
Time taken to compute stable deltas is 48.134254693984985 seconds
calculating Fisher matrix...
Finished derivatives
Calculated Fisher is *atleast* positive-definite.
Time taken to compute FM is 4.851708650588989 seconds
    CV#1 it  15 lam=5.0e-10 ov=0.9673837 chi2=2.824e+01 rel=4.0e-03
Body is not plunging, Fisher should be stable.
waveform shape: (3, 6311629)
Computing SNR for parameters: (np.float64(998232.403749023), np.float64(1001.2647223235764), np.float64(-0.49947997352256907), np.float64(24.990835418058975), np.float64(0.09986463521738204), 1.0, 33.992306, np.float64(1.0520322969443958), np.float64(0.7902655919245255), 0.628318531, 0.523598776, np.float64(6.312340080943053), 0.2, np.float64(0.6217309189643778), 0.95, False, False, False, False)
Waveform Generated. SNR: 20.786688953629472
calculating Fisher matrix...
Finished derivatives
Calculated Fisher is *atleast* positive-definite.
Time taken to compute FM is 5.601412534713745 seconds
    CV#1 it  16 lam=1.7e-10 ov=0.9675055 chi2=2.813e+01 rel=7.4e-04
Body is not plunging, Fisher should be stable.
waveform shape: (3, 6311629)
Computing SNR for parameters: (np.float64(998193.5109838695), np.float64(1001.2775477490817), np.float64(-0.4995593466709398), np.float64(24.99144635848524), np.float64(0.09987660425510816), 1.0, 33.992306, np.float64(1.0518864978407925), np.float64(0.7902880549664762), 0.628318531, 0.523598776, np.float64(6.314822524504969), 0.2, np.float64(0.575099300086515), 0.95, False, False, False, False)
Waveform Generated. SNR: 20.785298300419687
calculating Fisher matrix...
Finished derivatives
Calculated Fisher is *atleast* positive-definite.
Time taken to compute FM is 5.5539281368255615 seconds
    CV#1 it  17 lam=5.5e-11 ov=0.9675274 chi2=2.810e+01 rel=2.8e-04
Body is not plunging, Fisher should be stable.
waveform shape: (3, 6311629)
Computing SNR for parameters: (np.float64(998176.3056062049), np.float64(1001.2843779647794), np.float64(-0.4995927355004275), np.float64(24.991721641801597), np.float64(0.0998800708075497), 1.0, 33.992306, np.float64(1.0518371591327194), np.float64(0.7902390181238171), 0.628318531, 0.523598776, np.float64(6.312938656470532), 0.2, np.float64(0.5430522468592112), 0.95, False, False, False, False)
Waveform Generated. SNR: 20.785062973333716
calculating Fisher matrix...
Finished derivatives
Calculated Fisher is *atleast* positive-definite.
Time taken to compute FM is 5.612367630004883 seconds
    CV#1 it  18 lam=1.8e-11 ov=0.9675361 chi2=2.810e+01 rel=1.3e-04
Body is not plunging, Fisher should be stable.
waveform shape: (3, 6311629)
Computing SNR for parameters: (np.float64(998165.3699075403), np.float64(1001.2888543315266), np.float64(-0.4996137067291105), np.float64(24.991897109257803), np.float64(0.09988214782703178), 1.0, 33.992306, np.float64(1.0517919062496899), np.float64(0.7902443729929672), 0.628318531, 0.523598776, np.float64(6.311800690883181), 0.2, np.float64(0.5201207080866461), 0.95, False, False, False, False)
Waveform Generated. SNR: 20.784694869118884
calculating Fisher matrix...
Finished derivatives
Calculated Fisher is *atleast* positive-definite.
Time taken to compute FM is 5.825343370437622 seconds
    CV#1 it  19 lam=6.1e-12 ov=0.9675398 chi2=2.809e+01 rel=7.3e-05
Body is not plunging, Fisher should be stable.
waveform shape: (3, 6311629)
Computing SNR for parameters: (np.float64(998158.580921552), np.float64(1001.2918207418276), np.float64(-0.4996263961377145), np.float64(24.992006775323887), np.float64(0.09988321834404147), 1.0, 33.992306, np.float64(1.0517589080092502), np.float64(0.790233554975553), 0.628318531, 0.523598776, np.float64(6.311039605995606), 0.2, np.float64(0.5033511018649195), 0.95, False, False, False, False)
Waveform Generated. SNR: 20.784506620303123
calculating stable deltas...
plunging! t_interp:  31558144.999999993 t_traj:  31531139.55564944
plunging! t_interp:  31558144.999999993 t_traj:  31545006.959033985
Time taken to compute stable deltas is 48.49996519088745 seconds
calculating Fisher matrix...
Finished derivatives
Calculated Fisher is *atleast* positive-definite.
Time taken to compute FM is 4.849015712738037 seconds
    CV#1 it  20 lam=1.1e-11 ov=0.9675419 chi2=2.809e+01 rel=5.1e-06
Body is not plunging, Fisher should be stable.
waveform shape: (3, 6311629)
Computing SNR for parameters: (np.float64(998158.4452937739), np.float64(1001.2932024491539), np.float64(-0.4996245404908939), np.float64(24.992014512091174), np.float64(0.09988133902336416), 1.0, 33.992306, np.float64(1.0527111746590594), np.float64(0.7903740935500659), 0.628318531, 0.523598776, np.float64(6.309331513772381), 0.2, np.float64(0.49061528653065095), 0.95, False, False, False, False)
Waveform Generated. SNR: 20.78633784244296
calculating Fisher matrix...
Finished derivatives
Calculated Fisher is *atleast* positive-definite.
Time taken to compute FM is 5.603336572647095 seconds
    CV#1 it  21 lam=3.5e-12 ov=0.9675448 chi2=2.809e+01 rel=3.3e-05
Body is not plunging, Fisher should be stable.
waveform shape: (3, 6311629)
Computing SNR for parameters: (np.float64(998153.6968993584), np.float64(1001.2948976565053), np.float64(-0.4996340694757565), np.float64(24.99208966761566), np.float64(0.09988264568337323), 1.0, 33.992306, np.float64(1.0526250248390292), np.float64(0.7904018799213116), 0.628318531, 0.523598776, np.float64(6.3095849564605775), 0.2, np.float64(0.48153929700708586), 0.95, False, False, False, False)
Waveform Generated. SNR: 20.78604192749644
calculating Fisher matrix...
Finished derivatives
Calculated Fisher is *atleast* positive-definite.
Time taken to compute FM is 5.554114580154419 seconds
    CV#1 it  22 lam=1.2e-12 ov=0.9675455 chi2=2.809e+01 rel=3.2e-05
Body is not plunging, Fisher should be stable.
waveform shape: (3, 6311629)
Computing SNR for parameters: (np.float64(998151.4455591057), np.float64(1001.2958566330457), np.float64(-0.49963833677176656), np.float64(24.992125932703164), np.float64(0.09988304721349445), 1.0, 33.992306, np.float64(1.0523031675500136), np.float64(0.7903359213900496), 0.628318531, 0.523598776, np.float64(6.309228549589916), 0.2, np.float64(0.47501113774574377), 0.95, False, False, False, False)
Waveform Generated. SNR: 20.78564861252396
calculating Fisher matrix...
Finished derivatives
Calculated Fisher is *atleast* positive-definite.
Time taken to compute FM is 5.5437095165252686 seconds
    CV#1 it  23 lam=3.9e-13 ov=0.9675459 chi2=2.809e+01 rel=1.7e-05
Body is not plunging, Fisher should be stable.
waveform shape: (3, 6311629)
Computing SNR for parameters: (np.float64(998149.8884683159), np.float64(1001.296649931135), np.float64(-0.49964100815899243), np.float64(24.992151466136978), np.float64(0.09988320074755604), 1.0, 33.992306, np.float64(1.0521799019672882), np.float64(0.790320654693031), 0.628318531, 0.523598776, np.float64(6.309077658308168), 0.2, np.float64(0.46943100868253784), 0.95, False, False, False, False)
Waveform Generated. SNR: 20.785242357040733
calculating Fisher matrix...
Finished derivatives
Calculated Fisher is *atleast* positive-definite.
Time taken to compute FM is 5.546537399291992 seconds
    CV#1 it  24 lam=1.3e-13 ov=0.9675458 chi2=2.809e+01 rel=4.8e-06
Body is not plunging, Fisher should be stable.
waveform shape: (3, 6311629)
Computing SNR for parameters: (np.float64(998148.887469066), np.float64(1001.2972487709303), np.float64(-0.4996425752864518), np.float64(24.992168239412155), np.float64(0.09988318141486463), 1.0, 33.992306, np.float64(1.0521933352159876), np.float64(0.7903335418901999), 0.628318531, 0.523598776, np.float64(6.3089144166226285), 0.2, np.float64(0.4649355760701425), 0.95, False, False, False, False)
Waveform Generated. SNR: 20.785149043225754
calculating stable deltas...
plunging! t_interp:  31558144.999999993 t_traj:  31531139.542006925
plunging! t_interp:  31558144.999999993 t_traj:  31545006.94878875
Time taken to compute stable deltas is 47.71423602104187 seconds
calculating Fisher matrix...
Finished derivatives
Calculated Fisher is *atleast* positive-definite.
Time taken to compute FM is 4.814765930175781 seconds
    CV#1 it  25 lam=4.3e-14 ov=0.9675458 chi2=2.809e+01 rel=1.3e-05
Body is not plunging, Fisher should be stable.
waveform shape: (3, 6311629)
Computing SNR for parameters: (np.float64(998147.0445824135), np.float64(1001.297876621081), np.float64(-0.4996462084247086), np.float64(24.9921971210661), np.float64(0.09988381740923274), 1.0, 33.992306, np.float64(1.0517656964648245), np.float64(0.7902777848623581), 0.628318531, 0.523598776, np.float64(6.3090459353977195), 0.2, np.float64(0.46142804601709075), 0.95, False, False, False, False)
Waveform Generated. SNR: 20.78409844063884
calculating Fisher matrix...
Finished derivatives
Calculated Fisher is *atleast* positive-definite.
Time taken to compute FM is 5.547626733779907 seconds
    CV#1 it  26 lam=1.4e-14 ov=0.9675447 chi2=2.809e+01 rel=2.9e-06
Body is not plunging, Fisher should be stable.
waveform shape: (3, 6311629)
Computing SNR for parameters: (np.float64(998146.3736493146), np.float64(1001.2982643801485), np.float64(-0.4996472981799826), np.float64(24.992208328924157), np.float64(0.0998838118756752), 1.0, 33.992306, np.float64(1.0517353380839765), np.float64(0.7902691900865555), 0.628318531, 0.523598776, np.float64(6.308903013119145), 0.2, np.float64(0.4585204146537455), 0.95, False, False, False, False)
Waveform Generated. SNR: 20.784040703594837
calculating Fisher matrix...
Finished derivatives
Calculated Fisher is *atleast* positive-definite.
Time taken to compute FM is 5.548832178115845 seconds
    CV#1 it  27 lam=4.8e-15 ov=0.9675447 chi2=2.809e+01 rel=1.4e-06
Body is not plunging, Fisher should be stable.
waveform shape: (3, 6311629)
Computing SNR for parameters: (np.float64(998146.0132615095), np.float64(1001.2985294132494), np.float64(-0.4996477907782788), np.float64(24.992214582105884), np.float64(0.09988373126635432), 1.0, 33.992306, np.float64(1.0517323458979106), np.float64(0.7902694701834754), 0.628318531, 0.523598776, np.float64(6.308747375488539), 0.2, np.float64(0.45628227296048113), 0.95, False, False, False, False)
Waveform Generated. SNR: 20.784021058118732
calculating Fisher matrix...
Finished derivatives
Calculated Fisher is *atleast* positive-definite.
Time taken to compute FM is 5.6109843254089355 seconds
    CV#1 it  28 lam=1.6e-15 ov=0.9675447 chi2=2.809e+01 rel=1.6e-06
Body is not plunging, Fisher should be stable.
waveform shape: (3, 6311629CoComputing SNR for parameters: (np.float64(998145.9589369785), np.float64(1001.2986850320955), np.float64(-0.4996476775430537), np.float64(24.99221600073034), np.float64(0.09988356127944031), 1.0, 33.992306, np.float64(1.051732362529452), np.float64(0.7902675516048151), 0.628318531, 0.523598776, np.float64(6.308557440041567), 0.2, np.float64(0.45459655524150366), 0.95, False, False, False, False)
Waveform Generated. SNR: 20.784016279910638
calculating Fisher matrix..FiFinished derivatives
Calculated Fisher is *atleast* positive-definite.
Time taken to compute FM is 5.644867181777954 seconds
    CV#1 it  29 lam=5.3e-16 ov=0.9675448 chi2=2.809e+01 rel=2.5e-06
Body is not plunging, Fisher should be stable.
waveform shape: (3, 6311629CoComputing SNR for parameters: (np.float64(998145.4047416307), np.float64(1001.2989100559222), np.float64(-0.49964872649703673), np.float64(24.99222485753591), np.float64(0.09988369475155177), 1.0, 33.992306, np.float64(1.0517272288008905), np.float64(0.7902733718582016), 0.628318531, 0.523598776, np.float64(6.308624288315119), 0.2, np.float64(0.4531854040645707), 0.95, False, False, False, False)
Waveform Generated. SNR: 20.783968588283106
calculating stable deltas..plplunging! t_interp:  31558144.999999996 t_traj:  31531139.36900139
plunging! t_interp:  31558144.999999996 t_traj:  31545006.777838256
Time taken to compute stable deltas is 47.706658124923706 seconds
calculating Fisher matrix.FinFinished derivatives
Calculated Fisher is *atleast* positive-definite.
Time taken to compute FM is 4.9033098220825195 seco        CV#1 it  30 lam=1.8e-16 ov=0.9675448 chi2=2.809e+01 rel=4.9e-07
Body is not plunging, Fisher should be stable.
waveform shape: (3, 63116CompComputing SNR for parameters: (np.float64(998146.0098601644), np.float64(1001.298863316802), np.float64(-0.4996472502805261), np.float64(24.99221599318062), np.float64(0.09988328329889393), 1.0, 33.992306, np.float64(1.0516944188380417), np.float64(0.7902586436827385), 0.628318531, 0.523598776, np.float64(6.308245580449025), 0.2, np.float64(0.4523203313328822), 0.95, False, False, False, False)
Waveform Generated. SNR: 20.783929444659876
calculating Fisher matrixFiniFinished derivatives
Calculated Fisher is *atleast* positive-definite.
Time taken to compute FM is 5.54988169670105 secon       CV#1 it  31 lam=5.9e-17 ov=0.9675448 chi2=2.809e+01 rel=6.2e-07
Body is not plunging, Fisher should be stable.
waveform shape: (3, 631162ComComputing SNR for parameters: (np.float64(998144.297205253), np.float64(1001.2992942910597), np.float64(-0.4996509261681569), np.float64(24.992242282576356), np.float64(0.09988405430296417), 1.0, 33.992306, np.float64(1.0516755755355318), np.float64(0.7902792474345695), 0.628318531, 0.523598776, np.float64(6.308834663939039), 0.2, np.float64(0.4511178477625808), 0.95, False, False, False, False)
Waveform Generated. SNR: 20.78377867712297
calculating Fisher matrix.FinFinished derivatives
Calculated Fisher is *atleast* positive-definite.
Time taken to compute FM is 5.68996787071228 seconds
    CV#1 it  32 lam=1.6e-16 ov=0.9675446 chi2=2.809e+01 rel=2.5e-07
Body is not plunging, Fisher should be stable.
waveform shape: (3, 63116CompComputing SNR for parameters: (np.float64(998144.908385148), np.float64(1001.2992400339845), np.float64(-0.49964945169175184), np.float64(24.992233312315033), np.float64(0.09988363851546397), 1.0, 33.992306, np.float64(1.0516845185498231), np.float64(0.7902659267885199), 0.628318531, 0.523598776, np.float64(6.30845586192044), 0.2, np.float64(0.45046331454227834), 0.95, False, False, False, False)
Waveform Generated. SNR: 20.783842541802578
calculating Fisher matrixFiniFinished derivatives
Calculated Fisher is *atleast* positive-definite.
Time taken to compute FM is 5.534239768981934 seconds
    CV#1 it  33 lam=5.3e-17 ov=0.9675447 chi2=2.809e+01 rel=2.4e-07
Body is not plunging, Fisher should be stable.
waveform shape: (3, 6311629)
Computing SNR for parameters: (np.float64(998144.0930960043), np.float64(1001.2994584258439), np.float64(-0.49965118168404193), np.float64(24.99224588232685), np.float64(0.09988398700551425), 1.0, 33.992306, np.float64(1.0516766714489765), np.float64(0.7902765622315928), 0.628318531, 0.523598776, np.float64(6.308714455639984), 0.2, np.float64(0.4497455013210282), 0.95, False, False, False, False)
Waveform Generated. SNR: 20.78379467670785
calculating Fisher matrixFiniFinished derivatives
Calculated Fisher is *atleast* positive-definite.
Time taken to compute FM is 5.646213054656982 seco        CV#1 it  34 lam=5.0e+123 ov=0.9675446 chi2=2.809e+01 rel=0.0e+00
    NM  nfev=1088 ov 0.9675446 -> 0.9675448 (accepted=True)
Body is not plunging, Fisher should be stable.
waveform shape: (3, 6311629)
Computing SNR for parameters: (np.float64(998144.0915075525), np.float64(1001.2994464228484), np.float64(-0.49965115561829504), np.float64(24.99224579043781), np.float64(0.0998840370618771), 1.0, 33.992306, np.float64(1.0517281588674299), np.float64(0.790279570178598), 0.628318531, 0.523598776, np.float64(6.308803642000889), 0.2, np.float64(0.44965007705527943), 0.95, False, False, False, False)
Waveform Generated. SNR: 20.78394465799661
calculating stable deltasplunplunging! t_interp:  31558144.999999996 t_traj:  31531139.298272103
plunging! t_interp:  31558144.999999996 t_traj:  31545006.70790397
Time taken to compute stable deltas is 50.76755428314209 seconds
calculating Fisher matrixFiniFinished derivatives
Calculated Fisher is *atleast* positive-definite.
Time taken to compute FM is 5.054187297821045 seco    CV#2 it   0 lam=1.2e+11 ov=0.9675448 chi2=2.809e+01 rel=9.0e-13
======================================================================
[idx16] SNR=20.67  overlap(start) = 0.9950258
Body is not plunging, Fisher should be stable.
waveform shape: (3, 6311629)
Computing SNR for parameters: (np.float64(1001218.4207), np.float64(999.7191), np.float64(-0.494576), np.float64(24.65617), np.float64(0.399916), 1.0, 39.7010887, np.float64(1.051215), np.float64(0.7798), 0.628318531, 0.523598776, np.float64(0.214024), 0.2, np.float64(-6.083668), 0.95, False, False, False, False)
Waveform Generated. SNR: 20.767967539414716
calculating stable deltas...
plunging! t_interp:  31558144.999999993 t_traj:  31537439.535944607
plunging! t_interp:  31558144.999999993 t_traj:  31551417.55412351
Time taken to compute stable deltas is 49.78679180145264 seconds
calculating Fisher matrix...
Finished derivatives
Calculated Fisher is *atleast* positive-definite.
Time taken to compute FM is 5.066675662994385 seconds
    CV#1 it   0 lam=3.3e-03 ov=0.9950258 chi2=4.276e+00 rel=6.6e-01
Body is not plunging, Fisher should be stable.
waveform shape: (3, 6311629)
Computing SNR for parameters: (np.float64(1001218.3897920975), np.float64(999.7191330282859), np.float64(-0.49457602072372253), np.float64(24.65616969453913), np.float64(0.3999158203574809), 1.0, 39.7010887, np.float64(1.0502351580875853), np.float64(0.7798921073824115), 0.628318531, 0.523598776, np.float64(0.21753262010915445), 0.2, np.float64(-6.082231827016429), 0.95, False, False, False, False)
Waveform Generated. SNR: 20.735945385289465
calculating Fisher matrix...
Finished derivatives
Calculated Fisher is *atleast* positive-definite.
Time taken to compute FM is 5.734512805938721 seconds
    CV#1 it   1 lam=1.1e-03 ov=0.9983271 chi2=1.437e+00 rel=7.2e-03
Body is not plunging, Fisher should be stable.
waveform shape: (3, 6311629)
Computing SNR for parameters: (np.float64(1001218.3846474753), np.float64(999.719116693306), np.float64(-0.4945758956023223), np.float64(24.65616967169068), np.float64(0.39991574869674995), 1.0, 39.7010887, np.float64(1.0507375223367907), np.float64(0.7801697606544865), 0.628318531, 0.523598776, np.float64(0.21458747996198604), 0.2, np.float64(-6.083695097136178), 0.95, False, False, False, False)
Waveform Generated. SNR: 20.7347926699712
calculating Fisher matrix...
Finished derivatives
Calculated Fisher is *atleast* positive-definite.
Time taken to compute FM is 5.846506595611572 seconds
    CV#1 it   2 lam=1.3e+10 ov=0.9983390 chi2=1.426e+00 rel=3.9e-11
    NM  nfev=1246 ov 0.9983390 -> 0.9983392 (accepted=True)
Body is not plunging, Fisher should be stable.
waveform shape: (3, 6311629)
Computing SNR for parameters: (np.float64(1001218.3401065267), np.float64(999.719120394007), np.float64(-0.494575947909128), np.float64(24.656170261063465), np.float64(0.3999157542682445), 1.0, 39.7010887, np.float64(1.0509753298614757), np.float64(0.7801912775362974), 0.628318531, 0.523598776, np.float64(0.21458067010204473), 0.2, np.float64(-6.083690119794701), 0.95, False, False, False, False)
Waveform Generated. SNR: 20.735021003909107
calculating stable deltas...
plunging! t_interp:  31558144.999999993 t_traj:  31537433.04064715
plunging! t_interp:  31558144.999999993 t_traj:  31551411.055951413
Time taken to compute stable deltas is 49.06674551963806 seconds
calculating Fisher matrix...
Finished derivatives
Calculated Fisher is *atleast* positive-definite.
Time taken to compute FM is 5.186874628067017 seconds
    CV#2 it   0 lam=2.3e+08 ov=0.9983392 chi2=1.426e+00 rel=6.9e-10

======================================================================
model = 0PA (IMRI, 9 params)
case        SNR    ov@start       ov@CV    ov@NM/DE  improved?
idx0     341.83    0.989193    0.993850    0.990352        YES
idx1      20.82    0.964882    0.967545    0.966239        YES
idx16     20.67    0.995026    0.998339    0.998340        YES

optimized 9-param points  [m1, m2, a, p0, e0, qS, phiS, Phi_phi0, Phi_r0]:
[idx0] = [1.00176199e+06, 4.99511288e+03, 7.03962258e-01, 2.49674581e+01, 2.49798441e-01, 7.86137900e-01, 1.00491369e+00, 9.89953388e-01, 6.42950551e-01]
[idx1] = [9.98144092e+05, 1.00129945e+03, -4.99651156e-01, 2.49922458e+01, 9.98840371e-02, 1.05172816e+00, 7.90279570e-01, 6.30880364e+00, 4.49650077e-01]
[idx16] = [1.00121834e+06, 9.99719120e+02, -4.94575948e-01, 2.46561703e+01, 3.99915754e-01, 1.05097533e+00, 7.80191278e-01, 2.14580670e-01, -6.08369012e+00]
+00]
