startup
======================================================================

[idx0] --- start = from_0PA (overlap 0.9934510) ---
Body is plunging! Expect instabilities.
Removed last 6 hours of inspiral. New evolution time: 0.2601109441701356 years
waveform shape: (3, 6311629)
Computing SNR for parameters: (np.float64(1001761.99), np.float64(4995.11288), np.float64(0.703962258), np.float64(24.9674581), np.float64(0.249798441), 1.0, 12.0, np.float64(0.7861379), np.float64(1.00491369), 1.0, 1.0471975511965976, np.float64(0.989953388), 0.5, np.float64(0.642950551), 0.95, False, False, False, True, np.float64(0.0), np.float64(0.0), 0.0, 0.0)
Waveform Generated. SNR: 342.79622163034253
calculating stable deltas...
plunging! t_interp:  8230220.131258385 t_traj:  8223686.254428203
plunging! t_interp:  8230220.131258385 t_traj:  8225319.480386056
plunging! t_interp:  8230220.131258385 t_traj:  8226952.868510371
plunging! t_interp:  8230220.131258385 t_traj:  8228586.4188011475
plunging! t_interp:  8230220.131258385 t_traj:  8227925.666249618
plunging! t_interp:  8230220.131258385 t_traj:  8228499.252512852
plunging! t_interp:  8230220.131258385 t_traj:  8229072.858768723
plunging! t_interp:  8230220.131258385 t_traj:  8229646.485017235
plunging! t_interp:  8230220.131258385 t_traj:  8229414.46416096
plunging! t_interp:  8230220.131258385 t_traj:  8229615.877238138
plunging! t_interp:  8230220.131258385 t_traj:  8229817.2927801
plunging! t_interp:  8230220.131258385 t_traj:  8230018.710786851
plunging! t_interp:  8230220.131258385 t_traj:  8229937.241600579
plunging! t_interp:  8230220.131258385 t_traj:  8230007.963559224
plunging! t_interp:  8230220.131258385 t_traj:  8230078.68582174
plunging! t_interp:  8230220.131258385 t_traj:  8230149.4083881285
plunging! t_interp:  8230220.131258385 t_traj:  8230120.80272171
plunging! t_interp:  8230220.131258385 t_traj:  8230145.634799686
plunging! t_interp:  8230220.131258385 t_traj:  8230170.466915124
plunging! t_interp:  8230220.131258385 t_traj:  8230195.299068024
plunging! t_interp:  8230220.131258385 t_traj:  8230185.25503641
plunging! t_interp:  8230220.131258385 t_traj:  8230193.974084978
plunging! t_interp:  8230220.131258385 t_traj:  8230202.693138159
plunging! t_interp:  8230220.131258385 t_traj:  8230211.412195964
plunging! t_interp:  8230220.131258385 t_traj:  8230207.885539735
plunging! t_interp:  8230220.131258385 t_traj:  8230210.946968542
plunging! t_interp:  8230220.131258385 t_traj:  8230214.008397924
plunging! t_interp:  8230220.131258385 t_traj:  8230217.069827869
plunging! t_interp:  8230220.131258385 t_traj:  8230215.83155074
plunging! t_interp:  8230220.131258385 t_traj:  8230216.906477546
plunging! t_interp:  8230220.131258385 t_traj:  8230217.981404424
plunging! t_interp:  8230220.131258385 t_traj:  8230219.05633137
plunging! t_interp:  8230220.131258385 t_traj:  8230218.6215484645
plunging! t_interp:  8230220.131258385 t_traj:  8230218.998975933
plunging! t_interp:  8230220.131258385 t_traj:  8230219.376403408
plunging! t_interp:  8230220.131258385 t_traj:  8230219.753830894
plunging! t_interp:  8230220.131258385 t_traj:  8230219.601170272
plunging! t_interp:  8230220.131258385 t_traj:  8230219.733692297
plunging! t_interp:  8230220.131258385 t_traj:  8230219.8662143275
plunging! t_interp:  8230220.131258385 t_traj:  8230219.9987363545
plunging! t_interp:  8230220.131258385 t_traj:  8230219.945134285
plunging! t_interp:  8230220.131258385 t_traj:  8230219.991665308
plunging! t_interp:  8230220.131258385 t_traj:  8230220.038196333
plunging! t_interp:  8230220.131258385 t_traj:  8230220.084727361
plunging! t_interp:  8230220.131258385 t_traj:  8230220.065906647
plunging! t_interp:  8230220.131258385 t_traj:  8230220.08224458
plunging! t_interp:  8230220.131258385 t_traj:  8230220.098582516
plunging! t_interp:  8230220.131258385 t_traj:  8230220.11492045
plunging! t_interp:  8230220.131258385 t_traj:  8229409.440806167
plunging! t_interp:  8230220.131258385 t_traj:  8228598.91247177
plunging! t_interp:  8230220.131258385 t_traj:  8227788.546206572
plunging! t_interp:  8230220.131258385 t_traj:  8226978.34196198
plunging! t_interp:  8230220.131258385 t_traj:  8229935.46382584
plunging! t_interp:  8230220.131258385 t_traj:  8229650.8163838275
plunging! t_interp:  8230220.131258385 t_traj:  8229366.188930242
plunging! t_interp:  8230220.131258385 t_traj:  8229081.581462979
plunging! t_interp:  8230220.131258385 t_traj:  8230120.176787372
plunging! t_interp:  8230220.131258385 t_traj:  8230020.224781053
plunging! t_interp:  8230220.131258385 t_traj:  8229920.275239337
plunging! t_interp:  8230220.131258385 t_traj:  8229820.328162133
plunging! t_interp:  8230220.131258385 t_traj:  8230185.035046367
plunging! t_interp:  8230220.131258385 t_traj:  8230149.939138212
plunging! t_interp:  8230220.131258385 t_traj:  8230114.843533922
plunging! t_interp:  8230220.131258385 t_traj:  8230079.7482334925
plunging! t_interp:  8230220.131258385 t_traj:  8230207.808270819
plunging! t_interp:  8230220.131258385 t_traj:  8230195.485320709
plunging! t_interp:  8230220.131258385 t_traj:  8230183.162408063
plunging! t_interp:  8230220.131258385 t_traj:  8230170.839532879
plunging! t_interp:  8230220.131258385 t_traj:  8230215.804416907
plunging! t_interp:  8230220.131258385 t_traj:  8230211.47758005
plunging! t_interp:  8230220.131258385 t_traj:  8230207.15074781
plunging! t_interp:  8230220.131258385 t_traj:  8230202.823920186
plunging! t_interp:  8230220.131258385 t_traj:  8230218.612020858
plunging! t_interp:  8230220.131258385 t_traj:  8230217.092783893
plunging! t_interp:  8230220.131258385 t_traj:  8230215.573547507
plunging! t_interp:  8230220.131258385 t_traj:  8230214.054311686
plunging! t_interp:  8230220.131258385 t_traj:  8230219.597824892
plunging! t_interp:  8230220.131258385 t_traj:  8230219.064391474
plunging! t_interp:  8230220.131258385 t_traj:  8230218.530958125
plunging! t_interp:  8230220.131258385 t_traj:  8230217.9975248445
plunging! t_interp:  8230220.131258385 t_traj:  8230219.943959651
plunging! t_interp:  8230220.131258385 t_traj:  8230219.756660925
plunging! t_interp:  8230220.131258385 t_traj:  8230219.569362211
plunging! t_interp:  8230220.131258385 t_traj:  8230219.382063499
plunging! t_interp:  8230220.131258385 t_traj:  8230220.065494209
plunging! t_interp:  8230220.131258385 t_traj:  8230219.999730031
plunging! t_interp:  8230220.131258385 t_traj:  8230219.933965856
plunging! t_interp:  8230220.131258385 t_traj:  8230219.868201681
plunging! t_interp:  8230220.131258385 t_traj:  8230220.1081673205
plunging! t_interp:  8230220.131258385 t_traj:  8230220.0850762585
plunging! t_interp:  8230220.131258385 t_traj:  8230220.061985194
plunging! t_interp:  8230220.131258385 t_traj:  8230220.03889413
plunging! t_interp:  8230220.131258385 t_traj:  8230220.123150667
plunging! t_interp:  8230220.131258385 t_traj:  8230220.115042956
plunging! t_interp:  8230220.131258385 t_traj:  8230220.106935239
plunging! t_interp:  8230220.131258385 t_traj:  8230220.098827525
plunging! t_interp:  8230220.131258385 t_traj:  8229839.70479397
plunging! t_interp:  8230220.131258385 t_traj:  8229934.812344098
plunging! t_interp:  8230220.131258385 t_traj:  8230029.919319721
plunging! t_interp:  8230220.131258385 t_traj:  8230125.025593404
plunging! t_interp:  8230220.131258385 t_traj:  8230086.557421005
plunging! t_interp:  8230220.131258385 t_traj:  8230119.951010694
plunging! t_interp:  8230220.131258385 t_traj:  8230153.344506601
plunging! t_interp:  8230220.131258385 t_traj:  8230186.737894007
plunging! t_interp:  8230220.131258385 t_traj:  8230173.231090538
plunging! t_interp:  8230220.131258385 t_traj:  8230184.9561436605
plunging! t_interp:  8230220.131258385 t_traj:  8230196.681197437
plunging! t_interp:  8230220.131258385 t_traj:  8230208.406240175
plunging! t_interp:  8230220.131258385 t_traj:  8230203.663694342
plunging! t_interp:  8230220.131258385 t_traj:  8230207.780613441
plunging! t_interp:  8230220.131258385 t_traj:  8230211.897535513
plunging! t_interp:  8230220.131258385 t_traj:  8230216.014389657
plunging! t_interp:  8230220.131258385 t_traj:  8230214.349156991
plunging! t_interp:  8230220.131258385 t_traj:  8230215.794706746
plunging! t_interp:  8230220.131258385 t_traj:  8230217.240238725
plunging! t_interp:  8230220.131258385 t_traj:  8230218.685730543
plunging! t_interp:  8230220.131258385 t_traj:  8230218.101095021
plunging! t_interp:  8230220.131258385 t_traj:  8230218.608609056
plunging! t_interp:  8230220.131258385 t_traj:  8230219.116163432
plunging! t_interp:  8230220.131258385 t_traj:  8230219.623749095
plunging! t_interp:  8230220.131258385 t_traj:  8230219.418422555
plunging! t_interp:  8230220.131258385 t_traj:  8230219.59665986
plunging! t_interp:  8230220.131258385 t_traj:  8230219.7748497
plunging! t_interp:  8230220.131258385 t_traj:  8230219.953060646
plunging! t_interp:  8230220.131258385 t_traj:  8230219.880937108
plunging! t_interp:  8230220.131258385 t_traj:  8230219.943503986
plunging! t_interp:  8230220.131258385 t_traj:  8230220.006108163
plunging! t_interp:  8230220.131258385 t_traj:  8230220.068637864
plunging! t_interp:  8230220.131258385 t_traj:  8230220.043380276
plunging! t_interp:  8230220.131258385 t_traj:  8230220.065045639
plunging! t_interp:  8230220.131258385 t_traj:  8230220.087326346
plunging! t_interp:  8230220.131258385 t_traj:  8230220.109326886
plunging! t_interp:  8230220.131258385 t_traj:  8230220.100392375
plunging! t_interp:  8230220.131258385 t_traj:  8230220.108125796
plunging! t_interp:  8230220.131258385 t_traj:  8230220.115807807
plunging! t_interp:  8230220.131258385 t_traj:  8230220.123552793
plunging! t_interp:  8230220.131258385 t_traj:  8230220.120420912
plunging! t_interp:  8230220.131258385 t_traj:  8230220.123157244
plunging! t_interp:  8230220.131258385 t_traj:  8230220.1258728895
plunging! t_interp:  8230220.131258385 t_traj:  8230220.1285438435
plunging! t_interp:  8230220.131258385 t_traj:  8230220.127486055
plunging! t_interp:  8230220.131258385 t_traj:  8230220.128394579
plunging! t_interp:  8230220.131258385 t_traj:  8230220.129329875
plunging! t_interp:  8230220.131258385 t_traj:  8230220.130351932
plunging! t_interp:  8230220.131258385 t_traj:  8217119.912091711
plunging! t_interp:  8230220.131258385 t_traj:  8220393.507074763
plunging! t_interp:  8230220.131258385 t_traj:  8223668.075181665
plunging! t_interp:  8230220.131258385 t_traj:  8226943.616461985
plunging! t_interp:  8230220.131258385 t_traj:  8225618.619154049
plunging! t_interp:  8230220.131258385 t_traj:  8226768.817126994
plunging! t_interp:  8230220.131258385 t_traj:  8227919.134910014
plunging! t_interp:  8230220.131258385 t_traj:  8229069.573173648
plunging! t_interp:  8230220.131258385 t_traj:  8228604.233373325
plunging! t_interp:  8230220.131258385 t_traj:  8229008.185606998
plunging! t_interp:  8230220.131258385 t_traj:  8229412.152752386
plunging! t_interp:  8230220.131258385 t_traj:  8229816.134601315
plunging! t_interp:  8230220.131258385 t_traj:  8229652.73243072
plunging! t_interp:  8230220.131258385 t_traj:  8229794.578733681
plunging! t_interp:  8230220.131258385 t_traj:  8229936.42776235
plunging! t_interp:  8230220.131258385 t_traj:  8230078.278607775
plunging! t_interp:  8230220.131258385 t_traj:  8230020.90303109
plunging! t_interp:  8230220.131258385 t_traj:  8230070.709779434
plunging! t_interp:  8230220.131258385 t_traj:  8230120.5166664515
plunging! t_interp:  8230220.131258385 t_traj:  8230170.323860486
plunging! t_interp:  8230220.131258385 t_traj:  8230150.177672654
plunging! t_interp:  8230220.131258385 t_traj:  8230167.666248358
plunging! t_interp:  8230220.131258385 t_traj:  8230185.154541181
plunging! t_interp:  8230220.131258385 t_traj:  8230202.642911998
plunging! t_interp:  8230220.131258385 t_traj:  8230195.569275473
plunging! t_interp:  8230220.131258385 t_traj:  8230201.709777852
plunging! t_interp:  8230220.131258385 t_traj:  8230207.850264383
plunging! t_interp:  8230220.131258385 t_traj:  8230213.990755653
plunging! t_interp:  8230220.131258385 t_traj:  8230211.5070531275
plunging! t_interp:  8230220.131258385 t_traj:  8230213.663116538
plunging! t_interp:  8230220.131258385 t_traj:  8230215.819175746
plunging! t_interp:  8230220.131258385 t_traj:  8230217.97519563
plunging! t_interp:  8230220.131258385 t_traj:  8230217.103174856
plunging! t_interp:  8230220.131258385 t_traj:  8230217.860183227
plunging! t_interp:  8230220.131258385 t_traj:  8230218.617202724
plunging! t_interp:  8230220.131258385 t_traj:  8230219.374208644
plunging! t_interp:  8230220.131258385 t_traj:  8230219.068032439
plunging! t_interp:  8230220.131258385 t_traj:  8230219.33382562
plunging! t_interp:  8230220.131258385 t_traj:  8230219.599644559
plunging! t_interp:  8230220.131258385 t_traj:  8230219.865245629
plunging! t_interp:  8230220.131258385 t_traj:  8230219.757880181
plunging! t_interp:  8230220.131258385 t_traj:  8230219.851253791
plunging! t_interp:  8230220.131258385 t_traj:  8230219.944598744
plunging! t_interp:  8230220.131258385 t_traj:  8230220.03791699
plunging! t_interp:  8230220.131258385 t_traj:  8230220.000180499
plunging! t_interp:  8230220.131258385 t_traj:  8230220.032922874
plunging! t_interp:  8230220.131258385 t_traj:  8230220.065758598
plunging! t_interp:  8230220.131258385 t_traj:  8230220.098483137
plunging! t_interp:  8230220.131258385 t_traj:  8230076.6989801135
plunging! t_interp:  8230220.131258385 t_traj:  8230112.549462167
plunging! t_interp:  8230220.131258385 t_traj:  8230148.405029741
plunging! t_interp:  8230220.131258385 t_traj:  8230184.265605557
plunging! t_interp:  8230220.131258385 t_traj:  8230169.7601992125
plunging! t_interp:  8230220.131258385 t_traj:  8230182.352013371
plunging! t_interp:  8230220.131258385 t_traj:  8230194.944500522
plunging! t_interp:  8230220.131258385 t_traj:  8230207.5375719415
plunging! t_interp:  8230220.131258385 t_traj:  8230202.44389741
plunging! t_interp:  8230220.131258385 t_traj:  8230206.8656034
plunging! t_interp:  8230220.131258385 t_traj:  8230211.287391041
plunging! t_interp:  8230220.131258385 t_traj:  8230215.70910615
plunging! t_interp:  8230220.131258385 t_traj:  8230213.9207184715
plunging! t_interp:  8230220.131258385 t_traj:  8230215.473342254
plunging! t_interp:  8230220.131258385 t_traj:  8230217.025994831
plunging! t_interp:  8230220.131258385 t_traj:  8230218.578582105
plunging! t_interp:  8230220.131258385 t_traj:  8230217.950598181
plunging! t_interp:  8230220.131258385 t_traj:  8230218.4957807185
plunging! t_interp:  8230220.131258385 t_traj:  8230219.040945679
plunging! t_interp:  8230220.131258385 t_traj:  8230219.586076041
plunging! t_interp:  8230220.131258385 t_traj:  8230219.365590856
plunging! t_interp:  8230220.131258385 t_traj:  8230219.557046186
plunging! t_interp:  8230220.131258385 t_traj:  8230219.748222803
plunging! t_interp:  8230220.131258385 t_traj:  8230219.939868417
plunging! t_interp:  8230220.131258385 t_traj:  8230219.862413284
plunging! t_interp:  8230220.131258385 t_traj:  8230219.929655359
plunging! t_interp:  8230220.131258385 t_traj:  8230219.9968223
plunging! t_interp:  8230220.131258385 t_traj:  8230220.064052017
plunging! t_interp:  8230220.131258385 t_traj:  8230220.03683186
plunging! t_interp:  8230220.131258385 t_traj:  8230220.060439525
plunging! t_interp:  8230220.131258385 t_traj:  8230220.084035283
plunging! t_interp:  8230220.131258385 t_traj:  8230220.107671887
plunging! t_interp:  8230220.131258385 t_traj:  8230220.0981170405
plunging! t_interp:  8230220.131258385 t_traj:  8230220.106414532
plunging! t_interp:  8230220.131258385 t_traj:  8230220.114685661
plunging! t_interp:  8230220.131258385 t_traj:  8230220.123012038
plunging! t_interp:  8230220.131258385 t_traj:  8230220.119626803
plunging! t_interp:  8230220.131258385 t_traj:  8230220.122517718
plunging! t_interp:  8230220.131258385 t_traj:  8230220.125461394
plunging! t_interp:  8230220.131258385 t_traj:  8230220.128356863
plunging! t_interp:  8230220.131258385 t_traj:  8230220.127214372
plunging! t_interp:  8230220.131258385 t_traj:  8230220.128196878
plunging! t_interp:  8230220.131258385 t_traj:  8230220.129192488
plunging! t_interp:  8230220.131258385 t_traj:  8230220.130217041
plunging! t_interp:  8230220.131258385 t_traj:  8230220.1298376685
plunging! t_interp:  8230220.131258385 t_traj:  8230220.129889065
plunging! t_interp:  8230220.131258385 t_traj:  8230220.130547085
plunging! t_interp:  8230220.131258385 t_traj:  8230220.130928166
plunging! t_interp:  8230220.131258385 t_traj:  8230217.704339747
plunging! t_interp:  8230220.131258385 t_traj:  8230218.311057896
plunging! t_interp:  8230220.131258385 t_traj:  8230218.91783567
plunging! t_interp:  8230220.131258385 t_traj:  8230219.524494665
plunging! t_interp:  8230220.131258385 t_traj:  8230219.279118909
plunging! t_interp:  8230220.131258385 t_traj:  8230219.492154905
plunging! t_interp:  8230220.131258385 t_traj:  8230219.705201783
plunging! t_interp:  8230220.131258385 t_traj:  8230219.918236595
plunging! t_interp:  8230220.131258385 t_traj:  8230219.832042275
plunging! t_interp:  8230220.131258385 t_traj:  8230219.906822368
plunging! t_interp:  8230220.131258385 t_traj:  8230219.981636054
plunging! t_interp:  8230220.131258385 t_traj:  8230220.056442363
plunging! t_interp:  8230220.131258385 t_traj:  8230220.026177397
plunging! t_interp:  8230220.131258385 t_traj:  8230220.052476835
plunging! t_interp:  8230220.131258385 t_traj:  8230220.0787023585
plunging! t_interp:  8230220.131258385 t_traj:  8230220.104988896
plunging! t_interp:  8230220.131258385 t_traj:  8230220.094362364
plunging! t_interp:  8230220.131258385 t_traj:  8230220.103613748
plunging! t_interp:  8230220.131258385 t_traj:  8230220.112845849
plunging! t_interp:  8230220.131258385 t_traj:  8230220.122009338
plunging! t_interp:  8230220.131258385 t_traj:  8230220.118294824
plunging! t_interp:  8230220.131258385 t_traj:  8230220.121557316
plunging! t_interp:  8230220.131258385 t_traj:  8230220.124749211
plunging! t_interp:  8230220.131258385 t_traj:  8230220.128011197
plunging! t_interp:  8230220.131258385 t_traj:  8230220.126726573
plunging! t_interp:  8230220.131258385 t_traj:  8230220.127878371
plunging! t_interp:  8230220.131258385 t_traj:  8230220.128998526
plunging! t_interp:  8230220.131258385 t_traj:  8230220.130132383
plunging! t_interp:  8230220.131258385 t_traj:  8230220.129667345
plunging! t_interp:  8230220.131258385 t_traj:  8230220.130051239
plunging! t_interp:  8230220.131258385 t_traj:  8230220.130461933
plunging! t_interp:  8230220.131258385 t_traj:  8230220.130852338
plunging! t_interp:  8230220.131258385 t_traj:  8230220.130706727
plunging! t_interp:  8230220.131258385 t_traj:  8230220.130822514
plunging! t_interp:  8230220.131258385 t_traj:  8230220.131009502
plunging! t_interp:  8230220.131258385 t_traj:  8230220.131085005
plunging! t_interp:  8230220.131258385 t_traj:  8230220.13114809
plunging! t_interp:  8230220.131258385 t_traj:  8230220.131063423
plunging! t_interp:  8230220.131258385 t_traj:  8230220.131119333
plunging! t_interp:  8230220.131258385 t_traj:  8230220.131162997
plunging! t_interp:  8230220.131258385 t_traj:  8230220.131181966
plunging! t_interp:  8230220.131258385 t_traj:  8230220.13105345
plunging! t_interp:  8230220.131258385 t_traj:  8230220.131194411
plunging! t_interp:  8230220.131258385 t_traj:  8230220.130943345
plunging! t_interp:  8230220.131258385 t_traj:  8230220.131235067
plunging! t_interp:  8230220.131258385 t_traj:  8230220.131245205
plunging! t_interp:  8230220.131258385 t_traj:  8230220.131252217
plunging! t_interp:  8230220.131258385 t_traj:  8230220.131248474
plunging! t_interp:  8230220.131258385 t_traj:  8230219.661142578
plunging! t_interp:  8230220.131258385 t_traj:  8230219.778640457
plunging! t_interp:  8230220.131258385 t_traj:  8230219.896189744
plunging! t_interp:  8230220.131258385 t_traj:  8230220.013735463
plunging! t_interp:  8230220.131258385 t_traj:  8230219.966188035
plunging! t_interp:  8230220.131258385 t_traj:  8230220.007465832
plunging! t_interp:  8230220.131258385 t_traj:  8230220.048732624
plunging! t_interp:  8230220.131258385 t_traj:  8230220.08997594
plunging! t_interp:  8230220.131258385 t_traj:  8230220.074130435
plunging! t_interp:  8230220.131258385 t_traj:  8230220.087814535
plunging! t_interp:  8230220.131258385 t_traj:  8230220.102312311
plunging! t_interp:  8230220.131258385 t_traj:  8230220.116787542
plunging! t_interp:  8230220.131258385 t_traj:  8230220.110931492
plunging! t_interp:  8230220.131258385 t_traj:  8230220.116006835
plunging! t_interp:  8230220.131258385 t_traj:  8230220.121070745
plunging! t_interp:  8230220.131258385 t_traj:  8230220.126176746
plunging! t_interp:  8230220.131258385 t_traj:  8230220.124079765
plunging! t_interp:  8230220.131258385 t_traj:  8230220.12589927
plunging! t_interp:  8230220.131258385 t_traj:  8230220.127661457
plunging! t_interp:  8230220.131258385 t_traj:  8230220.1294600535
plunging! t_interp:  8230220.131258385 t_traj:  8230220.128748035
plunging! t_interp:  8230220.131258385 t_traj:  8230220.129419955
plunging! t_interp:  8230220.131258385 t_traj:  8230220.130009182
plunging! t_interp:  8230220.131258385 t_traj:  8230220.130562635
plunging! t_interp:  8230220.131258385 t_traj:  8230220.130351616
plunging! t_interp:  8230220.131258385 t_traj:  8230220.130581125
plunging! t_interp:  8230220.131258385 t_traj:  8230220.130797254
plunging! t_interp:  8230220.131258385 t_traj:  8230220.1307425955
plunging! t_interp:  8230220.131258385 t_traj:  8230220.130948689
plunging! t_interp:  8230220.131258385 t_traj:  8230220.131030125
plunging! t_interp:  8230220.131258385 t_traj:  8230220.131106439
plunging! t_interp:  8230220.131258385 t_traj:  8230220.1311818035
plunging! t_interp:  8230220.131258385 t_traj:  8230220.131157226
plunging! t_interp:  8230220.131258385 t_traj:  8230220.131208088
plunging! t_interp:  8230220.131258385 t_traj:  8230220.1312343115
plunging! t_interp:  8230220.131258385 t_traj:  8230220.131239113
plunging! t_interp:  8230220.131258385 t_traj:  8230220.1310660485
plunging! t_interp:  8230220.131258385 t_traj:  8230220.130946011
plunging! t_interp:  8230220.131258385 t_traj:  8230220.131232644
plunging! t_interp:  8230220.131258385 t_traj:  8230220.131240827
plunging! t_interp:  8230220.131258385 t_traj:  8230220.131077892
plunging! t_interp:  8230220.131258385 t_traj:  8230220.13108401
plunging! t_interp:  8230220.131258385 t_traj:  8230220.1310434425
plunging! t_interp:  8230220.131258385 t_traj:  8230220.131251557
plunging! t_interp:  8230220.131258385 t_traj:  8230220.131231512
plunging! t_interp:  8230220.131258385 t_traj:  8230220.131231686
plunging! t_interp:  8230220.131258385 t_traj:  8230220.131243589
plunging! t_interp:  8230220.131258385 t_traj:  8230220.131238454
plunging! t_interp:  8230220.131258385 t_traj:  8230220.131238284
plunging! t_interp:  8230220.131258385 t_traj:  8230220.131233408
plunging! t_interp:  8230220.131258385 t_traj:  8230220.131237043
Time taken to compute stable deltas is 90.72748589515686 seconds
calculating Fisher matrix...
plunging! t_interp:  8230220.131258385 t_traj:  8230219.601170272
plunging! t_interp:  8230220.131258385 t_traj:  8230219.733692297
plunging! t_interp:  8230220.131258385 t_traj:  8230219.8662143275
plunging! t_interp:  8230220.131258385 t_traj:  8230219.9987363545
plunging! t_interp:  8230220.131258385 t_traj:  8230219.943959651
plunging! t_interp:  8230220.131258385 t_traj:  8230219.756660925
plunging! t_interp:  8230220.131258385 t_traj:  8230219.569362211
plunging! t_interp:  8230220.131258385 t_traj:  8230219.382063499
plunging! t_interp:  8230220.131258385 t_traj:  8230219.418422555
plunging! t_interp:  8230220.131258385 t_traj:  8230219.59665986
plunging! t_interp:  8230220.131258385 t_traj:  8230219.7748497
plunging! t_interp:  8230220.131258385 t_traj:  8230219.953060646
plunging! t_interp:  8230220.131258385 t_traj:  8230217.103174856
plunging! t_interp:  8230220.131258385 t_traj:  8230217.860183227
plunging! t_interp:  8230220.131258385 t_traj:  8230218.617202724
plunging! t_interp:  8230220.131258385 t_traj:  8230219.374208644
plunging! t_interp:  8230220.131258385 t_traj:  8230219.365590856
plunging! t_interp:  8230220.131258385 t_traj:  8230219.557046186
plunging! t_interp:  8230220.131258385 t_traj:  8230219.748222803
plunging! t_interp:  8230220.131258385 t_traj:  8230219.939868417
plunging! t_interp:  8230220.131258385 t_traj:  8230219.279118909
plunging! t_interp:  8230220.131258385 t_traj:  8230219.492154905
plunging! t_interp:  8230220.131258385 t_traj:  8230219.705201783
plunging! t_interp:  8230220.131258385 t_traj:  8230219.918236595
plunging! t_interp:  8230220.131258385 t_traj:  8230220.074130435
plunging! t_interp:  8230220.131258385 t_traj:  8230220.087814535
plunging! t_interp:  8230220.131258385 t_traj:  8230220.102312311
plunging! t_interp:  8230220.131258385 t_traj:  8230220.116787542
Finished derivatives
Calculated Fisher is *atleast* positive-definite.
Time taken to compute FM is 9.235808610916138 seconds
    CV from_0PA#1 it   0 lam=7.7e-01 ov=0.9934510 chi2=1.536e+03 rel=1.1e-03
Body is not plunging, Fisher should be stable.
waveform shape: (3, 6311629)
Computing SNR for parameters: (np.float64(1001761.9922692414), np.float64(4995.112851896148), np.float64(0.7039622914771865), np.float64(24.967458159359808), np.float64(0.2497984444155601), 1.0, 12.0, np.float64(0.7864651898841964), np.float64(1.0042765613553724), 1.0, 1.0471975511965976, np.float64(0.9915843020852303), 0.5, np.float64(0.6329977324815712), 0.95, False, False, False, True, np.float64(7.393662362805693e-06), np.float64(7.866196933666122e-06), 0.0, 0.0)
Waveform Generated. SNR: 342.81953699928863
calculating Fisher matrix...
plunging! t_interp:  8230220.39606497 t_traj:  8230219.865965838
plunging! t_interp:  8230220.39606497 t_traj:  8230219.998509197
plunging! t_interp:  8230220.39606497 t_traj:  8230220.130975721
plunging! t_interp:  8230220.39606497 t_traj:  8230220.263195372
plunging! t_interp:  8230220.39606497 t_traj:  8230220.2087444505
plunging! t_interp:  8230220.39606497 t_traj:  8230220.0214775
plunging! t_interp:  8230220.39606497 t_traj:  8230219.834149248
plunging! t_interp:  8230220.39606497 t_traj:  8230219.646857295
plunging! t_interp:  8230220.39606497 t_traj:  8230219.683194308
plunging! t_interp:  8230220.39606497 t_traj:  8230219.86138735
plunging! t_interp:  8230220.39606497 t_traj:  8230220.039279945
plunging! t_interp:  8230220.39606497 t_traj:  8230220.217805405
plunging! t_interp:  8230220.39606497 t_traj:  8230217.367885166
plunging! t_interp:  8230220.39606497 t_traj:  8230218.124955864
plunging! t_interp:  8230220.39606497 t_traj:  8230218.881984784
plunging! t_interp:  8230220.39606497 t_traj:  8230219.639010226
plunging! t_interp:  8230220.39606497 t_traj:  8230219.630373069
plunging! t_interp:  8230220.39606497 t_traj:  8230219.821788087
plunging! t_interp:  8230220.39606497 t_traj:  8230220.013934244
plunging! t_interp:  8230220.39606497 t_traj:  8230220.2046177825
plunging! t_interp:  8230220.39606497 t_traj:  8230219.543856858
plunging! t_interp:  8230220.39606497 t_traj:  8230219.757662345
plunging! t_interp:  8230220.39606497 t_traj:  8230219.969927507
plunging! t_interp:  8230220.39606497 t_traj:  8230220.183741177
plunging! t_interp:  8230220.39606497 t_traj:  8230220.338103571
plunging! t_interp:  8230220.39606497 t_traj:  8230220.352534654
plunging! t_interp:  8230220.39606497 t_traj:  8230220.367065695
plunging! t_interp:  8230220.39606497 t_traj:  8230220.381535378
Finished derivatives
Calculated Fisher is *atleast* positive-definite.
Time taken to compute FM is 9.14189887046814 seconds
    CV from_0PA#1 it   1 lam=8.9e+01 ov=0.9934586 chi2=1.534e+03 rel=1.9e-06
Body is not plunging, Fisher should be stable.
waveform shape: (3, 6311629)
Computing SNR for parameters: (np.float64(1001761.992300455), np.float64(4995.112851512004), np.float64(0.703962291936664), np.float64(24.967458159773468), np.float64(0.2497984444764643), 1.0, 12.0, np.float64(0.7864695300099276), np.float64(1.0042684976462561), 1.0, 1.0471975511965976, np.float64(0.9916057243210677), 0.5, np.float64(0.6328510560569932), 0.95, False, False, False, True, np.float64(7.49490638444974e-06), np.float64(7.987814538807588e-06), 0.0, 0.0)
Waveform Generated. SNR: 342.81989346161737
calculating Fisher matrix...
plunging! t_interp:  8230220.399168633 t_traj:  8230219.869077112
plunging! t_interp:  8230220.399168633 t_traj:  8230220.001607229
plunging! t_interp:  8230220.399168633 t_traj:  8230220.134142753
plunging! t_interp:  8230220.399168633 t_traj:  8230220.26665011
plunging! t_interp:  8230220.399168633 t_traj:  8230220.2118538115
plunging! t_interp:  8230220.399168633 t_traj:  8230220.024617429
plunging! t_interp:  8230220.399168633 t_traj:  8230219.837262125
plunging! t_interp:  8230220.399168633 t_traj:  8230219.6500077015
plunging! t_interp:  8230220.399168633 t_traj:  8230219.686346406
plunging! t_interp:  8230220.399168633 t_traj:  8230219.8645460475
plunging! t_interp:  8230220.399168633 t_traj:  8230220.042796437
plunging! t_interp:  8230220.399168633 t_traj:  8230220.2206776505
plunging! t_interp:  8230220.399168633 t_traj:  8230217.371914576
plunging! t_interp:  8230220.399168633 t_traj:  8230218.128086178
plunging! t_interp:  8230220.399168633 t_traj:  8230218.884821877
plunging! t_interp:  8230220.399168633 t_traj:  8230219.641831792
plunging! t_interp:  8230220.399168633 t_traj:  8230219.633176141
plunging! t_interp:  8230220.399168633 t_traj:  8230219.824898901
plunging! t_interp:  8230220.399168633 t_traj:  8230220.016349471
plunging! t_interp:  8230220.399168633 t_traj:  8230220.207797686
plunging! t_interp:  8230220.399168633 t_traj:  8230219.547064121
plunging! t_interp:  8230220.399168633 t_traj:  8230219.760069581
plunging! t_interp:  8230220.399168633 t_traj:  8230219.9730969155
plunging! t_interp:  8230220.399168633 t_traj:  8230220.186151365
plunging! t_interp:  8230220.399168633 t_traj:  8230220.341223251
plunging! t_interp:  8230220.399168633 t_traj:  8230220.355692255
plunging! t_interp:  8230220.399168633 t_traj:  8230220.370188254
plunging! t_interp:  8230220.399168633 t_traj:  8230220.384718467
Finished derivatives
Calculated Fisher is *atleast* positive-definite.
Time taken to compute FM is 9.091907739639282 seconds
    CV from_0PA#1 it   2 lam=7.1e+02 ov=0.9934586 chi2=1.534e+03 rel=1.9e-06
Body is not plunging, Fisher should be stable.
waveform shape: (3, 6311629)
Computing SNR for parameters: (np.float64(1001761.9923026379), np.float64(4995.112851485154), np.float64(0.7039622919687628), np.float64(24.967458159802383), np.float64(0.249798444480761), 1.0, 12.0, np.float64(0.7864698325020222), np.float64(1.0042679360993068), 1.0, 1.0471975511965976, np.float64(0.9916072167541005), 0.5, np.float64(0.632840820429609), 0.95, False, False, False, True, np.float64(7.5019870153353636e-06), np.float64(7.996333445534514e-06), 0.0, 0.0)
Waveform Generated. SNR: 342.8199148914667
calculating Fisher matrix...
plunging! t_interp:  8230220.399406154 t_traj:  8230219.869344836
plunging! t_interp:  8230220.399406154 t_traj:  8230220.001809822
plunging! t_interp:  8230220.399406154 t_traj:  8230220.134332115
plunging! t_interp:  8230220.399406154 t_traj:  8230220.266840186
plunging! t_interp:  8230220.399406154 t_traj:  8230220.2120940285
plunging! t_interp:  8230220.399406154 t_traj:  8230220.024828513
plunging! t_interp:  8230220.399406154 t_traj:  8230219.8375380775
plunging! t_interp:  8230220.399406154 t_traj:  8230219.650200439
plunging! t_interp:  8230220.399406154 t_traj:  8230219.686556449
plunging! t_interp:  8230220.399406154 t_traj:  8230219.864750466
plunging! t_interp:  8230220.399406154 t_traj:  8230220.043869364
plunging! t_interp:  8230220.399406154 t_traj:  8230220.2211500155
plunging! t_interp:  8230220.399406154 t_traj:  8230217.371314008
plunging! t_interp:  8230220.399406154 t_traj:  8230218.128273782
plunging! t_interp:  8230220.399406154 t_traj:  8230218.885318926
plunging! t_interp:  8230220.399406154 t_traj:  8230219.642089483
plunging! t_interp:  8230220.399406154 t_traj:  8230219.633677801
plunging! t_interp:  8230220.399406154 t_traj:  8230219.825141555
plunging! t_interp:  8230220.399406154 t_traj:  8230220.016570905
plunging! t_interp:  8230220.399406154 t_traj:  8230220.208008898
plunging! t_interp:  8230220.399406154 t_traj:  8230219.547229995
plunging! t_interp:  8230220.399406154 t_traj:  8230219.76027047
plunging! t_interp:  8230220.399406154 t_traj:  8230219.973300647
plunging! t_interp:  8230220.399406154 t_traj:  8230220.186390115
plunging! t_interp:  8230220.399406154 t_traj:  8230220.341436585
plunging! t_interp:  8230220.399406154 t_traj:  8230220.355926699
plunging! t_interp:  8230220.399406154 t_traj:  8230220.370417102
plunging! t_interp:  8230220.399406154 t_traj:  8230220.384905678
Finished derivatives
Calculated Fisher is *atleast* positive-definite.
Time taken to compute FM is 9.492879152297974 seconds
    CV from_0PA#1 it   3 lam=1.5e+04 ov=0.9934586 chi2=1.534e+03 rel=1.4e-06
Body is not plunging, Fisher should be stable.
waveform shape: (3, 6311629)
Computing SNR for parameters: (np.float64(1001761.992302672), np.float64(4995.112851484735), np.float64(0.7039622919692641), np.float64(24.967458159802835), np.float64(0.24979844448082794), 1.0, 12.0, np.float64(0.7864698372302243), np.float64(1.004267927323197), 1.0, 1.0471975511965976, np.float64(0.9916072400797012), 0.5, np.float64(0.6328406604675936), 0.95, False, False, False, True, np.float64(7.502097565092932e-06), np.float64(7.996466941062624e-06), 0.0, 0.0)
Waveform Generated. SNR: 342.8199129252092
calculating Fisher matrix...
plunging! t_interp:  8230220.399382659 t_traj:  8230219.869339362
plunging! t_interp:  8230220.399382659 t_traj:  8230220.001803464
plunging! t_interp:  8230220.399382659 t_traj:  8230220.134096356
plunging! t_interp:  8230220.399382659 t_traj:  8230220.266848223
plunging! t_interp:  8230220.399382659 t_traj:  8230220.212070684
plunging! t_interp:  8230220.399382659 t_traj:  8230220.024506957
plunging! t_interp:  8230220.399382659 t_traj:  8230219.837477709
plunging! t_interp:  8230220.399382659 t_traj:  8230219.650199477
plunging! t_interp:  8230220.399382659 t_traj:  8230219.6865523495
plunging! t_interp:  8230220.399382659 t_traj:  8230219.86479692
plunging! t_interp:  8230220.399382659 t_traj:  8230220.043705641
plunging! t_interp:  8230220.399382659 t_traj:  8230220.22116649
plunging! t_interp:  8230220.399382659 t_traj:  8230217.371270352
plunging! t_interp:  8230220.399382659 t_traj:  8230218.1283383295
plunging! t_interp:  8230220.399382659 t_traj:  8230218.885320127
plunging! t_interp:  8230220.399382659 t_traj:  8230219.642368179
plunging! t_interp:  8230220.399382659 t_traj:  8230219.633739382
plunging! t_interp:  8230220.399382659 t_traj:  8230219.82515833
plunging! t_interp:  8230220.399382659 t_traj:  8230220.016597303
plunging! t_interp:  8230220.399382659 t_traj:  8230220.207981496
plunging! t_interp:  8230220.399382659 t_traj:  8230219.547235829
plunging! t_interp:  8230220.399382659 t_traj:  8230219.760273991
plunging! t_interp:  8230220.399382659 t_traj:  8230219.973343549
plunging! t_interp:  8230220.399382659 t_traj:  8230220.186359342
plunging! t_interp:  8230220.399382659 t_traj:  8230220.341437174
plunging! t_interp:  8230220.399382659 t_traj:  8230220.355928992
plunging! t_interp:  8230220.399382659 t_traj:  8230220.370407768
plunging! t_interp:  8230220.399382659 t_traj:  8230220.384931734
Finished derivatives
Calculated Fisher is *atleast* positive-definite.
Time taken to compute FM is 9.692725658416748 seconds
    CV from_0PA#1 it   4 lam=1.4e+144 ov=0.9934586 chi2=1.534e+03 rel=0.0e+00
    NM  nfev=1216 ov 0.9934586 -> 0.9940817 (accepted=True)
Body is not plunging, Fisher should be stable.
waveform shape: (3, 6311629)
Computing SNR for parameters: (np.float64(1001774.6240962262), np.float64(4995.363462368647), np.float64(0.703959321050901), np.float64(24.96751238426562), np.float64(0.24975673073437596), 1.0, 12.0, np.float64(0.7878854673271818), np.float64(1.0017142516414845), 1.0, 1.0471975511965976, np.float64(0.9792002652965756), 0.5, np.float64(0.6007747614642719), 0.95, False, False, False, True, np.float64(0.03056998428616608), np.float64(0.005505554703695298), 0.0, 0.0)
Waveform Generated. SNR: 342.98985243429075
calculating stable deltas...
plunging! t_interp:  8230218.817590657 t_traj:  8223685.019634808
plunging! t_interp:  8230218.817590657 t_traj:  8225318.225869825
plunging! t_interp:  8230218.817590657 t_traj:  8226951.594292303
plunging! t_interp:  8230218.817590657 t_traj:  8228585.124862584
plunging! t_interp:  8230218.817590657 t_traj:  8227924.380253335
plunging! t_interp:  8230218.817590657 t_traj:  8228497.9596282095
plunging! t_interp:  8230218.817590657 t_traj:  8229071.558954101
plunging! t_interp:  8230218.817590657 t_traj:  8229645.178294409
plunging! t_interp:  8230218.817590657 t_traj:  8229413.160248268
plunging! t_interp:  8230218.817590657 t_traj:  8229614.57084396
plunging! t_interp:  8230218.817590657 t_traj:  8229815.983987514
plunging! t_interp:  8230218.817590657 t_traj:  8230017.399597343
plunging! t_interp:  8230218.817590657 t_traj:  8229935.93136861
plunging! t_interp:  8230218.817590657 t_traj:  8230006.652472018
plunging! t_interp:  8230218.817590657 t_traj:  8230077.373858665
plunging! t_interp:  8230218.817590657 t_traj:  8230148.095568601
plunging! t_interp:  8230218.817590657 t_traj:  8230119.490299256
plunging! t_interp:  8230218.817590657 t_traj:  8230144.322042814
plunging! t_interp:  8230218.817590657 t_traj:  8230169.153867504
plunging! t_interp:  8230218.817590657 t_traj:  8230193.98537839
plunging! t_interp:  8230218.817590657 t_traj:  8230183.941787499
plunging! t_interp:  8230218.817590657 t_traj:  8230192.660739809
plunging! t_interp:  8230218.817590657 t_traj:  8230201.379730097
plunging! t_interp:  8230218.817590657 t_traj:  8230210.098647393
plunging! t_interp:  8230218.817590657 t_traj:  8230206.57202083
plunging! t_interp:  8230218.817590657 t_traj:  8230209.63424422
plunging! t_interp:  8230218.817590657 t_traj:  8230212.694789076
plunging! t_interp:  8230218.817590657 t_traj:  8230215.756179217
plunging! t_interp:  8230218.817590657 t_traj:  8230214.517930568
plunging! t_interp:  8230218.817590657 t_traj:  8230215.592890975
plunging! t_interp:  8230218.817590657 t_traj:  8230216.667782678
plunging! t_interp:  8230218.817590657 t_traj:  8230217.742685785
plunging! t_interp:  8230218.817590657 t_traj:  8230217.307890039
plunging! t_interp:  8230218.817590657 t_traj:  8230217.685349335
plunging! t_interp:  8230218.817590657 t_traj:  8230218.063668479
plunging! t_interp:  8230218.817590657 t_traj:  8230218.440151441
plunging! t_interp:  8230218.817590657 t_traj:  8230218.287518694
plunging! t_interp:  8230218.817590657 t_traj:  8230218.420068652
plunging! t_interp:  8230218.817590657 t_traj:  8230218.552584471
plunging! t_interp:  8230218.817590657 t_traj:  8230218.685055542
plunging! t_interp:  8230218.817590657 t_traj:  8230218.631518696
plunging! t_interp:  8230218.817590657 t_traj:  8230218.678013287
plunging! t_interp:  8230218.817590657 t_traj:  8230218.724533451
plunging! t_interp:  8230218.817590657 t_traj:  8230218.771073762
plunging! t_interp:  8230218.817590657 t_traj:  8230218.752275598
plunging! t_interp:  8230218.817590657 t_traj:  8230218.768583562
plunging! t_interp:  8230218.817590657 t_traj:  8230218.784923634
plunging! t_interp:  8230218.817590657 t_traj:  8230218.80126243
plunging! t_interp:  8230218.817590657 t_traj:  8229408.146768932
plunging! t_interp:  8230218.817590657 t_traj:  8228597.637973813
plunging! t_interp:  8230218.817590657 t_traj:  8227787.291317195
plunging! t_interp:  8230218.817590657 t_traj:  8226977.106612264
plunging! t_interp:  8230218.817590657 t_traj:  8229934.157044776
plunging! t_interp:  8230218.817590657 t_traj:  8229649.516524368
plunging! t_interp:  8230218.817590657 t_traj:  8229364.895889376
plunging! t_interp:  8230218.817590657 t_traj:  8229080.295345061
plunging! t_interp:  8230218.817590657 t_traj:  8230118.865514618
plunging! t_interp:  8230218.817590657 t_traj:  8230018.915953287
plunging! t_interp:  8230218.817590657 t_traj:  8229918.96881229
plunging! t_interp:  8230218.817590657 t_traj:  8229819.024176394
plunging! t_interp:  8230218.817590657 t_traj:  8230183.722199044
plunging! t_interp:  8230218.817590657 t_traj:  8230148.627176613
plunging! t_interp:  8230218.817590657 t_traj:  8230113.532412352
plunging! t_interp:  8230218.817590657 t_traj:  8230078.437983257
plunging! t_interp:  8230218.817590657 t_traj:  8230206.494911122
plunging! t_interp:  8230218.817590657 t_traj:  8230194.172255279
plunging! t_interp:  8230218.817590657 t_traj:  8230181.849641707
plunging! t_interp:  8230218.817590657 t_traj:  8230169.527100493
plunging! t_interp:  8230218.817590657 t_traj:  8230214.490543782
plunging! t_interp:  8230218.817590657 t_traj:  8230210.164137404
plunging! t_interp:  8230218.817590657 t_traj:  8230205.837441183
plunging! t_interp:  8230218.817590657 t_traj:  8230201.510652612
plunging! t_interp:  8230218.817590657 t_traj:  8230217.298433273
plunging! t_interp:  8230218.817590657 t_traj:  8230215.779243158
plunging! t_interp:  8230218.817590657 t_traj:  8230214.259792949
plunging! t_interp:  8230218.817590657 t_traj:  8230212.740803193
plunging! t_interp:  8230218.817590657 t_traj:  8230218.284179226
plunging! t_interp:  8230218.817590657 t_traj:  8230217.750769635
plunging! t_interp:  8230218.817590657 t_traj:  8230217.217304582
plunging! t_interp:  8230218.817590657 t_traj:  8230216.683914846
plunging! t_interp:  8230218.817590657 t_traj:  8230218.630280194
plunging! t_interp:  8230218.817590657 t_traj:  8230218.443925933
plunging! t_interp:  8230218.817590657 t_traj:  8230218.255735522
plunging! t_interp:  8230218.817590657 t_traj:  8230218.068405207
plunging! t_interp:  8230218.817590657 t_traj:  8230218.751813385
plunging! t_interp:  8230218.817590657 t_traj:  8230218.686100159
plunging! t_interp:  8230218.817590657 t_traj:  8230218.620342146
plunging! t_interp:  8230218.817590657 t_traj:  8230218.554550064
plunging! t_interp:  8230218.817590657 t_traj:  8230218.79451372
plunging! t_interp:  8230218.817590657 t_traj:  8230218.771406009
plunging! t_interp:  8230218.817590657 t_traj:  8230218.748333164
plunging! t_interp:  8230218.817590657 t_traj:  8230218.725278529
plunging! t_interp:  8230218.817590657 t_traj:  8230218.809492648
plunging! t_interp:  8230218.817590657 t_traj:  8230218.801384075
plunging! t_interp:  8230218.817590657 t_traj:  8230218.793274217
plunging! t_interp:  8230218.817590657 t_traj:  8230218.785196477
plunging! t_interp:  8230218.817590657 t_traj:  8229838.384394542
plunging! t_interp:  8230218.817590657 t_traj:  8229933.493663431
plunging! t_interp:  8230218.817590657 t_traj:  8230028.602322973
plunging! t_interp:  8230218.817590657 t_traj:  8230123.710257864
plunging! t_interp:  8230218.817590657 t_traj:  8230085.241413863
plunging! t_interp:  8230218.817590657 t_traj:  8230118.635559764
plunging! t_interp:  8230218.817590657 t_traj:  8230152.030414576
plunging! t_interp:  8230218.817590657 t_traj:  8230185.423663198
plunging! t_interp:  8230218.817590657 t_traj:  8230171.916597433
plunging! t_interp:  8230218.817590657 t_traj:  8230183.641847081
plunging! t_interp:  8230218.817590657 t_traj:  8230195.367120788
plunging! t_interp:  8230218.817590657 t_traj:  8230207.0923721595
plunging! t_interp:  8230218.817590657 t_traj:  8230202.349742196
plunging! t_interp:  8230218.817590657 t_traj:  8230206.466743084
plunging! t_interp:  8230218.817590657 t_traj:  8230210.583699882
plunging! t_interp:  8230218.817590657 t_traj:  8230214.700623044
plunging! t_interp:  8230218.817590657 t_traj:  8230213.035465029
plunging! t_interp:  8230218.817590657 t_traj:  8230214.480984462
plunging! t_interp:  8230218.817590657 t_traj:  8230215.926524409
plunging! t_interp:  8230218.817590657 t_traj:  8230217.372059035
plunging! t_interp:  8230218.817590657 t_traj:  8230216.787343263
plunging! t_interp:  8230218.817590657 t_traj:  8230217.294941696
plunging! t_interp:  8230218.817590657 t_traj:  8230217.802455562
plunging! t_interp:  8230218.817590657 t_traj:  8230218.310032783
plunging! t_interp:  8230218.817590657 t_traj:  8230218.104777103
plunging! t_interp:  8230218.817590657 t_traj:  8230218.282967031
plunging! t_interp:  8230218.817590657 t_traj:  8230218.461121764
plunging! t_interp:  8230218.817590657 t_traj:  8230218.639372081
plunging! t_interp:  8230218.817590657 t_traj:  8230218.56728461
plunging! t_interp:  8230218.817590657 t_traj:  8230218.629892687
plunging! t_interp:  8230218.817590657 t_traj:  8230218.692485766
plunging! t_interp:  8230218.817590657 t_traj:  8230218.755024899
plunging! t_interp:  8230218.817590657 t_traj:  8230218.729694113
plunging! t_interp:  8230218.817590657 t_traj:  8230218.751728747
plunging! t_interp:  8230218.817590657 t_traj:  8230218.773657376
plunging! t_interp:  8230218.817590657 t_traj:  8230218.795605402
plunging! t_interp:  8230218.817590657 t_traj:  8230218.786711727
plunging! t_interp:  8230218.817590657 t_traj:  8230218.7944577765
plunging! t_interp:  8230218.817590657 t_traj:  8230218.802140481
plunging! t_interp:  8230218.817590657 t_traj:  8230218.809888809
plunging! t_interp:  8230218.817590657 t_traj:  8230218.806748153
plunging! t_interp:  8230218.817590657 t_traj:  8230218.8094436135
plunging! t_interp:  8230218.817590657 t_traj:  8230218.812189776
plunging! t_interp:  8230218.817590657 t_traj:  8230218.814903951
plunging! t_interp:  8230218.817590657 t_traj:  8230218.813785116
plunging! t_interp:  8230218.817590657 t_traj:  8230218.814717999
plunging! t_interp:  8230218.817590657 t_traj:  8230218.815702962
plunging! t_interp:  8230218.817590657 t_traj:  8230218.816659394
plunging! t_interp:  8230218.817590657 t_traj:  8217118.642397172
plunging! t_interp:  8230218.817590657 t_traj:  8220392.226435465
plunging! t_interp:  8230218.817590657 t_traj:  8223666.783493762
plunging! t_interp:  8230218.817590657 t_traj:  8226942.31385739
plunging! t_interp:  8230218.817590657 t_traj:  8225617.32092548
plunging! t_interp:  8230218.817590657 t_traj:  8226767.515057915
plunging! t_interp:  8230218.817590657 t_traj:  8227917.829191853
plunging! t_interp:  8230218.817590657 t_traj:  8229068.263404127
plunging! t_interp:  8230218.817590657 t_traj:  8228602.925119426
plunging! t_interp:  8230218.817590657 t_traj:  8229006.876081749
plunging! t_interp:  8230218.817590657 t_traj:  8229410.841763168
plunging! t_interp:  8230218.817590657 t_traj:  8229814.822254747
plunging! t_interp:  8230218.817590657 t_traj:  8229651.419842095
plunging! t_interp:  8230218.817590657 t_traj:  8229793.266548681
plunging! t_interp:  8230218.817590657 t_traj:  8229935.115017624
plunging! t_interp:  8230218.817590657 t_traj:  8230076.965417437
plunging! t_interp:  8230218.817590657 t_traj:  8230019.590002595
plunging! t_interp:  8230218.817590657 t_traj:  8230069.39656526
plunging! t_interp:  8230218.817590657 t_traj:  8230119.203375466
plunging! t_interp:  8230218.817590657 t_traj:  8230169.010317791
plunging! t_interp:  8230218.817590657 t_traj:  8230148.864598952
plunging! t_interp:  8230218.817590657 t_traj:  8230166.352779727
plunging! t_interp:  8230218.817590657 t_traj:  8230183.841040769
plunging! t_interp:  8230218.817590657 t_traj:  8230201.329293162
plunging! t_interp:  8230218.817590657 t_traj:  8230194.255728614
plunging! t_interp:  8230218.817590657 t_traj:  8230200.396181083
plunging! t_interp:  8230218.817590657 t_traj:  8230206.53661574
plunging! t_interp:  8230218.817590657 t_traj:  8230212.677095802
plunging! t_interp:  8230218.817590657 t_traj:  8230210.193431119
plunging! t_interp:  8230218.817590657 t_traj:  8230212.349470663
plunging! t_interp:  8230218.817590657 t_traj:  8230214.505546477
plunging! t_interp:  8230218.817590657 t_traj:  8230216.661554337
plunging! t_interp:  8230218.817590657 t_traj:  8230215.789486531
plunging! t_interp:  8230218.817590657 t_traj:  8230216.546491958
plunging! t_interp:  8230218.817590657 t_traj:  8230217.3035395825
plunging! t_interp:  8230218.817590657 t_traj:  8230218.060582917
plunging! t_interp:  8230218.817590657 t_traj:  8230217.754407529
plunging! t_interp:  8230218.817590657 t_traj:  8230218.020169955
plunging! t_interp:  8230218.817590657 t_traj:  8230218.285973753
plunging! t_interp:  8230218.817590657 t_traj:  8230218.55180463
plunging! t_interp:  8230218.817590657 t_traj:  8230218.444038467
plunging! t_interp:  8230218.817590657 t_traj:  8230218.537651664
plunging! t_interp:  8230218.817590657 t_traj:  8230218.63093776
plunging! t_interp:  8230218.817590657 t_traj:  8230218.7242455175
plunging! t_interp:  8230218.817590657 t_traj:  8230218.686515909
plunging! t_interp:  8230218.817590657 t_traj:  8230218.719301609
plunging! t_interp:  8230218.817590657 t_traj:  8230218.75206085
plunging! t_interp:  8230218.817590657 t_traj:  8230218.784813656
plunging! t_interp:  8230218.817590657 t_traj:  8230075.4383764835
plunging! t_interp:  8230218.817590657 t_traj:  8230111.276356546
plunging! t_interp:  8230218.817590657 t_traj:  8230147.117838847
plunging! t_interp:  8230218.817590657 t_traj:  8230182.965194722
plunging! t_interp:  8230218.817590657 t_traj:  8230168.465189419
plunging! t_interp:  8230218.817590657 t_traj:  8230181.052067556
plunging! t_interp:  8230218.817590657 t_traj:  8230193.64015442
plunging! t_interp:  8230218.817590657 t_traj:  8230206.228531288
plunging! t_interp:  8230218.817590657 t_traj:  8230201.136734328
plunging! t_interp:  8230218.817590657 t_traj:  8230205.556870152
plunging! t_interp:  8230218.817590657 t_traj:  8230209.977010197
plunging! t_interp:  8230218.817590657 t_traj:  8230214.3972797515
plunging! t_interp:  8230218.817590657 t_traj:  8230212.609074773
plunging! t_interp:  8230218.817590657 t_traj:  8230214.161388788
plunging! t_interp:  8230218.817590657 t_traj:  8230215.713508657
plunging! t_interp:  8230218.817590657 t_traj:  8230217.265521405
plunging! t_interp:  8230218.817590657 t_traj:  8230216.637749308
plunging! t_interp:  8230218.817590657 t_traj:  8230217.182723463
plunging! t_interp:  8230218.817590657 t_traj:  8230217.727651409
plunging! t_interp:  8230218.817590657 t_traj:  8230218.272626693
plunging! t_interp:  8230218.817590657 t_traj:  8230218.052213289
plunging! t_interp:  8230218.817590657 t_traj:  8230218.2435473325
plunging! t_interp:  8230218.817590657 t_traj:  8230218.434903475
plunging! t_interp:  8230218.817590657 t_traj:  8230218.62625731
plunging! t_interp:  8230218.817590657 t_traj:  8230218.5488586
plunging! t_interp:  8230218.817590657 t_traj:  8230218.616016967
plunging! t_interp:  8230218.817590657 t_traj:  8230218.683228575
plunging! t_interp:  8230218.817590657 t_traj:  8230218.750398282
plunging! t_interp:  8230218.817590657 t_traj:  8230218.723213565
plunging! t_interp:  8230218.817590657 t_traj:  8230218.746822112
plunging! t_interp:  8230218.817590657 t_traj:  8230218.770417795
plunging! t_interp:  8230218.817590657 t_traj:  8230218.793993185
plunging! t_interp:  8230218.817590657 t_traj:  8230218.784176886
plunging! t_interp:  8230218.817590657 t_traj:  8230218.792544103
plunging! t_interp:  8230218.817590657 t_traj:  8230218.801006698
plunging! t_interp:  8230218.817590657 t_traj:  8230218.809353953
plunging! t_interp:  8230218.817590657 t_traj:  8230218.805939281
plunging! t_interp:  8230218.817590657 t_traj:  8230218.808912474
plunging! t_interp:  8230218.817590657 t_traj:  8230218.811757742
plunging! t_interp:  8230218.817590657 t_traj:  8230218.814666954
plunging! t_interp:  8230218.817590657 t_traj:  8230218.813535604
plunging! t_interp:  8230218.817590657 t_traj:  8230218.81450103
plunging! t_interp:  8230218.817590657 t_traj:  8230218.815569227
plunging! t_interp:  8230218.817590657 t_traj:  8230218.816282075
plunging! t_interp:  8230218.817590657 t_traj:  8230218.816172302
plunging! t_interp:  8230218.817590657 t_traj:  8230218.816522484
plunging! t_interp:  8230218.817590657 t_traj:  8230218.816879253
plunging! t_interp:  8230218.817590657 t_traj:  8230218.817239971
plunging! t_interp:  8230218.817590657 t_traj:  8230144.622345083
plunging! t_interp:  8230218.817590657 t_traj:  8230163.17080456
plunging! t_interp:  8230218.817590657 t_traj:  8230181.719827708
plunging! t_interp:  8230218.817590657 t_traj:  8230200.268676264
plunging! t_interp:  8230218.817590657 t_traj:  8230192.766099308
plunging! t_interp:  8230218.817590657 t_traj:  8230199.278943802
plunging! t_interp:  8230218.817590657 t_traj:  8230205.791795615
plunging! t_interp:  8230218.817590657 t_traj:  8230212.304678591
plunging! t_interp:  8230218.817590657 t_traj:  8230209.670367759
plunging! t_interp:  8230218.817590657 t_traj:  8230211.957188476
plunging! t_interp:  8230218.817590657 t_traj:  8230214.243993306
plunging! t_interp:  8230218.817590657 t_traj:  8230216.530771266
plunging! t_interp:  8230218.817590657 t_traj:  8230215.60585538
plunging! t_interp:  8230218.817590657 t_traj:  8230216.408779212
plunging! t_interp:  8230218.817590657 t_traj:  8230217.211719316
plunging! t_interp:  8230218.817590657 t_traj:  8230218.015530414
plunging! t_interp:  8230218.817590657 t_traj:  8230217.689559069
plunging! t_interp:  8230218.817590657 t_traj:  8230217.971541456
plunging! t_interp:  8230218.817590657 t_traj:  8230218.25373312
plunging! t_interp:  8230218.817590657 t_traj:  8230218.535647613
plunging! t_interp:  8230218.817590657 t_traj:  8230218.421643627
plunging! t_interp:  8230218.817590657 t_traj:  8230218.520610663
plunging! t_interp:  8230218.817590657 t_traj:  8230218.619625647
plunging! t_interp:  8230218.817590657 t_traj:  8230218.7186447205
plunging! t_interp:  8230218.817590657 t_traj:  8230218.678604271
plunging! t_interp:  8230218.817590657 t_traj:  8230218.713317065
plunging! t_interp:  8230218.817590657 t_traj:  8230218.747803209
plunging! t_interp:  8230218.817590657 t_traj:  8230218.782826267
plunging! t_interp:  8230218.817590657 t_traj:  8230218.768773913
plunging! t_interp:  8230218.817590657 t_traj:  8230218.780686714
plunging! t_interp:  8230218.817590657 t_traj:  8230218.79316031
plunging! t_interp:  8230218.817590657 t_traj:  8230218.805372862
plunging! t_interp:  8230218.817590657 t_traj:  8230218.800450346
plunging! t_interp:  8230218.817590657 t_traj:  8230218.804750581
plunging! t_interp:  8230218.817590657 t_traj:  8230218.80888509
plunging! t_interp:  8230218.817590657 t_traj:  8230218.813307658
plunging! t_interp:  8230218.817590657 t_traj:  8230218.811587611
plunging! t_interp:  8230218.817590657 t_traj:  8230218.813089415
plunging! t_interp:  8230218.817590657 t_traj:  8230218.814555099
plunging! t_interp:  8230218.817590657 t_traj:  8230218.816125164
plunging! t_interp:  8230218.817590657 t_traj:  8230218.815456056
plunging! t_interp:  8230218.817590657 t_traj:  8230218.816026618
plunging! t_interp:  8230218.817590657 t_traj:  8230218.816551524
plunging! t_interp:  8230218.817590657 t_traj:  8230218.817072533
plunging! t_interp:  8230218.817590657 t_traj:  8230218.816833517
plunging! t_interp:  8230218.817590657 t_traj:  8230218.817051949
plunging! t_interp:  8230218.817590657 t_traj:  8230218.817209349
plunging! t_interp:  8230218.817590657 t_traj:  8230218.817390382
plunging! t_interp:  8230218.817590657 t_traj:  8230216.229920693
plunging! t_interp:  8230218.817590657 t_traj:  8230216.876855724
plunging! t_interp:  8230218.817590657 t_traj:  8230217.523459682
plunging! t_interp:  8230218.817590657 t_traj:  8230218.170677385
plunging! t_interp:  8230218.817590657 t_traj:  8230217.909014839
plunging! t_interp:  8230218.817590657 t_traj:  8230218.136159376
plunging! t_interp:  8230218.817590657 t_traj:  8230218.363304883
plunging! t_interp:  8230218.817590657 t_traj:  8230218.590416882
plunging! t_interp:  8230218.817590657 t_traj:  8230218.4985752115
plunging! t_interp:  8230218.817590657 t_traj:  8230218.578296039
plunging! t_interp:  8230218.817590657 t_traj:  8230218.658065447
plunging! t_interp:  8230218.817590657 t_traj:  8230218.737844509
plunging! t_interp:  8230218.817590657 t_traj:  8230218.7055717185
plunging! t_interp:  8230218.817590657 t_traj:  8230218.733615779
plunging! t_interp:  8230218.817590657 t_traj:  8230218.7615935085
plunging! t_interp:  8230218.817590657 t_traj:  8230218.789606375
plunging! t_interp:  8230218.817590657 t_traj:  8230218.77829953
plunging! t_interp:  8230218.817590657 t_traj:  8230218.7880834
plunging! t_interp:  8230218.817590657 t_traj:  8230218.797951873
plunging! t_interp:  8230218.817590657 t_traj:  8230218.807511279
plunging! t_interp:  8230218.817590657 t_traj:  8230218.804503847
plunging! t_interp:  8230218.817590657 t_traj:  8230218.807228235
plunging! t_interp:  8230218.817590657 t_traj:  8230218.810601338
plunging! t_interp:  8230218.817590657 t_traj:  8230218.814148772
plunging! t_interp:  8230218.817590657 t_traj:  8230218.812509627
plunging! t_interp:  8230218.817590657 t_traj:  8230218.813957165
plunging! t_interp:  8230218.817590657 t_traj:  8230218.815140556
plunging! t_interp:  8230218.817590657 t_traj:  8230218.816351699
plunging! t_interp:  8230218.817590657 t_traj:  8230218.815891231
plunging! t_interp:  8230218.817590657 t_traj:  8230218.816306491
plunging! t_interp:  8230218.817590657 t_traj:  8230218.816723249
plunging! t_interp:  8230218.817590657 t_traj:  8230218.817175754
plunging! t_interp:  8230218.817590657 t_traj:  8230218.817012509
plunging! t_interp:  8230218.817590657 t_traj:  8230218.817137007
plunging! t_interp:  8230218.817590657 t_traj:  8230218.81705515
plunging! t_interp:  8230218.817590657 t_traj:  8230218.817463732
plunging! t_interp:  8230218.817590657 t_traj:  8230218.817139411
plunging! t_interp:  8230218.817590657 t_traj:  8230218.817431022
plunging! t_interp:  8230218.817590657 t_traj:  8230218.817531599
plunging! t_interp:  8230218.817590657 t_traj:  8230218.817523523
plunging! t_interp:  8230218.817590657 t_traj:  8230218.817546471
plunging! t_interp:  8230218.817590657 t_traj:  8230218.817568058
plunging! t_interp:  8230218.817590657 t_traj:  8230218.817580341
plunging! t_interp:  8230218.817590657 t_traj:  8230218.817562915
Time taken to compute stable deltas is 91.3533616065979 seconds
calculating Fisher matrix...
plunging! t_interp:  8230218.817590657 t_traj:  8230218.752275598
plunging! t_interp:  8230218.817590657 t_traj:  8230218.768583562
plunging! t_interp:  8230218.817590657 t_traj:  8230218.784923634
plunging! t_interp:  8230218.817590657 t_traj:  8230218.80126243
plunging! t_interp:  8230218.817590657 t_traj:  8230218.630280194
plunging! t_interp:  8230218.817590657 t_traj:  8230218.443925933
plunging! t_interp:  8230218.817590657 t_traj:  8230218.255735522
plunging! t_interp:  8230218.817590657 t_traj:  8230218.068405207
plunging! t_interp:  8230218.817590657 t_traj:  8230218.786711727
plunging! t_interp:  8230218.817590657 t_traj:  8230218.7944577765
plunging! t_interp:  8230218.817590657 t_traj:  8230218.802140481
plunging! t_interp:  8230218.817590657 t_traj:  8230218.809888809
plunging! t_interp:  8230218.817590657 t_traj:  8230217.754407529
plunging! t_interp:  8230218.817590657 t_traj:  8230218.020169955
plunging! t_interp:  8230218.817590657 t_traj:  8230218.285973753
plunging! t_interp:  8230218.817590657 t_traj:  8230218.55180463
plunging! t_interp:  8230218.817590657 t_traj:  8230218.5488586
plunging! t_interp:  8230218.817590657 t_traj:  8230218.616016967
plunging! t_interp:  8230218.817590657 t_traj:  8230218.683228575
plunging! t_interp:  8230218.817590657 t_traj:  8230218.750398282
plunging! t_interp:  8230218.817590657 t_traj:  8230218.421643627
plunging! t_interp:  8230218.817590657 t_traj:  8230218.520610663
plunging! t_interp:  8230218.817590657 t_traj:  8230218.619625647
plunging! t_interp:  8230218.817590657 t_traj:  8230218.7186447205
plunging! t_interp:  8230218.817590657 t_traj:  8230218.4985752115
plunging! t_interp:  8230218.817590657 t_traj:  8230218.578296039
plunging! t_interp:  8230218.817590657 t_traj:  8230218.658065447
plunging! t_interp:  8230218.817590657 t_traj:  8230218.737844509
Finished derivatives
Calculated Fisher is *atleast* positive-definite.
Time taken to compute FM is 8.734401226043701 seconds
    CV from_0PA#2 it   0 lam=3.3e-03 ov=0.9940817 chi2=1.389e+03 rel=1.8e-02
Body is not plunging, Fisher should be stable.
waveform shape: (3, 6311629)
Computing SNR for parameters: (np.float64(1001774.6403597085), np.float64(4995.362972121667), np.float64(0.7039601941611981), np.float64(24.967512706580102), np.float64(0.24975602258256177), 1.0, 12.0, np.float64(0.788394221327126), np.float64(1.0061454770825973), 1.0, 1.0471975511965976, np.float64(0.9766541121767276), 0.5, np.float64(0.5840150656566485), 0.95, False, False, False, True, np.float64(0.030703492302525667), np.float64(0.004325829472813289), 0.0, 0.0)
Waveform Generated. SNR: 343.6507138970922
calculating Fisher matrix...
plunging! t_interp:  8230219.888443109 t_traj:  8230219.823093852
plunging! t_interp:  8230219.888443109 t_traj:  8230219.839134702
plunging! t_interp:  8230219.888443109 t_traj:  8230219.855723712
plunging! t_interp:  8230219.888443109 t_traj:  8230219.872104392
plunging! t_interp:  8230219.888443109 t_traj:  8230219.701143472
plunging! t_interp:  8230219.888443109 t_traj:  8230219.514660398
plunging! t_interp:  8230219.888443109 t_traj:  8230219.326524772
plunging! t_interp:  8230219.888443109 t_traj:  8230219.139268934
plunging! t_interp:  8230219.888443109 t_traj:  8230219.857561764
plunging! t_interp:  8230219.888443109 t_traj:  8230219.865279212
plunging! t_interp:  8230219.888443109 t_traj:  8230219.873016804
plunging! t_interp:  8230219.888443109 t_traj:  8230219.880735737
plunging! t_interp:  8230219.888443109 t_traj:  8230218.82519243
plunging! t_interp:  8230219.888443109 t_traj:  8230219.090982561
plunging! t_interp:  8230219.888443109 t_traj:  8230219.356795592
plunging! t_interp:  8230219.888443109 t_traj:  8230219.62261718
plunging! t_interp:  8230219.888443109 t_traj:  8230219.619710884
plunging! t_interp:  8230219.888443109 t_traj:  8230219.686853478
plunging! t_interp:  8230219.888443109 t_traj:  8230219.754079091
plunging! t_interp:  8230219.888443109 t_traj:  8230219.821246968
plunging! t_interp:  8230219.888443109 t_traj:  8230219.492472846
plunging! t_interp:  8230219.888443109 t_traj:  8230219.591427241
plunging! t_interp:  8230219.888443109 t_traj:  8230219.690461816
plunging! t_interp:  8230219.888443109 t_traj:  8230219.789466322
plunging! t_interp:  8230219.888443109 t_traj:  8230219.569363454
plunging! t_interp:  8230219.888443109 t_traj:  8230219.649134883
plunging! t_interp:  8230219.888443109 t_traj:  8230219.728884485
plunging! t_interp:  8230219.888443109 t_traj:  8230219.808692128
Finished derivatives
Calculated Fisher is *atleast* positive-definite.
Time taken to compute FM is 9.411614418029785 seconds
    CV from_0PA#2 it   1 lam=7.1e-02 ov=0.9942093 chi2=1.364e+03 rel=4.5e-04
Body is not plunging, Fisher should be stable.
waveform shape: (3, 6311629)
Computing SNR for parameters: (np.float64(1001774.6410956748), np.float64(4995.362948940158), np.float64(0.7039602374981915), np.float64(24.96751272159303), np.float64(0.2497559890215543), 1.0, 12.0, np.float64(0.7883876134179277), np.float64(1.0060981052937044), 1.0, 1.0471975511965976, np.float64(0.9764593890138795), 0.5, np.float64(0.5837635899759922), 0.95, False, False, False, True, np.float64(0.03070985161045667), np.float64(0.0042692548481902), 0.0, 0.0)
Waveform Generated. SNR: 343.6433343919189
calculating Fisher matrix...
plunging! t_interp:  8230219.940200919 t_traj:  8230219.8748857705
plunging! t_interp:  8230219.940200919 t_traj:  8230219.891180463
plunging! t_interp:  8230219.940200919 t_traj:  8230219.907539468
plunging! t_interp:  8230219.940200919 t_traj:  8230219.923917137
plunging! t_interp:  8230219.940200919 t_traj:  8230219.752923605
plunging! t_interp:  8230219.940200919 t_traj:  8230219.565611846
plunging! t_interp:  8230219.940200919 t_traj:  8230219.3783124015
plunging! t_interp:  8230219.940200919 t_traj:  8230219.191085691
plunging! t_interp:  8230219.940200919 t_traj:  8230219.909341836
plunging! t_interp:  8230219.940200919 t_traj:  8230219.917079836
plunging! t_interp:  8230219.940200919 t_traj:  8230219.924796774
plunging! t_interp:  8230219.940200919 t_traj:  8230219.932482041
plunging! t_interp:  8230219.940200919 t_traj:  8230218.876960272
plunging! t_interp:  8230219.940200919 t_traj:  8230219.142607669
plunging! t_interp:  8230219.940200919 t_traj:  8230219.408581556
plunging! t_interp:  8230219.940200919 t_traj:  8230219.674426449
plunging! t_interp:  8230219.940200919 t_traj:  8230219.671287339
plunging! t_interp:  8230219.940200919 t_traj:  8230219.7386751
plunging! t_interp:  8230219.940200919 t_traj:  8230219.805643502
plunging! t_interp:  8230219.940200919 t_traj:  8230219.873804309
plunging! t_interp:  8230219.940200919 t_traj:  8230219.544245923
plunging! t_interp:  8230219.940200919 t_traj:  8230219.643240046
plunging! t_interp:  8230219.940200919 t_traj:  8230219.742249076
plunging! t_interp:  8230219.940200919 t_traj:  8230219.841216629
plunging! t_interp:  8230219.940200919 t_traj:  8230219.621207337
plunging! t_interp:  8230219.940200919 t_traj:  8230219.700717231
plunging! t_interp:  8230219.940200919 t_traj:  8230219.780711023
plunging! t_interp:  8230219.940200919 t_traj:  8230219.8604725255
Finished derivatives
Calculated Fisher is *atleast* positive-definite.
Time taken to compute FM is 9.132115602493286 seconds
    CV from_0PA#2 it   2 lam=2.4e-02 ov=0.9942117 chi2=1.363e+03 rel=1.2e-03
Body is not plunging, Fisher should be stable.
waveform shape: (3, 6311629)
Computing SNR for parameters: (np.float64(1001774.6423561907), np.float64(4995.3628930128425), np.float64(0.7039603464452354), np.float64(24.967512755077806), np.float64(0.24975588730037096), 1.0, 12.0, np.float64(0.7883463555989815), np.float64(1.0062388244750484), 1.0, 1.0471975511965976, np.float64(0.9753776703283359), 0.5, np.float64(0.5827623677184655), 0.95, False, False, False, True, np.float64(0.03072505679238471), np.float64(0.0041036716048024995), 0.0, 0.0)
Waveform Generated. SNR: 343.6472726703883
calculating Fisher matrix...
plunging! t_interp:  8230219.994357817 t_traj:  8230219.929009656
plunging! t_interp:  8230219.994357817 t_traj:  8230219.9453577185
plunging! t_interp:  8230219.994357817 t_traj:  8230219.961669786
plunging! t_interp:  8230219.994357817 t_traj:  8230219.9780047005
plunging! t_interp:  8230219.994357817 t_traj:  8230219.807098695
plunging! t_interp:  8230219.994357817 t_traj:  8230219.619734501
plunging! t_interp:  8230219.994357817 t_traj:  8230219.432509908
plunging! t_interp:  8230219.994357817 t_traj:  8230219.245170989
plunging! t_interp:  8230219.994357817 t_traj:  8230219.963512414
plunging! t_interp:  8230219.994357817 t_traj:  8230219.971231506
plunging! t_interp:  8230219.994357817 t_traj:  8230219.978804601
plunging! t_interp:  8230219.994357817 t_traj:  8230219.986327394
plunging! t_interp:  8230219.994357817 t_traj:  8230218.931126547
plunging! t_interp:  8230219.994357817 t_traj:  8230219.196913696
plunging! t_interp:  8230219.994357817 t_traj:  8230219.4627461
plunging! t_interp:  8230219.994357817 t_traj:  8230219.728283457
plunging! t_interp:  8230219.994357817 t_traj:  8230219.725626472
plunging! t_interp:  8230219.994357817 t_traj:  8230219.792504731
plunging! t_interp:  8230219.994357817 t_traj:  8230219.860001661
plunging! t_interp:  8230219.994357817 t_traj:  8230219.927206797
plunging! t_interp:  8230219.994357817 t_traj:  8230219.598401788
plunging! t_interp:  8230219.994357817 t_traj:  8230219.697387865
plunging! t_interp:  8230219.994357817 t_traj:  8230219.796379478
plunging! t_interp:  8230219.994357817 t_traj:  8230219.895353272
plunging! t_interp:  8230219.994357817 t_traj:  8230219.675387654
plunging! t_interp:  8230219.994357817 t_traj:  8230219.75507173
plunging! t_interp:  8230219.994357817 t_traj:  8230219.834858725
plunging! t_interp:  8230219.994357817 t_traj:  8230219.914648358
Finished derivatives
Calculated Fisher is *atleast* positive-definite.
Time taken to compute FM is 9.074932336807251 seconds
    CV from_0PA#2 it   3 lam=1.4e+00 ov=0.9942188 chi2=1.362e+03 rel=4.0e-05
Body is not plunging, Fisher should be stable.
waveform shape: (3, 6311629)
Computing SNR for parameters: (np.float64(1001774.6424287896), np.float64(4995.362890340224), np.float64(0.703960351702023), np.float64(24.967512756707453), np.float64(0.24975588267857848), 1.0, 12.0, np.float64(0.788344246932017), np.float64(1.006244636417662), 1.0, 1.0471975511965976, np.float64(0.9753255859582959), 0.5, np.float64(0.5827003053182613), 0.95, False, False, False, True, np.float64(0.030725782437249466), np.float64(0.004095942510683803), 0.0, 0.0)
Waveform Generated. SNR: 343.6472347080788
calculating Fisher matrix...
plunging! t_interp:  8230219.99779549 t_traj:  8230219.93243452
plunging! t_interp:  8230219.99779549 t_traj:  8230219.948826564
plunging! t_interp:  8230219.99779549 t_traj:  8230219.964859602
plunging! t_interp:  8230219.99779549 t_traj:  8230219.981459907
plunging! t_interp:  8230219.99779549 t_traj:  8230219.810542988
plunging! t_interp:  8230219.99779549 t_traj:  8230219.62322143
plunging! t_interp:  8230219.99779549 t_traj:  8230219.435927042
plunging! t_interp:  8230219.99779549 t_traj:  8230219.248641978
plunging! t_interp:  8230219.99779549 t_traj:  8230219.966934878
plunging! t_interp:  8230219.99779549 t_traj:  8230219.974671798
plunging! t_interp:  8230219.99779549 t_traj:  8230219.982401274
plunging! t_interp:  8230219.99779549 t_traj:  8230219.990142412
plunging! t_interp:  8230219.99779549 t_traj:  8230218.934583795
plunging! t_interp:  8230219.99779549 t_traj:  8230219.200380622
plunging! t_interp:  8230219.99779549 t_traj:  8230219.466170716
plunging! t_interp:  8230219.99779549 t_traj:  8230219.732046226
plunging! t_interp:  8230219.99779549 t_traj:  8230219.729051084
plunging! t_interp:  8230219.99779549 t_traj:  8230219.796267543
plunging! t_interp:  8230219.99779549 t_traj:  8230219.8634370435
plunging! t_interp:  8230219.99779549 t_traj:  8230219.93063042
plunging! t_interp:  8230219.99779549 t_traj:  8230219.601851738
plunging! t_interp:  8230219.99779549 t_traj:  8230219.700646361
plunging! t_interp:  8230219.99779549 t_traj:  8230219.799831299
plunging! t_interp:  8230219.99779549 t_traj:  8230219.898800308
plunging! t_interp:  8230219.99779549 t_traj:  8230219.678792073
plunging! t_interp:  8230219.99779549 t_traj:  8230219.758539913
plunging! t_interp:  8230219.99779549 t_traj:  8230219.838302203
plunging! t_interp:  8230219.99779549 t_traj:  8230219.918064638
Finished derivatives
Calculated Fisher is *atleast* positive-definite.
Time taken to compute FM is 9.449416875839233 seconds
    CV from_0PA#2 it   4 lam=9.2e-01 ov=0.9942190 chi2=1.361e+03 rel=3.0e-05
Body is not plunging, Fisher should be stable.
waveform shape: (3, 6311629)
Computing SNR for parameters: (np.float64(1001774.6424646359), np.float64(4995.362888895605), np.float64(0.7039603545065255), np.float64(24.967512757573047), np.float64(0.24975588013238134), 1.0, 12.0, np.float64(0.7883430692637908), np.float64(1.0062477118891668), 1.0, 1.0471975511965976, np.float64(0.9752969662784996), 0.5, np.float64(0.582668943286914), 0.95, False, False, False, True, np.float64(0.030726175060913668), np.float64(0.0040916911590393994), 0.0, 0.0)
Waveform Generated. SNR: 343.64723616740696
calculating stable deltas...
plunging! t_interp:  8230219.999397331 t_traj:  8223686.200216707
plunging! t_interp:  8230219.999397331 t_traj:  8225319.406753433
plunging! t_interp:  8230219.999397331 t_traj:  8226952.775456963
plunging! t_interp:  8230219.999397331 t_traj:  8228586.306356865
plunging! t_interp:  8230219.999397331 t_traj:  8227925.561657964
plunging! t_interp:  8230219.999397331 t_traj:  8228499.141111655
plunging! t_interp:  8230219.999397331 t_traj:  8229072.740545925
plunging! t_interp:  8230219.999397331 t_traj:  8229646.359979298
plunging! t_interp:  8230219.999397331 t_traj:  8229414.341856926
plunging! t_interp:  8230219.999397331 t_traj:  8229615.75235863
plunging! t_interp:  8230219.999397331 t_traj:  8229817.165718486
plunging! t_interp:  8230219.999397331 t_traj:  8230018.582059582
plunging! t_interp:  8230219.999397331 t_traj:  8229937.113107176
plunging! t_interp:  8230219.999397331 t_traj:  8230007.834232015
plunging! t_interp:  8230219.999397331 t_traj:  8230078.555609699
plunging! t_interp:  8230219.999397331 t_traj:  8230149.277338152
plunging! t_interp:  8230219.999397331 t_traj:  8230120.672039536
plunging! t_interp:  8230219.999397331 t_traj:  8230145.503823012
plunging! t_interp:  8230219.999397331 t_traj:  8230170.335684592
plunging! t_interp:  8230219.999397331 t_traj:  8230195.167476372
plunging! t_interp:  8230219.999397331 t_traj:  8230185.123564007
plunging! t_interp:  8230219.999397331 t_traj:  8230193.842506797
plunging! t_interp:  8230219.999397331 t_traj:  8230202.561506871
plunging! t_interp:  8230219.999397331 t_traj:  8230211.28046959
plunging! t_interp:  8230219.999397331 t_traj:  8230207.753815216
plunging! t_interp:  8230219.999397331 t_traj:  8230210.815219242
plunging! t_interp:  8230219.999397331 t_traj:  8230213.876615811
plunging! t_interp:  8230219.999397331 t_traj:  8230216.9379941495
plunging! t_interp:  8230219.999397331 t_traj:  8230215.699752615
plunging! t_interp:  8230219.999397331 t_traj:  8230216.774618866
plunging! t_interp:  8230219.999397331 t_traj:  8230217.849559024
plunging! t_interp:  8230219.999397331 t_traj:  8230218.924511254
plunging! t_interp:  8230219.999397331 t_traj:  8230218.48971736
plunging! t_interp:  8230219.999397331 t_traj:  8230218.866983677
plunging! t_interp:  8230219.999397331 t_traj:  8230219.2445524195
plunging! t_interp:  8230219.999397331 t_traj:  8230219.621958263
plunging! t_interp:  8230219.999397331 t_traj:  8230219.469328055
plunging! t_interp:  8230219.999397331 t_traj:  8230219.601825169
plunging! t_interp:  8230219.999397331 t_traj:  8230219.73434216
plunging! t_interp:  8230219.999397331 t_traj:  8230219.866883457
plunging! t_interp:  8230219.999397331 t_traj:  8230219.813272054
plunging! t_interp:  8230219.999397331 t_traj:  8230219.859831313
plunging! t_interp:  8230219.999397331 t_traj:  8230219.9063308295
plunging! t_interp:  8230219.999397331 t_traj:  8230219.952866685
plunging! t_interp:  8230219.999397331 t_traj:  8230219.93408342
plunging! t_interp:  8230219.999397331 t_traj:  8230219.950380125
plunging! t_interp:  8230219.999397331 t_traj:  8230219.966731002
plunging! t_interp:  8230219.999397331 t_traj:  8230219.982790691
plunging! t_interp:  8230219.999397331 t_traj:  8229409.328348943
plunging! t_interp:  8230219.999397331 t_traj:  8228598.819417984
plunging! t_interp:  8230219.999397331 t_traj:  8227788.472540406
plunging! t_interp:  8230219.999397331 t_traj:  8226978.2876792895
plunging! t_interp:  8230219.999397331 t_traj:  8229935.338788421
plunging! t_interp:  8230219.999397331 t_traj:  8229650.698133353
plunging! t_interp:  8230219.999397331 t_traj:  8229366.0775039615
plunging! t_interp:  8230219.999397331 t_traj:  8229081.476830871
plunging! t_interp:  8230219.999397331 t_traj:  8230120.047331471
plunging! t_interp:  8230219.999397331 t_traj:  8230020.097702946
plunging! t_interp:  8230219.999397331 t_traj:  8229920.150540907
plunging! t_interp:  8230219.999397331 t_traj:  8229820.205664475
plunging! t_interp:  8230219.999397331 t_traj:  8230184.904053721
plunging! t_interp:  8230219.999397331 t_traj:  8230149.808935072
plunging! t_interp:  8230219.999397331 t_traj:  8230114.714184152
plunging! t_interp:  8230219.999397331 t_traj:  8230079.619742942
plunging! t_interp:  8230219.999397331 t_traj:  8230207.676699246
plunging! t_interp:  8230219.999397331 t_traj:  8230195.354027923
plunging! t_interp:  8230219.999397331 t_traj:  8230183.03142998
plunging! t_interp:  8230219.999397331 t_traj:  8230170.7088566385
plunging! t_interp:  8230219.999397331 t_traj:  8230215.672625433
plunging! t_interp:  8230219.999397331 t_traj:  8230211.345932897
plunging! t_interp:  8230219.999397331 t_traj:  8230207.019190115
plunging! t_interp:  8230219.999397331 t_traj:  8230202.692474794
plunging! t_interp:  8230219.999397331 t_traj:  8230218.480187103
plunging! t_interp:  8230219.999397331 t_traj:  8230216.960981021
plunging! t_interp:  8230219.999397331 t_traj:  8230215.441768516
plunging! t_interp:  8230219.999397331 t_traj:  8230213.922563153
plunging! t_interp:  8230219.999397331 t_traj:  8230219.46600408
plunging! t_interp:  8230219.999397331 t_traj:  8230218.932547879
plunging! t_interp:  8230219.999397331 t_traj:  8230218.399143943
plunging! t_interp:  8230219.999397331 t_traj:  8230217.865755636
plunging! t_interp:  8230219.999397331 t_traj:  8230219.812087024
plunging! t_interp:  8230219.999397331 t_traj:  8230219.624809936
plunging! t_interp:  8230219.999397331 t_traj:  8230219.437369945
plunging! t_interp:  8230219.999397331 t_traj:  8230219.2509537665
plunging! t_interp:  8230219.999397331 t_traj:  8230219.933641307
plunging! t_interp:  8230219.999397331 t_traj:  8230219.867857869
plunging! t_interp:  8230219.999397331 t_traj:  8230219.802098726
plunging! t_interp:  8230219.999397331 t_traj:  8230219.73635946
plunging! t_interp:  8230219.999397331 t_traj:  8230219.976306644
plunging! t_interp:  8230219.999397331 t_traj:  8230219.953210755
plunging! t_interp:  8230219.999397331 t_traj:  8230219.930151197
plunging! t_interp:  8230219.999397331 t_traj:  8230219.907031899
plunging! t_interp:  8230219.999397331 t_traj:  8230219.99102091
plunging! t_interp:  8230219.999397331 t_traj:  8230219.983191443
plunging! t_interp:  8230219.999397331 t_traj:  8230219.975070786
plunging! t_interp:  8230219.999397331 t_traj:  8230219.967004306
plunging! t_interp:  8230219.999397331 t_traj:  8229839.5658394955
plunging! t_interp:  8230219.999397331 t_traj:  8229934.675213541
plunging! t_interp:  8230219.999397331 t_traj:  8230029.78390641
plunging! t_interp:  8230219.999397331 t_traj:  8230124.8919615345
plunging! t_interp:  8230219.999397331 t_traj:  8230086.423079488
plunging! t_interp:  8230219.999397331 t_traj:  8230119.817283348
plunging! t_interp:  8230219.999397331 t_traj:  8230153.211428622
plunging! t_interp:  8230219.999397331 t_traj:  8230186.605435571
plunging! t_interp:  8230219.999397331 t_traj:  8230173.098341115
plunging! t_interp:  8230219.999397331 t_traj:  8230184.823606561
plunging! t_interp:  8230219.999397331 t_traj:  8230196.548930953
plunging! t_interp:  8230219.999397331 t_traj:  8230208.274181681
plunging! t_interp:  8230219.999397331 t_traj:  8230203.531557028
plunging! t_interp:  8230219.999397331 t_traj:  8230207.648242563
plunging! t_interp:  8230219.999397331 t_traj:  8230211.76527997
plunging! t_interp:  8230219.999397331 t_traj:  8230215.882439842
plunging! t_interp:  8230219.999397331 t_traj:  8230214.217218357
plunging! t_interp:  8230219.999397331 t_traj:  8230215.662802474
plunging! t_interp:  8230219.999397331 t_traj:  8230217.108115125
plunging! t_interp:  8230219.999397331 t_traj:  8230218.553855941
plunging! t_interp:  8230219.999397331 t_traj:  8230217.969172241
plunging! t_interp:  8230219.999397331 t_traj:  8230218.476752897
plunging! t_interp:  8230219.999397331 t_traj:  8230218.984243985
plunging! t_interp:  8230219.999397331 t_traj:  8230219.491806442
plunging! t_interp:  8230219.999397331 t_traj:  8230219.286545021
plunging! t_interp:  8230219.999397331 t_traj:  8230219.464780812
plunging! t_interp:  8230219.999397331 t_traj:  8230219.642968757
plunging! t_interp:  8230219.999397331 t_traj:  8230219.8211968625
plunging! t_interp:  8230219.999397331 t_traj:  8230219.749113441
plunging! t_interp:  8230219.999397331 t_traj:  8230219.811673844
plunging! t_interp:  8230219.999397331 t_traj:  8230219.874229775
plunging! t_interp:  8230219.999397331 t_traj:  8230219.936819402
plunging! t_interp:  8230219.999397331 t_traj:  8230219.911478915
plunging! t_interp:  8230219.999397331 t_traj:  8230219.933458693
plunging! t_interp:  8230219.999397331 t_traj:  8230219.955452617
plunging! t_interp:  8230219.999397331 t_traj:  8230219.977436235
plunging! t_interp:  8230219.999397331 t_traj:  8230219.968509879
plunging! t_interp:  8230219.999397331 t_traj:  8230219.97626629
plunging! t_interp:  8230219.999397331 t_traj:  8230219.983652657
plunging! t_interp:  8230219.999397331 t_traj:  8230219.991651893
plunging! t_interp:  8230219.999397331 t_traj:  8230219.988595488
plunging! t_interp:  8230219.999397331 t_traj:  8230219.991276099
plunging! t_interp:  8230219.999397331 t_traj:  8230219.993954691
plunging! t_interp:  8230219.999397331 t_traj:  8230219.99642826
plunging! t_interp:  8230219.999397331 t_traj:  8230219.995338171
plunging! t_interp:  8230219.999397331 t_traj:  8230219.997294679
plunging! t_interp:  8230219.999397331 t_traj:  8230219.997524026
plunging! t_interp:  8230219.999397331 t_traj:  8230219.998444399
plunging! t_interp:  8230219.999397331 t_traj:  8217119.823511478
plunging! t_interp:  8230219.999397331 t_traj:  8220393.407630131
plunging! t_interp:  8230219.999397331 t_traj:  8223667.964896628
plunging! t_interp:  8230219.999397331 t_traj:  8226943.495407242
plunging! t_interp:  8230219.999397331 t_traj:  8225618.5024621915
plunging! t_interp:  8230219.999397331 t_traj:  8226768.696601897
plunging! t_interp:  8230219.999397331 t_traj:  8227919.010860455
plunging! t_interp:  8230219.999397331 t_traj:  8229069.4451322425
plunging! t_interp:  8230219.999397331 t_traj:  8228604.106813905
plunging! t_interp:  8230219.999397331 t_traj:  8229008.05780419
plunging! t_interp:  8230219.999397331 t_traj:  8229412.0235267915
plunging! t_interp:  8230219.999397331 t_traj:  8229816.004028946
plunging! t_interp:  8230219.999397331 t_traj:  8229652.601608367
plunging! t_interp:  8230219.999397331 t_traj:  8229794.448308891
plunging! t_interp:  8230219.999397331 t_traj:  8229936.296796927
plunging! t_interp:  8230219.999397331 t_traj:  8230078.147175351
plunging! t_interp:  8230219.999397331 t_traj:  8230020.771809123
plunging! t_interp:  8230219.999397331 t_traj:  8230070.57837932
plunging! t_interp:  8230219.999397331 t_traj:  8230120.384914991
plunging! t_interp:  8230219.999397331 t_traj:  8230170.192172833
plunging! t_interp:  8230219.999397331 t_traj:  8230150.04636221
plunging! t_interp:  8230219.999397331 t_traj:  8230167.534572983
plunging! t_interp:  8230219.999397331 t_traj:  8230185.022796623
plunging! t_interp:  8230219.999397331 t_traj:  8230202.511100139
plunging! t_interp:  8230219.999397331 t_traj:  8230195.437490606
plunging! t_interp:  8230219.999397331 t_traj:  8230201.57795106
plunging! t_interp:  8230219.999397331 t_traj:  8230207.718445709
plunging! t_interp:  8230219.999397331 t_traj:  8230213.858948091
plunging! t_interp:  8230219.999397331 t_traj:  8230211.375213007
plunging! t_interp:  8230219.999397331 t_traj:  8230213.531288137
plunging! t_interp:  8230219.999397331 t_traj:  8230215.687121093
plunging! t_interp:  8230219.999397331 t_traj:  8230217.843359612
plunging! t_interp:  8230219.999397331 t_traj:  8230216.971267251
plunging! t_interp:  8230219.999397331 t_traj:  8230217.728320915
plunging! t_interp:  8230219.999397331 t_traj:  8230218.485314165
plunging! t_interp:  8230219.999397331 t_traj:  8230219.242408198
plunging! t_interp:  8230219.999397331 t_traj:  8230218.937034242
plunging! t_interp:  8230219.999397331 t_traj:  8230219.201963969
plunging! t_interp:  8230219.999397331 t_traj:  8230219.467781692
plunging! t_interp:  8230219.999397331 t_traj:  8230219.733594379
plunging! t_interp:  8230219.999397331 t_traj:  8230219.626088696
plunging! t_interp:  8230219.999397331 t_traj:  8230219.719388349
plunging! t_interp:  8230219.999397331 t_traj:  8230219.813466773
plunging! t_interp:  8230219.999397331 t_traj:  8230219.906067512
plunging! t_interp:  8230219.999397331 t_traj:  8230219.868355747
plunging! t_interp:  8230219.999397331 t_traj:  8230219.901126528
plunging! t_interp:  8230219.999397331 t_traj:  8230219.933887638
plunging! t_interp:  8230219.999397331 t_traj:  8230219.96661466
plunging! t_interp:  8230219.999397331 t_traj:  8230076.622793544
plunging! t_interp:  8230219.999397331 t_traj:  8230112.459345151
plunging! t_interp:  8230219.999397331 t_traj:  8230148.300989779
plunging! t_interp:  8230219.999397331 t_traj:  8230184.147668632
plunging! t_interp:  8230219.999397331 t_traj:  8230169.647891566
plunging! t_interp:  8230219.999397331 t_traj:  8230182.234873053
plunging! t_interp:  8230219.999397331 t_traj:  8230194.8221161505
plunging! t_interp:  8230219.999397331 t_traj:  8230207.410336214
plunging! t_interp:  8230219.999397331 t_traj:  8230202.318847797
plunging! t_interp:  8230219.999397331 t_traj:  8230206.738874181
plunging! t_interp:  8230219.999397331 t_traj:  8230211.158999931
plunging! t_interp:  8230219.999397331 t_traj:  8230215.579129947
plunging! t_interp:  8230219.999397331 t_traj:  8230213.791235538
plunging! t_interp:  8230219.999397331 t_traj:  8230215.343268999
plunging! t_interp:  8230219.999397331 t_traj:  8230216.895285573
plunging! t_interp:  8230219.999397331 t_traj:  8230218.447356684
plunging! t_interp:  8230219.999397331 t_traj:  8230217.819594584
plunging! t_interp:  8230219.999397331 t_traj:  8230218.364549522
plunging! t_interp:  8230219.999397331 t_traj:  8230218.909537021
plunging! t_interp:  8230219.999397331 t_traj:  8230219.454414891
plunging! t_interp:  8230219.999397331 t_traj:  8230219.234017531
plunging! t_interp:  8230219.999397331 t_traj:  8230219.425365512
plunging! t_interp:  8230219.999397331 t_traj:  8230219.616679433
plunging! t_interp:  8230219.999397331 t_traj:  8230219.808043633
plunging! t_interp:  8230219.999397331 t_traj:  8230219.731385759
plunging! t_interp:  8230219.999397331 t_traj:  8230219.797527366
plunging! t_interp:  8230219.999397331 t_traj:  8230219.865015159
plunging! t_interp:  8230219.999397331 t_traj:  8230219.932192455
plunging! t_interp:  8230219.999397331 t_traj:  8230219.905045806
plunging! t_interp:  8230219.999397331 t_traj:  8230219.928618967
plunging! t_interp:  8230219.999397331 t_traj:  8230219.952223864
plunging! t_interp:  8230219.999397331 t_traj:  8230219.975783571
plunging! t_interp:  8230219.999397331 t_traj:  8230219.966234076
plunging! t_interp:  8230219.999397331 t_traj:  8230219.974551812
plunging! t_interp:  8230219.999397331 t_traj:  8230219.982857643
plunging! t_interp:  8230219.999397331 t_traj:  8230219.990914621
plunging! t_interp:  8230219.999397331 t_traj:  8230219.987775923
plunging! t_interp:  8230219.999397331 t_traj:  8230219.990686445
plunging! t_interp:  8230219.999397331 t_traj:  8230219.993619665
plunging! t_interp:  8230219.999397331 t_traj:  8230219.996488529
plunging! t_interp:  8230219.999397331 t_traj:  8230219.995354979
plunging! t_interp:  8230219.999397331 t_traj:  8230219.996312162
plunging! t_interp:  8230219.999397331 t_traj:  8230219.9973576125
plunging! t_interp:  8230219.999397331 t_traj:  8230219.998364579
plunging! t_interp:  8230219.999397331 t_traj:  8230219.997957792
plunging! t_interp:  8230219.999397331 t_traj:  8230219.998333275
plunging! t_interp:  8230219.999397331 t_traj:  8230219.998713571
plunging! t_interp:  8230219.999397331 t_traj:  8230219.99903768
plunging! t_interp:  8230219.999397331 t_traj:  8230145.425016174
plunging! t_interp:  8230219.999397331 t_traj:  8230164.068477947
plunging! t_interp:  8230219.999397331 t_traj:  8230182.712051628
plunging! t_interp:  8230219.999397331 t_traj:  8230201.355694705
plunging! t_interp:  8230219.999397331 t_traj:  8230193.814786905
plunging! t_interp:  8230219.999397331 t_traj:  8230200.36090851
plunging! t_interp:  8230219.999397331 t_traj:  8230206.907088868
plunging! t_interp:  8230219.999397331 t_traj:  8230213.453258628
plunging! t_interp:  8230219.999397331 t_traj:  8230210.805444887
plunging! t_interp:  8230219.999397331 t_traj:  8230213.103946564
plunging! t_interp:  8230219.999397331 t_traj:  8230215.402443531
plunging! t_interp:  8230219.999397331 t_traj:  8230217.700924834
plunging! t_interp:  8230219.999397331 t_traj:  8230216.771193965
plunging! t_interp:  8230219.999397331 t_traj:  8230217.578256834
plunging! t_interp:  8230219.999397331 t_traj:  8230218.385290155
plunging! t_interp:  8230219.999397331 t_traj:  8230219.192362502
plunging! t_interp:  8230219.999397331 t_traj:  8230218.86592644
plunging! t_interp:  8230219.999397331 t_traj:  8230219.1492649345
plunging! t_interp:  8230219.999397331 t_traj:  8230219.432661397
plunging! t_interp:  8230219.999397331 t_traj:  8230219.716009138
plunging! t_interp:  8230219.999397331 t_traj:  8230219.601454792
plunging! t_interp:  8230219.999397331 t_traj:  8230219.700890531
plunging! t_interp:  8230219.999397331 t_traj:  8230219.800410357
plunging! t_interp:  8230219.999397331 t_traj:  8230219.899872542
plunging! t_interp:  8230219.999397331 t_traj:  8230219.860432716
plunging! t_interp:  8230219.999397331 t_traj:  8230219.894556178
plunging! t_interp:  8230219.999397331 t_traj:  8230219.929528664
plunging! t_interp:  8230219.999397331 t_traj:  8230219.96447017
plunging! t_interp:  8230219.999397331 t_traj:  8230219.950314838
plunging! t_interp:  8230219.999397331 t_traj:  8230219.962599118
plunging! t_interp:  8230219.999397331 t_traj:  8230219.974877098
plunging! t_interp:  8230219.999397331 t_traj:  8230219.98712445
plunging! t_interp:  8230219.999397331 t_traj:  8230219.982169636
plunging! t_interp:  8230219.999397331 t_traj:  8230219.986454995
plunging! t_interp:  8230219.999397331 t_traj:  8230219.990795799
plunging! t_interp:  8230219.999397331 t_traj:  8230219.995100416
plunging! t_interp:  8230219.999397331 t_traj:  8230219.993347903
plunging! t_interp:  8230219.999397331 t_traj:  8230219.994902163
plunging! t_interp:  8230219.999397331 t_traj:  8230219.99634957
plunging! t_interp:  8230219.999397331 t_traj:  8230219.997869534
plunging! t_interp:  8230219.999397331 t_traj:  8230219.997257526
plunging! t_interp:  8230219.999397331 t_traj:  8230219.997805741
plunging! t_interp:  8230219.999397331 t_traj:  8230219.998314501
plunging! t_interp:  8230219.999397331 t_traj:  8230219.99889013
plunging! t_interp:  8230219.999397331 t_traj:  8230219.998664152
plunging! t_interp:  8230219.999397331 t_traj:  8230219.998833202
plunging! t_interp:  8230219.999397331 t_traj:  8230219.998992644
plunging! t_interp:  8230219.999397331 t_traj:  8230219.999228392
plunging! t_interp:  8230219.999397331 t_traj:  8230218.076353691
plunging! t_interp:  8230219.999397331 t_traj:  8230218.5571210245
plunging! t_interp:  8230219.999397331 t_traj:  8230219.0378370965
plunging! t_interp:  8230219.999397331 t_traj:  8230219.518599314
plunging! t_interp:  8230219.999397331 t_traj:  8230219.324165318
plunging! t_interp:  8230219.999397331 t_traj:  8230219.492955529
plunging! t_interp:  8230219.999397331 t_traj:  8230219.661753899
plunging! t_interp:  8230219.999397331 t_traj:  8230219.830600101
plunging! t_interp:  8230219.999397331 t_traj:  8230219.762338503
plunging! t_interp:  8230219.999397331 t_traj:  8230219.821617067
plunging! t_interp:  8230219.999397331 t_traj:  8230219.880841412
plunging! t_interp:  8230219.999397331 t_traj:  8230219.940123005
plunging! t_interp:  8230219.999397331 t_traj:  8230219.9161359975
plunging! t_interp:  8230219.999397331 t_traj:  8230219.936961941
plunging! t_interp:  8230219.999397331 t_traj:  8230219.95776056
plunging! t_interp:  8230219.999397331 t_traj:  8230219.978621051
plunging! t_interp:  8230219.999397331 t_traj:  8230219.970199583
plunging! t_interp:  8230219.999397331 t_traj:  8230219.977467822
plunging! t_interp:  8230219.999397331 t_traj:  8230219.984794551
plunging! t_interp:  8230219.999397331 t_traj:  8230219.992098016
plunging! t_interp:  8230219.999397331 t_traj:  8230219.989124273
plunging! t_interp:  8230219.999397331 t_traj:  8230219.9916849565
plunging! t_interp:  8230219.999397331 t_traj:  8230219.994259004
plunging! t_interp:  8230219.999397331 t_traj:  8230219.996820149
plunging! t_interp:  8230219.999397331 t_traj:  8230219.995774441
plunging! t_interp:  8230219.999397331 t_traj:  8230219.996695084
plunging! t_interp:  8230219.999397331 t_traj:  8230219.997596121
plunging! t_interp:  8230219.999397331 t_traj:  8230219.998368427
plunging! t_interp:  8230219.999397331 t_traj:  8230219.998122008
plunging! t_interp:  8230219.999397331 t_traj:  8230219.998448165
plunging! t_interp:  8230219.999397331 t_traj:  8230219.998748868
plunging! t_interp:  8230219.999397331 t_traj:  8230219.999084538
plunging! t_interp:  8230219.999397331 t_traj:  8230219.998638606
plunging! t_interp:  8230219.999397331 t_traj:  8230219.999071774
plunging! t_interp:  8230219.999397331 t_traj:  8230219.999181159
plunging! t_interp:  8230219.999397331 t_traj:  8230219.999277904
plunging! t_interp:  8230219.999397331 t_traj:  8230219.999234799
plunging! t_interp:  8230219.999397331 t_traj:  8230219.9992872905
plunging! t_interp:  8230219.999397331 t_traj:  8230219.999320475
plunging! t_interp:  8230219.999397331 t_traj:  8230219.999389356
plunging! t_interp:  8230219.999397331 t_traj:  8230219.999362082
plunging! t_interp:  8230219.999397331 t_traj:  8230219.999359191
plunging! t_interp:  8230219.999397331 t_traj:  8230219.9993897565
plunging! t_interp:  8230219.999397331 t_traj:  8230219.999112878
plunging! t_interp:  8230219.999397331 t_traj:  8230219.999358773
plunging! t_interp:  8230219.999397331 t_traj:  8230219.999354319
plunging! t_interp:  8230219.999397331 t_traj:  8230219.999393177
Time taken to compute stable deltas is 91.15789747238159 seconds
calculating Fisher matrix...
plunging! t_interp:  8230219.999397331 t_traj:  8230218.48971736
plunging! t_interp:  8230219.999397331 t_traj:  8230218.866983677
plunging! t_interp:  8230219.999397331 t_traj:  8230219.2445524195
plunging! t_interp:  8230219.999397331 t_traj:  8230219.621958263
plunging! t_interp:  8230219.999397331 t_traj:  8230219.933641307
plunging! t_interp:  8230219.999397331 t_traj:  8230219.867857869
plunging! t_interp:  8230219.999397331 t_traj:  8230219.802098726
plunging! t_interp:  8230219.999397331 t_traj:  8230219.73635946
plunging! t_interp:  8230219.999397331 t_traj:  8230219.286545021
plunging! t_interp:  8230219.999397331 t_traj:  8230219.464780812
plunging! t_interp:  8230219.999397331 t_traj:  8230219.642968757
plunging! t_interp:  8230219.999397331 t_traj:  8230219.8211968625
plunging! t_interp:  8230219.999397331 t_traj:  8230219.868355747
plunging! t_interp:  8230219.999397331 t_traj:  8230219.901126528
plunging! t_interp:  8230219.999397331 t_traj:  8230219.933887638
plunging! t_interp:  8230219.999397331 t_traj:  8230219.96661466
plunging! t_interp:  8230219.999397331 t_traj:  8230219.731385759
plunging! t_interp:  8230219.999397331 t_traj:  8230219.797527366
plunging! t_interp:  8230219.999397331 t_traj:  8230219.865015159
plunging! t_interp:  8230219.999397331 t_traj:  8230219.932192455
plunging! t_interp:  8230219.999397331 t_traj:  8230218.86592644
plunging! t_interp:  8230219.999397331 t_traj:  8230219.1492649345
plunging! t_interp:  8230219.999397331 t_traj:  8230219.432661397
plunging! t_interp:  8230219.999397331 t_traj:  8230219.716009138
plunging! t_interp:  8230219.999397331 t_traj:  8230219.762338503
plunging! t_interp:  8230219.999397331 t_traj:  8230219.821617067
plunging! t_interp:  8230219.999397331 t_traj:  8230219.880841412
plunging! t_interp:  8230219.999397331 t_traj:  8230219.940123005
Finished derivatives
Calculated Fisher is *atleast* positive-definite.
Time taken to compute FM is 8.969209671020508 seconds
    CV from_0PA#2 it   5 lam=2.5e+00 ov=0.9942192 chi2=1.361e+03 rel=2.5e-05
Body is not plunging, Fisher should be stable.
waveform shape: (3, 6311629)
Computing SNR for parameters: (np.float64(1001774.6424781408), np.float64(4995.3628883576885), np.float64(0.7039603555474558), np.float64(24.967512757894973), np.float64(0.24975587917587186), 1.0, 12.0, np.float64(0.7883427525796108), np.float64(1.0062489384642057), 1.0, 1.0471975511965976, np.float64(0.9752862513969485), 0.5, np.float64(0.5826572363175109), 0.95, False, False, False, True, np.float64(0.030726320681382868), np.float64(0.004090095829758955), 0.0, 0.0)
Waveform Generated. SNR: 343.6473650350204
calculating Fisher matrix...
plunging! t_interp:  8230219.99997793 t_traj:  8230218.49027153
plunging! t_interp:  8230219.99997793 t_traj:  8230218.867685226
plunging! t_interp:  8230219.99997793 t_traj:  8230219.245115328
plunging! t_interp:  8230219.99997793 t_traj:  8230219.622504711
plunging! t_interp:  8230219.99997793 t_traj:  8230219.934232833
plunging! t_interp:  8230219.99997793 t_traj:  8230219.868470221
plunging! t_interp:  8230219.99997793 t_traj:  8230219.802626881
plunging! t_interp:  8230219.99997793 t_traj:  8230219.736909231
plunging! t_interp:  8230219.99997793 t_traj:  8230219.287104937
plunging! t_interp:  8230219.99997793 t_traj:  8230219.465002841
plunging! t_interp:  8230219.99997793 t_traj:  8230219.643537407
plunging! t_interp:  8230219.99997793 t_traj:  8230219.821713957
plunging! t_interp:  8230219.99997793 t_traj:  8230219.868888052
plunging! t_interp:  8230219.99997793 t_traj:  8230219.901685223
plunging! t_interp:  8230219.99997793 t_traj:  8230219.935285438
plunging! t_interp:  8230219.99997793 t_traj:  8230219.967215304
plunging! t_interp:  8230219.99997793 t_traj:  8230219.731230404
plunging! t_interp:  8230219.99997793 t_traj:  8230219.798116933
plunging! t_interp:  8230219.99997793 t_traj:  8230219.865585377
plunging! t_interp:  8230219.99997793 t_traj:  8230219.932772866
plunging! t_interp:  8230219.99997793 t_traj:  8230218.866462162
plunging! t_interp:  8230219.99997793 t_traj:  8230219.149821526
plunging! t_interp:  8230219.99997793 t_traj:  8230219.433191001
plunging! t_interp:  8230219.99997793 t_traj:  8230219.716576919
plunging! t_interp:  8230219.99997793 t_traj:  8230219.762869124
plunging! t_interp:  8230219.99997793 t_traj:  8230219.822178653
plunging! t_interp:  8230219.99997793 t_traj:  8230219.881432967
plunging! t_interp:  8230219.99997793 t_traj:  8230219.940678461
Finished derivatives
Calculated Fisher is *atleast* positive-definite.
Time taken to compute FM is 9.292252779006958 seconds
    CV from_0PA#2 it   6 lam=2.2e+08 ov=0.9942193 chi2=1.361e+03 rel=3.3e-07
Body is not plunging, Fisher should be stable.
waveform shape: (3, 6311629)
Computing SNR for parameters: (np.float64(1001774.6424781408), np.float64(4995.3628883576885), np.float64(0.7039603555474558), np.float64(24.967512757894973), np.float64(0.24975587917587186), 1.0, 12.0, np.float64(0.7883427525796066), np.float64(1.00624893846422), 1.0, 1.0471975511965976, np.float64(0.9752862513968291), 0.5, np.float64(0.5826572363173727), 0.95, False, False, False, True, np.float64(0.030726320681384485), np.float64(0.004090095829741119), 0.0, 0.0)
Waveform Generated. SNR: 343.6473637239352
calculating Fisher matrix...
plunging! t_interp:  8230219.999941374 t_traj:  8230218.490258124
plunging! t_interp:  8230219.999941374 t_traj:  8230218.867694329
plunging! t_interp:  8230219.999941374 t_traj:  8230219.24510769
plunging! t_interp:  8230219.999941374 t_traj:  8230219.622522317
plunging! t_interp:  8230219.999941374 t_traj:  8230219.934203568
plunging! t_interp:  8230219.999941374 t_traj:  8230219.869329486
plunging! t_interp:  8230219.999941374 t_traj:  8230219.802594024
plunging! t_interp:  8230219.999941374 t_traj:  8230219.736607952
plunging! t_interp:  8230219.999941374 t_traj:  8230219.287141707
plunging! t_interp:  8230219.999941374 t_traj:  8230219.4653526805
plunging! t_interp:  8230219.999941374 t_traj:  8230219.6435306715
plunging! t_interp:  8230219.999941374 t_traj:  8230219.821730042
plunging! t_interp:  8230219.999941374 t_traj:  8230219.868869171
plunging! t_interp:  8230219.999941374 t_traj:  8230219.901629262
plunging! t_interp:  8230219.999941374 t_traj:  8230219.934443909
plunging! t_interp:  8230219.999941374 t_traj:  8230219.967188677
plunging! t_interp:  8230219.999941374 t_traj:  8230219.731228315
plunging! t_interp:  8230219.999941374 t_traj:  8230219.79837283
plunging! t_interp:  8230219.999941374 t_traj:  8230219.865556043
plunging! t_interp:  8230219.999941374 t_traj:  8230219.93277066
plunging! t_interp:  8230219.999941374 t_traj:  8230218.866485281
plunging! t_interp:  8230219.999941374 t_traj:  8230219.149814071
plunging! t_interp:  8230219.999941374 t_traj:  8230219.433017938
plunging! t_interp:  8230219.999941374 t_traj:  8230219.71658183
plunging! t_interp:  8230219.999941374 t_traj:  8230219.762878251
plunging! t_interp:  8230219.999941374 t_traj:  8230219.822866235
plunging! t_interp:  8230219.999941374 t_traj:  8230219.881409699
plunging! t_interp:  8230219.999941374 t_traj:  8230219.9407092845
Finished derivatives
Calculated Fisher is *atleast* positive-definite.
Time taken to compute FM is 9.007942914962769 seconds
    CV from_0PA#2 it   7 lam=7.5e+10 ov=0.9942193 chi2=1.361e+03 rel=4.1e-09
Body is not plunging, Fisher should be stable.
waveform shape: (3, 6311629)
Computing SNR for parameters: (np.float64(1001774.6424781408), np.float64(4995.3628883576885), np.float64(0.7039603555474558), np.float64(24.967512757894973), np.float64(0.24975587917587186), 1.0, 12.0, np.float64(0.7883427525796066), np.float64(1.00624893846422), 1.0, 1.0471975511965976, np.float64(0.9752862513968288), 0.5, np.float64(0.5826572363173722), 0.95, False, False, False, True, np.float64(0.03072632068138449), np.float64(0.004090095829741067), 0.0, 0.0)
Waveform Generated. SNR: 343.64736372503705
calculating Fisher matrix...
plunging! t_interp:  8230219.999941325 t_traj:  8230218.490258128
plunging! t_interp:  8230219.999941325 t_traj:  8230218.86769461
plunging! t_interp:  8230219.999941325 t_traj:  8230219.24510769
plunging! t_interp:  8230219.999941325 t_traj:  8230219.622522347
plunging! t_interp:  8230219.999941325 t_traj:  8230219.934203421
plunging! t_interp:  8230219.999941325 t_traj:  8230219.8693299545
plunging! t_interp:  8230219.999941325 t_traj:  8230219.802462614
plunging! t_interp:  8230219.999941325 t_traj:  8230219.736605448
plunging! t_interp:  8230219.999941325 t_traj:  8230219.287141703
plunging! t_interp:  8230219.999941325 t_traj:  8230219.465352718
plunging! t_interp:  8230219.999941325 t_traj:  8230219.643530671
plunging! t_interp:  8230219.999941325 t_traj:  8230219.821754316
plunging! t_interp:  8230219.999941325 t_traj:  8230219.8688691715
plunging! t_interp:  8230219.999941325 t_traj:  8230219.901629028
plunging! t_interp:  8230219.999941325 t_traj:  8230219.934443906
plunging! t_interp:  8230219.999941325 t_traj:  8230219.967188567
plunging! t_interp:  8230219.999941325 t_traj:  8230219.731228317
plunging! t_interp:  8230219.999941325 t_traj:  8230219.798372917
plunging! t_interp:  8230219.999941325 t_traj:  8230219.865556001
plunging! t_interp:  8230219.999941325 t_traj:  8230219.932771433
plunging! t_interp:  8230219.999941325 t_traj:  8230218.866485284
plunging! t_interp:  8230219.999941325 t_traj:  8230219.149814067
plunging! t_interp:  8230219.999941325 t_traj:  8230219.433017846
plunging! t_interp:  8230219.999941325 t_traj:  8230219.716581803
plunging! t_interp:  8230219.999941325 t_traj:  8230219.762657701
plunging! t_interp:  8230219.999941325 t_traj:  8230219.822867759
plunging! t_interp:  8230219.999941325 t_traj:  8230219.8814548785
plunging! t_interp:  8230219.999941325 t_traj:  8230219.940709286
Finished derivatives
Calculated Fisher is *atleast* positive-definite.
Time taken to compute FM is 9.2310471534729 seconds
    CV from_0PA#2 it   8 lam=5.0e+10 ov=0.9942193 chi2=1.361e+03 rel=1.2e-08
Body is not plunging, Fisher should be stable.
waveform shape: (3, 6311629)
Computing SNR for parameters: (np.float64(1001774.6424781408), np.float64(4995.3628883576885), np.float64(0.7039603555474558), np.float64(24.967512757894973), np.float64(0.24975587917587186), 1.0, 12.0, np.float64(0.7883427525796066), np.float64(1.00624893846422), 1.0, 1.0471975511965976, np.float64(0.9752862513968282), 0.5, np.float64(0.5826572363173717), 0.95, False, False, False, True, np.float64(0.030726320681384495), np.float64(0.004090095829740989), 0.0, 0.0)
Waveform Generated. SNR: 343.64736372203
calculating Fisher matrix...
plunging! t_interp:  8230219.999941322 t_traj:  8230218.490258371
plunging! t_interp:  8230219.999941322 t_traj:  8230218.867694624
plunging! t_interp:  8230219.999941322 t_traj:  8230219.245107583
plunging! t_interp:  8230219.999941322 t_traj:  8230219.622532186
plunging! t_interp:  8230219.999941322 t_traj:  8230219.934203429
plunging! t_interp:  8230219.999941322 t_traj:  8230219.869331668
plunging! t_interp:  8230219.999941322 t_traj:  8230219.802462901
plunging! t_interp:  8230219.999941322 t_traj:  8230219.736610815
plunging! t_interp:  8230219.999941322 t_traj:  8230219.287141855
plunging! t_interp:  8230219.999941322 t_traj:  8230219.465352163
plunging! t_interp:  8230219.999941322 t_traj:  8230219.643569938
plunging! t_interp:  8230219.999941322 t_traj:  8230219.821754403
plunging! t_interp:  8230219.999941322 t_traj:  8230219.8688691305
plunging! t_interp:  8230219.999941322 t_traj:  8230219.901665177
plunging! t_interp:  8230219.999941322 t_traj:  8230219.934443905
plunging! t_interp:  8230219.999941322 t_traj:  8230219.967188658
plunging! t_interp:  8230219.999941322 t_traj:  8230219.731188122
plunging! t_interp:  8230219.999941322 t_traj:  8230219.798372677
plunging! t_interp:  8230219.999941322 t_traj:  8230219.8655559635
plunging! t_interp:  8230219.999941322 t_traj:  8230219.932771586
plunging! t_interp:  8230219.999941322 t_traj:  8230218.8664850695
plunging! t_interp:  8230219.999941322 t_traj:  8230219.14981324
plunging! t_interp:  8230219.999941322 t_traj:  8230219.433017933
plunging! t_interp:  8230219.999941322 t_traj:  8230219.716621235
plunging! t_interp:  8230219.999941322 t_traj:  8230219.762657281
plunging! t_interp:  8230219.999941322 t_traj:  8230219.822167156
plunging! t_interp:  8230219.999941322 t_traj:  8230219.881454729
plunging! t_interp:  8230219.999941322 t_traj:  8230219.940679887
Finished derivatives
Calculated Fisher is *atleast* positive-definite.
Time taken to compute FM is 8.87149691581726 seconds
    CV from_0PA#2 it   9 lam=1.7e+10 ov=0.9942193 chi2=1.361e+03 rel=2.8e-09
Body is not plunging, Fisher should be stable.
waveform shape: (3, 6311629)
Computing SNR for parameters: (np.float64(1001774.6424781408), np.float64(4995.3628883576885), np.float64(0.7039603555474558), np.float64(24.967512757894973), np.float64(0.24975587917587186), 1.0, 12.0, np.float64(0.7883427525796065), np.float64(1.0062489384642201), 1.0, 1.0471975511965976, np.float64(0.9752862513968267), 0.5, np.float64(0.5826572363173699), 0.95, False, False, False, True, np.float64(0.030726320681384516), np.float64(0.004090095829740754), 0.0, 0.0)
Waveform Generated. SNR: 343.64736373341265
calculating stable deltas...
plunging! t_interp:  8230219.999941502 t_traj:  8223686.200805378
plunging! t_interp:  8230219.999941502 t_traj:  8225319.407325257
plunging! t_interp:  8230219.999941502 t_traj:  8226952.775836569
plunging! t_interp:  8230219.999941502 t_traj:  8228586.3069170695
plunging! t_interp:  8230219.999941502 t_traj:  8227925.562225312
plunging! t_interp:  8230219.999941502 t_traj:  8228499.141636149
plunging! t_interp:  8230219.999941502 t_traj:  8229072.741101279
plunging! t_interp:  8230219.999941502 t_traj:  8229646.360532758
plunging! t_interp:  8230219.999941502 t_traj:  8229414.342435955
plunging! t_interp:  8230219.999941502 t_traj:  8229615.753109535
plunging! t_interp:  8230219.999941502 t_traj:  8229817.1662302455
plunging! t_interp:  8230219.999941502 t_traj:  8230018.581869877
plunging! t_interp:  8230219.999941502 t_traj:  8229937.113701688
plunging! t_interp:  8230219.999941502 t_traj:  8230007.834494346
plunging! t_interp:  8230219.999941502 t_traj:  8230078.557009533
plunging! t_interp:  8230219.999941502 t_traj:  8230149.277919618
plunging! t_interp:  8230219.999941502 t_traj:  8230120.672590136
plunging! t_interp:  8230219.999941502 t_traj:  8230145.504381757
plunging! t_interp:  8230219.999941502 t_traj:  8230170.336214782
plunging! t_interp:  8230219.999941502 t_traj:  8230195.168057854
plunging! t_interp:  8230219.999941502 t_traj:  8230185.12418679
plunging! t_interp:  8230219.999941502 t_traj:  8230193.8431357555
plunging! t_interp:  8230219.999941502 t_traj:  8230202.562800336
plunging! t_interp:  8230219.999941502 t_traj:  8230211.281000989
plunging! t_interp:  8230219.999941502 t_traj:  8230207.754363608
plunging! t_interp:  8230219.999941502 t_traj:  8230210.815726206
plunging! t_interp:  8230219.999941502 t_traj:  8230213.87719501
plunging! t_interp:  8230219.999941502 t_traj:  8230216.938573844
plunging! t_interp:  8230219.999941502 t_traj:  8230215.700227603
plunging! t_interp:  8230219.999941502 t_traj:  8230216.775198736
plunging! t_interp:  8230219.999941502 t_traj:  8230217.85015729
plunging! t_interp:  8230219.999941502 t_traj:  8230218.925024225
plunging! t_interp:  8230219.999941502 t_traj:  8230218.4902293375
plunging! t_interp:  8230219.999941502 t_traj:  8230218.867697671
plunging! t_interp:  8230219.999941502 t_traj:  8230219.24510762
plunging! t_interp:  8230219.999941502 t_traj:  8230219.622437583
plunging! t_interp:  8230219.999941502 t_traj:  8230219.4698775485
plunging! t_interp:  8230219.999941502 t_traj:  8230219.602188592
plunging! t_interp:  8230219.999941502 t_traj:  8230219.734914667
plunging! t_interp:  8230219.999941502 t_traj:  8230219.867447261
plunging! t_interp:  8230219.999941502 t_traj:  8230219.813870412
plunging! t_interp:  8230219.999941502 t_traj:  8230219.860345128
plunging! t_interp:  8230219.999941502 t_traj:  8230219.906929211
plunging! t_interp:  8230219.999941502 t_traj:  8230219.953407214
plunging! t_interp:  8230219.999941502 t_traj:  8230219.934361082
plunging! t_interp:  8230219.999941502 t_traj:  8230219.950911755
plunging! t_interp:  8230219.999941502 t_traj:  8230219.967272083
plunging! t_interp:  8230219.999941502 t_traj:  8230219.98361825
plunging! t_interp:  8230219.999941502 t_traj:  8229409.328893202
plunging! t_interp:  8230219.999941502 t_traj:  8228598.819966266
plunging! t_interp:  8230219.999941502 t_traj:  8227788.473068314
plunging! t_interp:  8230219.999941502 t_traj:  8226978.287975466
plunging! t_interp:  8230219.999941502 t_traj:  8229935.339335526
plunging! t_interp:  8230219.999941502 t_traj:  8229650.698711545
plunging! t_interp:  8230219.999941502 t_traj:  8229366.077859365
plunging! t_interp:  8230219.999941502 t_traj:  8229081.477410158
plunging! t_interp:  8230219.999941502 t_traj:  8230120.047889004
plunging! t_interp:  8230219.999941502 t_traj:  8230020.098263024
plunging! t_interp:  8230219.999941502 t_traj:  8229920.151125355
plunging! t_interp:  8230219.999941502 t_traj:  8229820.206399269
plunging! t_interp:  8230219.999941502 t_traj:  8230184.9046272235
plunging! t_interp:  8230219.999941502 t_traj:  8230149.809509797
plunging! t_interp:  8230219.999941502 t_traj:  8230114.714744774
plunging! t_interp:  8230219.999941502 t_traj:  8230079.620291199
plunging! t_interp:  8230219.999941502 t_traj:  8230207.677208784
plunging! t_interp:  8230219.999941502 t_traj:  8230195.354609241
plunging! t_interp:  8230219.999941502 t_traj:  8230183.031967429
plunging! t_interp:  8230219.999941502 t_traj:  8230170.7094432805
plunging! t_interp:  8230219.999941502 t_traj:  8230215.673253496
plunging! t_interp:  8230219.999941502 t_traj:  8230211.34645857
plunging! t_interp:  8230219.999941502 t_traj:  8230207.019787964
plunging! t_interp:  8230219.999941502 t_traj:  8230202.693040337
plunging! t_interp:  8230219.999941502 t_traj:  8230218.4804349905
plunging! t_interp:  8230219.999941502 t_traj:  8230216.961356368
plunging! t_interp:  8230219.999941502 t_traj:  8230215.44233927
plunging! t_interp:  8230219.999941502 t_traj:  8230213.9231660655
plunging! t_interp:  8230219.999941502 t_traj:  8230219.466517836
plunging! t_interp:  8230219.999941502 t_traj:  8230218.9331439035
plunging! t_interp:  8230219.999941502 t_traj:  8230218.399679048
plunging! t_interp:  8230219.999941502 t_traj:  8230217.866245548
plunging! t_interp:  8230219.999941502 t_traj:  8230219.812566342
plunging! t_interp:  8230219.999941502 t_traj:  8230219.625365134
plunging! t_interp:  8230219.999941502 t_traj:  8230219.4380839495
plunging! t_interp:  8230219.999941502 t_traj:  8230219.250744362
plunging! t_interp:  8230219.999941502 t_traj:  8230219.934205112
plunging! t_interp:  8230219.999941502 t_traj:  8230219.868430369
plunging! t_interp:  8230219.999941502 t_traj:  8230219.8024621485
plunging! t_interp:  8230219.999941502 t_traj:  8230219.736909433
plunging! t_interp:  8230219.999941502 t_traj:  8230219.976847174
plunging! t_interp:  8230219.999941502 t_traj:  8230219.953766892
plunging! t_interp:  8230219.999941502 t_traj:  8230219.9306650115
plunging! t_interp:  8230219.999941502 t_traj:  8230219.907630258
plunging! t_interp:  8230219.999941502 t_traj:  8230219.991848472
plunging! t_interp:  8230219.999941502 t_traj:  8230219.983732519
plunging! t_interp:  8230219.999941502 t_traj:  8230219.975602413
plunging! t_interp:  8230219.999941502 t_traj:  8230219.967281959
plunging! t_interp:  8230219.999941502 t_traj:  8229839.566356321
plunging! t_interp:  8230219.999941502 t_traj:  8229934.675717513
plunging! t_interp:  8230219.999941502 t_traj:  8230029.784473981
plunging! t_interp:  8230219.999941502 t_traj:  8230124.892344093
plunging! t_interp:  8230219.999941502 t_traj:  8230086.423619458
plunging! t_interp:  8230219.999941502 t_traj:  8230119.817827788
plunging! t_interp:  8230219.999941502 t_traj:  8230153.211922358
plunging! t_interp:  8230219.999941502 t_traj:  8230186.606025927
plunging! t_interp:  8230219.999941502 t_traj:  8230173.09893434
plunging! t_interp:  8230219.999941502 t_traj:  8230184.8242078945
plunging! t_interp:  8230219.999941502 t_traj:  8230196.549484358
plunging! t_interp:  8230219.999941502 t_traj:  8230208.27471705
plunging! t_interp:  8230219.999941502 t_traj:  8230203.531862464
plunging! t_interp:  8230219.999941502 t_traj:  8230207.649081114
plunging! t_interp:  8230219.999941502 t_traj:  8230211.766030774
plunging! t_interp:  8230219.999941502 t_traj:  8230215.882992061
plunging! t_interp:  8230219.999941502 t_traj:  8230214.217768979
plunging! t_interp:  8230219.999941502 t_traj:  8230215.66331609
plunging! t_interp:  8230219.999941502 t_traj:  8230217.108862945
plunging! t_interp:  8230219.999941502 t_traj:  8230218.554440661
plunging! t_interp:  8230219.999941502 t_traj:  8230217.969751666
plunging! t_interp:  8230219.999941502 t_traj:  8230218.477280663
plunging! t_interp:  8230219.999941502 t_traj:  8230218.984878024
plunging! t_interp:  8230219.999941502 t_traj:  8230219.492377267
plunging! t_interp:  8230219.999941502 t_traj:  8230219.287113177
plunging! t_interp:  8230219.999941502 t_traj:  8230219.465314984
plunging! t_interp:  8230219.999941502 t_traj:  8230219.6432770705
plunging! t_interp:  8230219.999941502 t_traj:  8230219.821760052
plunging! t_interp:  8230219.999941502 t_traj:  8230219.749655352
plunging! t_interp:  8230219.999941502 t_traj:  8230219.812233372
plunging! t_interp:  8230219.999941502 t_traj:  8230219.874815331
plunging! t_interp:  8230219.999941502 t_traj:  8230219.937424237
plunging! t_interp:  8230219.999941502 t_traj:  8230219.912073927
plunging! t_interp:  8230219.999941502 t_traj:  8230219.934053252
plunging! t_interp:  8230219.999941502 t_traj:  8230219.956051221
plunging! t_interp:  8230219.999941502 t_traj:  8230219.977996826
plunging! t_interp:  8230219.999941502 t_traj:  8230219.969109679
plunging! t_interp:  8230219.999941502 t_traj:  8230219.97684425
plunging! t_interp:  8230219.999941502 t_traj:  8230219.984507527
plunging! t_interp:  8230219.999941502 t_traj:  8230219.992225818
plunging! t_interp:  8230219.999941502 t_traj:  8230219.989154244
plunging! t_interp:  8230219.999941502 t_traj:  8230219.991825268
plunging! t_interp:  8230219.999941502 t_traj:  8230219.994549029
plunging! t_interp:  8230219.999941502 t_traj:  8230219.997259104
plunging! t_interp:  8230219.999941502 t_traj:  8230219.996196336
plunging! t_interp:  8230219.999941502 t_traj:  8230219.997089991
plunging! t_interp:  8230219.999941502 t_traj:  8230219.998060221
plunging! t_interp:  8230219.999941502 t_traj:  8230219.999000845
plunging! t_interp:  8230219.999941502 t_traj:  8217119.824007937
plunging! t_interp:  8230219.999941502 t_traj:  8220393.408258185
plunging! t_interp:  8230219.999941502 t_traj:  8223667.965163805
plunging! t_interp:  8230219.999941502 t_traj:  8226943.4959761165
plunging! t_interp:  8230219.999941502 t_traj:  8225618.502988802
plunging! t_interp:  8230219.999941502 t_traj:  8226768.6972201625
plunging! t_interp:  8230219.999941502 t_traj:  8227919.011137207
plunging! t_interp:  8230219.999941502 t_traj:  8229069.445685821
plunging! t_interp:  8230219.999941502 t_traj:  8228604.107410813
plunging! t_interp:  8230219.999941502 t_traj:  8229008.058068922
plunging! t_interp:  8230219.999941502 t_traj:  8229412.024064929
plunging! t_interp:  8230219.999941502 t_traj:  8229816.004620722
plunging! t_interp:  8230219.999941502 t_traj:  8229652.602121847
plunging! t_interp:  8230219.999941502 t_traj:  8229794.448843449
plunging! t_interp:  8230219.999941502 t_traj:  8229936.297415449
plunging! t_interp:  8230219.999941502 t_traj:  8230078.14779729
plunging! t_interp:  8230219.999941502 t_traj:  8230020.7723798845
plunging! t_interp:  8230219.999941502 t_traj:  8230070.578911437
plunging! t_interp:  8230219.999941502 t_traj:  8230120.385686199
plunging! t_interp:  8230219.999941502 t_traj:  8230170.192762986
plunging! t_interp:  8230219.999941502 t_traj:  8230150.046927282
plunging! t_interp:  8230219.999941502 t_traj:  8230167.535123249
plunging! t_interp:  8230219.999941502 t_traj:  8230185.023395478
plunging! t_interp:  8230219.999941502 t_traj:  8230202.511685893
plunging! t_interp:  8230219.999941502 t_traj:  8230195.438054957
plunging! t_interp:  8230219.999941502 t_traj:  8230201.578539794
plunging! t_interp:  8230219.999941502 t_traj:  8230207.71979769
plunging! t_interp:  8230219.999941502 t_traj:  8230213.8594738105
plunging! t_interp:  8230219.999941502 t_traj:  8230211.375832388
plunging! t_interp:  8230219.999941502 t_traj:  8230213.531537071
plunging! t_interp:  8230219.999941502 t_traj:  8230215.688688764
plunging! t_interp:  8230219.999941502 t_traj:  8230217.843915215
plunging! t_interp:  8230219.999941502 t_traj:  8230216.971840565
plunging! t_interp:  8230219.999941502 t_traj:  8230217.728871584
plunging! t_interp:  8230219.999941502 t_traj:  8230218.485899572
plunging! t_interp:  8230219.999941502 t_traj:  8230219.242605443
plunging! t_interp:  8230219.999941502 t_traj:  8230218.936767133
plunging! t_interp:  8230219.999941502 t_traj:  8230219.203307435
plunging! t_interp:  8230219.999941502 t_traj:  8230219.468343463
plunging! t_interp:  8230219.999941502 t_traj:  8230219.734140282
plunging! t_interp:  8230219.999941502 t_traj:  8230219.626673434
plunging! t_interp:  8230219.999941502 t_traj:  8230219.7199690975
plunging! t_interp:  8230219.999941502 t_traj:  8230219.813308492
plunging! t_interp:  8230219.999941502 t_traj:  8230219.906654386
plunging! t_interp:  8230219.999941502 t_traj:  8230219.86885667
plunging! t_interp:  8230219.999941502 t_traj:  8230219.90166102
plunging! t_interp:  8230219.999941502 t_traj:  8230219.93443717
plunging! t_interp:  8230219.999941502 t_traj:  8230219.968039269
plunging! t_interp:  8230219.999941502 t_traj:  8230076.623357646
plunging! t_interp:  8230219.999941502 t_traj:  8230112.459956254
plunging! t_interp:  8230219.999941502 t_traj:  8230148.301530931
plunging! t_interp:  8230219.999941502 t_traj:  8230184.1481953915
plunging! t_interp:  8230219.999941502 t_traj:  8230169.648397709
plunging! t_interp:  8230219.999941502 t_traj:  8230182.235373052
plunging! t_interp:  8230219.999941502 t_traj:  8230194.822959114
plunging! t_interp:  8230219.999941502 t_traj:  8230207.411150394
plunging! t_interp:  8230219.999941502 t_traj:  8230202.3194140205
plunging! t_interp:  8230219.999941502 t_traj:  8230206.739450274
plunging! t_interp:  8230219.999941502 t_traj:  8230211.1593514355
plunging! t_interp:  8230219.999941502 t_traj:  8230215.579707191
plunging! t_interp:  8230219.999941502 t_traj:  8230213.7918469235
plunging! t_interp:  8230219.999941502 t_traj:  8230215.343865609
plunging! t_interp:  8230219.999941502 t_traj:  8230216.895894385
plunging! t_interp:  8230219.999941502 t_traj:  8230218.447889721
plunging! t_interp:  8230219.999941502 t_traj:  8230217.819953864
plunging! t_interp:  8230219.999941502 t_traj:  8230218.36510097
plunging! t_interp:  8230219.999941502 t_traj:  8230218.910019128
plunging! t_interp:  8230219.999941502 t_traj:  8230219.455005504
plunging! t_interp:  8230219.999941502 t_traj:  8230219.234587529
plunging! t_interp:  8230219.999941502 t_traj:  8230219.425930651
plunging! t_interp:  8230219.999941502 t_traj:  8230219.617246896
plunging! t_interp:  8230219.999941502 t_traj:  8230219.808591116
plunging! t_interp:  8230219.999941502 t_traj:  8230219.73119767
plunging! t_interp:  8230219.999941502 t_traj:  8230219.799169945
plunging! t_interp:  8230219.999941502 t_traj:  8230219.865629332
plunging! t_interp:  8230219.999941502 t_traj:  8230219.932799934
plunging! t_interp:  8230219.999941502 t_traj:  8230219.9055826785
plunging! t_interp:  8230219.999941502 t_traj:  8230219.929156508
plunging! t_interp:  8230219.999941502 t_traj:  8230219.952745067
plunging! t_interp:  8230219.999941502 t_traj:  8230219.9763727775
plunging! t_interp:  8230219.999941502 t_traj:  8230219.966790475
plunging! t_interp:  8230219.999941502 t_traj:  8230219.975137693
plunging! t_interp:  8230219.999941502 t_traj:  8230219.9834272405
plunging! t_interp:  8230219.999941502 t_traj:  8230219.9916584715
plunging! t_interp:  8230219.999941502 t_traj:  8230219.988125334
plunging! t_interp:  8230219.999941502 t_traj:  8230219.991205341
plunging! t_interp:  8230219.999941502 t_traj:  8230219.99417843
plunging! t_interp:  8230219.999941502 t_traj:  8230219.997045859
plunging! t_interp:  8230219.999941502 t_traj:  8230219.995911277
plunging! t_interp:  8230219.999941502 t_traj:  8230219.996863141
plunging! t_interp:  8230219.999941502 t_traj:  8230219.997914828
plunging! t_interp:  8230219.999941502 t_traj:  8230219.998934994
plunging! t_interp:  8230219.999941502 t_traj:  8230219.998526636
plunging! t_interp:  8230219.999941502 t_traj:  8230219.998886803
plunging! t_interp:  8230219.999941502 t_traj:  8230219.999250356
plunging! t_interp:  8230219.999941502 t_traj:  8230219.999603343
plunging! t_interp:  8230219.999941502 t_traj:  8230145.425305368
plunging! t_interp:  8230219.999941502 t_traj:  8230164.068779381
plunging! t_interp:  8230219.999941502 t_traj:  8230182.712449062
plunging! t_interp:  8230219.999941502 t_traj:  8230201.3561853375
plunging! t_interp:  8230219.999941502 t_traj:  8230193.815223959
plunging! t_interp:  8230219.999941502 t_traj:  8230200.361087213
plunging! t_interp:  8230219.999941502 t_traj:  8230206.90758899
plunging! t_interp:  8230219.999941502 t_traj:  8230213.453722253
plunging! t_interp:  8230219.999941502 t_traj:  8230210.805949
plunging! t_interp:  8230219.999941502 t_traj:  8230213.10431556
plunging! t_interp:  8230219.999941502 t_traj:  8230215.402997804
plunging! t_interp:  8230219.999941502 t_traj:  8230217.701429322
plunging! t_interp:  8230219.999941502 t_traj:  8230216.771742796
plunging! t_interp:  8230219.999941502 t_traj:  8230217.578780079
plunging! t_interp:  8230219.999941502 t_traj:  8230218.385905952
plunging! t_interp:  8230219.999941502 t_traj:  8230219.192943574
plunging! t_interp:  8230219.999941502 t_traj:  8230218.866453114
plunging! t_interp:  8230219.999941502 t_traj:  8230219.149833361
plunging! t_interp:  8230219.999941502 t_traj:  8230219.433249113
plunging! t_interp:  8230219.999941502 t_traj:  8230219.71659332
plunging! t_interp:  8230219.999941502 t_traj:  8230219.601995525
plunging! t_interp:  8230219.999941502 t_traj:  8230219.701452247
plunging! t_interp:  8230219.999941502 t_traj:  8230219.800988801
plunging! t_interp:  8230219.999941502 t_traj:  8230219.900486292
plunging! t_interp:  8230219.999941502 t_traj:  8230219.8602092685
plunging! t_interp:  8230219.999941502 t_traj:  8230219.895169678
plunging! t_interp:  8230219.999941502 t_traj:  8230219.930086182
plunging! t_interp:  8230219.999941502 t_traj:  8230219.964981004
plunging! t_interp:  8230219.999941502 t_traj:  8230219.9509221185
plunging! t_interp:  8230219.999941502 t_traj:  8230219.963155066
plunging! t_interp:  8230219.999941502 t_traj:  8230219.975453564
plunging! t_interp:  8230219.999941502 t_traj:  8230219.987689242
plunging! t_interp:  8230219.999941502 t_traj:  8230219.982758077
plunging! t_interp:  8230219.999941502 t_traj:  8230219.987794005
plunging! t_interp:  8230219.999941502 t_traj:  8230219.992188422
plunging! t_interp:  8230219.999941502 t_traj:  8230219.995687191
plunging! t_interp:  8230219.999941502 t_traj:  8230219.993918327
plunging! t_interp:  8230219.999941502 t_traj:  8230219.995418172
plunging! t_interp:  8230219.999941502 t_traj:  8230219.9969081655
plunging! t_interp:  8230219.999941502 t_traj:  8230219.998236476
plunging! t_interp:  8230219.999941502 t_traj:  8230219.997808789
plunging! t_interp:  8230219.999941502 t_traj:  8230219.998307608
plunging! t_interp:  8230219.999941502 t_traj:  8230219.998859134
plunging! t_interp:  8230219.999941502 t_traj:  8230219.999420872
plunging! t_interp:  8230219.999941502 t_traj:  8230219.999164287
plunging! t_interp:  8230219.999941502 t_traj:  8230219.99939741
plunging! t_interp:  8230219.999941502 t_traj:  8230219.999524387
plunging! t_interp:  8230219.999941502 t_traj:  8230219.999777182
plunging! t_interp:  8230219.999941502 t_traj:  8230218.077632477
plunging! t_interp:  8230219.999941502 t_traj:  8230218.558174303
plunging! t_interp:  8230219.999941502 t_traj:  8230219.038783739
plunging! t_interp:  8230219.999941502 t_traj:  8230219.520268802
plunging! t_interp:  8230219.999941502 t_traj:  8230219.324983386
plunging! t_interp:  8230219.999941502 t_traj:  8230219.493753131
plunging! t_interp:  8230219.999941502 t_traj:  8230219.662463515
plunging! t_interp:  8230219.999941502 t_traj:  8230219.831180276
plunging! t_interp:  8230219.999941502 t_traj:  8230219.7629704075
plunging! t_interp:  8230219.999941502 t_traj:  8230219.822176312
plunging! t_interp:  8230219.999941502 t_traj:  8230219.8814227125
plunging! t_interp:  8230219.999941502 t_traj:  8230219.940719814
plunging! t_interp:  8230219.999941502 t_traj:  8230219.916679635
plunging! t_interp:  8230219.999941502 t_traj:  8230219.937546503
plunging! t_interp:  8230219.999941502 t_traj:  8230219.95832646
plunging! t_interp:  8230219.999941502 t_traj:  8230219.97916421
plunging! t_interp:  8230219.999941502 t_traj:  8230219.970749358
plunging! t_interp:  8230219.999941502 t_traj:  8230219.977835176
plunging! t_interp:  8230219.999941502 t_traj:  8230219.985320958
plunging! t_interp:  8230219.999941502 t_traj:  8230219.992651945
plunging! t_interp:  8230219.999941502 t_traj:  8230219.989728055
plunging! t_interp:  8230219.999941502 t_traj:  8230219.992234497
plunging! t_interp:  8230219.999941502 t_traj:  8230219.994814863
plunging! t_interp:  8230219.999941502 t_traj:  8230219.997364702
plunging! t_interp:  8230219.999941502 t_traj:  8230219.996352885
plunging! t_interp:  8230219.999941502 t_traj:  8230219.997282697
plunging! t_interp:  8230219.999941502 t_traj:  8230219.998195511
plunging! t_interp:  8230219.999941502 t_traj:  8230219.99906721
plunging! t_interp:  8230219.999941502 t_traj:  8230219.998663047
plunging! t_interp:  8230219.999941502 t_traj:  8230219.999016467
plunging! t_interp:  8230219.999941502 t_traj:  8230219.99943921
plunging! t_interp:  8230219.999941502 t_traj:  8230219.999514376
plunging! t_interp:  8230219.999941502 t_traj:  8230219.999634843
plunging! t_interp:  8230219.999941502 t_traj:  8230219.999705413
plunging! t_interp:  8230219.999941502 t_traj:  8230219.999880566
plunging! t_interp:  8230219.999941502 t_traj:  8230219.999811903
plunging! t_interp:  8230219.999941502 t_traj:  8230219.999824124
plunging! t_interp:  8230219.999941502 t_traj:  8230219.999875113
plunging! t_interp:  8230219.999941502 t_traj:  8230219.99990055
plunging! t_interp:  8230219.999941502 t_traj:  8230219.99988256
plunging! t_interp:  8230219.999941502 t_traj:  8230219.999916584
plunging! t_interp:  8230219.999941502 t_traj:  8230219.9999140045
Time taken to compute stable deltas is 96.80672287940979 seconds
calculating Fisher matrix...
plunging! t_interp:  8230219.999941502 t_traj:  8230219.4698775485
plunging! t_interp:  8230219.999941502 t_traj:  8230219.602188592
plunging! t_interp:  8230219.999941502 t_traj:  8230219.734914667
plunging! t_interp:  8230219.999941502 t_traj:  8230219.867447261
plunging! t_interp:  8230219.999941502 t_traj:  8230219.934205112
plunging! t_interp:  8230219.999941502 t_traj:  8230219.868430369
plunging! t_interp:  8230219.999941502 t_traj:  8230219.8024621485
plunging! t_interp:  8230219.999941502 t_traj:  8230219.736909433
plunging! t_interp:  8230219.999941502 t_traj:  8230219.749655352
plunging! t_interp:  8230219.999941502 t_traj:  8230219.812233372
plunging! t_interp:  8230219.999941502 t_traj:  8230219.874815331
plunging! t_interp:  8230219.999941502 t_traj:  8230219.937424237
plunging! t_interp:  8230219.999941502 t_traj:  8230219.626673434
plunging! t_interp:  8230219.999941502 t_traj:  8230219.7199690975
plunging! t_interp:  8230219.999941502 t_traj:  8230219.813308492
plunging! t_interp:  8230219.999941502 t_traj:  8230219.906654386
plunging! t_interp:  8230219.999941502 t_traj:  8230219.234587529
plunging! t_interp:  8230219.999941502 t_traj:  8230219.425930651
plunging! t_interp:  8230219.999941502 t_traj:  8230219.617246896
plunging! t_interp:  8230219.999941502 t_traj:  8230219.808591116
plunging! t_interp:  8230219.999941502 t_traj:  8230216.771742796
plunging! t_interp:  8230219.999941502 t_traj:  8230217.578780079
plunging! t_interp:  8230219.999941502 t_traj:  8230218.385905952
plunging! t_interp:  8230219.999941502 t_traj:  8230219.192943574
plunging! t_interp:  8230219.999941502 t_traj:  8230219.7629704075
plunging! t_interp:  8230219.999941502 t_traj:  8230219.822176312
plunging! t_interp:  8230219.999941502 t_traj:  8230219.8814227125
plunging! t_interp:  8230219.999941502 t_traj:  8230219.940719814
Finished derivatives
Calculated Fisher is *atleast* positive-definite.
Time taken to compute FM is 8.929531335830688 seconds
    CV from_0PA#2 it  10 lam=1.6e+150 ov=0.9942193 chi2=1.361e+03 rel=0.0e+00

[idx0] --- start = from_NMdev (overlap 0.9948673) ---
Body is not plunging, Fisher should be stable.
waveform shape: (3, 6311629)
Computing SNR for parameters: (np.float64(1001219.8218), np.float64(4979.1598), np.float64(0.703966), np.float64(24.96823), np.float64(0.250478), 1.0, 12.0, np.float64(0.785123), np.float64(1.005773), 1.0, 1.0471975511965976, np.float64(1.023603), 0.5, np.float64(0.321583), 0.95, False, False, False, True, np.float64(-3.178504), np.float64(0.105184), 0.0, 0.0)
Waveform Generated. SNR: 341.4716374547399
calculating stable deltas...
plunging! t_interp:  8230222.185579203 t_traj:  8223680.631823824
plunging! t_interp:  8230222.185579203 t_traj:  8225315.776446527
plunging! t_interp:  8230222.185579203 t_traj:  8226951.083612307
plunging! t_interp:  8230222.185579203 t_traj:  8228586.553305264
plunging! t_interp:  8230222.185579203 t_traj:  8227925.024363673
plunging! t_interp:  8230222.185579203 t_traj:  8228499.284648007
plunging! t_interp:  8230222.185579203 t_traj:  8229073.564902825
plunging! t_interp:  8230222.185579203 t_traj:  8229647.865240421
plunging! t_interp:  8230222.185579203 t_traj:  8229415.571700344
plunging! t_interp:  8230222.185579203 t_traj:  8229617.222357949
plunging! t_interp:  8230222.185579203 t_traj:  8229818.873706685
plunging! t_interp:  8230222.185579203 t_traj:  8230020.5284080375
plunging! t_interp:  8230222.185579203 t_traj:  8229938.96349806
plunging! t_interp:  8230222.185579203 t_traj:  8230009.768566452
plunging! t_interp:  8230222.185579203 t_traj:  8230080.573943543
plunging! t_interp:  8230222.185579203 t_traj:  8230151.379577563
plunging! t_interp:  8230222.185579203 t_traj:  8230122.740331589
plunging! t_interp:  8230222.185579203 t_traj:  8230147.601567771
plunging! t_interp:  8230222.185579203 t_traj:  8230172.462865568
plunging! t_interp:  8230222.185579203 t_traj:  8230197.324170603
plunging! t_interp:  8230222.185579203 t_traj:  8230187.268388894
plunging! t_interp:  8230222.185579203 t_traj:  8230195.997685421
plunging! t_interp:  8230222.185579203 t_traj:  8230204.726964804
plunging! t_interp:  8230222.185579203 t_traj:  8230213.456314021
plunging! t_interp:  8230222.185579203 t_traj:  8230209.925519341
plunging! t_interp:  8230222.185579203 t_traj:  8230212.99051206
plunging! t_interp:  8230222.185579203 t_traj:  8230216.055541823
plunging! t_interp:  8230222.185579203 t_traj:  8230219.120567654
plunging! t_interp:  8230222.185579203 t_traj:  8230217.880803575
plunging! t_interp:  8230222.185579203 t_traj:  8230218.957065251
plunging! t_interp:  8230222.185579203 t_traj:  8230220.033190117
plunging! t_interp:  8230222.185579203 t_traj:  8230221.109390753
plunging! t_interp:  8230222.185579203 t_traj:  8230220.674107443
plunging! t_interp:  8230222.185579203 t_traj:  8230221.0519444905
plunging! t_interp:  8230222.185579203 t_traj:  8230221.429882108
plunging! t_interp:  8230222.185579203 t_traj:  8230221.807769723
plunging! t_interp:  8230222.185579203 t_traj:  8230221.654882296
plunging! t_interp:  8230222.185579203 t_traj:  8230221.787557373
plunging! t_interp:  8230222.185579203 t_traj:  8230221.920240118
plunging! t_interp:  8230222.185579203 t_traj:  8230222.052929964
plunging! t_interp:  8230222.185579203 t_traj:  8230221.999257529
plunging! t_interp:  8230222.185579203 t_traj:  8230222.045798019
plunging! t_interp:  8230222.185579203 t_traj:  8230222.092426424
plunging! t_interp:  8230222.185579203 t_traj:  8230222.139018412
plunging! t_interp:  8230222.185579203 t_traj:  8230222.120144558
plunging! t_interp:  8230222.185579203 t_traj:  8230222.136492015
plunging! t_interp:  8230222.185579203 t_traj:  8230222.152873228
plunging! t_interp:  8230222.185579203 t_traj:  8230222.169237889
plunging! t_interp:  8230222.185579203 t_traj:  8229409.575529872
plunging! t_interp:  8230222.185579203 t_traj:  8228597.127962053
plunging! t_interp:  8230222.185579203 t_traj:  8227784.842865798
plunging! t_interp:  8230222.185579203 t_traj:  8226972.720137369
plunging! t_interp:  8230222.185579203 t_traj:  8229936.844138341
plunging! t_interp:  8230222.185579203 t_traj:  8229651.522672766
plunging! t_interp:  8230222.185579203 t_traj:  8229366.221224045
plunging! t_interp:  8230222.185579203 t_traj:  8229080.939863676
plunging! t_interp:  8230222.185579203 t_traj:  8230121.994455292
plunging! t_interp:  8230222.185579203 t_traj:  8230021.805757632
plunging! t_interp:  8230222.185579203 t_traj:  8229921.619544194
plunging! t_interp:  8230222.185579203 t_traj:  8229821.435612475
plunging! t_interp:  8230222.185579203 t_traj:  8230187.006266328
plunging! t_interp:  8230222.185579203 t_traj:  8230151.827311301
plunging! t_interp:  8230222.185579203 t_traj:  8230116.64859963
plunging! t_interp:  8230222.185579203 t_traj:  8230081.470134004
plunging! t_interp:  8230222.185579203 t_traj:  8230209.833427265
plunging! t_interp:  8230222.185579203 t_traj:  8230197.4812953565
plunging! t_interp:  8230222.185579203 t_traj:  8230185.129187034
plunging! t_interp:  8230222.185579203 t_traj:  8230172.778037588
plunging! t_interp:  8230222.185579203 t_traj:  8230217.848483671
plunging! t_interp:  8230222.185579203 t_traj:  8230213.51221677
plunging! t_interp:  8230222.185579203 t_traj:  8230209.174357783
plunging! t_interp:  8230222.185579203 t_traj:  8230204.837307635
plunging! t_interp:  8230222.185579203 t_traj:  8230220.662744775
plunging! t_interp:  8230222.185579203 t_traj:  8230219.13996633
plunging! t_interp:  8230222.185579203 t_traj:  8230217.616810978
plunging! t_interp:  8230222.185579203 t_traj:  8230216.0942529775
plunging! t_interp:  8230222.185579203 t_traj:  8230221.650878435
plunging! t_interp:  8230222.185579203 t_traj:  8230221.116192569
plunging! t_interp:  8230222.185579203 t_traj:  8230220.581548169
plunging! t_interp:  8230222.185579203 t_traj:  8230220.046820836
plunging! t_interp:  8230222.185579203 t_traj:  8230221.9978495985
plunging! t_interp:  8230222.185579203 t_traj:  8230221.810142198
plunging! t_interp:  8230222.185579203 t_traj:  8230221.622379945
plunging! t_interp:  8230222.185579203 t_traj:  8230221.434434337
plunging! t_interp:  8230222.185579203 t_traj:  8230222.119687832
plunging! t_interp:  8230222.185579203 t_traj:  8230222.053755847
plunging! t_interp:  8230222.185579203 t_traj:  8230221.987831163
plunging! t_interp:  8230222.185579203 t_traj:  8230221.921913738
plunging! t_interp:  8230222.185579203 t_traj:  8230222.162457942
plunging! t_interp:  8230222.185579203 t_traj:  8230222.139306361
plunging! t_interp:  8230222.185579203 t_traj:  8230222.116117923
plunging! t_interp:  8230222.185579203 t_traj:  8230222.0930174
plunging! t_interp:  8230222.185579203 t_traj:  8230222.1774682235
plunging! t_interp:  8230222.185579203 t_traj:  8230222.169333674
plunging! t_interp:  8230222.185579203 t_traj:  8230222.161182681
plunging! t_interp:  8230222.185579203 t_traj:  8230222.153065443
plunging! t_interp:  8230222.185579203 t_traj:  8229842.793852292
plunging! t_interp:  8230222.185579203 t_traj:  8229937.642801272
plunging! t_interp:  8230222.185579203 t_traj:  8230032.49110145
plunging! t_interp:  8230222.185579203 t_traj:  8230127.338672441
plunging! t_interp:  8230222.185579203 t_traj:  8230088.975105626
plunging! t_interp:  8230222.185579203 t_traj:  8230122.277876521
plunging! t_interp:  8230222.185579203 t_traj:  8230155.580509907
plunging! t_interp:  8230222.185579203 t_traj:  8230188.8831381835
plunging! t_interp:  8230222.185579203 t_traj:  8230175.412958885
plunging! t_interp:  8230222.185579203 t_traj:  8230187.106143938
plunging! t_interp:  8230222.185579203 t_traj:  8230198.79931057
plunging! t_interp:  8230222.185579203 t_traj:  8230210.492458405
plunging! t_interp:  8230222.185579203 t_traj:  8230205.762866241
plunging! t_interp:  8230222.185579203 t_traj:  8230209.868505633
plunging! t_interp:  8230222.185579203 t_traj:  8230213.974213273
plunging! t_interp:  8230222.185579203 t_traj:  8230218.079913568
plunging! t_interp:  8230222.185579203 t_traj:  8230216.419246261
plunging! t_interp:  8230222.185579203 t_traj:  8230217.860851295
plunging! t_interp:  8230222.185579203 t_traj:  8230219.302439407
plunging! t_interp:  8230222.185579203 t_traj:  8230220.743994795
plunging! t_interp:  8230222.185579203 t_traj:  8230220.16095717
plunging! t_interp:  8230222.185579203 t_traj:  8230220.667068544
plunging! t_interp:  8230222.185579203 t_traj:  8230221.173257298
plunging! t_interp:  8230222.185579203 t_traj:  8230221.679439788
plunging! t_interp:  8230222.185579203 t_traj:  8230221.474709056
plunging! t_interp:  8230222.185579203 t_traj:  8230221.6523988815
plunging! t_interp:  8230222.185579203 t_traj:  8230221.830136506
plunging! t_interp:  8230222.185579203 t_traj:  8230222.0078736795
plunging! t_interp:  8230222.185579203 t_traj:  8230221.935927631
plunging! t_interp:  8230222.185579203 t_traj:  8230221.998363792
plunging! t_interp:  8230222.185579203 t_traj:  8230222.060774753
plunging! t_interp:  8230222.185579203 t_traj:  8230222.123191661
plunging! t_interp:  8230222.185579203 t_traj:  8230222.097961234
plunging! t_interp:  8230222.185579203 t_traj:  8230222.119903293
plunging! t_interp:  8230222.185579203 t_traj:  8230222.141783261
plunging! t_interp:  8230222.185579203 t_traj:  8230222.163696812
plunging! t_interp:  8230222.185579203 t_traj:  8230222.154808049
plunging! t_interp:  8230222.185579203 t_traj:  8230222.162509332
plunging! t_interp:  8230222.185579203 t_traj:  8230222.170192538
plunging! t_interp:  8230222.185579203 t_traj:  8230222.177884715
plunging! t_interp:  8230222.185579203 t_traj:  8230222.174786287
plunging! t_interp:  8230222.185579203 t_traj:  8230222.17749261
plunging! t_interp:  8230222.185579203 t_traj:  8230222.180198626
plunging! t_interp:  8230222.185579203 t_traj:  8230222.182889616
plunging! t_interp:  8230222.185579203 t_traj:  8230222.181839166
plunging! t_interp:  8230222.185579203 t_traj:  8230222.182762162
plunging! t_interp:  8230222.185579203 t_traj:  8230222.183670017
plunging! t_interp:  8230222.185579203 t_traj:  8230222.184651083
plunging! t_interp:  8230222.185579203 t_traj:  8217117.9404889
plunging! t_interp:  8230222.185579203 t_traj:  8220392.540974718
plunging! t_interp:  8230222.185579203 t_traj:  8223668.1151972115
plunging! t_interp:  8230222.185579203 t_traj:  8226944.664209349
plunging! t_interp:  8230222.185579203 t_traj:  8225619.258644277
plunging! t_interp:  8230222.185579203 t_traj:  8226769.810228235
plunging! t_interp:  8230222.185579203 t_traj:  8227920.481934986
plunging! t_interp:  8230222.185579203 t_traj:  8229071.273749285
plunging! t_interp:  8230222.185579203 t_traj:  8228605.79083073
plunging! t_interp:  8230222.185579203 t_traj:  8229009.867301183
plunging! t_interp:  8230222.185579203 t_traj:  8229413.958590689
plunging! t_interp:  8230222.185579203 t_traj:  8229818.064668176
plunging! t_interp:  8230222.185579203 t_traj:  8229654.611395683
plunging! t_interp:  8230222.185579203 t_traj:  8229796.501951532
plunging! t_interp:  8230222.185579203 t_traj:  8229938.394881932
plunging! t_interp:  8230222.185579203 t_traj:  8230080.289056773
plunging! t_interp:  8230222.185579203 t_traj:  8230022.896095503
plunging! t_interp:  8230222.185579203 t_traj:  8230072.718127514
plunging! t_interp:  8230222.185579203 t_traj:  8230122.540357716
plunging! t_interp:  8230222.185579203 t_traj:  8230172.363731221
plunging! t_interp:  8230222.185579203 t_traj:  8230152.210494418
plunging! t_interp:  8230222.185579203 t_traj:  8230169.704497387
plunging! t_interp:  8230222.185579203 t_traj:  8230187.198150096
plunging! t_interp:  8230222.185579203 t_traj:  8230204.691614084
plunging! t_interp:  8230222.185579203 t_traj:  8230197.616052049
plunging! t_interp:  8230222.185579203 t_traj:  8230203.758439453
plunging! t_interp:  8230222.185579203 t_traj:  8230209.900622592
plunging! t_interp:  8230222.185579203 t_traj:  8230216.043179144
plunging! t_interp:  8230222.185579203 t_traj:  8230213.558787586
plunging! t_interp:  8230222.185579203 t_traj:  8230215.715463718
plunging! t_interp:  8230222.185579203 t_traj:  8230217.872176144
plunging! t_interp:  8230222.185579203 t_traj:  8230220.02889509
plunging! t_interp:  8230222.185579203 t_traj:  8230219.15654755
plunging! t_interp:  8230222.185579203 t_traj:  8230219.9138192255
plunging! t_interp:  8230222.185579203 t_traj:  8230220.6710802475
plunging! t_interp:  8230222.185579203 t_traj:  8230221.428368204
plunging! t_interp:  8230222.185579203 t_traj:  8230221.122035825
plunging! t_interp:  8230222.185579203 t_traj:  8230221.387850452
plunging! t_interp:  8230222.185579203 t_traj:  8230221.653803141
plunging! t_interp:  8230222.185579203 t_traj:  8230221.919710792
plunging! t_interp:  8230222.185579203 t_traj:  8230221.812167124
plunging! t_interp:  8230222.185579203 t_traj:  8230221.90552555
plunging! t_interp:  8230222.185579203 t_traj:  8230221.998858628
plunging! t_interp:  8230222.185579203 t_traj:  8230222.092235223
plunging! t_interp:  8230222.185579203 t_traj:  8230222.054479582
plunging! t_interp:  8230222.185579203 t_traj:  8230222.087243467
plunging! t_interp:  8230222.185579203 t_traj:  8230222.120013552
plunging! t_interp:  8230222.185579203 t_traj:  8230222.152790067
plunging! t_interp:  8230222.185579203 t_traj:  8230077.494624886
plunging! t_interp:  8230222.185579203 t_traj:  8230113.659911624
plunging! t_interp:  8230222.185579203 t_traj:  8230149.830053829
plunging! t_interp:  8230222.185579203 t_traj:  8230186.005259732
plunging! t_interp:  8230222.185579203 t_traj:  8230171.372602022
plunging! t_interp:  8230222.185579203 t_traj:  8230184.074696218
plunging! t_interp:  8230222.185579203 t_traj:  8230196.777839012
plunging! t_interp:  8230222.185579203 t_traj:  8230209.481378323
plunging! t_interp:  8230222.185579203 t_traj:  8230204.343062925
plunging! t_interp:  8230222.185579203 t_traj:  8230208.80444676
plunging! t_interp:  8230222.185579203 t_traj:  8230213.26412163
plunging! t_interp:  8230222.185579203 t_traj:  8230217.724823437
plunging! t_interp:  8230222.185579203 t_traj:  8230215.9206145555
plunging! t_interp:  8230222.185579203 t_traj:  8230217.486830576
plunging! t_interp:  8230222.185579203 t_traj:  8230219.053073966
plunging! t_interp:  8230222.185579203 t_traj:  8230220.619362705
plunging! t_interp:  8230222.185579203 t_traj:  8230219.985825504
plunging! t_interp:  8230222.185579203 t_traj:  8230220.535767729
plunging! t_interp:  8230222.185579203 t_traj:  8230221.085742187
plunging! t_interp:  8230222.185579203 t_traj:  8230221.635683397
plunging! t_interp:  8230222.185579203 t_traj:  8230221.413212839
plunging! t_interp:  8230222.185579203 t_traj:  8230221.606297844
plunging! t_interp:  8230222.185579203 t_traj:  8230221.799369995
plunging! t_interp:  8230222.185579203 t_traj:  8230221.992483914
plunging! t_interp:  8230222.185579203 t_traj:  8230221.914361074
plunging! t_interp:  8230222.185579203 t_traj:  8230221.982231934
plunging! t_interp:  8230222.185579203 t_traj:  8230222.049993578
plunging! t_interp:  8230222.185579203 t_traj:  8230222.11780002
plunging! t_interp:  8230222.185579203 t_traj:  8230222.0903769275
plunging! t_interp:  8230222.185579203 t_traj:  8230222.1141892895
plunging! t_interp:  8230222.185579203 t_traj:  8230222.138012746
plunging! t_interp:  8230222.185579203 t_traj:  8230222.161494868
plunging! t_interp:  8230222.185579203 t_traj:  8230222.152134233
plunging! t_interp:  8230222.185579203 t_traj:  8230222.160518901
plunging! t_interp:  8230222.185579203 t_traj:  8230222.168869936
plunging! t_interp:  8230222.185579203 t_traj:  8230222.177241899
plunging! t_interp:  8230222.185579203 t_traj:  8230222.174598163
plunging! t_interp:  8230222.185579203 t_traj:  8230222.176816937
plunging! t_interp:  8230222.185579203 t_traj:  8230222.179738207
plunging! t_interp:  8230222.185579203 t_traj:  8230222.182451649
plunging! t_interp:  8230222.185579203 t_traj:  8230222.181451574
plunging! t_interp:  8230222.185579203 t_traj:  8230222.18250316
plunging! t_interp:  8230222.185579203 t_traj:  8230222.183515893
plunging! t_interp:  8230222.185579203 t_traj:  8230222.184568411
plunging! t_interp:  8230222.185579203 t_traj:  8230222.184183177
plunging! t_interp:  8230222.185579203 t_traj:  8230222.18452193
plunging! t_interp:  8230222.185579203 t_traj:  8230222.184880713
plunging! t_interp:  8230222.185579203 t_traj:  8230222.185245976
plunging! t_interp:  8230222.185579203 t_traj:  8228304.10605908
plunging! t_interp:  8230222.185579203 t_traj:  8226386.9434453305
plunging! t_interp:  8230222.185579203 t_traj:  8224470.696514239
plunging! t_interp:  8230222.185579203 t_traj:  8222555.364664563
plunging! t_interp:  8230222.185579203 t_traj:  8229548.606750555
plunging! t_interp:  8230222.185579203 t_traj:  8228875.140855784
plunging! t_interp:  8230222.185579203 t_traj:  8228201.788004198
plunging! t_interp:  8230222.185579203 t_traj:  8227528.548240809
plunging! t_interp:  8230222.185579203 t_traj:  8229985.666253327
plunging! t_interp:  8230222.185579203 t_traj:  8229749.16086186
plunging! t_interp:  8230222.185579203 t_traj:  8229512.669385035
plunging! t_interp:  8230222.185579203 t_traj:  8229276.191836607
plunging! t_interp:  8230222.185579203 t_traj:  8230139.137331156
plunging! t_interp:  8230222.185579203 t_traj:  8230056.091199714
plunging! t_interp:  8230222.185579203 t_traj:  8229973.046559302
plunging! t_interp:  8230222.185579203 t_traj:  8229890.003620732
plunging! t_interp:  8230222.185579203 t_traj:  8230193.025584109
plunging! t_interp:  8230222.185579203 t_traj:  8230163.865913417
plunging! t_interp:  8230222.185579203 t_traj:  8230134.706337706
plunging! t_interp:  8230222.185579203 t_traj:  8230105.547004095
plunging! t_interp:  8230222.185579203 t_traj:  8230211.946949965
plunging! t_interp:  8230222.185579203 t_traj:  8230201.708311324
plunging! t_interp:  8230222.185579203 t_traj:  8230191.469755652
plunging! t_interp:  8230222.185579203 t_traj:  8230181.231148807
plunging! t_interp:  8230222.185579203 t_traj:  8230218.5906016985
plunging! t_interp:  8230222.185579203 t_traj:  8230214.995610625
plunging! t_interp:  8230222.185579203 t_traj:  8230211.400624307
plunging! t_interp:  8230222.185579203 t_traj:  8230207.8056505
plunging! t_interp:  8230222.185579203 t_traj:  8230220.923327502
plunging! t_interp:  8230222.185579203 t_traj:  8230219.660850212
plunging! t_interp:  8230222.185579203 t_traj:  8230218.398787364
plunging! t_interp:  8230222.185579203 t_traj:  8230217.136505757
plunging! t_interp:  8230222.185579203 t_traj:  8230221.742400224
plunging! t_interp:  8230222.185579203 t_traj:  8230221.299182721
plunging! t_interp:  8230222.185579203 t_traj:  8230220.855991578
plunging! t_interp:  8230222.185579203 t_traj:  8230220.412779585
plunging! t_interp:  8230222.185579203 t_traj:  8230222.029961685
plunging! t_interp:  8230222.185579203 t_traj:  8230221.8743519345
plunging! t_interp:  8230222.185579203 t_traj:  8230221.718735914
plunging! t_interp:  8230222.185579203 t_traj:  8230221.56290822
plunging! t_interp:  8230222.185579203 t_traj:  8230222.130952643
plunging! t_interp:  8230222.185579203 t_traj:  8230222.07631197
plunging! t_interp:  8230222.185579203 t_traj:  8230222.021647916
plunging! t_interp:  8230222.185579203 t_traj:  8230221.967045106
plunging! t_interp:  8230222.185579203 t_traj:  8230222.166408185
plunging! t_interp:  8230222.185579203 t_traj:  8230222.147236333
plunging! t_interp:  8230222.185579203 t_traj:  8230222.128077084
plunging! t_interp:  8230222.185579203 t_traj:  8230222.108856213
plunging! t_interp:  8230222.185579203 t_traj:  8230172.481200439
plunging! t_interp:  8230222.185579203 t_traj:  8230184.904251966
plunging! t_interp:  8230222.185579203 t_traj:  8230197.33021709
plunging! t_interp:  8230222.185579203 t_traj:  8230209.756473653
plunging! t_interp:  8230222.185579203 t_traj:  8230204.729749661
plunging! t_interp:  8230222.185579203 t_traj:  8230209.094123956
plunging! t_interp:  8230222.185579203 t_traj:  8230213.45718472
plunging! t_interp:  8230222.185579203 t_traj:  8230217.821273757
plunging! t_interp:  8230222.185579203 t_traj:  8230216.056028732
plunging! t_interp:  8230222.185579203 t_traj:  8230217.588397355
plunging! t_interp:  8230222.185579203 t_traj:  8230219.120518207
plunging! t_interp:  8230222.185579203 t_traj:  8230220.653204415
plunging! t_interp:  8230222.185579203 t_traj:  8230220.033347678
plunging! t_interp:  8230222.185579203 t_traj:  8230220.571435723
plunging! t_interp:  8230222.185579203 t_traj:  8230221.109448942
plunging! t_interp:  8230222.185579203 t_traj:  8230221.647536384
plunging! t_interp:  8230222.185579203 t_traj:  8230221.429916524
plunging! t_interp:  8230222.185579203 t_traj:  8230221.61885592
plunging! t_interp:  8230222.185579203 t_traj:  8230221.807771541
plunging! t_interp:  8230222.185579203 t_traj:  8230221.996633785
plunging! t_interp:  8230222.185579203 t_traj:  8230221.92024575
plunging! t_interp:  8230222.185579203 t_traj:  8230221.9865498375
plunging! t_interp:  8230222.185579203 t_traj:  8230222.052890637
plunging! t_interp:  8230222.185579203 t_traj:  8230222.118973576
plunging! t_interp:  8230222.185579203 t_traj:  8230222.092411546
plunging! t_interp:  8230222.185579203 t_traj:  8230222.1156678945
plunging! t_interp:  8230222.185579203 t_traj:  8230222.139041601
plunging! t_interp:  8230222.185579203 t_traj:  8230222.162303013
plunging! t_interp:  8230222.185579203 t_traj:  8230222.152847917
plunging! t_interp:  8230222.185579203 t_traj:  8230222.161071271
plunging! t_interp:  8230222.185579203 t_traj:  8230222.1692401385
plunging! t_interp:  8230222.185579203 t_traj:  8230222.177392187
plunging! t_interp:  8230222.185579203 t_traj:  8230222.174104511
plunging! t_interp:  8230222.185579203 t_traj:  8230222.1770216
plunging! t_interp:  8230222.185579203 t_traj:  8230222.179893616
plunging! t_interp:  8230222.185579203 t_traj:  8230222.182688277
plunging! t_interp:  8230222.185579203 t_traj:  8230222.181563385
plunging! t_interp:  8230222.185579203 t_traj:  8230222.182538992
plunging! t_interp:  8230222.185579203 t_traj:  8230222.183579122
plunging! t_interp:  8230222.185579203 t_traj:  8230222.184582596
plunging! t_interp:  8230222.185579203 t_traj:  8230222.184183444
plunging! t_interp:  8230222.185579203 t_traj:  8230222.184566252
plunging! t_interp:  8230222.185579203 t_traj:  8230222.184893331
plunging! t_interp:  8230222.185579203 t_traj:  8230222.185247205
plunging! t_interp:  8230222.185579203 t_traj:  8230222.185097222
plunging! t_interp:  8230222.185579203 t_traj:  8230222.185202429
plunging! t_interp:  8230222.185579203 t_traj:  8230222.185356831
plunging! t_interp:  8230222.185579203 t_traj:  8230222.185487336
Time taken to compute stable deltas is 91.62610960006714 seconds
calculating Fisher matrix...
plunging! t_interp:  8230222.185579203 t_traj:  8230221.999257529
plunging! t_interp:  8230222.185579203 t_traj:  8230222.045798019
plunging! t_interp:  8230222.185579203 t_traj:  8230222.092426424
plunging! t_interp:  8230222.185579203 t_traj:  8230222.139018412
plunging! t_interp:  8230222.185579203 t_traj:  8230222.119687832
plunging! t_interp:  8230222.185579203 t_traj:  8230222.053755847
plunging! t_interp:  8230222.185579203 t_traj:  8230221.987831163
plunging! t_interp:  8230222.185579203 t_traj:  8230221.921913738
plunging! t_interp:  8230222.185579203 t_traj:  8230221.474709056
plunging! t_interp:  8230222.185579203 t_traj:  8230221.6523988815
plunging! t_interp:  8230222.185579203 t_traj:  8230221.830136506
plunging! t_interp:  8230222.185579203 t_traj:  8230222.0078736795
plunging! t_interp:  8230222.185579203 t_traj:  8230221.812167124
plunging! t_interp:  8230222.185579203 t_traj:  8230221.90552555
plunging! t_interp:  8230222.185579203 t_traj:  8230221.998858628
plunging! t_interp:  8230222.185579203 t_traj:  8230222.092235223
plunging! t_interp:  8230222.185579203 t_traj:  8230221.914361074
plunging! t_interp:  8230222.185579203 t_traj:  8230221.982231934
plunging! t_interp:  8230222.185579203 t_traj:  8230222.049993578
plunging! t_interp:  8230222.185579203 t_traj:  8230222.11780002
plunging! t_interp:  8230222.185579203 t_traj:  8230222.130952643
plunging! t_interp:  8230222.185579203 t_traj:  8230222.07631197
plunging! t_interp:  8230222.185579203 t_traj:  8230222.021647916
plunging! t_interp:  8230222.185579203 t_traj:  8230221.967045106
plunging! t_interp:  8230222.185579203 t_traj:  8230222.152847917
plunging! t_interp:  8230222.185579203 t_traj:  8230222.161071271
plunging! t_interp:  8230222.185579203 t_traj:  8230222.1692401385
plunging! t_interp:  8230222.185579203 t_traj:  8230222.177392187
Finished derivatives
Calculated Fisher is *atleast* positive-definite.
Time taken to compute FM is 8.599304914474487 seconds
    CV from_NMdev#1 it   0 lam=3.3e-03 ov=0.9948673 chi2=1.198e+03 rel=2.8e-01
Body is not plunging, Fisher should be stable.
waveform shape: (3, 6311629)
Computing SNR for parameters: (np.float64(1001219.7963937176), np.float64(4979.16005116071), np.float64(0.7039661355527346), np.float64(24.96822969389412), np.float64(0.2504778228887653), 1.0, 12.0, np.float64(0.7854541762177071), np.float64(1.0028276801311895), 1.0, 1.0471975511965976, np.float64(1.0215032243537716), 0.5, np.float64(0.2872561051020967), 0.95, False, False, False, True, np.float64(-3.1785691224262305), np.float64(0.10497774125502408), 0.0, 0.0)
Waveform Generated. SNR: 341.2338284232421
calculating Fisher matrix...
plunging! t_interp:  8230220.249494531 t_traj:  8230220.063366772
plunging! t_interp:  8230220.249494531 t_traj:  8230220.108916325
plunging! t_interp:  8230220.249494531 t_traj:  8230220.155529115
plunging! t_interp:  8230220.249494531 t_traj:  8230220.202086558
plunging! t_interp:  8230220.249494531 t_traj:  8230220.182751923
plunging! t_interp:  8230220.249494531 t_traj:  8230220.116515173
plunging! t_interp:  8230220.249494531 t_traj:  8230220.050911595
plunging! t_interp:  8230220.249494531 t_traj:  8230219.985030167
plunging! t_interp:  8230220.249494531 t_traj:  8230219.537815814
plunging! t_interp:  8230220.249494531 t_traj:  8230219.715487464
plunging! t_interp:  8230220.249494531 t_traj:  8230219.893256841
plunging! t_interp:  8230220.249494531 t_traj:  8230220.070984253
plunging! t_interp:  8230220.249494531 t_traj:  8230219.87523755
plunging! t_interp:  8230220.249494531 t_traj:  8230219.968599565
plunging! t_interp:  8230220.249494531 t_traj:  8230220.061952366
plunging! t_interp:  8230220.249494531 t_traj:  8230220.155325277
plunging! t_interp:  8230220.249494531 t_traj:  8230219.977271969
plunging! t_interp:  8230220.249494531 t_traj:  8230220.045278726
plunging! t_interp:  8230220.249494531 t_traj:  8230220.113116818
plunging! t_interp:  8230220.249494531 t_traj:  8230220.18082288
plunging! t_interp:  8230220.249494531 t_traj:  8230220.194000253
plunging! t_interp:  8230220.249494531 t_traj:  8230220.139395399
plunging! t_interp:  8230220.249494531 t_traj:  8230220.084744799
plunging! t_interp:  8230220.249494531 t_traj:  8230220.030118747
plunging! t_interp:  8230220.249494531 t_traj:  8230220.216001392
plunging! t_interp:  8230220.249494531 t_traj:  8230220.224103714
plunging! t_interp:  8230220.249494531 t_traj:  8230220.232345539
plunging! t_interp:  8230220.249494531 t_traj:  8230220.240500216
Finished derivatives
Calculated Fisher is *atleast* positive-definite.
Time taken to compute FM is 9.370313882827759 seconds
    CV from_NMdev#1 it   1 lam=1.4e+02 ov=0.9962817 chi2=8.678e+02 rel=2.5e-05
Body is not plunging, Fisher should be stable.
waveform shape: (3, 6311629)
Computing SNR for parameters: (np.float64(1001219.7964545292), np.float64(4979.160050458981), np.float64(0.703966136549311), np.float64(24.968229694680375), np.float64(0.25047782336360086), 1.0, 12.0, np.float64(0.7854542363706866), np.float64(1.0028241340781228), 1.0, 1.0471975511965976, np.float64(1.0215046331394813), 0.5, np.float64(0.2872505163931679), 0.95, False, False, False, True, np.float64(-3.1785689276111935), np.float64(0.10497826738411012), 0.0, 0.0)
Waveform Generated. SNR: 341.23346645629067
calculating Fisher matrix...
plunging! t_interp:  8230220.255663612 t_traj:  8230220.069322558
plunging! t_interp:  8230220.255663612 t_traj:  8230220.115920719
plunging! t_interp:  8230220.255663612 t_traj:  8230220.162498783
plunging! t_interp:  8230220.255663612 t_traj:  8230220.209115335
plunging! t_interp:  8230220.255663612 t_traj:  8230220.189703364
plunging! t_interp:  8230220.255663612 t_traj:  8230220.123824446
plunging! t_interp:  8230220.255663612 t_traj:  8230220.057657148
plunging! t_interp:  8230220.255663612 t_traj:  8230219.99196266
plunging! t_interp:  8230220.255663612 t_traj:  8230219.5448083235
plunging! t_interp:  8230220.255663612 t_traj:  8230219.722488071
plunging! t_interp:  8230220.255663612 t_traj:  8230219.90019136
plunging! t_interp:  8230220.255663612 t_traj:  8230220.077950374
plunging! t_interp:  8230220.255663612 t_traj:  8230219.882243607
plunging! t_interp:  8230220.255663612 t_traj:  8230219.975598678
plunging! t_interp:  8230220.255663612 t_traj:  8230220.068960342
plunging! t_interp:  8230220.255663612 t_traj:  8230220.163041959
plunging! t_interp:  8230220.255663612 t_traj:  8230219.984471834
plunging! t_interp:  8230220.255663612 t_traj:  8230220.052266713
plunging! t_interp:  8230220.255663612 t_traj:  8230220.1200629715
plunging! t_interp:  8230220.255663612 t_traj:  8230220.187872587
plunging! t_interp:  8230220.255663612 t_traj:  8230220.200987493
plunging! t_interp:  8230220.255663612 t_traj:  8230220.146359204
plunging! t_interp:  8230220.255663612 t_traj:  8230220.092575677
plunging! t_interp:  8230220.255663612 t_traj:  8230220.037060444
plunging! t_interp:  8230220.255663612 t_traj:  8230220.222902997
plunging! t_interp:  8230220.255663612 t_traj:  8230220.231092793
plunging! t_interp:  8230220.255663612 t_traj:  8230220.239307094
plunging! t_interp:  8230220.255663612 t_traj:  8230220.247486858
Finished derivatives
Calculated Fisher is *atleast* positive-definite.
Time taken to compute FM is 9.193074941635132 seconds
    CV from_NMdev#1 it   2 lam=2.8e+02 ov=0.9962818 chi2=8.677e+02 rel=3.7e-08
Body is not plunging, Fisher should be stable.
waveform shape: (3, 6311629)
Computing SNR for parameters: (np.float64(1001219.7965001494), np.float64(4979.160049932275), np.float64(0.7039661373010284), np.float64(24.96822969527286), np.float64(0.2504778237180296), 1.0, 12.0, np.float64(0.785454355922935), np.float64(1.0028213491571283), 1.0, 1.0471975511965976, np.float64(1.0215060802300266), 0.5, np.float64(0.2872462317919813), 0.95, False, False, False, True, np.float64(-3.1785687810953243), np.float64(0.1049786594245112), 0.0, 0.0)
Waveform Generated. SNR: 341.23317831305627
calculating Fisher matrix...
plunging! t_interp:  8230220.260670603 t_traj:  8230220.074574265
plunging! t_interp:  8230220.260670603 t_traj:  8230220.121165606
plunging! t_interp:  8230220.260670603 t_traj:  8230220.167744759
plunging! t_interp:  8230220.260670603 t_traj:  8230220.214377828
plunging! t_interp:  8230220.260670603 t_traj:  8230220.195023676
plunging! t_interp:  8230220.260670603 t_traj:  8230220.128890543
plunging! t_interp:  8230220.260670603 t_traj:  8230220.0631105965
plunging! t_interp:  8230220.260670603 t_traj:  8230219.997246315
plunging! t_interp:  8230220.260670603 t_traj:  8230219.550036133
plunging! t_interp:  8230220.260670603 t_traj:  8230219.727751159
plunging! t_interp:  8230220.260670603 t_traj:  8230219.905436122
plunging! t_interp:  8230220.260670603 t_traj:  8230220.0829978995
plunging! t_interp:  8230220.260670603 t_traj:  8230219.887513707
plunging! t_interp:  8230220.260670603 t_traj:  8230219.98083706
plunging! t_interp:  8230220.260670603 t_traj:  8230220.074219007
plunging! t_interp:  8230220.260670603 t_traj:  8230220.16759831
plunging! t_interp:  8230220.260670603 t_traj:  8230219.989721203
plunging! t_interp:  8230220.260670603 t_traj:  8230220.057504332
plunging! t_interp:  8230220.260670603 t_traj:  8230220.125328359
plunging! t_interp:  8230220.260670603 t_traj:  8230220.193148627
plunging! t_interp:  8230220.260670603 t_traj:  8230220.206322944
plunging! t_interp:  8230220.260670603 t_traj:  8230220.151636737
plunging! t_interp:  8230220.260670603 t_traj:  8230220.096745926
plunging! t_interp:  8230220.260670603 t_traj:  8230220.042325666
plunging! t_interp:  8230220.260670603 t_traj:  8230220.228216083
plunging! t_interp:  8230220.260670603 t_traj:  8230220.236074489
plunging! t_interp:  8230220.260670603 t_traj:  8230220.244551717
plunging! t_interp:  8230220.260670603 t_traj:  8230220.25275399
Finished derivatives
Calculated Fisher is *atleast* positive-definite.
Time taken to compute FM is 9.29319977760315 seconds
    CV from_NMdev#1 it   3 lam=9.5e+04 ov=0.9962818 chi2=8.677e+02 rel=7.1e-07
Body is not plunging, Fisher should be stable.
waveform shape: (3, 6311629)
Computing SNR for parameters: (np.float64(1001219.7965001715), np.float64(4979.160049932016), np.float64(0.7039661373013966), np.float64(24.96822969527315), np.float64(0.25047782371820354), 1.0, 12.0, np.float64(0.785454355985737), np.float64(1.0028213478027246), 1.0, 1.0471975511965976, np.float64(1.021506080931256), 0.5, np.float64(0.28724622967885516), 0.95, False, False, False, True, np.float64(-3.1785687810235483), np.float64(0.10497865961658324), 0.0, 0.0)
Waveform Generated. SNR: 341.23317848341645
calculating Fisher matrix...
plunging! t_interp:  8230220.260722309 t_traj:  8230220.0745546
plunging! t_interp:  8230220.260722309 t_traj:  8230220.121207886
plunging! t_interp:  8230220.260722309 t_traj:  8230220.167754009
plunging! t_interp:  8230220.260722309 t_traj:  8230220.2143302495
plunging! t_interp:  8230220.260722309 t_traj:  8230220.1950118095
plunging! t_interp:  8230220.260722309 t_traj:  8230220.129055038
plunging! t_interp:  8230220.260722309 t_traj:  8230220.063173024
plunging! t_interp:  8230220.260722309 t_traj:  8230219.997249344
plunging! t_interp:  8230220.260722309 t_traj:  8230219.55003874
plunging! t_interp:  8230220.260722309 t_traj:  8230219.727789005
plunging! t_interp:  8230220.260722309 t_traj:  8230219.905474642
plunging! t_interp:  8230220.260722309 t_traj:  8230220.08320256
plunging! t_interp:  8230220.260722309 t_traj:  8230219.887501244
plunging! t_interp:  8230220.260722309 t_traj:  8230219.980830427
plunging! t_interp:  8230220.260722309 t_traj:  8230220.074199794
plunging! t_interp:  8230220.260722309 t_traj:  8230220.167572669
plunging! t_interp:  8230220.260722309 t_traj:  8230219.98945154
plunging! t_interp:  8230220.260722309 t_traj:  8230220.057516327
plunging! t_interp:  8230220.260722309 t_traj:  8230220.125288689
plunging! t_interp:  8230220.260722309 t_traj:  8230220.193156684
plunging! t_interp:  8230220.260722309 t_traj:  8230220.206298519
plunging! t_interp:  8230220.260722309 t_traj:  8230220.151350467
plunging! t_interp:  8230220.260722309 t_traj:  8230220.097009264
plunging! t_interp:  8230220.260722309 t_traj:  8230220.042395658
plunging! t_interp:  8230220.260722309 t_traj:  8230220.228216479
plunging! t_interp:  8230220.260722309 t_traj:  8230220.237252969
plunging! t_interp:  8230220.260722309 t_traj:  8230220.244568578
plunging! t_interp:  8230220.260722309 t_traj:  8230220.252740166
Finished derivatives
Calculated Fisher is *atleast* positive-definite.
Time taken to compute FM is 9.225432395935059 seconds
    CV from_NMdev#1 it   4 lam=6.7e+10 ov=0.9962818 chi2=8.677e+02 rel=1.5e-08
Body is not plunging, Fisher should be stable.
waveform shape: (3, 6311629)
Computing SNR for parameters: (np.float64(1001219.7965001715), np.float64(4979.160049932016), np.float64(0.7039661373013966), np.float64(24.96822969527315), np.float64(0.25047782371820354), 1.0, 12.0, np.float64(0.7854543559857372), np.float64(1.0028213478027226), 1.0, 1.0471975511965976, np.float64(1.021506080931257), 0.5, np.float64(0.28724622967885216), 0.95, False, False, False, True, np.float64(-3.1785687810235483), np.float64(0.10497865961658352), 0.0, 0.0)
Waveform Generated. SNR: 341.23317848006906
calculating stable deltas...
plunging! t_interp:  8230220.260721611 t_traj:  8223678.708166743
plunging! t_interp:  8230220.260721611 t_traj:  8225313.852706201
plunging! t_interp:  8230220.260721611 t_traj:  8226949.159589605
plunging! t_interp:  8230220.260721611 t_traj:  8228584.628950757
plunging! t_interp:  8230220.260721611 t_traj:  8227923.1001459705
plunging! t_interp:  8230220.260721611 t_traj:  8228497.360277269
plunging! t_interp:  8230220.260721611 t_traj:  8229071.640469187
plunging! t_interp:  8230220.260721611 t_traj:  8229645.9406749075
plunging! t_interp:  8230220.260721611 t_traj:  8229413.647203834
plunging! t_interp:  8230220.260721611 t_traj:  8229615.296943176
plunging! t_interp:  8230220.260721611 t_traj:  8229816.949123609
plunging! t_interp:  8230220.260721611 t_traj:  8230018.603830069
plunging! t_interp:  8230220.260721611 t_traj:  8229937.038627198
plunging! t_interp:  8230220.260721611 t_traj:  8230007.844832027
plunging! t_interp:  8230220.260721611 t_traj:  8230078.649091469
plunging! t_interp:  8230220.260721611 t_traj:  8230149.4549569525
plunging! t_interp:  8230220.260721611 t_traj:  8230120.8156708805
plunging! t_interp:  8230220.260721611 t_traj:  8230145.676919245
plunging! t_interp:  8230220.260721611 t_traj:  8230170.538191474
plunging! t_interp:  8230220.260721611 t_traj:  8230195.399602264
plunging! t_interp:  8230220.260721611 t_traj:  8230185.343525511
plunging! t_interp:  8230220.260721611 t_traj:  8230194.073006963
plunging! t_interp:  8230220.260721611 t_traj:  8230202.802309518
plunging! t_interp:  8230220.260721611 t_traj:  8230211.531630516
plunging! t_interp:  8230220.260721611 t_traj:  8230208.000612338
plunging! t_interp:  8230220.260721611 t_traj:  8230211.06587768
plunging! t_interp:  8230220.260721611 t_traj:  8230214.130851331
plunging! t_interp:  8230220.260721611 t_traj:  8230217.1959086945
plunging! t_interp:  8230220.260721611 t_traj:  8230215.956098156
plunging! t_interp:  8230220.260721611 t_traj:  8230217.032361119
plunging! t_interp:  8230220.260721611 t_traj:  8230218.108542434
plunging! t_interp:  8230220.260721611 t_traj:  8230219.184773259
plunging! t_interp:  8230220.260721611 t_traj:  8230218.74938957
plunging! t_interp:  8230220.260721611 t_traj:  8230219.1273158705
plunging! t_interp:  8230220.260721611 t_traj:  8230219.505197352
plunging! t_interp:  8230220.260721611 t_traj:  8230219.882805703
plunging! t_interp:  8230220.260721611 t_traj:  8230219.730214964
plunging! t_interp:  8230220.260721611 t_traj:  8230219.862876303
plunging! t_interp:  8230220.260721611 t_traj:  8230219.995533377
plunging! t_interp:  8230220.260721611 t_traj:  8230220.128222599
plunging! t_interp:  8230220.260721611 t_traj:  8230220.0745801935
plunging! t_interp:  8230220.260721611 t_traj:  8230220.121207918
plunging! t_interp:  8230220.260721611 t_traj:  8230220.167757037
plunging! t_interp:  8230220.260721611 t_traj:  8230220.214312328
plunging! t_interp:  8230220.260721611 t_traj:  8230220.19546768
plunging! t_interp:  8230220.260721611 t_traj:  8230220.211867441
plunging! t_interp:  8230220.260721611 t_traj:  8230220.228206807
plunging! t_interp:  8230220.260721611 t_traj:  8230220.244582199
plunging! t_interp:  8230220.260721611 t_traj:  8229407.650996058
plunging! t_interp:  8230220.260721611 t_traj:  8228595.203588461
plunging! t_interp:  8230220.260721611 t_traj:  8227782.918599119
plunging! t_interp:  8230220.260721611 t_traj:  8226970.796052844
plunging! t_interp:  8230220.260721611 t_traj:  8229934.919513718
plunging! t_interp:  8230220.260721611 t_traj:  8229649.598079757
plunging! t_interp:  8230220.260721611 t_traj:  8229364.29674747
plunging! t_interp:  8230220.260721611 t_traj:  8229079.015381429
plunging! t_interp:  8230220.260721611 t_traj:  8230120.069771885
plunging! t_interp:  8230220.260721611 t_traj:  8230019.881128301
plunging! t_interp:  8230220.260721611 t_traj:  8229919.694940178
plunging! t_interp:  8230220.260721611 t_traj:  8229819.511192754
plunging! t_interp:  8230220.260721611 t_traj:  8230185.081540097
plunging! t_interp:  8230220.260721611 t_traj:  8230149.902622689
plunging! t_interp:  8230220.260721611 t_traj:  8230114.723914596
plunging! t_interp:  8230220.260721611 t_traj:  8230079.545512824
plunging! t_interp:  8230220.260721611 t_traj:  8230207.908729999
plunging! t_interp:  8230220.260721611 t_traj:  8230195.556606585
plunging! t_interp:  8230220.260721611 t_traj:  8230183.204550321
plunging! t_interp:  8230220.260721611 t_traj:  8230170.852528602
plunging! t_interp:  8230220.260721611 t_traj:  8230215.92384969
plunging! t_interp:  8230220.260721611 t_traj:  8230211.586721806
plunging! t_interp:  8230220.260721611 t_traj:  8230207.2496877415
plunging! t_interp:  8230220.260721611 t_traj:  8230202.912606229
plunging! t_interp:  8230220.260721611 t_traj:  8230218.738123369
plunging! t_interp:  8230220.260721611 t_traj:  8230217.215227377
plunging! t_interp:  8230220.260721611 t_traj:  8230215.692426827
plunging! t_interp:  8230220.260721611 t_traj:  8230214.169561805
plunging! t_interp:  8230220.260721611 t_traj:  8230219.726226487
plunging! t_interp:  8230220.260721611 t_traj:  8230219.191521155
plunging! t_interp:  8230220.260721611 t_traj:  8230218.6568426965
plunging! t_interp:  8230220.260721611 t_traj:  8230218.121867037
plunging! t_interp:  8230220.260721611 t_traj:  8230220.073171291
plunging! t_interp:  8230220.260721611 t_traj:  8230219.885442396
plunging! t_interp:  8230220.260721611 t_traj:  8230219.698462817
plunging! t_interp:  8230220.260721611 t_traj:  8230219.50995915
plunging! t_interp:  8230220.260721611 t_traj:  8230220.1949804565
plunging! t_interp:  8230220.260721611 t_traj:  8230220.129049104
plunging! t_interp:  8230220.260721611 t_traj:  8230220.062857678
plunging! t_interp:  8230220.260721611 t_traj:  8230219.997232831
plunging! t_interp:  8230220.260721611 t_traj:  8230220.237752291
plunging! t_interp:  8230220.260721611 t_traj:  8230220.214636963
plunging! t_interp:  8230220.260721611 t_traj:  8230220.191527663
plunging! t_interp:  8230220.260721611 t_traj:  8230220.1683441615
plunging! t_interp:  8230220.260721611 t_traj:  8230220.252812421
plunging! t_interp:  8230220.260721611 t_traj:  8230220.244667251
plunging! t_interp:  8230220.260721611 t_traj:  8230220.23655809
plunging! t_interp:  8230220.260721611 t_traj:  8230220.228388574
plunging! t_interp:  8230220.260721611 t_traj:  8229840.869262984
plunging! t_interp:  8230220.260721611 t_traj:  8229935.718184805
plunging! t_interp:  8230220.260721611 t_traj:  8230030.566435108
plunging! t_interp:  8230220.260721611 t_traj:  8230125.41402652
plunging! t_interp:  8230220.260721611 t_traj:  8230087.050461228
plunging! t_interp:  8230220.260721611 t_traj:  8230120.353163793
plunging! t_interp:  8230220.260721611 t_traj:  8230153.655860569
plunging! t_interp:  8230220.260721611 t_traj:  8230186.958409593
plunging! t_interp:  8230220.260721611 t_traj:  8230173.488353842
plunging! t_interp:  8230220.260721611 t_traj:  8230185.1815351285
plunging! t_interp:  8230220.260721611 t_traj:  8230196.874650545
plunging! t_interp:  8230220.260721611 t_traj:  8230208.567789115
plunging! t_interp:  8230220.260721611 t_traj:  8230203.838188002
plunging! t_interp:  8230220.260721611 t_traj:  8230207.943880412
plunging! t_interp:  8230220.260721611 t_traj:  8230212.049558205
plunging! t_interp:  8230220.260721611 t_traj:  8230216.155238334
plunging! t_interp:  8230220.260721611 t_traj:  8230214.494565253
plunging! t_interp:  8230220.260721611 t_traj:  8230215.9361623125
plunging! t_interp:  8230220.260721611 t_traj:  8230217.37776031
plunging! t_interp:  8230220.260721611 t_traj:  8230218.819289746
plunging! t_interp:  8230220.260721611 t_traj:  8230218.236047495
plunging! t_interp:  8230220.260721611 t_traj:  8230218.742389724
plunging! t_interp:  8230220.260721611 t_traj:  8230219.248586091
plunging! t_interp:  8230220.260721611 t_traj:  8230219.754756312
plunging! t_interp:  8230220.260721611 t_traj:  8230219.54997635
plunging! t_interp:  8230220.260721611 t_traj:  8230219.728571194
plunging! t_interp:  8230220.260721611 t_traj:  8230219.905454259
plunging! t_interp:  8230220.260721611 t_traj:  8230220.083201025
plunging! t_interp:  8230220.260721611 t_traj:  8230220.011303942
plunging! t_interp:  8230220.260721611 t_traj:  8230220.073719732
plunging! t_interp:  8230220.260721611 t_traj:  8230220.136124447
plunging! t_interp:  8230220.260721611 t_traj:  8230220.198201905
plunging! t_interp:  8230220.260721611 t_traj:  8230220.173281702
plunging! t_interp:  8230220.260721611 t_traj:  8230220.195152439
plunging! t_interp:  8230220.260721611 t_traj:  8230220.217079779
plunging! t_interp:  8230220.260721611 t_traj:  8230220.239030325
plunging! t_interp:  8230220.260721611 t_traj:  8230220.230184301
plunging! t_interp:  8230220.260721611 t_traj:  8230220.237848213
plunging! t_interp:  8230220.260721611 t_traj:  8230220.245529554
plunging! t_interp:  8230220.260721611 t_traj:  8230220.253235821
plunging! t_interp:  8230220.260721611 t_traj:  8230220.250117672
plunging! t_interp:  8230220.260721611 t_traj:  8230220.252794207
plunging! t_interp:  8230220.260721611 t_traj:  8230220.255529408
plunging! t_interp:  8230220.260721611 t_traj:  8230220.258216223
plunging! t_interp:  8230220.260721611 t_traj:  8230220.256867654
plunging! t_interp:  8230220.260721611 t_traj:  8230220.258118552
plunging! t_interp:  8230220.260721611 t_traj:  8230220.259023841
plunging! t_interp:  8230220.260721611 t_traj:  8230220.2599528795
plunging! t_interp:  8230220.260721611 t_traj:  8217116.018901788
plunging! t_interp:  8230220.260721611 t_traj:  8220390.618643149
plunging! t_interp:  8230220.260721611 t_traj:  8223666.192097452
plunging! t_interp:  8230220.260721611 t_traj:  8226942.739458863
plunging! t_interp:  8230220.260721611 t_traj:  8225617.335095129
plunging! t_interp:  8230220.260721611 t_traj:  8226767.886373589
plunging! t_interp:  8230220.260721611 t_traj:  8227918.557820908
plunging! t_interp:  8230220.260721611 t_traj:  8229069.349301041
plunging! t_interp:  8230220.260721611 t_traj:  8228603.86727835
plunging! t_interp:  8230220.260721611 t_traj:  8229007.942864914
plunging! t_interp:  8230220.260721611 t_traj:  8229412.034135547
plunging! t_interp:  8230220.260721611 t_traj:  8229816.140090479
plunging! t_interp:  8230220.260721611 t_traj:  8229652.686863122
plunging! t_interp:  8230220.260721611 t_traj:  8229794.577653918
plunging! t_interp:  8230220.260721611 t_traj:  8229936.47022337
plunging! t_interp:  8230220.260721611 t_traj:  8230078.3646760415
plunging! t_interp:  8230220.260721611 t_traj:  8230020.9714642875
plunging! t_interp:  8230220.260721611 t_traj:  8230070.793510078
plunging! t_interp:  8230220.260721611 t_traj:  8230120.615729311
plunging! t_interp:  8230220.260721611 t_traj:  8230170.438223705
plunging! t_interp:  8230220.260721611 t_traj:  8230150.285957306
plunging! t_interp:  8230220.260721611 t_traj:  8230167.779792446
plunging! t_interp:  8230220.260721611 t_traj:  8230185.273499136
plunging! t_interp:  8230220.260721611 t_traj:  8230202.76687175
plunging! t_interp:  8230220.260721611 t_traj:  8230195.691386358
plunging! t_interp:  8230220.260721611 t_traj:  8230201.833751391
plunging! t_interp:  8230220.260721611 t_traj:  8230207.976174998
plunging! t_interp:  8230220.260721611 t_traj:  8230214.118526654
plunging! t_interp:  8230220.260721611 t_traj:  8230211.6340695815
plunging! t_interp:  8230220.260721611 t_traj:  8230213.790747713
plunging! t_interp:  8230220.260721611 t_traj:  8230215.947483296
plunging! t_interp:  8230220.260721611 t_traj:  8230218.104210836
plunging! t_interp:  8230220.260721611 t_traj:  8230217.23173152
plunging! t_interp:  8230220.260721611 t_traj:  8230217.9891498685
plunging! t_interp:  8230220.260721611 t_traj:  8230218.746384139
plunging! t_interp:  8230220.260721611 t_traj:  8230219.503653285
plunging! t_interp:  8230220.260721611 t_traj:  8230219.1973432945
plunging! t_interp:  8230220.260721611 t_traj:  8230219.463296574
plunging! t_interp:  8230220.260721611 t_traj:  8230219.729139971
plunging! t_interp:  8230220.260721611 t_traj:  8230219.99501434
plunging! t_interp:  8230220.260721611 t_traj:  8230219.887485161
plunging! t_interp:  8230220.260721611 t_traj:  8230219.980888206
plunging! t_interp:  8230220.260721611 t_traj:  8230220.073921992
plunging! t_interp:  8230220.260721611 t_traj:  8230220.1675690925
plunging! t_interp:  8230220.260721611 t_traj:  8230220.129597511
plunging! t_interp:  8230220.260721611 t_traj:  8230220.162614212
plunging! t_interp:  8230220.260721611 t_traj:  8230220.195361016
plunging! t_interp:  8230220.260721611 t_traj:  8230220.228134634
plunging! t_interp:  8230220.260721611 t_traj:  8230075.5707102325
plunging! t_interp:  8230220.260721611 t_traj:  8230111.735595306
plunging! t_interp:  8230220.260721611 t_traj:  8230147.905610369
plunging! t_interp:  8230220.260721611 t_traj:  8230184.080703084
plunging! t_interp:  8230220.260721611 t_traj:  8230169.448097304
plunging! t_interp:  8230220.260721611 t_traj:  8230182.150322378
plunging! t_interp:  8230220.260721611 t_traj:  8230194.853256878
plunging! t_interp:  8230220.260721611 t_traj:  8230207.556776777
plunging! t_interp:  8230220.260721611 t_traj:  8230202.41842376
plunging! t_interp:  8230220.260721611 t_traj:  8230206.878920967
plunging! t_interp:  8230220.260721611 t_traj:  8230211.339270933
plunging! t_interp:  8230220.260721611 t_traj:  8230215.800181957
plunging! t_interp:  8230220.260721611 t_traj:  8230213.995916331
plunging! t_interp:  8230220.260721611 t_traj:  8230215.562160263
plunging! t_interp:  8230220.260721611 t_traj:  8230217.128380582
plunging! t_interp:  8230220.260721611 t_traj:  8230218.694644035
plunging! t_interp:  8230220.260721611 t_traj:  8230218.061159286
plunging! t_interp:  8230220.260721611 t_traj:  8230218.611113212
plunging! t_interp:  8230220.260721611 t_traj:  8230219.160779862
plunging! t_interp:  8230220.260721611 t_traj:  8230219.711001978
plunging! t_interp:  8230220.260721611 t_traj:  8230219.488520097
plunging! t_interp:  8230220.260721611 t_traj:  8230219.681645043
plunging! t_interp:  8230220.260721611 t_traj:  8230219.874728752
plunging! t_interp:  8230220.260721611 t_traj:  8230220.067868965
plunging! t_interp:  8230220.260721611 t_traj:  8230219.989713001
plunging! t_interp:  8230220.260721611 t_traj:  8230220.057506494
plunging! t_interp:  8230220.260721611 t_traj:  8230220.125315332
plunging! t_interp:  8230220.260721611 t_traj:  8230220.193129563
plunging! t_interp:  8230220.260721611 t_traj:  8230220.165743003
plunging! t_interp:  8230220.260721611 t_traj:  8230220.189231969
plunging! t_interp:  8230220.260721611 t_traj:  8230220.213315528
plunging! t_interp:  8230220.260721611 t_traj:  8230220.237096615
plunging! t_interp:  8230220.260721611 t_traj:  8230220.227480628
plunging! t_interp:  8230220.260721611 t_traj:  8230220.235644989
plunging! t_interp:  8230220.260721611 t_traj:  8230220.244203644
plunging! t_interp:  8230220.260721611 t_traj:  8230220.252545806
plunging! t_interp:  8230220.260721611 t_traj:  8230220.249166154
plunging! t_interp:  8230220.260721611 t_traj:  8230220.252127933
plunging! t_interp:  8230220.260721611 t_traj:  8230220.255027395
plunging! t_interp:  8230220.260721611 t_traj:  8230220.258004236
plunging! t_interp:  8230220.260721611 t_traj:  8230220.256839576
plunging! t_interp:  8230220.260721611 t_traj:  8230220.257880222
plunging! t_interp:  8230220.260721611 t_traj:  8230220.258877291
plunging! t_interp:  8230220.260721611 t_traj:  8230220.2598708
plunging! t_interp:  8230220.260721611 t_traj:  8230220.259491103
plunging! t_interp:  8230220.260721611 t_traj:  8230220.259846835
plunging! t_interp:  8230220.260721611 t_traj:  8230220.260180353
plunging! t_interp:  8230220.260721611 t_traj:  8230220.260573569
plunging! t_interp:  8230220.260721611 t_traj:  8228302.142806183
plunging! t_interp:  8230220.260721611 t_traj:  8226384.941222248
plunging! t_interp:  8230220.260721611 t_traj:  8224468.655593789
plunging! t_interp:  8230220.260721611 t_traj:  8222553.285136351
plunging! t_interp:  8230220.260721611 t_traj:  8229546.668391587
plunging! t_interp:  8230220.260721611 t_traj:  8228873.18899643
plunging! t_interp:  8230220.260721611 t_traj:  8228199.822513995
plunging! t_interp:  8230220.260721611 t_traj:  8227526.569078719
plunging! t_interp:  8230220.260721611 t_traj:  8229983.736788716
plunging! t_interp:  8230220.260721611 t_traj:  8229747.226651752
plunging! t_interp:  8230220.260721611 t_traj:  8229510.7303757565
plunging! t_interp:  8230220.260721611 t_traj:  8229274.248050673
plunging! t_interp:  8230220.260721611 t_traj:  8230137.211195867
plunging! t_interp:  8230220.260721611 t_traj:  8230054.163169783
plunging! t_interp:  8230220.260721611 t_traj:  8229971.1168408245
plunging! t_interp:  8230220.260721611 t_traj:  8229888.07226499
plunging! t_interp:  8230220.260721611 t_traj:  8230191.100403283
plunging! t_interp:  8230220.260721611 t_traj:  8230161.940040793
plunging! t_interp:  8230220.260721611 t_traj:  8230132.779620131
plunging! t_interp:  8230220.260721611 t_traj:  8230103.619921514
plunging! t_interp:  8230220.260721611 t_traj:  8230210.022089268
plunging! t_interp:  8230220.260721611 t_traj:  8230199.783240276
plunging! t_interp:  8230220.260721611 t_traj:  8230189.544485438
plunging! t_interp:  8230220.260721611 t_traj:  8230179.30567873
plunging! t_interp:  8230220.260721611 t_traj:  8230216.665853247
plunging! t_interp:  8230220.260721611 t_traj:  8230213.070820566
plunging! t_interp:  8230220.260721611 t_traj:  8230209.4754431145
plunging! t_interp:  8230220.260721611 t_traj:  8230205.880691644
plunging! t_interp:  8230220.260721611 t_traj:  8230218.998634387
plunging! t_interp:  8230220.260721611 t_traj:  8230217.736193515
plunging! t_interp:  8230220.260721611 t_traj:  8230216.474040894
plunging! t_interp:  8230220.260721611 t_traj:  8230215.211718806
plunging! t_interp:  8230220.260721611 t_traj:  8230219.8176642265
plunging! t_interp:  8230220.260721611 t_traj:  8230219.374495681
plunging! t_interp:  8230220.260721611 t_traj:  8230218.931270319
plunging! t_interp:  8230220.260721611 t_traj:  8230218.488056029
plunging! t_interp:  8230220.260721611 t_traj:  8230220.105338406
plunging! t_interp:  8230220.260721611 t_traj:  8230219.949689462
plunging! t_interp:  8230220.260721611 t_traj:  8230219.794041558
plunging! t_interp:  8230220.260721611 t_traj:  8230219.63844209
plunging! t_interp:  8230220.260721611 t_traj:  8230220.206286716
plunging! t_interp:  8230220.260721611 t_traj:  8230220.151640899
plunging! t_interp:  8230220.260721611 t_traj:  8230220.096968107
plunging! t_interp:  8230220.260721611 t_traj:  8230220.042347921
plunging! t_interp:  8230220.260721611 t_traj:  8230220.241778238
plunging! t_interp:  8230220.260721611 t_traj:  8230220.22258585
plunging! t_interp:  8230220.260721611 t_traj:  8230220.20340613
plunging! t_interp:  8230220.260721611 t_traj:  8230220.184180332
plunging! t_interp:  8230220.260721611 t_traj:  8230170.653774858
plunging! t_interp:  8230220.260721611 t_traj:  8230183.052544527
plunging! t_interp:  8230220.260721611 t_traj:  8230195.453373359
plunging! t_interp:  8230220.260721611 t_traj:  8230207.856107538
plunging! t_interp:  8230220.260721611 t_traj:  8230202.839238039
plunging! t_interp:  8230220.260721611 t_traj:  8230207.194293153
plunging! t_interp:  8230220.260721611 t_traj:  8230211.549610092
plunging! t_interp:  8230220.260721611 t_traj:  8230215.905136237
plunging! t_interp:  8230220.260721611 t_traj:  8230214.143389558
plunging! t_interp:  8230220.260721611 t_traj:  8230215.672763535
plunging! t_interp:  8230220.260721611 t_traj:  8230217.202093108
plunging! t_interp:  8230220.260721611 t_traj:  8230218.73150841
plunging! t_interp:  8230220.260721611 t_traj:  8230218.112859391
plunging! t_interp:  8230220.260721611 t_traj:  8230218.649888752
plunging! t_interp:  8230220.260721611 t_traj:  8230219.186876548
plunging! t_interp:  8230220.260721611 t_traj:  8230219.723904506
plunging! t_interp:  8230220.260721611 t_traj:  8230219.506711267
plunging! t_interp:  8230220.260721611 t_traj:  8230219.695258915
plunging! t_interp:  8230220.260721611 t_traj:  8230219.883855937
plunging! t_interp:  8230220.260721611 t_traj:  8230220.072337072
plunging! t_interp:  8230220.260721611 t_traj:  8230219.9960696045
plunging! t_interp:  8230220.260721611 t_traj:  8230220.06227807
plunging! t_interp:  8230220.260721611 t_traj:  8230220.128496784
plunging! t_interp:  8230220.260721611 t_traj:  8230220.194762558
plunging! t_interp:  8230220.260721611 t_traj:  8230220.167920281
plunging! t_interp:  8230220.260721611 t_traj:  8230220.191197974
plunging! t_interp:  8230220.260721611 t_traj:  8230220.214453038
plunging! t_interp:  8230220.260721611 t_traj:  8230220.23766013
plunging! t_interp:  8230220.260721611 t_traj:  8230220.228277734
plunging! t_interp:  8230220.260721611 t_traj:  8230220.236441764
plunging! t_interp:  8230220.260721611 t_traj:  8230220.244608908
plunging! t_interp:  8230220.260721611 t_traj:  8230220.252619047
plunging! t_interp:  8230220.260721611 t_traj:  8230220.249488063
plunging! t_interp:  8230220.260721611 t_traj:  8230220.252126841
plunging! t_interp:  8230220.260721611 t_traj:  8230220.255190643
plunging! t_interp:  8230220.260721611 t_traj:  8230220.258096889
plunging! t_interp:  8230220.260721611 t_traj:  8230220.256621131
plunging! t_interp:  8230220.260721611 t_traj:  8230220.257950355
plunging! t_interp:  8230220.260721611 t_traj:  8230220.258891604
plunging! t_interp:  8230220.260721611 t_traj:  8230220.259912311
plunging! t_interp:  8230220.260721611 t_traj:  8230220.259513878
plunging! t_interp:  8230220.260721611 t_traj:  8230220.259850451
plunging! t_interp:  8230220.260721611 t_traj:  8230220.260185949
plunging! t_interp:  8230220.260721611 t_traj:  8230220.260534873
plunging! t_interp:  8230220.260721611 t_traj:  8230220.26043727
plunging! t_interp:  8230220.260721611 t_traj:  8230220.260547506
Time taken to compute stable deltas is 91.47453999519348 seconds
calculating Fisher matrix...
plunging! t_interp:  8230220.260721611 t_traj:  8230220.19546768
plunging! t_interp:  8230220.260721611 t_traj:  8230220.211867441
plunging! t_interp:  8230220.260721611 t_traj:  8230220.228206807
plunging! t_interp:  8230220.260721611 t_traj:  8230220.244582199
plunging! t_interp:  8230220.260721611 t_traj:  8230220.073171291
plunging! t_interp:  8230220.260721611 t_traj:  8230219.885442396
plunging! t_interp:  8230220.260721611 t_traj:  8230219.698462817
plunging! t_interp:  8230220.260721611 t_traj:  8230219.50995915
plunging! t_interp:  8230220.260721611 t_traj:  8230219.54997635
plunging! t_interp:  8230220.260721611 t_traj:  8230219.728571194
plunging! t_interp:  8230220.260721611 t_traj:  8230219.905454259
plunging! t_interp:  8230220.260721611 t_traj:  8230220.083201025
plunging! t_interp:  8230220.260721611 t_traj:  8230219.1973432945
plunging! t_interp:  8230220.260721611 t_traj:  8230219.463296574
plunging! t_interp:  8230220.260721611 t_traj:  8230219.729139971
plunging! t_interp:  8230220.260721611 t_traj:  8230219.99501434
plunging! t_interp:  8230220.260721611 t_traj:  8230220.227480628
plunging! t_interp:  8230220.260721611 t_traj:  8230220.235644989
plunging! t_interp:  8230220.260721611 t_traj:  8230220.244203644
plunging! t_interp:  8230220.260721611 t_traj:  8230220.252545806
plunging! t_interp:  8230220.260721611 t_traj:  8230220.105338406
plunging! t_interp:  8230220.260721611 t_traj:  8230219.949689462
plunging! t_interp:  8230220.260721611 t_traj:  8230219.794041558
plunging! t_interp:  8230220.260721611 t_traj:  8230219.63844209
plunging! t_interp:  8230220.260721611 t_traj:  8230220.167920281
plunging! t_interp:  8230220.260721611 t_traj:  8230220.191197974
plunging! t_interp:  8230220.260721611 t_traj:  8230220.214453038
plunging! t_interp:  8230220.260721611 t_traj:  8230220.23766013
Finished derivatives
Calculated Fisher is *atleast* positive-definite.
Time taken to compute FM is 8.638051509857178 seconds
    CV from_NMdev#1 it   5 lam=2.2e+10 ov=0.9962818 chi2=8.677e+02 rel=1.0e-06
Body is not plunging, Fisher should be stable.
waveform shape: (3, 6311629)
Computing SNR for parameters: (np.float64(1001219.7965001715), np.float64(4979.160049932016), np.float64(0.7039661373013966), np.float64(24.96822969527315), np.float64(0.25047782371820354), 1.0, 12.0, np.float64(0.7854543559857374), np.float64(1.0028213478027166), 1.0, 1.0471975511965976, np.float64(1.0215060809312602), 0.5, np.float64(0.2872462296788431), 0.95, False, False, False, True, np.float64(-3.178568781023548), np.float64(0.10497865961658434), 0.0, 0.0)
Waveform Generated. SNR: 341.2331766071287
calculating Fisher matrix...
plunging! t_interp:  8230220.260936797 t_traj:  8230220.195466819
plunging! t_interp:  8230220.260936797 t_traj:  8230220.211867985
plunging! t_interp:  8230220.260936797 t_traj:  8230220.228197748
plunging! t_interp:  8230220.260936797 t_traj:  8230220.244598762
plunging! t_interp:  8230220.260936797 t_traj:  8230220.07316311
plunging! t_interp:  8230220.260936797 t_traj:  8230219.885435464
plunging! t_interp:  8230220.260936797 t_traj:  8230219.697701724
plunging! t_interp:  8230220.260936797 t_traj:  8230219.509963586
plunging! t_interp:  8230220.260936797 t_traj:  8230219.550060371
plunging! t_interp:  8230220.260936797 t_traj:  8230219.727760503
plunging! t_interp:  8230220.260936797 t_traj:  8230219.905454575
plunging! t_interp:  8230220.260936797 t_traj:  8230220.083201255
plunging! t_interp:  8230220.260936797 t_traj:  8230219.197339319
plunging! t_interp:  8230220.260936797 t_traj:  8230219.463251938
plunging! t_interp:  8230220.260936797 t_traj:  8230219.729160225
plunging! t_interp:  8230220.260936797 t_traj:  8230219.995013253
plunging! t_interp:  8230220.260936797 t_traj:  8230220.227479271
plunging! t_interp:  8230220.260936797 t_traj:  8230220.235849072
plunging! t_interp:  8230220.260936797 t_traj:  8230220.244211246
plunging! t_interp:  8230220.260936797 t_traj:  8230220.252544929
plunging! t_interp:  8230220.260936797 t_traj:  8230220.105300936
plunging! t_interp:  8230220.260936797 t_traj:  8230219.9493953865
plunging! t_interp:  8230220.260936797 t_traj:  8230219.79406375
plunging! t_interp:  8230220.260936797 t_traj:  8230219.638485569
plunging! t_interp:  8230220.260936797 t_traj:  8230220.167936483
plunging! t_interp:  8230220.260936797 t_traj:  8230220.191209611
plunging! t_interp:  8230220.260936797 t_traj:  8230220.21446227
plunging! t_interp:  8230220.260936797 t_traj:  8230220.237712668
Finished derivatives
Calculated Fisher is *atleast* positive-definite.
Time taken to compute FM is 9.352344751358032 seconds
    CV from_NMdev#1 it   6 lam=7.4e+09 ov=0.9962818 chi2=8.677e+02 rel=4.9e-07
Body is not plunging, Fisher should be stable.
waveform shape: (3, 6311629)
Computing SNR for parameters: (np.float64(1001219.7965001715), np.float64(4979.160049932016), np.float64(0.7039661373013966), np.float64(24.96822969527315), np.float64(0.25047782371820354), 1.0, 12.0, np.float64(0.785454355985738), np.float64(1.0028213478026986), 1.0, 1.0471975511965976, np.float64(1.0215060809312693), 0.5, np.float64(0.28724622967881597), 0.95, False, False, False, True, np.float64(-3.178568781023547), np.float64(0.10497865961658681), 0.0, 0.0)
Waveform Generated. SNR: 341.23317671693314
calculating Fisher matrix...
plunging! t_interp:  8230220.260926994 t_traj:  8230220.195494873
plunging! t_interp:  8230220.260926994 t_traj:  8230220.211820423
plunging! t_interp:  8230220.260926994 t_traj:  8230220.228193857
plunging! t_interp:  8230220.260926994 t_traj:  8230220.24460547
plunging! t_interp:  8230220.260926994 t_traj:  8230220.07315687
plunging! t_interp:  8230220.260926994 t_traj:  8230219.885449089
plunging! t_interp:  8230220.260926994 t_traj:  8230219.697736481
plunging! t_interp:  8230220.260926994 t_traj:  8230219.509938373
plunging! t_interp:  8230220.260926994 t_traj:  8230219.550032165
plunging! t_interp:  8230220.260926994 t_traj:  8230219.727749474
plunging! t_interp:  8230220.260926994 t_traj:  8230219.905281302
plunging! t_interp:  8230220.260926994 t_traj:  8230220.083207638
plunging! t_interp:  8230220.260926994 t_traj:  8230219.197362227
plunging! t_interp:  8230220.260926994 t_traj:  8230219.463239627
plunging! t_interp:  8230220.260926994 t_traj:  8230219.729155223
plunging! t_interp:  8230220.260926994 t_traj:  8230219.995075098
plunging! t_interp:  8230220.260926994 t_traj:  8230220.227457044
plunging! t_interp:  8230220.260926994 t_traj:  8230220.2358240355
plunging! t_interp:  8230220.260926994 t_traj:  8230220.244215412
plunging! t_interp:  8230220.260926994 t_traj:  8230220.252545423
plunging! t_interp:  8230220.260926994 t_traj:  8230220.10531363
plunging! t_interp:  8230220.260926994 t_traj:  8230219.949695645
plunging! t_interp:  8230220.260926994 t_traj:  8230219.794081529
plunging! t_interp:  8230220.260926994 t_traj:  8230219.638481126
plunging! t_interp:  8230220.260926994 t_traj:  8230220.167911871
plunging! t_interp:  8230220.260926994 t_traj:  8230220.191185751
plunging! t_interp:  8230220.260926994 t_traj:  8230220.214424378
plunging! t_interp:  8230220.260926994 t_traj:  8230220.237686786
Finished derivatives
Calculated Fisher is *atleast* positive-definite.
Time taken to compute FM is 9.500291585922241 seconds
    CV from_NMdev#1 it   7 lam=2.5e+12 ov=0.9962818 chi2=8.677e+02 rel=7.5e-12
    NM  nfev=1420 ov 0.9962818 -> 0.9966212 (accepted=True)
Body is not plunging, Fisher should be stable.
waveform shape: (3, 6311629)
Computing SNR for parameters: (np.float64(1001219.4286039228), np.float64(4979.138440159259), np.float64(0.7039663663605313), np.float64(24.96822146270773), np.float64(0.2504803225005765), 1.0, 12.0, np.float64(0.7859946137900893), np.float64(1.0033529450048266), 1.0, 1.0471975511965976, np.float64(1.0214137185581627), 0.5, np.float64(0.2997425066023176), 0.95, False, False, False, True, np.float64(-3.182308505356453), np.float64(0.1049244826326924), 0.0, 0.0)
Waveform Generated. SNR: 341.470731687561
calculating stable deltas...
plunging! t_interp:  8230219.994918164 t_traj:  8223678.433573028
plunging! t_interp:  8230219.994918164 t_traj:  8225313.580046577
plunging! t_interp:  8230219.994918164 t_traj:  8226948.889086565
plunging! t_interp:  8230219.994918164 t_traj:  8228584.360733801
plunging! t_interp:  8230219.994918164 t_traj:  8227922.831049162
plunging! t_interp:  8230219.994918164 t_traj:  8228497.09194605
plunging! t_interp:  8230219.994918164 t_traj:  8229071.372881851
plunging! t_interp:  8230219.994918164 t_traj:  8229645.673853572
plunging! t_interp:  8230219.994918164 t_traj:  8229413.379802369
plunging! t_interp:  8230219.994918164 t_traj:  8229615.030087101
plunging! t_interp:  8230219.994918164 t_traj:  8229816.68254768
plunging! t_interp:  8230219.994918164 t_traj:  8230018.337517118
plunging! t_interp:  8230219.994918164 t_traj:  8229936.772492503
plunging! t_interp:  8230219.994918164 t_traj:  8230007.577615108
plunging! t_interp:  8230219.994918164 t_traj:  8230078.383127056
plunging! t_interp:  8230219.994918164 t_traj:  8230149.188859046
plunging! t_interp:  8230219.994918164 t_traj:  8230120.549507106
plunging! t_interp:  8230219.994918164 t_traj:  8230145.410560088
plunging! t_interp:  8230219.994918164 t_traj:  8230170.272130513
plunging! t_interp:  8230219.994918164 t_traj:  8230195.133526238
plunging! t_interp:  8230219.994918164 t_traj:  8230185.077685732
plunging! t_interp:  8230219.994918164 t_traj:  8230193.80696331
plunging! t_interp:  8230219.994918164 t_traj:  8230202.536283075
plunging! t_interp:  8230219.994918164 t_traj:  8230211.265604959
plunging! t_interp:  8230219.994918164 t_traj:  8230207.734780496
plunging! t_interp:  8230219.994918164 t_traj:  8230210.79986577
plunging! t_interp:  8230219.994918164 t_traj:  8230213.86488602
plunging! t_interp:  8230219.994918164 t_traj:  8230216.92986191
plunging! t_interp:  8230219.994918164 t_traj:  8230215.690131026
plunging! t_interp:  8230219.994918164 t_traj:  8230216.766350792
plunging! t_interp:  8230219.994918164 t_traj:  8230217.84253645
plunging! t_interp:  8230219.994918164 t_traj:  8230218.918738151
plunging! t_interp:  8230219.994918164 t_traj:  8230218.483425316
plunging! t_interp:  8230219.994918164 t_traj:  8230218.861326442
plunging! t_interp:  8230219.994918164 t_traj:  8230219.239169222
plunging! t_interp:  8230219.994918164 t_traj:  8230219.61703978
plunging! t_interp:  8230219.994918164 t_traj:  8230219.464199278
plunging! t_interp:  8230219.994918164 t_traj:  8230219.596897528
plunging! t_interp:  8230219.994918164 t_traj:  8230219.7295691
plunging! t_interp:  8230219.994918164 t_traj:  8230219.862282358
plunging! t_interp:  8230219.994918164 t_traj:  8230219.808577228
plunging! t_interp:  8230219.994918164 t_traj:  8230219.8551756395
plunging! t_interp:  8230219.994918164 t_traj:  8230219.90178188
plunging! t_interp:  8230219.994918164 t_traj:  8230219.948275799
plunging! t_interp:  8230219.994918164 t_traj:  8230219.929490676
plunging! t_interp:  8230219.994918164 t_traj:  8230219.945639504
plunging! t_interp:  8230219.994918164 t_traj:  8230219.961908797
plunging! t_interp:  8230219.994918164 t_traj:  8230219.978606568
plunging! t_interp:  8230219.994918164 t_traj:  8229407.3827324975
plunging! t_interp:  8230219.994918164 t_traj:  8228594.933069696
plunging! t_interp:  8230219.994918164 t_traj:  8227782.645527165
plunging! t_interp:  8230219.994918164 t_traj:  8226970.52182309
plunging! t_interp:  8230219.994918164 t_traj:  8229934.652691022
plunging! t_interp:  8230219.994918164 t_traj:  8229649.3305090545
plunging! t_interp:  8230219.994918164 t_traj:  8229364.028337702
plunging! t_interp:  8230219.994918164 t_traj:  8229078.746242647
plunging! t_interp:  8230219.994918164 t_traj:  8230119.803513569
plunging! t_interp:  8230219.994918164 t_traj:  8230019.61454882
plunging! t_interp:  8230219.994918164 t_traj:  8229919.427819608
plunging! t_interp:  8230219.994918164 t_traj:  8229819.243795957
plunging! t_interp:  8230219.994918164 t_traj:  8230184.8155017765
plunging! t_interp:  8230219.994918164 t_traj:  8230149.636383565
plunging! t_interp:  8230219.994918164 t_traj:  8230114.457594492
plunging! t_interp:  8230219.994918164 t_traj:  8230079.279134317
plunging! t_interp:  8230219.994918164 t_traj:  8230207.6427615965
plunging! t_interp:  8230219.994918164 t_traj:  8230195.290571644
plunging! t_interp:  8230219.994918164 t_traj:  8230182.938380028
plunging! t_interp:  8230219.994918164 t_traj:  8230170.586357975
plunging! t_interp:  8230219.994918164 t_traj:  8230215.657835438
plunging! t_interp:  8230219.994918164 t_traj:  8230211.320724557
plunging! t_interp:  8230219.994918164 t_traj:  8230206.983644293
plunging! t_interp:  8230219.994918164 t_traj:  8230202.646564421
plunging! t_interp:  8230219.994918164 t_traj:  8230218.472075173
plunging! t_interp:  8230219.994918164 t_traj:  8230216.949207941
plunging! t_interp:  8230219.994918164 t_traj:  8230215.426407735
plunging! t_interp:  8230219.994918164 t_traj:  8230213.903551294
plunging! t_interp:  8230219.994918164 t_traj:  8230219.460248512
plunging! t_interp:  8230219.994918164 t_traj:  8230218.925555222
plunging! t_interp:  8230219.994918164 t_traj:  8230218.390867327
plunging! t_interp:  8230219.994918164 t_traj:  8230217.855854505
plunging! t_interp:  8230219.994918164 t_traj:  8230219.8071794
plunging! t_interp:  8230219.994918164 t_traj:  8230219.619476441
plunging! t_interp:  8230219.994918164 t_traj:  8230219.431685924
plunging! t_interp:  8230219.994918164 t_traj:  8230219.243921959
plunging! t_interp:  8230219.994918164 t_traj:  8230219.929040208
plunging! t_interp:  8230219.994918164 t_traj:  8230219.863084802
plunging! t_interp:  8230219.994918164 t_traj:  8230219.797170883
plunging! t_interp:  8230219.994918164 t_traj:  8230219.731230004
plunging! t_interp:  8230219.994918164 t_traj:  8230219.971715761
plunging! t_interp:  8230219.994918164 t_traj:  8230219.948661805
plunging! t_interp:  8230219.994918164 t_traj:  8230219.925495519
plunging! t_interp:  8230219.994918164 t_traj:  8230219.90233422
plunging! t_interp:  8230219.994918164 t_traj:  8230219.986836787
plunging! t_interp:  8230219.994918164 t_traj:  8230219.978368783
plunging! t_interp:  8230219.994918164 t_traj:  8230219.970330162
plunging! t_interp:  8230219.994918164 t_traj:  8230219.9624116225
plunging! t_interp:  8230219.994918164 t_traj:  8229840.604098617
plunging! t_interp:  8230219.994918164 t_traj:  8229935.452795264
plunging! t_interp:  8230219.994918164 t_traj:  8230030.300847536
plunging! t_interp:  8230219.994918164 t_traj:  8230125.148986186
plunging! t_interp:  8230219.994918164 t_traj:  8230086.78474327
plunging! t_interp:  8230219.994918164 t_traj:  8230120.087428294
plunging! t_interp:  8230219.994918164 t_traj:  8230153.389798049
plunging! t_interp:  8230219.994918164 t_traj:  8230186.692509972
plunging! t_interp:  8230219.994918164 t_traj:  8230173.222429957
plunging! t_interp:  8230219.994918164 t_traj:  8230184.915567679
plunging! t_interp:  8230219.994918164 t_traj:  8230196.608738251
plunging! t_interp:  8230219.994918164 t_traj:  8230208.301787664
plunging! t_interp:  8230219.994918164 t_traj:  8230203.572219939
plunging! t_interp:  8230219.994918164 t_traj:  8230207.677897842
plunging! t_interp:  8230219.994918164 t_traj:  8230211.78360834
plunging! t_interp:  8230219.994918164 t_traj:  8230215.889221488
plunging! t_interp:  8230219.994918164 t_traj:  8230214.228324114
plunging! t_interp:  8230219.994918164 t_traj:  8230215.66989302
plunging! t_interp:  8230219.994918164 t_traj:  8230217.111560494
plunging! t_interp:  8230219.994918164 t_traj:  8230218.553009309
plunging! t_interp:  8230219.994918164 t_traj:  8230217.97022963
plunging! t_interp:  8230219.994918164 t_traj:  8230218.476386825
plunging! t_interp:  8230219.994918164 t_traj:  8230218.982583374
plunging! t_interp:  8230219.994918164 t_traj:  8230219.488785246
plunging! t_interp:  8230219.994918164 t_traj:  8230219.284019038
plunging! t_interp:  8230219.994918164 t_traj:  8230219.461728964
plunging! t_interp:  8230219.994918164 t_traj:  8230219.63947338
plunging! t_interp:  8230219.994918164 t_traj:  8230219.817176868
plunging! t_interp:  8230219.994918164 t_traj:  8230219.745113005
plunging! t_interp:  8230219.994918164 t_traj:  8230219.807714123
plunging! t_interp:  8230219.994918164 t_traj:  8230219.87015265
plunging! t_interp:  8230219.994918164 t_traj:  8230219.932533096
plunging! t_interp:  8230219.994918164 t_traj:  8230219.90728179
plunging! t_interp:  8230219.994918164 t_traj:  8230219.929187593
plunging! t_interp:  8230219.994918164 t_traj:  8230219.950965489
plunging! t_interp:  8230219.994918164 t_traj:  8230219.9730177345
plunging! t_interp:  8230219.994918164 t_traj:  8230219.964154535
plunging! t_interp:  8230219.994918164 t_traj:  8230219.97185323
plunging! t_interp:  8230219.994918164 t_traj:  8230219.979332589
plunging! t_interp:  8230219.994918164 t_traj:  8230219.987227565
plunging! t_interp:  8230219.994918164 t_traj:  8230219.983851466
plunging! t_interp:  8230219.994918164 t_traj:  8230219.986819405
plunging! t_interp:  8230219.994918164 t_traj:  8230219.989500182
plunging! t_interp:  8230219.994918164 t_traj:  8230219.9922019215
plunging! t_interp:  8230219.994918164 t_traj:  8230219.991137842
plunging! t_interp:  8230219.994918164 t_traj:  8230219.9920821795
plunging! t_interp:  8230219.994918164 t_traj:  8230219.992988045
plunging! t_interp:  8230219.994918164 t_traj:  8230219.993973978
plunging! t_interp:  8230219.994918164 t_traj:  8217115.748537039
plunging! t_interp:  8230219.994918164 t_traj:  8220390.349398995
plunging! t_interp:  8230219.994918164 t_traj:  8223665.923926127
plunging! t_interp:  8230219.994918164 t_traj:  8226942.472392104
plunging! t_interp:  8230219.994918164 t_traj:  8225617.067539582
plunging! t_interp:  8230219.994918164 t_traj:  8226767.619281115
plunging! t_interp:  8230219.994918164 t_traj:  8227918.2910362445
plunging! t_interp:  8230219.994918164 t_traj:  8229069.082922244
plunging! t_interp:  8230219.994918164 t_traj:  8228603.599956702
plunging! t_interp:  8230219.994918164 t_traj:  8229007.676489779
plunging! t_interp:  8230219.994918164 t_traj:  8229411.767827496
plunging! t_interp:  8230219.994918164 t_traj:  8229815.87382531
plunging! t_interp:  8230219.994918164 t_traj:  8229652.420679023
plunging! t_interp:  8230219.994918164 t_traj:  8229794.311467252
plunging! t_interp:  8230219.994918164 t_traj:  8229936.204123519
plunging! t_interp:  8230219.994918164 t_traj:  8230078.098650699
plunging! t_interp:  8230219.994918164 t_traj:  8230020.7053975975
plunging! t_interp:  8230219.994918164 t_traj:  8230070.527466984
plunging! t_interp:  8230219.994918164 t_traj:  8230120.349690851
plunging! t_interp:  8230219.994918164 t_traj:  8230170.172202192
plunging! t_interp:  8230219.994918164 t_traj:  8230150.0201107785
plunging! t_interp:  8230219.994918164 t_traj:  8230167.513768055
plunging! t_interp:  8230219.994918164 t_traj:  8230185.007516873
plunging! t_interp:  8230219.994918164 t_traj:  8230202.501156872
plunging! t_interp:  8230219.994918164 t_traj:  8230195.425349161
plunging! t_interp:  8230219.994918164 t_traj:  8230201.567724764
plunging! t_interp:  8230219.994918164 t_traj:  8230207.71015524
plunging! t_interp:  8230219.994918164 t_traj:  8230213.85254421
plunging! t_interp:  8230219.994918164 t_traj:  8230211.368077798
plunging! t_interp:  8230219.994918164 t_traj:  8230213.524763433
plunging! t_interp:  8230219.994918164 t_traj:  8230215.681252202
plunging! t_interp:  8230219.994918164 t_traj:  8230217.838233279
plunging! t_interp:  8230219.994918164 t_traj:  8230216.965878561
plunging! t_interp:  8230219.994918164 t_traj:  8230217.723164447
plunging! t_interp:  8230219.994918164 t_traj:  8230218.480433428
plunging! t_interp:  8230219.994918164 t_traj:  8230219.237629002
plunging! t_interp:  8230219.994918164 t_traj:  8230218.931375353
plunging! t_interp:  8230219.994918164 t_traj:  8230219.197270963
plunging! t_interp:  8230219.994918164 t_traj:  8230219.463144255
plunging! t_interp:  8230219.994918164 t_traj:  8230219.729029102
plunging! t_interp:  8230219.994918164 t_traj:  8230219.621464058
plunging! t_interp:  8230219.994918164 t_traj:  8230219.714878003
plunging! t_interp:  8230219.994918164 t_traj:  8230219.808203355
plunging! t_interp:  8230219.994918164 t_traj:  8230219.901263396
plunging! t_interp:  8230219.994918164 t_traj:  8230219.8638140345
plunging! t_interp:  8230219.994918164 t_traj:  8230219.896580622
plunging! t_interp:  8230219.994918164 t_traj:  8230219.929336106
plunging! t_interp:  8230219.994918164 t_traj:  8230219.962144187
plunging! t_interp:  8230219.994918164 t_traj:  8230075.301120321
plunging! t_interp:  8230219.994918164 t_traj:  8230111.466893558
plunging! t_interp:  8230219.994918164 t_traj:  8230147.637790304
plunging! t_interp:  8230219.994918164 t_traj:  8230183.813810724
plunging! t_interp:  8230219.994918164 t_traj:  8230169.180838915
plunging! t_interp:  8230219.994918164 t_traj:  8230181.883449672
plunging! t_interp:  8230219.994918164 t_traj:  8230194.586411916
plunging! t_interp:  8230219.994918164 t_traj:  8230207.2904552985
plunging! t_interp:  8230219.994918164 t_traj:  8230202.151950621
plunging! t_interp:  8230219.994918164 t_traj:  8230206.6125967605
plunging! t_interp:  8230219.994918164 t_traj:  8230211.073328701
plunging! t_interp:  8230219.994918164 t_traj:  8230215.534053558
plunging! t_interp:  8230219.994918164 t_traj:  8230213.729635104
plunging! t_interp:  8230219.994918164 t_traj:  8230215.296035091
plunging! t_interp:  8230219.994918164 t_traj:  8230216.862322322
plunging! t_interp:  8230219.994918164 t_traj:  8230218.428603633
plunging! t_interp:  8230219.994918164 t_traj:  8230217.794884445
plunging! t_interp:  8230219.994918164 t_traj:  8230218.345077308
plunging! t_interp:  8230219.994918164 t_traj:  8230218.894957789
plunging! t_interp:  8230219.994918164 t_traj:  8230219.444984492
plunging! t_interp:  8230219.994918164 t_traj:  8230219.222313269
plunging! t_interp:  8230219.994918164 t_traj:  8230219.415587617
plunging! t_interp:  8230219.994918164 t_traj:  8230219.608720976
plunging! t_interp:  8230219.994918164 t_traj:  8230219.8018267695
plunging! t_interp:  8230219.994918164 t_traj:  8230219.723734842
plunging! t_interp:  8230219.994918164 t_traj:  8230219.791248624
plunging! t_interp:  8230219.994918164 t_traj:  8230219.859342196
plunging! t_interp:  8230219.994918164 t_traj:  8230219.927137766
plunging! t_interp:  8230219.994918164 t_traj:  8230219.899701638
plunging! t_interp:  8230219.994918164 t_traj:  8230219.923475293
plunging! t_interp:  8230219.994918164 t_traj:  8230219.947311249
plunging! t_interp:  8230219.994918164 t_traj:  8230219.971150081
plunging! t_interp:  8230219.994918164 t_traj:  8230219.961460352
plunging! t_interp:  8230219.994918164 t_traj:  8230219.969856933
plunging! t_interp:  8230219.994918164 t_traj:  8230219.978203235
plunging! t_interp:  8230219.994918164 t_traj:  8230219.9863607
plunging! t_interp:  8230219.994918164 t_traj:  8230219.98287162
plunging! t_interp:  8230219.994918164 t_traj:  8230219.9861166
plunging! t_interp:  8230219.994918164 t_traj:  8230219.989082764
plunging! t_interp:  8230219.994918164 t_traj:  8230219.991981947
plunging! t_interp:  8230219.994918164 t_traj:  8230219.990802456
plunging! t_interp:  8230219.994918164 t_traj:  8230219.991617358
plunging! t_interp:  8230219.994918164 t_traj:  8230219.992861797
plunging! t_interp:  8230219.994918164 t_traj:  8230219.993903316
plunging! t_interp:  8230219.994918164 t_traj:  8230219.993464633
plunging! t_interp:  8230219.994918164 t_traj:  8230219.993818634
plunging! t_interp:  8230219.994918164 t_traj:  8230219.99420256
plunging! t_interp:  8230219.994918164 t_traj:  8230219.994550957
plunging! t_interp:  8230219.994918164 t_traj:  8228299.633882434
plunging! t_interp:  8230219.994918164 t_traj:  8226380.191504567
plunging! t_interp:  8230219.994918164 t_traj:  8224461.667200466
plunging! t_interp:  8230219.994918164 t_traj:  8222544.060219269
plunging! t_interp:  8230219.994918164 t_traj:  8229545.614616855
plunging! t_interp:  8230219.994918164 t_traj:  8228871.347644568
plunging! t_interp:  8230219.994918164 t_traj:  8228197.193976963
plunging! t_interp:  8230219.994918164 t_traj:  8227523.153548222
plunging! t_interp:  8230219.994918164 t_traj:  8229983.194157179
plunging! t_interp:  8230219.994918164 t_traj:  8229746.407370682
plunging! t_interp:  8230219.994918164 t_traj:  8229509.634542292
plunging! t_interp:  8230219.994918164 t_traj:  8229272.875685571
plunging! t_interp:  8230219.994918164 t_traj:  8230136.848076221
plunging! t_interp:  8230219.994918164 t_traj:  8230053.702877005
plunging! t_interp:  8230219.994918164 t_traj:  8229970.559487834
plunging! t_interp:  8230219.994918164 t_traj:  8229887.41752797
plunging! t_interp:  8230219.994918164 t_traj:  8230190.800253099
plunging! t_interp:  8230219.994918164 t_traj:  8230161.605826121
plunging! t_interp:  8230219.994918164 t_traj:  8230132.411576717
plunging! t_interp:  8230219.994918164 t_traj:  8230103.217526225
plunging! t_interp:  8230219.994918164 t_traj:  8230209.744088426
plunging! t_interp:  8230219.994918164 t_traj:  8230199.493302782
plunging! t_interp:  8230219.994918164 t_traj:  8230189.24247973
plunging! t_interp:  8230219.994918164 t_traj:  8230178.991805522
plunging! t_interp:  8230219.994918164 t_traj:  8230216.395657997
plunging! t_interp:  8230219.994918164 t_traj:  8230212.796427165
plunging! t_interp:  8230219.994918164 t_traj:  8230209.197100681
plunging! t_interp:  8230219.994918164 t_traj:  8230205.597886796
plunging! t_interp:  8230219.994918164 t_traj:  8230218.731173126
plunging! t_interp:  8230219.994918164 t_traj:  8230217.467418384
plunging! t_interp:  8230219.994918164 t_traj:  8230216.203610784
plunging! t_interp:  8230219.994918164 t_traj:  8230214.939827433
plunging! t_interp:  8230219.994918164 t_traj:  8230219.550914236
plunging! t_interp:  8230219.994918164 t_traj:  8230219.107454654
plunging! t_interp:  8230219.994918164 t_traj:  8230218.6637066435
plunging! t_interp:  8230219.994918164 t_traj:  8230218.21995423
plunging! t_interp:  8230219.994918164 t_traj:  8230219.83912343
plunging! t_interp:  8230219.994918164 t_traj:  8230219.684193313
plunging! t_interp:  8230219.994918164 t_traj:  8230219.527553476
plunging! t_interp:  8230219.994918164 t_traj:  8230219.371681938
plunging! t_interp:  8230219.994918164 t_traj:  8230219.940200365
plunging! t_interp:  8230219.994918164 t_traj:  8230219.88545665
plunging! t_interp:  8230219.994918164 t_traj:  8230219.830761493
plunging! t_interp:  8230219.994918164 t_traj:  8230219.775814131
plunging! t_interp:  8230219.994918164 t_traj:  8230219.975726399
plunging! t_interp:  8230219.994918164 t_traj:  8230219.956481576
plunging! t_interp:  8230219.994918164 t_traj:  8230219.9373019375
plunging! t_interp:  8230219.994918164 t_traj:  8230219.918108656
plunging! t_interp:  8230219.994918164 t_traj:  8230170.412463884
plunging! t_interp:  8230219.994918164 t_traj:  8230182.805068984
plunging! t_interp:  8230219.994918164 t_traj:  8230195.199683019
plunging! t_interp:  8230219.994918164 t_traj:  8230207.5963118775
plunging! t_interp:  8230219.994918164 t_traj:  8230202.581940989
plunging! t_interp:  8230219.994918164 t_traj:  8230206.934776084
plunging! t_interp:  8230219.994918164 t_traj:  8230211.287920076
plunging! t_interp:  8230219.994918164 t_traj:  8230215.641288092
plunging! t_interp:  8230219.994918164 t_traj:  8230213.88044168
plunging! t_interp:  8230219.994918164 t_traj:  8230215.408979756
plunging! t_interp:  8230219.994918164 t_traj:  8230216.937584139
plunging! t_interp:  8230219.994918164 t_traj:  8230218.4662583945
plunging! t_interp:  8230219.994918164 t_traj:  8230217.847985219
plunging! t_interp:  8230219.994918164 t_traj:  8230218.384697656
plunging! t_interp:  8230219.994918164 t_traj:  8230218.921431987
plunging! t_interp:  8230219.994918164 t_traj:  8230219.458186256
plunging! t_interp:  8230219.994918164 t_traj:  8230219.241035826
plunging! t_interp:  8230219.994918164 t_traj:  8230219.429546721
plunging! t_interp:  8230219.994918164 t_traj:  8230219.617974057
plunging! t_interp:  8230219.994918164 t_traj:  8230219.806482579
plunging! t_interp:  8230219.994918164 t_traj:  8230219.730102822
plunging! t_interp:  8230219.994918164 t_traj:  8230219.79644159
plunging! t_interp:  8230219.994918164 t_traj:  8230219.862575888
plunging! t_interp:  8230219.994918164 t_traj:  8230219.92874803
plunging! t_interp:  8230219.994918164 t_traj:  8230219.901974405
plunging! t_interp:  8230219.994918164 t_traj:  8230219.925219641
plunging! t_interp:  8230219.994918164 t_traj:  8230219.948450751
plunging! t_interp:  8230219.994918164 t_traj:  8230219.9716989705
plunging! t_interp:  8230219.994918164 t_traj:  8230219.962295901
plunging! t_interp:  8230219.994918164 t_traj:  8230219.97045421
plunging! t_interp:  8230219.994918164 t_traj:  8230219.978648273
plunging! t_interp:  8230219.994918164 t_traj:  8230219.986767066
plunging! t_interp:  8230219.994918164 t_traj:  8230219.983453359
plunging! t_interp:  8230219.994918164 t_traj:  8230219.986326112
plunging! t_interp:  8230219.994918164 t_traj:  8230219.989191871
plunging! t_interp:  8230219.994918164 t_traj:  8230219.9920611065
plunging! t_interp:  8230219.994918164 t_traj:  8230219.990579625
plunging! t_interp:  8230219.994918164 t_traj:  8230219.991853889
plunging! t_interp:  8230219.994918164 t_traj:  8230219.992952275
plunging! t_interp:  8230219.994918164 t_traj:  8230219.993953066
plunging! t_interp:  8230219.994918164 t_traj:  8230219.993492705
plunging! t_interp:  8230219.994918164 t_traj:  8230219.993900474
plunging! t_interp:  8230219.994918164 t_traj:  8230219.994188174
plunging! t_interp:  8230219.994918164 t_traj:  8230219.994261892
plunging! t_interp:  8230219.994918164 t_traj:  8230219.994418156
plunging! t_interp:  8230219.994918164 t_traj:  8230219.99454589
plunging! t_interp:  8230219.994918164 t_traj:  8230219.994665942
plunging! t_interp:  8230219.994918164 t_traj:  8230219.994798322
Time taken to compute stable deltas is 96.64901304244995 seconds
calculating Fisher matrix...
plunging! t_interp:  8230219.994918164 t_traj:  8230219.464199278
plunging! t_interp:  8230219.994918164 t_traj:  8230219.596897528
plunging! t_interp:  8230219.994918164 t_traj:  8230219.7295691
plunging! t_interp:  8230219.994918164 t_traj:  8230219.862282358
plunging! t_interp:  8230219.994918164 t_traj:  8230219.8071794
plunging! t_interp:  8230219.994918164 t_traj:  8230219.619476441
plunging! t_interp:  8230219.994918164 t_traj:  8230219.431685924
plunging! t_interp:  8230219.994918164 t_traj:  8230219.243921959
plunging! t_interp:  8230219.994918164 t_traj:  8230219.745113005
plunging! t_interp:  8230219.994918164 t_traj:  8230219.807714123
plunging! t_interp:  8230219.994918164 t_traj:  8230219.87015265
plunging! t_interp:  8230219.994918164 t_traj:  8230219.932533096
plunging! t_interp:  8230219.994918164 t_traj:  8230216.965878561
plunging! t_interp:  8230219.994918164 t_traj:  8230217.723164447
plunging! t_interp:  8230219.994918164 t_traj:  8230218.480433428
plunging! t_interp:  8230219.994918164 t_traj:  8230219.237629002
plunging! t_interp:  8230219.994918164 t_traj:  8230219.222313269
plunging! t_interp:  8230219.994918164 t_traj:  8230219.415587617
plunging! t_interp:  8230219.994918164 t_traj:  8230219.608720976
plunging! t_interp:  8230219.994918164 t_traj:  8230219.8018267695
plunging! t_interp:  8230219.994918164 t_traj:  8230219.83912343
plunging! t_interp:  8230219.994918164 t_traj:  8230219.684193313
plunging! t_interp:  8230219.994918164 t_traj:  8230219.527553476
plunging! t_interp:  8230219.994918164 t_traj:  8230219.371681938
plunging! t_interp:  8230219.994918164 t_traj:  8230219.241035826
plunging! t_interp:  8230219.994918164 t_traj:  8230219.429546721
plunging! t_interp:  8230219.994918164 t_traj:  8230219.617974057
plunging! t_interp:  8230219.994918164 t_traj:  8230219.806482579
Finished derivatives
Calculated Fisher is *atleast* positive-definite.
Time taken to compute FM is 8.903356552124023 seconds
    CV from_NMdev#2 it   0 lam=1.5e+02 ov=0.9966212 chi2=7.889e+02 rel=8.8e-05
Body is not plunging, Fisher should be stable.
waveform shape: (3, 6311629)
Computing SNR for parameters: (np.float64(1001219.4286305136), np.float64(4979.138439839598), np.float64(0.7039663668139897), np.float64(24.968221463158557), np.float64(0.2504803226795597), 1.0, 12.0, np.float64(0.7859946936685014), np.float64(1.0033522948014173), 1.0, 1.0471975511965976, np.float64(1.02141374413313), 0.5, np.float64(0.2997685403271803), 0.95, False, False, False, True, np.float64(-3.182308416043379), np.float64(0.10492467602132745), 0.0, 0.0)
Waveform Generated. SNR: 341.470722338622
calculating Fisher matrix...
plunging! t_interp:  8230219.998089412 t_traj:  8230219.467407899
plunging! t_interp:  8230219.998089412 t_traj:  8230219.60006931
plunging! t_interp:  8230219.998089412 t_traj:  8230219.73274043
plunging! t_interp:  8230219.998089412 t_traj:  8230219.86544538
plunging! t_interp:  8230219.998089412 t_traj:  8230219.810360743
plunging! t_interp:  8230219.998089412 t_traj:  8230219.622624743
plunging! t_interp:  8230219.998089412 t_traj:  8230219.434891537
plunging! t_interp:  8230219.998089412 t_traj:  8230219.24711818
plunging! t_interp:  8230219.998089412 t_traj:  8230219.748472308
plunging! t_interp:  8230219.998089412 t_traj:  8230219.810900987
plunging! t_interp:  8230219.998089412 t_traj:  8230219.873301045
plunging! t_interp:  8230219.998089412 t_traj:  8230219.935716602
plunging! t_interp:  8230219.998089412 t_traj:  8230216.969097266
plunging! t_interp:  8230219.998089412 t_traj:  8230217.726290556
plunging! t_interp:  8230219.998089412 t_traj:  8230218.483581316
plunging! t_interp:  8230219.998089412 t_traj:  8230219.240535572
plunging! t_interp:  8230219.998089412 t_traj:  8230219.225738264
plunging! t_interp:  8230219.998089412 t_traj:  8230219.418806295
plunging! t_interp:  8230219.998089412 t_traj:  8230219.611939121
plunging! t_interp:  8230219.998089412 t_traj:  8230219.805005525
plunging! t_interp:  8230219.998089412 t_traj:  8230219.842335631
plunging! t_interp:  8230219.998089412 t_traj:  8230219.686513343
plunging! t_interp:  8230219.998089412 t_traj:  8230219.530430026
plunging! t_interp:  8230219.998089412 t_traj:  8230219.374893063
plunging! t_interp:  8230219.998089412 t_traj:  8230219.244063416
plunging! t_interp:  8230219.998089412 t_traj:  8230219.432718194
plunging! t_interp:  8230219.998089412 t_traj:  8230219.621184497
plunging! t_interp:  8230219.998089412 t_traj:  8230219.809386234
Finished derivatives
Calculated Fisher is *atleast* positive-definite.
Time taken to compute FM is 9.487608671188354 seconds
    CV from_NMdev#2 it   1 lam=4.1e+02 ov=0.9966215 chi2=7.888e+02 rel=2.5e-05
Body is not plunging, Fisher should be stable.
waveform shape: (3, 6311629)
Computing SNR for parameters: (np.float64(1001219.4286375028), np.float64(4979.138439755535), np.float64(0.7039663669333137), np.float64(24.968221463249797), np.float64(0.2504803227265253), 1.0, 12.0, np.float64(0.7859947163469604), np.float64(1.0033521241458285), 1.0, 1.0471975511965976, np.float64(1.021413757646614), 0.5, np.float64(0.2997754167438015), 0.95, False, False, False, True, np.float64(-3.182308392534776), np.float64(0.1049247267465375), 0.0, 0.0)
Waveform Generated. SNR: 341.4707194446339
calculating Fisher matrix...
plunging! t_interp:  8230219.998911124 t_traj:  8230219.468198942
plunging! t_interp:  8230219.998911124 t_traj:  8230219.600871714
plunging! t_interp:  8230219.998911124 t_traj:  8230219.733565573
plunging! t_interp:  8230219.998911124 t_traj:  8230219.86625532
plunging! t_interp:  8230219.998911124 t_traj:  8230219.811173957
plunging! t_interp:  8230219.998911124 t_traj:  8230219.623428705
plunging! t_interp:  8230219.998911124 t_traj:  8230219.43569069
plunging! t_interp:  8230219.998911124 t_traj:  8230219.247942416
plunging! t_interp:  8230219.998911124 t_traj:  8230219.749303457
plunging! t_interp:  8230219.998911124 t_traj:  8230219.811663139
plunging! t_interp:  8230219.998911124 t_traj:  8230219.874104662
plunging! t_interp:  8230219.998911124 t_traj:  8230219.936501846
plunging! t_interp:  8230219.998911124 t_traj:  8230216.96984855
plunging! t_interp:  8230219.998911124 t_traj:  8230217.727109333
plunging! t_interp:  8230219.998911124 t_traj:  8230218.484394254
plunging! t_interp:  8230219.998911124 t_traj:  8230219.241646592
plunging! t_interp:  8230219.998911124 t_traj:  8230219.226510317
plunging! t_interp:  8230219.998911124 t_traj:  8230219.419590764
plunging! t_interp:  8230219.998911124 t_traj:  8230219.612680322
plunging! t_interp:  8230219.998911124 t_traj:  8230219.805784655
plunging! t_interp:  8230219.998911124 t_traj:  8230219.843144181
plunging! t_interp:  8230219.998911124 t_traj:  8230219.687295608
plunging! t_interp:  8230219.998911124 t_traj:  8230219.531493205
plunging! t_interp:  8230219.998911124 t_traj:  8230219.375693851
plunging! t_interp:  8230219.998911124 t_traj:  8230219.245074924
plunging! t_interp:  8230219.998911124 t_traj:  8230219.433204526
plunging! t_interp:  8230219.998911124 t_traj:  8230219.621992184
plunging! t_interp:  8230219.998911124 t_traj:  8230219.8104737485
Finished derivatives
Calculated Fisher is *atleast* positive-definite.
Time taken to compute FM is 9.515223503112793 seconds
    CV from_NMdev#2 it   2 lam=1.1e+03 ov=0.9966216 chi2=7.888e+02 rel=9.6e-06
Body is not plunging, Fisher should be stable.
waveform shape: (3, 6311629)
Computing SNR for parameters: (np.float64(1001219.4286401183), np.float64(4979.138439724071), np.float64(0.7039663669779836), np.float64(24.968221463283946), np.float64(0.2504803227440893), 1.0, 12.0, np.float64(0.7859947250590915), np.float64(1.003352060208234), 1.0, 1.0471975511965976, np.float64(1.021413763712848), 0.5, np.float64(0.2997779950858538), 0.95, False, False, False, True, np.float64(-3.182308383728863), np.float64(0.10492474571762461), 0.0, 0.0)
Waveform Generated. SNR: 341.4707183101879
calculating Fisher matrix...
plunging! t_interp:  8230219.999211509 t_traj:  8230219.4685009755
plunging! t_interp:  8230219.999211509 t_traj:  8230219.601198106
plunging! t_interp:  8230219.999211509 t_traj:  8230219.733843506
plunging! t_interp:  8230219.999211509 t_traj:  8230219.866538625
plunging! t_interp:  8230219.999211509 t_traj:  8230219.811453173
plunging! t_interp:  8230219.999211509 t_traj:  8230219.623720497
plunging! t_interp:  8230219.999211509 t_traj:  8230219.435957729
plunging! t_interp:  8230219.999211509 t_traj:  8230219.24791177
plunging! t_interp:  8230219.999211509 t_traj:  8230219.749598402
plunging! t_interp:  8230219.999211509 t_traj:  8230219.811997982
plunging! t_interp:  8230219.999211509 t_traj:  8230219.874398304
plunging! t_interp:  8230219.999211509 t_traj:  8230219.936845192
plunging! t_interp:  8230219.999211509 t_traj:  8230216.970146742
plunging! t_interp:  8230219.999211509 t_traj:  8230217.727432159
plunging! t_interp:  8230219.999211509 t_traj:  8230218.484679176
plunging! t_interp:  8230219.999211509 t_traj:  8230219.241948264
plunging! t_interp:  8230219.999211509 t_traj:  8230219.226806681
plunging! t_interp:  8230219.999211509 t_traj:  8230219.419907099
plunging! t_interp:  8230219.999211509 t_traj:  8230219.612998191
plunging! t_interp:  8230219.999211509 t_traj:  8230219.806105841
plunging! t_interp:  8230219.999211509 t_traj:  8230219.843417773
plunging! t_interp:  8230219.999211509 t_traj:  8230219.687579969
plunging! t_interp:  8230219.999211509 t_traj:  8230219.53159123
plunging! t_interp:  8230219.999211509 t_traj:  8230219.375980293
plunging! t_interp:  8230219.999211509 t_traj:  8230219.245346766
plunging! t_interp:  8230219.999211509 t_traj:  8230219.433861254
plunging! t_interp:  8230219.999211509 t_traj:  8230219.622285061
plunging! t_interp:  8230219.999211509 t_traj:  8230219.810744796
Finished derivatives
Calculated Fisher is *atleast* positive-definite.
Time taken to compute FM is 9.46766996383667 seconds
    CV from_NMdev#2 it   3 lam=7.3e+02 ov=0.9966216 chi2=7.888e+02 rel=1.5e-05
Body is not plunging, Fisher should be stable.
waveform shape: (3, 6311629)
Computing SNR for parameters: (np.float64(1001219.4286440294), np.float64(4979.138439677007), np.float64(0.7039663670448018), np.float64(24.96822146335046), np.float64(0.2504803227703265), 1.0, 12.0, np.float64(0.7859947386196425), np.float64(1.0033519642532895), 1.0, 1.0471975511965976, np.float64(1.021413775086527), 0.5, np.float64(0.299781862052587), 0.95, False, False, False, True, np.float64(-3.1823083705713002), np.float64(0.1049247740491168), 0.0, 0.0)
Waveform Generated. SNR: 341.470701424708
calculating Fisher matrix...
plunging! t_interp:  8230219.999675436 t_traj:  8230219.468975498
plunging! t_interp:  8230219.999675436 t_traj:  8230219.601644891
plunging! t_interp:  8230219.999675436 t_traj:  8230219.734289143
plunging! t_interp:  8230219.999675436 t_traj:  8230219.8669978
plunging! t_interp:  8230219.999675436 t_traj:  8230219.811943985
plunging! t_interp:  8230219.999675436 t_traj:  8230219.624230409
plunging! t_interp:  8230219.999675436 t_traj:  8230219.436448396
plunging! t_interp:  8230219.999675436 t_traj:  8230219.248749263
plunging! t_interp:  8230219.999675436 t_traj:  8230219.750079425
plunging! t_interp:  8230219.999675436 t_traj:  8230219.812485542
plunging! t_interp:  8230219.999675436 t_traj:  8230219.874867562
plunging! t_interp:  8230219.999675436 t_traj:  8230219.937273492
plunging! t_interp:  8230219.999675436 t_traj:  8230216.970600221
plunging! t_interp:  8230219.999675436 t_traj:  8230217.7279009335
plunging! t_interp:  8230219.999675436 t_traj:  8230218.485117743
plunging! t_interp:  8230219.999675436 t_traj:  8230219.242427554
plunging! t_interp:  8230219.999675436 t_traj:  8230219.227269695
plunging! t_interp:  8230219.999675436 t_traj:  8230219.420359679
plunging! t_interp:  8230219.999675436 t_traj:  8230219.613477595
plunging! t_interp:  8230219.999675436 t_traj:  8230219.806580423
plunging! t_interp:  8230219.999675436 t_traj:  8230219.843862541
plunging! t_interp:  8230219.999675436 t_traj:  8230219.68780328
plunging! t_interp:  8230219.999675436 t_traj:  8230219.532251101
plunging! t_interp:  8230219.999675436 t_traj:  8230219.376461057
plunging! t_interp:  8230219.999675436 t_traj:  8230219.245829017
plunging! t_interp:  8230219.999675436 t_traj:  8230219.434268987
plunging! t_interp:  8230219.999675436 t_traj:  8230219.62273806
plunging! t_interp:  8230219.999675436 t_traj:  8230219.811221806
Finished derivatives
Calculated Fisher is *atleast* positive-definite.
Time taken to compute FM is 9.52694821357727 seconds
    CV from_NMdev#2 it   4 lam=8.6e+03 ov=0.9966217 chi2=7.888e+02 rel=6.0e-07
Body is not plunging, Fisher should be stable.
waveform shape: (3, 6311629)
Computing SNR for parameters: (np.float64(1001219.4286454944), np.float64(4979.1384396594185), np.float64(0.7039663670698346), np.float64(24.96822146337538), np.float64(0.25048032278015153), 1.0, 12.0, np.float64(0.7859947437883429), np.float64(1.0033519282678496), 1.0, 1.0471975511965976, np.float64(1.0214137796587206), 0.5, np.float64(0.29978331199132924), 0.95, False, False, False, True, np.float64(-3.182308365638474), np.float64(0.1049247846570733), 0.0, 0.0)
Waveform Generated. SNR: 341.4707121535739
calculating stable deltas...
plunging! t_interp:  8230219.9998360975 t_traj:  8223678.438457753
plunging! t_interp:  8230219.9998360975 t_traj:  8225313.584989773
plunging! t_interp:  8230219.9998360975 t_traj:  8226948.894052291
plunging! t_interp:  8230219.9998360975 t_traj:  8228584.36568092
plunging! t_interp:  8230219.9998360975 t_traj:  8227922.835922513
plunging! t_interp:  8230219.9998360975 t_traj:  8228497.096539066
plunging! t_interp:  8230219.9998360975 t_traj:  8229071.377787726
plunging! t_interp:  8230219.9998360975 t_traj:  8229645.678849665
plunging! t_interp:  8230219.9998360975 t_traj:  8229413.385038263
plunging! t_interp:  8230219.9998360975 t_traj:  8229615.035043905
plunging! t_interp:  8230219.9998360975 t_traj:  8229816.687415637
plunging! t_interp:  8230219.9998360975 t_traj:  8230018.342413794
plunging! t_interp:  8230219.9998360975 t_traj:  8229936.777421478
plunging! t_interp:  8230219.9998360975 t_traj:  8230007.582582433
plunging! t_interp:  8230219.9998360975 t_traj:  8230078.388069851
plunging! t_interp:  8230219.9998360975 t_traj:  8230149.1938213045
plunging! t_interp:  8230219.9998360975 t_traj:  8230120.5544849485
plunging! t_interp:  8230219.9998360975 t_traj:  8230145.415795982
plunging! t_interp:  8230219.9998360975 t_traj:  8230170.277087557
plunging! t_interp:  8230219.9998360975 t_traj:  8230195.138472864
plunging! t_interp:  8230219.9998360975 t_traj:  8230185.082590366
plunging! t_interp:  8230219.9998360975 t_traj:  8230193.811898961
plunging! t_interp:  8230219.9998360975 t_traj:  8230202.541208823
plunging! t_interp:  8230219.9998360975 t_traj:  8230211.27051921
plunging! t_interp:  8230219.9998360975 t_traj:  8230207.739401667
plunging! t_interp:  8230219.9998360975 t_traj:  8230210.804734882
plunging! t_interp:  8230219.9998360975 t_traj:  8230213.869776076
plunging! t_interp:  8230219.9998360975 t_traj:  8230216.9348223
plunging! t_interp:  8230219.9998360975 t_traj:  8230215.694889469
plunging! t_interp:  8230219.9998360975 t_traj:  8230216.771277234
plunging! t_interp:  8230219.9998360975 t_traj:  8230217.847456043
plunging! t_interp:  8230219.9998360975 t_traj:  8230218.923629737
plunging! t_interp:  8230219.9998360975 t_traj:  8230218.488353453
plunging! t_interp:  8230219.9998360975 t_traj:  8230218.866205356
plunging! t_interp:  8230219.9998360975 t_traj:  8230219.244149039
plunging! t_interp:  8230219.9998360975 t_traj:  8230219.6220159745
plunging! t_interp:  8230219.9998360975 t_traj:  8230219.469116641
plunging! t_interp:  8230219.9998360975 t_traj:  8230219.601810775
plunging! t_interp:  8230219.9998360975 t_traj:  8230219.734360341
plunging! t_interp:  8230219.9998360975 t_traj:  8230219.867141112
plunging! t_interp:  8230219.9998360975 t_traj:  8230219.81426738
plunging! t_interp:  8230219.9998360975 t_traj:  8230219.860115384
plunging! t_interp:  8230219.9998360975 t_traj:  8230219.906677433
plunging! t_interp:  8230219.9998360975 t_traj:  8230219.95404897
plunging! t_interp:  8230219.9998360975 t_traj:  8230219.934429481
plunging! t_interp:  8230219.9998360975 t_traj:  8230219.950784324
plunging! t_interp:  8230219.9998360975 t_traj:  8230219.967140879
plunging! t_interp:  8230219.9998360975 t_traj:  8230219.983508812
plunging! t_interp:  8230219.9998360975 t_traj:  8229407.387714876
plunging! t_interp:  8230219.9998360975 t_traj:  8228594.937950338
plunging! t_interp:  8230219.9998360975 t_traj:  8227782.650757842
plunging! t_interp:  8230219.9998360975 t_traj:  8226970.5259392625
plunging! t_interp:  8230219.9998360975 t_traj:  8229934.65762466
plunging! t_interp:  8230219.9998360975 t_traj:  8229649.33541481
plunging! t_interp:  8230219.9998360975 t_traj:  8229364.033280954
plunging! t_interp:  8230219.9998360975 t_traj:  8229078.751145418
plunging! t_interp:  8230219.9998360975 t_traj:  8230119.8084507715
plunging! t_interp:  8230219.9998360975 t_traj:  8230019.619473768
plunging! t_interp:  8230219.9998360975 t_traj:  8229919.433010064
plunging! t_interp:  8230219.9998360975 t_traj:  8229819.249014866
plunging! t_interp:  8230219.9998360975 t_traj:  8230184.820431916
plunging! t_interp:  8230219.9998360975 t_traj:  8230149.641352223
plunging! t_interp:  8230219.9998360975 t_traj:  8230114.462275386
plunging! t_interp:  8230219.9998360975 t_traj:  8230079.28406562
plunging! t_interp:  8230219.9998360975 t_traj:  8230207.647628737
plunging! t_interp:  8230219.9998360975 t_traj:  8230195.295460916
plunging! t_interp:  8230219.9998360975 t_traj:  8230182.943359965
plunging! t_interp:  8230219.9998360975 t_traj:  8230170.591265569
plunging! t_interp:  8230219.9998360975 t_traj:  8230215.662757978
plunging! t_interp:  8230219.9998360975 t_traj:  8230211.325657329
plunging! t_interp:  8230219.9998360975 t_traj:  8230206.988556973
plunging! t_interp:  8230219.9998360975 t_traj:  8230202.651469294
plunging! t_interp:  8230219.9998360975 t_traj:  8230218.47700714
plunging! t_interp:  8230219.9998360975 t_traj:  8230216.954202867
plunging! t_interp:  8230219.9998360975 t_traj:  8230215.431339522
plunging! t_interp:  8230219.9998360975 t_traj:  8230213.908496788
plunging! t_interp:  8230219.9998360975 t_traj:  8230219.465161709
plunging! t_interp:  8230219.9998360975 t_traj:  8230218.930447546
plunging! t_interp:  8230219.9998360975 t_traj:  8230218.395753637
plunging! t_interp:  8230219.9998360975 t_traj:  8230217.861065484
plunging! t_interp:  8230219.9998360975 t_traj:  8230219.812109082
plunging! t_interp:  8230219.9998360975 t_traj:  8230219.624170576
plunging! t_interp:  8230219.9998360975 t_traj:  8230219.436484736
plunging! t_interp:  8230219.9998360975 t_traj:  8230219.24880951
plunging! t_interp:  8230219.9998360975 t_traj:  8230219.933924048
plunging! t_interp:  8230219.9998360975 t_traj:  8230219.867875949
plunging! t_interp:  8230219.9998360975 t_traj:  8230219.802101345
plunging! t_interp:  8230219.9998360975 t_traj:  8230219.736154874
plunging! t_interp:  8230219.9998360975 t_traj:  8230219.97748893
plunging! t_interp:  8230219.9998360975 t_traj:  8230219.953557356
plunging! t_interp:  8230219.9998360975 t_traj:  8230219.93043527
plunging! t_interp:  8230219.9998360975 t_traj:  8230219.907273708
plunging! t_interp:  8230219.9998360975 t_traj:  8230219.991739033
plunging! t_interp:  8230219.9998360975 t_traj:  8230219.98360132
plunging! t_interp:  8230219.9998360975 t_traj:  8230219.975474983
plunging! t_interp:  8230219.9998360975 t_traj:  8230219.967350186
plunging! t_interp:  8230219.9998360975 t_traj:  8229840.609036617
plunging! t_interp:  8230219.9998360975 t_traj:  8229935.457545253
plunging! t_interp:  8230219.9998360975 t_traj:  8230030.305775284
plunging! t_interp:  8230219.9998360975 t_traj:  8230125.153151533
plunging! t_interp:  8230219.9998360975 t_traj:  8230086.789675036
plunging! t_interp:  8230219.9998360975 t_traj:  8230120.092348545
plunging! t_interp:  8230219.9998360975 t_traj:  8230153.394909693
plunging! t_interp:  8230219.9998360975 t_traj:  8230186.69743998
plunging! t_interp:  8230219.9998360975 t_traj:  8230173.227350329
plunging! t_interp:  8230219.9998360975 t_traj:  8230184.920534072
plunging! t_interp:  8230219.9998360975 t_traj:  8230196.613617129
plunging! t_interp:  8230219.9998360975 t_traj:  8230208.306600466
plunging! t_interp:  8230219.9998360975 t_traj:  8230203.5771379
plunging! t_interp:  8230219.9998360975 t_traj:  8230207.682828147
plunging! t_interp:  8230219.9998360975 t_traj:  8230211.788500307
plunging! t_interp:  8230219.9998360975 t_traj:  8230215.8941588355
plunging! t_interp:  8230219.9998360975 t_traj:  8230214.233561105
plunging! t_interp:  8230219.9998360975 t_traj:  8230215.675071003
plunging! t_interp:  8230219.9998360975 t_traj:  8230217.1166377915
plunging! t_interp:  8230219.9998360975 t_traj:  8230218.5582470335
plunging! t_interp:  8230219.9998360975 t_traj:  8230217.975213034
plunging! t_interp:  8230219.9998360975 t_traj:  8230218.481327578
plunging! t_interp:  8230219.9998360975 t_traj:  8230218.987475163
plunging! t_interp:  8230219.9998360975 t_traj:  8230219.493726735
plunging! t_interp:  8230219.9998360975 t_traj:  8230219.2889668215
plunging! t_interp:  8230219.9998360975 t_traj:  8230219.466646803
plunging! t_interp:  8230219.9998360975 t_traj:  8230219.644445212
plunging! t_interp:  8230219.9998360975 t_traj:  8230219.821837705
plunging! t_interp:  8230219.9998360975 t_traj:  8230219.750099614
plunging! t_interp:  8230219.9998360975 t_traj:  8230219.812442291
plunging! t_interp:  8230219.9998360975 t_traj:  8230219.875049197
plunging! t_interp:  8230219.9998360975 t_traj:  8230219.937440903
plunging! t_interp:  8230219.9998360975 t_traj:  8230219.912209958
plunging! t_interp:  8230219.9998360975 t_traj:  8230219.934084228
plunging! t_interp:  8230219.9998360975 t_traj:  8230219.956000203
plunging! t_interp:  8230219.9998360975 t_traj:  8230219.977968656
plunging! t_interp:  8230219.9998360975 t_traj:  8230219.969082636
plunging! t_interp:  8230219.9998360975 t_traj:  8230219.9767773
plunging! t_interp:  8230219.9998360975 t_traj:  8230219.984454723
plunging! t_interp:  8230219.9998360975 t_traj:  8230219.992165713
plunging! t_interp:  8230219.9998360975 t_traj:  8230219.98875382
plunging! t_interp:  8230219.9998360975 t_traj:  8230219.991687109
plunging! t_interp:  8230219.9998360975 t_traj:  8230219.994446836
plunging! t_interp:  8230219.9998360975 t_traj:  8230219.997193064
plunging! t_interp:  8230219.9998360975 t_traj:  8230219.996033768
plunging! t_interp:  8230219.9998360975 t_traj:  8230219.996954545
plunging! t_interp:  8230219.9998360975 t_traj:  8230219.997958125
plunging! t_interp:  8230219.9998360975 t_traj:  8230219.998905446
plunging! t_interp:  8230219.9998360975 t_traj:  8217115.753488388
plunging! t_interp:  8230219.9998360975 t_traj:  8220390.354286495
plunging! t_interp:  8230219.9998360975 t_traj:  8223665.928841981
plunging! t_interp:  8230219.9998360975 t_traj:  8226942.477200312
plunging! t_interp:  8230219.9998360975 t_traj:  8225617.072493736
plunging! t_interp:  8230219.9998360975 t_traj:  8226767.624177644
plunging! t_interp:  8230219.9998360975 t_traj:  8227918.295966508
plunging! t_interp:  8230219.9998360975 t_traj:  8229069.087854849
plunging! t_interp:  8230219.9998360975 t_traj:  8228603.6045869505
plunging! t_interp:  8230219.9998360975 t_traj:  8229007.681409536
plunging! t_interp:  8230219.9998360975 t_traj:  8229411.772748071
plunging! t_interp:  8230219.9998360975 t_traj:  8229815.878898698
plunging! t_interp:  8230219.9998360975 t_traj:  8229652.425600884
plunging! t_interp:  8230219.9998360975 t_traj:  8229794.3163926
plunging! t_interp:  8230219.9998360975 t_traj:  8229936.209055874
plunging! t_interp:  8230219.9998360975 t_traj:  8230078.103542844
plunging! t_interp:  8230219.9998360975 t_traj:  8230020.71033601
plunging! t_interp:  8230219.9998360975 t_traj:  8230070.532379412
plunging! t_interp:  8230219.9998360975 t_traj:  8230120.354667787
plunging! t_interp:  8230219.9998360975 t_traj:  8230170.176925799
plunging! t_interp:  8230219.9998360975 t_traj:  8230150.025105102
plunging! t_interp:  8230219.9998360975 t_traj:  8230167.518726101
plunging! t_interp:  8230219.9998360975 t_traj:  8230185.012404083
plunging! t_interp:  8230219.9998360975 t_traj:  8230202.506088388
plunging! t_interp:  8230219.9998360975 t_traj:  8230195.430325666
plunging! t_interp:  8230219.9998360975 t_traj:  8230201.572671067
plunging! t_interp:  8230219.9998360975 t_traj:  8230207.7150406735
plunging! t_interp:  8230219.9998360975 t_traj:  8230213.857494292
plunging! t_interp:  8230219.9998360975 t_traj:  8230211.37286904
plunging! t_interp:  8230219.9998360975 t_traj:  8230213.529741915
plunging! t_interp:  8230219.9998360975 t_traj:  8230215.6861629365
plunging! t_interp:  8230219.9998360975 t_traj:  8230217.843117459
plunging! t_interp:  8230219.9998360975 t_traj:  8230216.970812245
plunging! t_interp:  8230219.9998360975 t_traj:  8230217.728104791
plunging! t_interp:  8230219.9998360975 t_traj:  8230218.485325915
plunging! t_interp:  8230219.9998360975 t_traj:  8230219.242575109
plunging! t_interp:  8230219.9998360975 t_traj:  8230218.936330181
plunging! t_interp:  8230219.9998360975 t_traj:  8230219.202176417
plunging! t_interp:  8230219.9998360975 t_traj:  8230219.468028224
plunging! t_interp:  8230219.9998360975 t_traj:  8230219.733926048
plunging! t_interp:  8230219.9998360975 t_traj:  8230219.626404678
plunging! t_interp:  8230219.9998360975 t_traj:  8230219.71976669
plunging! t_interp:  8230219.9998360975 t_traj:  8230219.813138282
plunging! t_interp:  8230219.9998360975 t_traj:  8230219.906182124
plunging! t_interp:  8230219.9998360975 t_traj:  8230219.868707571
plunging! t_interp:  8230219.9998360975 t_traj:  8230219.901501821
plunging! t_interp:  8230219.9998360975 t_traj:  8230219.934295547
plunging! t_interp:  8230219.9998360975 t_traj:  8230219.967065964
plunging! t_interp:  8230219.9998360975 t_traj:  8230075.3060499355
plunging! t_interp:  8230219.9998360975 t_traj:  8230111.47182482
plunging! t_interp:  8230219.9998360975 t_traj:  8230147.64272057
plunging! t_interp:  8230219.9998360975 t_traj:  8230183.818684559
plunging! t_interp:  8230219.9998360975 t_traj:  8230169.186620066
plunging! t_interp:  8230219.9998360975 t_traj:  8230181.888341391
plunging! t_interp:  8230219.9998360975 t_traj:  8230194.591545634
plunging! t_interp:  8230219.9998360975 t_traj:  8230207.295387322
plunging! t_interp:  8230219.9998360975 t_traj:  8230202.156907358
plunging! t_interp:  8230219.9998360975 t_traj:  8230206.617320704
plunging! t_interp:  8230219.9998360975 t_traj:  8230211.078258383
plunging! t_interp:  8230219.9998360975 t_traj:  8230215.538996484
plunging! t_interp:  8230219.9998360975 t_traj:  8230213.734738959
plunging! t_interp:  8230219.9998360975 t_traj:  8230215.300950209
plunging! t_interp:  8230219.9998360975 t_traj:  8230216.867271645
plunging! t_interp:  8230219.9998360975 t_traj:  8230218.433528361
plunging! t_interp:  8230219.9998360975 t_traj:  8230217.800012547
plunging! t_interp:  8230219.9998360975 t_traj:  8230218.349978926
plunging! t_interp:  8230219.9998360975 t_traj:  8230218.899918467
plunging! t_interp:  8230219.9998360975 t_traj:  8230219.449893374
plunging! t_interp:  8230219.9998360975 t_traj:  8230219.227457389
plunging! t_interp:  8230219.9998360975 t_traj:  8230219.42055046
plunging! t_interp:  8230219.9998360975 t_traj:  8230219.613648808
plunging! t_interp:  8230219.9998360975 t_traj:  8230219.806782784
plunging! t_interp:  8230219.9998360975 t_traj:  8230219.728635555
plunging! t_interp:  8230219.9998360975 t_traj:  8230219.796460942
plunging! t_interp:  8230219.9998360975 t_traj:  8230219.864253612
plunging! t_interp:  8230219.9998360975 t_traj:  8230219.932035539
plunging! t_interp:  8230219.9998360975 t_traj:  8230219.904608589
plunging! t_interp:  8230219.9998360975 t_traj:  8230219.928446661
plunging! t_interp:  8230219.9998360975 t_traj:  8230219.952208014
plunging! t_interp:  8230219.9998360975 t_traj:  8230219.976081082
plunging! t_interp:  8230219.9998360975 t_traj:  8230219.966420437
plunging! t_interp:  8230219.9998360975 t_traj:  8230219.974770094
plunging! t_interp:  8230219.9998360975 t_traj:  8230219.983142108
plunging! t_interp:  8230219.9998360975 t_traj:  8230219.9915036885
plunging! t_interp:  8230219.9998360975 t_traj:  8230219.988155761
plunging! t_interp:  8230219.9998360975 t_traj:  8230219.991042549
plunging! t_interp:  8230219.9998360975 t_traj:  8230219.993715886
plunging! t_interp:  8230219.9998360975 t_traj:  8230219.996920289
plunging! t_interp:  8230219.9998360975 t_traj:  8230219.995768249
plunging! t_interp:  8230219.9998360975 t_traj:  8230219.996746518
plunging! t_interp:  8230219.9998360975 t_traj:  8230219.997801254
plunging! t_interp:  8230219.9998360975 t_traj:  8230219.99883519
plunging! t_interp:  8230219.9998360975 t_traj:  8230219.998380635
plunging! t_interp:  8230219.9998360975 t_traj:  8230219.998762651
plunging! t_interp:  8230219.9998360975 t_traj:  8230219.999107454
plunging! t_interp:  8230219.9998360975 t_traj:  8230219.999495635
plunging! t_interp:  8230219.9998360975 t_traj:  8228299.638659547
plunging! t_interp:  8230219.9998360975 t_traj:  8226380.196618811
plunging! t_interp:  8230219.9998360975 t_traj:  8224461.672359973
plunging! t_interp:  8230219.9998360975 t_traj:  8222544.065281878
plunging! t_interp:  8230219.9998360975 t_traj:  8229545.619631638
plunging! t_interp:  8230219.9998360975 t_traj:  8228871.352649188
plunging! t_interp:  8230219.9998360975 t_traj:  8228197.199030781
plunging! t_interp:  8230219.9998360975 t_traj:  8227523.15859289
plunging! t_interp:  8230219.9998360975 t_traj:  8229983.199092545
plunging! t_interp:  8230219.9998360975 t_traj:  8229746.412340588
plunging! t_interp:  8230219.9998360975 t_traj:  8229509.639249776
plunging! t_interp:  8230219.9998360975 t_traj:  8229272.88054689
plunging! t_interp:  8230219.9998360975 t_traj:  8230136.852944805
plunging! t_interp:  8230219.9998360975 t_traj:  8230053.707845864
plunging! t_interp:  8230219.9998360975 t_traj:  8229970.564432479
plunging! t_interp:  8230219.9998360975 t_traj:  8229887.422657771
plunging! t_interp:  8230219.9998360975 t_traj:  8230190.80519408
plunging! t_interp:  8230219.9998360975 t_traj:  8230161.611488021
plunging! t_interp:  8230219.9998360975 t_traj:  8230132.416496689
plunging! t_interp:  8230219.9998360975 t_traj:  8230103.222513322
plunging! t_interp:  8230219.9998360975 t_traj:  8230209.749015066
plunging! t_interp:  8230219.9998360975 t_traj:  8230199.498203625
plunging! t_interp:  8230219.9998360975 t_traj:  8230189.247453237
plunging! t_interp:  8230219.9998360975 t_traj:  8230178.996679392
plunging! t_interp:  8230219.9998360975 t_traj:  8230216.400607662
plunging! t_interp:  8230219.9998360975 t_traj:  8230212.801358129
plunging! t_interp:  8230219.9998360975 t_traj:  8230209.202048102
plunging! t_interp:  8230219.9998360975 t_traj:  8230205.602800791
plunging! t_interp:  8230219.9998360975 t_traj:  8230218.736092248
plunging! t_interp:  8230219.9998360975 t_traj:  8230217.472340907
plunging! t_interp:  8230219.9998360975 t_traj:  8230216.208538424
plunging! t_interp:  8230219.9998360975 t_traj:  8230214.944754779
plunging! t_interp:  8230219.9998360975 t_traj:  8230219.556090368
plunging! t_interp:  8230219.9998360975 t_traj:  8230219.112383033
plunging! t_interp:  8230219.9998360975 t_traj:  8230218.668657227
plunging! t_interp:  8230219.9998360975 t_traj:  8230218.224909654
plunging! t_interp:  8230219.9998360975 t_traj:  8230219.844046791
plunging! t_interp:  8230219.9998360975 t_traj:  8230219.688228563
plunging! t_interp:  8230219.9998360975 t_traj:  8230219.532444283
plunging! t_interp:  8230219.9998360975 t_traj:  8230219.376649047
plunging! t_interp:  8230219.9998360975 t_traj:  8230219.945134963
plunging! t_interp:  8230219.9998360975 t_traj:  8230219.890454329
plunging! t_interp:  8230219.9998360975 t_traj:  8230219.835532968
plunging! t_interp:  8230219.9998360975 t_traj:  8230219.78100547
plunging! t_interp:  8230219.9998360975 t_traj:  8230219.980347852
plunging! t_interp:  8230219.9998360975 t_traj:  8230219.961132345
plunging! t_interp:  8230219.9998360975 t_traj:  8230219.942199714
plunging! t_interp:  8230219.9998360975 t_traj:  8230219.923029692
plunging! t_interp:  8230219.9998360975 t_traj:  8230170.417251237
plunging! t_interp:  8230219.9998360975 t_traj:  8230182.809905264
plunging! t_interp:  8230219.9998360975 t_traj:  8230195.204539916
plunging! t_interp:  8230219.9998360975 t_traj:  8230207.601227818
plunging! t_interp:  8230219.9998360975 t_traj:  8230202.586786624
plunging! t_interp:  8230219.9998360975 t_traj:  8230206.939691496
plunging! t_interp:  8230219.9998360975 t_traj:  8230211.292825443
plunging! t_interp:  8230219.9998360975 t_traj:  8230215.646247202
plunging! t_interp:  8230219.9998360975 t_traj:  8230213.885355799
plunging! t_interp:  8230219.9998360975 t_traj:  8230215.413909873
plunging! t_interp:  8230219.9998360975 t_traj:  8230216.942539361
plunging! t_interp:  8230219.9998360975 t_traj:  8230218.471222247
plunging! t_interp:  8230219.9998360975 t_traj:  8230217.852912876
plunging! t_interp:  8230219.9998360975 t_traj:  8230218.38963725
plunging! t_interp:  8230219.9998360975 t_traj:  8230218.926088461
plunging! t_interp:  8230219.9998360975 t_traj:  8230219.463108597
plunging! t_interp:  8230219.9998360975 t_traj:  8230219.24601152
plunging! t_interp:  8230219.9998360975 t_traj:  8230219.4344205065
plunging! t_interp:  8230219.9998360975 t_traj:  8230219.622930355
plunging! t_interp:  8230219.9998360975 t_traj:  8230219.811391778
plunging! t_interp:  8230219.9998360975 t_traj:  8230219.735199484
plunging! t_interp:  8230219.9998360975 t_traj:  8230219.8013061425
plunging! t_interp:  8230219.9998360975 t_traj:  8230219.86747788
plunging! t_interp:  8230219.9998360975 t_traj:  8230219.933671935
plunging! t_interp:  8230219.9998360975 t_traj:  8230219.906900467
plunging! t_interp:  8230219.9998360975 t_traj:  8230219.930162006
plunging! t_interp:  8230219.9998360975 t_traj:  8230219.953356985
plunging! t_interp:  8230219.9998360975 t_traj:  8230219.976549666
plunging! t_interp:  8230219.9998360975 t_traj:  8230219.967250311
plunging! t_interp:  8230219.9998360975 t_traj:  8230219.975379588
plunging! t_interp:  8230219.9998360975 t_traj:  8230219.983539634
plunging! t_interp:  8230219.9998360975 t_traj:  8230219.991666836
plunging! t_interp:  8230219.9998360975 t_traj:  8230219.98843391
plunging! t_interp:  8230219.9998360975 t_traj:  8230219.991227884
plunging! t_interp:  8230219.9998360975 t_traj:  8230219.994091395
plunging! t_interp:  8230219.9998360975 t_traj:  8230219.997018736
plunging! t_interp:  8230219.9998360975 t_traj:  8230219.995860465
plunging! t_interp:  8230219.9998360975 t_traj:  8230219.996824153
plunging! t_interp:  8230219.9998360975 t_traj:  8230219.997834836
plunging! t_interp:  8230219.9998360975 t_traj:  8230219.9985607155
plunging! t_interp:  8230219.9998360975 t_traj:  8230219.998451977
plunging! t_interp:  8230219.9998360975 t_traj:  8230219.998800118
plunging! t_interp:  8230219.9998360975 t_traj:  8230219.999148258
plunging! t_interp:  8230219.9998360975 t_traj:  8230219.999512674
plunging! t_interp:  8230219.9998360975 t_traj:  8230219.999360847
plunging! t_interp:  8230219.9998360975 t_traj:  8230219.999461429
plunging! t_interp:  8230219.9998360975 t_traj:  8230219.999578798
plunging! t_interp:  8230219.9998360975 t_traj:  8230219.999730316
Time taken to compute stable deltas is 91.60488724708557 seconds
calculating Fisher matrix...
plunging! t_interp:  8230219.9998360975 t_traj:  8230218.488353453
plunging! t_interp:  8230219.9998360975 t_traj:  8230218.866205356
plunging! t_interp:  8230219.9998360975 t_traj:  8230219.244149039
plunging! t_interp:  8230219.9998360975 t_traj:  8230219.6220159745
plunging! t_interp:  8230219.9998360975 t_traj:  8230219.933924048
plunging! t_interp:  8230219.9998360975 t_traj:  8230219.867875949
plunging! t_interp:  8230219.9998360975 t_traj:  8230219.802101345
plunging! t_interp:  8230219.9998360975 t_traj:  8230219.736154874
plunging! t_interp:  8230219.9998360975 t_traj:  8230219.750099614
plunging! t_interp:  8230219.9998360975 t_traj:  8230219.812442291
plunging! t_interp:  8230219.9998360975 t_traj:  8230219.875049197
plunging! t_interp:  8230219.9998360975 t_traj:  8230219.937440903
plunging! t_interp:  8230219.9998360975 t_traj:  8230218.936330181
plunging! t_interp:  8230219.9998360975 t_traj:  8230219.202176417
plunging! t_interp:  8230219.9998360975 t_traj:  8230219.468028224
plunging! t_interp:  8230219.9998360975 t_traj:  8230219.733926048
plunging! t_interp:  8230219.9998360975 t_traj:  8230219.728635555
plunging! t_interp:  8230219.9998360975 t_traj:  8230219.796460942
plunging! t_interp:  8230219.9998360975 t_traj:  8230219.864253612
plunging! t_interp:  8230219.9998360975 t_traj:  8230219.932035539
plunging! t_interp:  8230219.9998360975 t_traj:  8230219.556090368
plunging! t_interp:  8230219.9998360975 t_traj:  8230219.112383033
plunging! t_interp:  8230219.9998360975 t_traj:  8230218.668657227
plunging! t_interp:  8230219.9998360975 t_traj:  8230218.224909654
plunging! t_interp:  8230219.9998360975 t_traj:  8230219.967250311
plunging! t_interp:  8230219.9998360975 t_traj:  8230219.975379588
plunging! t_interp:  8230219.9998360975 t_traj:  8230219.983539634
plunging! t_interp:  8230219.9998360975 t_traj:  8230219.991666836
Finished derivatives
Calculated Fisher is *atleast* positive-definite.
Time taken to compute FM is 8.532907247543335 seconds
    CV from_NMdev#2 it   5 lam=2.9e+03 ov=0.9966217 chi2=7.888e+02 rel=8.2e-06
Body is not plunging, Fisher should be stable.
waveform shape: (3, 6311629)
Computing SNR for parameters: (np.float64(1001219.4286464943), np.float64(4979.1384396473795), np.float64(0.7039663670869168), np.float64(24.968221463388435), np.float64(0.2504803227868565), 1.0, 12.0, np.float64(0.7859947474305461), np.float64(1.003351903719604), 1.0, 1.0471975511965976, np.float64(1.0214137829084156), 0.5, np.float64(0.29978430243388254), 0.95, False, False, False, True, np.float64(-3.1823083622721438), np.float64(0.10492479189408), 0.0, 0.0)
Waveform Generated. SNR: 341.4707140400996
calculating Fisher matrix...
plunging! t_interp:  8230219.999962435 t_traj:  8230218.488475864
plunging! t_interp:  8230219.999962435 t_traj:  8230218.866356393
plunging! t_interp:  8230219.999962435 t_traj:  8230219.244203071
plunging! t_interp:  8230219.999962435 t_traj:  8230219.621825754
plunging! t_interp:  8230219.999962435 t_traj:  8230219.934049899
plunging! t_interp:  8230219.999962435 t_traj:  8230219.868135376
plunging! t_interp:  8230219.999962435 t_traj:  8230219.802181706
plunging! t_interp:  8230219.999962435 t_traj:  8230219.736300337
plunging! t_interp:  8230219.999962435 t_traj:  8230219.75033505
plunging! t_interp:  8230219.999962435 t_traj:  8230219.812739302
plunging! t_interp:  8230219.999962435 t_traj:  8230219.875140039
plunging! t_interp:  8230219.999962435 t_traj:  8230219.937565309
plunging! t_interp:  8230219.999962435 t_traj:  8230218.936395789
plunging! t_interp:  8230219.999962435 t_traj:  8230219.20228751
plunging! t_interp:  8230219.999962435 t_traj:  8230219.468189677
plunging! t_interp:  8230219.999962435 t_traj:  8230219.734117219
plunging! t_interp:  8230219.999962435 t_traj:  8230219.728747717
plunging! t_interp:  8230219.999962435 t_traj:  8230219.796602269
plunging! t_interp:  8230219.999962435 t_traj:  8230219.864055655
plunging! t_interp:  8230219.999962435 t_traj:  8230219.932203264
plunging! t_interp:  8230219.999962435 t_traj:  8230219.556196136
plunging! t_interp:  8230219.999962435 t_traj:  8230219.112533447
plunging! t_interp:  8230219.999962435 t_traj:  8230218.668767161
plunging! t_interp:  8230219.999962435 t_traj:  8230218.225036814
plunging! t_interp:  8230219.999962435 t_traj:  8230219.967322607
plunging! t_interp:  8230219.999962435 t_traj:  8230219.975522501
plunging! t_interp:  8230219.999962435 t_traj:  8230219.983651105
plunging! t_interp:  8230219.999962435 t_traj:  8230219.991833058
Finished derivatives
Calculated Fisher is *atleast* positive-definite.
Time taken to compute FM is 9.418663501739502 seconds
    CV from_NMdev#2 it   6 lam=2.6e+11 ov=0.9966217 chi2=7.888e+02 rel=1.5e-07
Body is not plunging, Fisher should be stable.
waveform shape: (3, 6311629)
Computing SNR for parameters: (np.float64(1001219.4286464943), np.float64(4979.1384396473795), np.float64(0.7039663670869168), np.float64(24.968221463388435), np.float64(0.2504803227868565), 1.0, 12.0, np.float64(0.7859947474305461), np.float64(1.0033519037196037), 1.0, 1.0471975511965976, np.float64(1.0214137829084156), 0.5, np.float64(0.2997843024338936), 0.95, False, False, False, True, np.float64(-3.1823083622721438), np.float64(0.10492479189408008), 0.0, 0.0)
Waveform Generated. SNR: 341.4707139093077
calculating Fisher matrix...
plunging! t_interp:  8230219.999964273 t_traj:  8230218.488475718
plunging! t_interp:  8230219.999964273 t_traj:  8230218.866356475
plunging! t_interp:  8230219.999964273 t_traj:  8230219.24417833
plunging! t_interp:  8230219.999964273 t_traj:  8230219.621825565
plunging! t_interp:  8230219.999964273 t_traj:  8230219.934049909
plunging! t_interp:  8230219.999964273 t_traj:  8230219.868135372
plunging! t_interp:  8230219.999964273 t_traj:  8230219.802181568
plunging! t_interp:  8230219.999964273 t_traj:  8230219.736300319
plunging! t_interp:  8230219.999964273 t_traj:  8230219.750335008
plunging! t_interp:  8230219.999964273 t_traj:  8230219.812739665
plunging! t_interp:  8230219.999964273 t_traj:  8230219.875131913
plunging! t_interp:  8230219.999964273 t_traj:  8230219.93756519
plunging! t_interp:  8230219.999964273 t_traj:  8230218.936395599
plunging! t_interp:  8230219.999964273 t_traj:  8230219.202287281
plunging! t_interp:  8230219.999964273 t_traj:  8230219.468217619
plunging! t_interp:  8230219.999964273 t_traj:  8230219.734118968
plunging! t_interp:  8230219.999964273 t_traj:  8230219.728747962
plunging! t_interp:  8230219.999964273 t_traj:  8230219.796602263
plunging! t_interp:  8230219.999964273 t_traj:  8230219.864057306
plunging! t_interp:  8230219.999964273 t_traj:  8230219.932203385
plunging! t_interp:  8230219.999964273 t_traj:  8230219.556196028
plunging! t_interp:  8230219.999964273 t_traj:  8230219.112528687
plunging! t_interp:  8230219.999964273 t_traj:  8230218.668767252
plunging! t_interp:  8230219.999964273 t_traj:  8230218.225036853
plunging! t_interp:  8230219.999964273 t_traj:  8230219.967322424
plunging! t_interp:  8230219.999964273 t_traj:  8230219.975492663
plunging! t_interp:  8230219.999964273 t_traj:  8230219.983651123
plunging! t_interp:  8230219.999964273 t_traj:  8230219.991833242
Finished derivatives
Calculated Fisher is *atleast* positive-definite.
Time taken to compute FM is 9.251208782196045 seconds
    CV from_NMdev#2 it   7 lam=2.4e+151 ov=0.9966217 chi2=7.888e+02 rel=0.0e+00
======================================================================

[idx1] --- start = from_0PA (overlap 0.9675449) ---
Body is not plunging, Fisher should be stable.
waveform shape: (3, 6311629)
Computing SNR for parameters: (np.float64(998144.092), np.float64(1001.29945), np.float64(-0.499651156), np.float64(24.9922458), np.float64(0.0998840371), 1.0, 33.992306, np.float64(1.05172816), np.float64(0.79027957), 0.628318531, 0.523598776, np.float64(6.30880364), 0.2, np.float64(0.449650077), 0.95, False, False, False, True, np.float64(0.0), np.float64(0.0), 0.0, 0.0)
Waveform Generated. SNR: 20.784008091415114
calculating stable deltas...
plunging! t_interp:  31558144.999999996 t_traj:  31531139.267603856
plunging! t_interp:  31558144.999999996 t_traj:  31545006.677180123
minimum relative error is greater than 1% for dev_2. Fisher may be unstable!
Time taken to compute stable deltas is 67.73419189453125 seconds
calculating Fisher matrix...
Finished derivatives
Calculated Fisher is *atleast* positive-definite.
Time taken to compute FM is 5.997456312179565 seconds
    CV from_0PA#1 it   0 lam=3.3e-03 ov=0.9675449 chi2=2.809e+01 rel=8.3e-06
Body is not plunging, Fisher should be stable.
waveform shape: (3, 6311629)
Computing SNR for parameters: (np.float64(998144.0903977462), np.float64(1001.2994504173075), np.float64(-0.49965114647538894), np.float64(24.99224578575013), np.float64(0.09988397412596552), 1.0, 33.992306, np.float64(1.0516907462343228), np.float64(0.7901978771264391), 0.628318531, 0.523598776, np.float64(6.309153104148636), 0.2, np.float64(0.4495470508853521), 0.95, False, False, False, True, np.float64(-2.337315779141735e-06), np.float64(0.00221894440645081), 0.0, 0.0)
Waveform Generated. SNR: 20.78457176743663
calculating Fisher matrix...
Finished derivatives
Calculated Fisher is *atleast* positive-definite.
Time taken to compute FM is 6.806154012680054 seconds
    CV from_0PA#1 it   1 lam=1.1e-03 ov=0.9675459 chi2=2.809e+01 rel=1.5e-05
Body is not plunging, Fisher should be stable.
waveform shape: (3, 6311629)
Computing SNR for parameters: (np.float64(998144.0851461149), np.float64(1001.2994489471577), np.float64(-0.4996510819888607), np.float64(24.992245744007484), np.float64(0.09988378616090432), 1.0, 33.992306, np.float64(1.05170480347225), np.float64(0.7901167427367699), 0.628318531, 0.523598776, np.float64(6.308817263263826), 0.2, np.float64(0.4489195910552578), 0.95, False, False, False, True, np.float64(3.7830483014130224e-07), np.float64(0.006073221510000745), 0.0, 0.0)
Waveform Generated. SNR: 20.785316960514322
calculating Fisher matrix...
Finished derivatives
Calculated Fisher is *atleast* positive-definite.
Time taken to compute FM is 6.867722511291504 seconds
    CV from_0PA#1 it   2 lam=3.7e-04 ov=0.9675475 chi2=2.809e+01 rel=2.3e-05
Body is not plunging, Fisher should be stable.
waveform shape: (3, 6311629)
Computing SNR for parameters: (np.float64(998144.0710622319), np.float64(1001.2994437534692), np.float64(-0.49965087008006326), np.float64(24.992245635517257), np.float64(0.09988342152526208), 1.0, 33.992306, np.float64(1.0517301869426998), np.float64(0.7900817743687404), 0.628318531, 0.523598776, np.float64(6.307230624393154), 0.2, np.float64(0.44702862162704937), 0.95, False, False, False, True, np.float64(-1.6652348800767843e-05), np.float64(0.012314631338711284), 0.0, 0.0)
Waveform Generated. SNR: 20.78572935978698
calculating Fisher matrix...
Finished derivatives
Calculated Fisher is *atleast* positive-definite.
Time taken to compute FM is 6.78631854057312 seconds
    CV from_0PA#1 it   3 lam=3.0e-04 ov=0.9675489 chi2=2.809e+01 rel=3.8e-05
Body is not plunging, Fisher should be stable.
waveform shape: (3, 6311629)
Computing SNR for parameters: (np.float64(998144.0205014632), np.float64(1001.299436766766), np.float64(-0.49965015328692114), np.float64(24.992245229102288), np.float64(0.09988273158316785), 1.0, 33.992306, np.float64(1.0517813496653052), np.float64(0.7899827857482766), 0.628318531, 0.523598776, np.float64(6.304103483996496), 0.2, np.float64(0.44244965445963147), 0.95, False, False, False, True, np.float64(-2.384851168621852e-05), np.float64(0.028704816968910606), 0.0, 0.0)
Waveform Generated. SNR: 20.787125891593572
calculating Fisher matrix...
Finished derivatives
Calculated Fisher is *atleast* positive-definite.
Time taken to compute FM is 6.847309827804565 seconds
    CV from_0PA#1 it   4 lam=1.0e-04 ov=0.9675521 chi2=2.809e+01 rel=6.6e-05
Body is not plunging, Fisher should be stable.
waveform shape: (3, 6311629)
Computing SNR for parameters: (np.float64(998143.953581431), np.float64(1001.2994353182404), np.float64(-0.4996492977082612), np.float64(24.99224467262867), np.float64(0.09988221358940744), 1.0, 33.992306, np.float64(1.0518283248947264), np.float64(0.7899056965731668), 0.628318531, 0.523598776, np.float64(6.301410175815724), 0.2, np.float64(0.43749778191951094), 0.95, False, False, False, True, np.float64(0.00032253659255117285), np.float64(0.044784146641578856), 0.0, 0.0)
Waveform Generated. SNR: 20.78722762596789
calculating stable deltas...
plunging! t_interp:  31558144.99999999 t_traj:  31531139.616113823
plunging! t_interp:  31558144.99999999 t_traj:  31545007.02360482
Time taken to compute stable deltas is 64.8870313167572 seconds
calculating Fisher matrix...
Finished derivatives
Calculated Fisher is *atleast* positive-definite.
Time taken to compute FM is 5.849969148635864 seconds
    CV from_0PA#1 it   5 lam=3.4e-05 ov=0.9675545 chi2=2.808e+01 rel=9.2e-05
Body is not plunging, Fisher should be stable.
waveform shape: (3, 6311629)
Computing SNR for parameters: (np.float64(998143.7768983836), np.float64(1001.2993913160933), np.float64(-0.49964753482915214), np.float64(24.992243167856028), np.float64(0.0998819017573306), 1.0, 33.992306, np.float64(1.0518875487638597), np.float64(0.7898066497806189), 0.628318531, 0.523598776, np.float64(6.298226753916916), 0.2, np.float64(0.42972748433396557), 0.95, False, False, False, True, np.float64(0.0015348404735385833), np.float64(0.07563223103062822), 0.0, 0.0)
Waveform Generated. SNR: 20.787715527915477
calculating Fisher matrix...
Finished derivatives
Calculated Fisher is *atleast* positive-definite.
Time taken to compute FM is 7.052761793136597 seconds
    CV from_0PA#1 it   6 lam=1.6e-05 ov=0.9675582 chi2=2.808e+01 rel=1.3e-04
Body is not plunging, Fisher should be stable.
waveform shape: (3, 6311629)
Computing SNR for parameters: (np.float64(998143.3806980554), np.float64(1001.2990287210368), np.float64(-0.4996453281259947), np.float64(24.99223969625832), np.float64(0.0998824499985698), 1.0, 33.992306, np.float64(1.051977580044449), np.float64(0.7896967177163364), 0.628318531, 0.523598776, np.float64(6.294679492174469), 0.2, np.float64(0.42054280493204893), 0.95, False, False, False, True, np.float64(0.005087272590766816), np.float64(0.12644021836274127), 0.0, 0.0)
Waveform Generated. SNR: 20.78888176208267
calculating Fisher matrix...
Finished derivatives
Calculated Fisher is *atleast* positive-definite.
Time taken to compute FM is 7.072675466537476 seconds
    CV from_0PA#1 it   7 lam=3.2e-05 ov=0.9675640 chi2=2.808e+01 rel=7.8e-05
Body is not plunging, Fisher should be stable.
waveform shape: (3, 6311629)
Computing SNR for parameters: (np.float64(998142.9385693161), np.float64(1001.2988754628761), np.float64(-0.49964505292204003), np.float64(24.99223550441376), np.float64(0.09988382579989762), 1.0, 33.992306, np.float64(1.0520150064673361), np.float64(0.7896515963032049), 0.628318531, 0.523598776, np.float64(6.291617559535403), 0.2, np.float64(0.41728922269189994), 0.95, False, False, False, True, np.float64(0.015480620204293138), np.float64(0.16841347309775143), 0.0, 0.0)
Waveform Generated. SNR: 20.7896820959992
calculating Fisher matrix...
Finished derivatives
Calculated Fisher is *atleast* positive-definite.
Time taken to compute FM is 7.0712196826934814 seconds
    CV from_0PA#1 it   8 lam=1.1e-05 ov=0.9675677 chi2=2.808e+01 rel=1.5e-04
Body is not plunging, Fisher should be stable.
waveform shape: (3, 6311629)
Computing SNR for parameters: (np.float64(998142.6367846585), np.float64(1001.2983163873647), np.float64(-0.49964450020295853), np.float64(24.992232935811163), np.float64(0.09988479256962099), 1.0, 33.992306, np.float64(1.05205780585076), np.float64(0.7896090945181047), 0.628318531, 0.523598776, np.float64(6.290134429583269), 0.2, np.float64(0.41466568351696903), 0.95, False, False, False, True, np.float64(0.017780435071299505), np.float64(0.19725103192620544), 0.0, 0.0)
Waveform Generated. SNR: 20.78905780231604
calculating Fisher matrix...
Finished derivatives
Calculated Fisher is *atleast* positive-definite.
Time taken to compute FM is 7.013810634613037 seconds
    CV from_0PA#1 it   9 lam=3.5e-06 ov=0.9675717 chi2=2.807e+01 rel=1.7e-04
Body is not plunging, Fisher should be stable.
waveform shape: (3, 6311629)
Computing SNR for parameters: (np.float64(998141.9410525352), np.float64(1001.2963684629847), np.float64(-0.4996449285449619), np.float64(24.99222743812889), np.float64(0.09988734182484811), 1.0, 33.992306, np.float64(1.0521093658540848), np.float64(0.7895604743206553), 0.628318531, 0.523598776, np.float64(6.287169942529558), 0.2, np.float64(0.4138192767072333), 0.95, False, False, False, True, np.float64(0.019935378875612104), np.float64(0.251784731184181), 0.0, 0.0)
Waveform Generated. SNR: 20.789539645489075
calculating stable deltas...
plunging! t_interp:  31558144.999999993 t_traj:  31531142.93021905
plunging! t_interp:  31558144.999999993 t_traj:  31545010.336719606
Time taken to compute stable deltas is 64.3902907371521 seconds
calculating Fisher matrix...
Finished derivatives
Calculated Fisher is *atleast* positive-definite.
Time taken to compute FM is 5.872788667678833 seconds
    CV from_0PA#1 it  10 lam=1.2e-06 ov=0.9675779 chi2=2.807e+01 rel=4.5e-04
Body is not plunging, Fisher should be stable.
waveform shape: (3, 6311629)
Computing SNR for parameters: (np.float64(998139.9040139596), np.float64(1001.2936280254467), np.float64(-0.4996483172040212), np.float64(24.99221105793108), np.float64(0.09989553532105136), 1.0, 33.992306, np.float64(1.0522213313676183), np.float64(0.7894322073948857), 0.628318531, 0.523598776, np.float64(6.279245685736459), 0.2, np.float64(0.4210856077195049), 0.95, False, False, False, True, np.float64(0.05506966233857695), np.float64(0.3981018948573934), 0.0, 0.0)
Waveform Generated. SNR: 20.79112959812778
calculating Fisher matrix...
Finished derivatives
Calculated Fisher is *atleast* positive-definite.
Time taken to compute FM is 6.969807863235474 seconds
    CV from_0PA#1 it  11 lam=3.9e-07 ov=0.9675948 chi2=2.805e+01 rel=6.2e-04
Body is not plunging, Fisher should be stable.
waveform shape: (3, 6311629)
Computing SNR for parameters: (np.float64(998136.1003874125), np.float64(1001.29109495814), np.float64(-0.4996549071647598), np.float64(24.992189072177947), np.float64(0.0999098657746659), 1.0, 33.992306, np.float64(1.052408800726204), np.float64(0.7892593542147975), 0.628318531, 0.523598776, np.float64(6.2675319582783935), 0.2, np.float64(0.43644145086101876), 0.95, False, False, False, True, np.float64(0.13101078754494616), np.float64(0.6425738752202742), 0.0, 0.0)
Waveform Generated. SNR: 20.793052817024893
calculating Fisher matrix...
Finished derivatives
Calculated Fisher is *atleast* positive-definite.
Time taken to compute FM is 6.969411849975586 seconds
    CV from_0PA#1 it  12 lam=1.3e-07 ov=0.9676178 chi2=2.804e+01 rel=6.8e-04
Body is not plunging, Fisher should be stable.
waveform shape: (3, 6311629)
Computing SNR for parameters: (np.float64(998130.08950774), np.float64(1001.2971406725959), np.float64(-0.49966523228305826), np.float64(24.992185990848988), np.float64(0.09992800669227604), 1.0, 33.992306, np.float64(1.0525705778704977), np.float64(0.7890996628777223), 0.628318531, 0.523598776, np.float64(6.256574516427934), 0.2, np.float64(0.4550674355136711), 0.95, False, False, False, True, np.float64(0.2916654996921485), np.float64(0.9350281924576194), 0.0, 0.0)
Waveform Generated. SNR: 20.795887591751672
calculating Fisher matrix...
Finished derivatives
Calculated Fisher is *atleast* positive-definite.
Time taken to compute FM is 6.979999303817749 seconds
    CV from_0PA#1 it  13 lam=4.4e-08 ov=0.9676442 chi2=2.802e+01 rel=9.7e-04
Body is not plunging, Fisher should be stable.
waveform shape: (3, 6311629)
Computing SNR for parameters: (np.float64(998118.8718517676), np.float64(1001.3293066691258), np.float64(-0.49968326029246707), np.float64(24.99224796279763), np.float64(0.09995148233496928), 1.0, 33.992306, np.float64(1.0526660596958555), np.float64(0.7890075506768603), 0.628318531, 0.523598776, np.float64(6.248558083655583), 0.2, np.float64(0.46979576765397735), 0.95, False, False, False, True, np.float64(0.6719949277329083), np.float64(1.286656715670146), 0.0, 0.0)
Waveform Generated. SNR: 20.79762158482837
calculating Fisher matrix...
Finished derivatives
Calculated Fisher is *atleast* positive-definite.
Time taken to compute FM is 6.9228668212890625 seconds
    CV from_0PA#1 it  14 lam=4.3e-08 ov=0.9676781 chi2=2.799e+01 rel=1.4e-03
Body is not plunging, Fisher should be stable.
waveform shape: (3, 6311629)
Computing SNR for parameters: (np.float64(998092.2896692714), np.float64(1001.427338422933), np.float64(-0.4997231258327939), np.float64(24.992457301686354), np.float64(0.09999661228436782), 1.0, 33.992306, np.float64(1.0527124529762248), np.float64(0.7888598208944441), 0.628318531, 0.523598776, np.float64(6.237064453450291), 0.2, np.float64(0.4760077845463744), 0.95, False, False, False, True, np.float64(1.6653627938691709), np.float64(1.954866080627352), 0.0, 0.0)
Waveform Generated. SNR: 20.80020639141265
calculating stable deltas...
plunging! t_interp:  31558144.999999996 t_traj:  31531133.275977235
plunging! t_interp:  31558144.999999996 t_traj:  31545000.698163085
Time taken to compute stable deltas is 64.95779418945312 seconds
calculating Fisher matrix...
Finished derivatives
Calculated Fisher is *atleast* positive-definite.
Time taken to compute FM is 5.867230415344238 seconds
    CV from_0PA#1 it  15 lam=2.6e-08 ov=0.9677268 chi2=2.795e+01 rel=2.6e-03
Body is not plunging, Fisher should be stable.
waveform shape: (3, 6311629)
Computing SNR for parameters: (np.float64(998068.2315329834), np.float64(1001.5173095624748), np.float64(-0.49975862485965133), np.float64(24.992645414492465), np.float64(0.10003777760644987), 1.0, 33.992306, np.float64(1.0527307849388934), np.float64(0.7887271845773798), 0.628318531, 0.523598776, np.float64(6.227363508392857), 0.2, np.float64(0.4798974281222338), 0.95, False, False, False, True, np.float64(2.5749089630491016), np.float64(2.561826743647247), 0.0, 0.0)
Waveform Generated. SNR: 20.80610179133677
calculating Fisher matrix...
Finished derivatives
Calculated Fisher is *atleast* positive-definite.
Time taken to compute FM is 6.651838302612305 seconds
    CV from_0PA#1 it  16 lam=2.7e-08 ov=0.9678182 chi2=2.788e+01 rel=9.4e-04
Body is not plunging, Fisher should be stable.
waveform shape: (3, 6311629)
Computing SNR for parameters: (np.float64(998035.4084443183), np.float64(1001.6440997254987), np.float64(-0.49980635597777917), np.float64(24.992912417978555), np.float64(0.10009205370862512), 1.0, 33.992306, np.float64(1.052785121252229), np.float64(0.7885100883865875), 0.628318531, 0.523598776, np.float64(6.214403042353038), 0.2, np.float64(0.4799181147840916), 0.95, False, False, False, True, np.float64(3.8339890274244843), np.float64(3.3621300446240268), 0.0, 0.0)
Waveform Generated. SNR: 20.81028373631898
calculating Fisher matrix...
Finished derivatives
Calculated Fisher is *atleast* positive-definite.
Time taken to compute FM is 7.100158214569092 seconds
    CV from_0PA#1 it  17 lam=2.3e-08 ov=0.9678549 chi2=2.785e+01 rel=2.8e-03
Body is not plunging, Fisher should be stable.
waveform shape: (3, 6311629)
Computing SNR for parameters: (np.float64(998008.1927369743), np.float64(1001.7495146067998), np.float64(-0.49984555486734095), np.float64(24.99312668698784), np.float64(0.10013839781778378), 1.0, 33.992306, np.float64(1.0527897776541086), np.float64(0.7883936161747016), 0.628318531, 0.523598776, np.float64(6.203499449470714), 0.2, np.float64(0.4804078848264548), 0.95, False, False, False, True, np.float64(4.88840799019352), np.float64(4.041752907260403), 0.0, 0.0)
Waveform Generated. SNR: 20.81670565339322
calculating Fisher matrix...
Finished derivatives
Calculated Fisher is *atleast* positive-definite.
Time taken to compute FM is 7.200240135192871 seconds
    CV from_0PA#1 it  18 lam=2.3e-08 ov=0.9679534 chi2=2.778e+01 rel=9.8e-04
Body is not plunging, Fisher should be stable.
waveform shape: (3, 6311629)
Computing SNR for parameters: (np.float64(997983.0936895442), np.float64(1001.8539789713885), np.float64(-0.4998804340737377), np.float64(24.993317094702597), np.float64(0.10018239410150576), 1.0, 33.992306, np.float64(1.052847232896515), np.float64(0.7881867018415323), 0.628318531, 0.523598776, np.float64(6.193136850211145), 0.2, np.float64(0.48098671670332405), 0.95, False, False, False, True, np.float64(5.927919422818953), np.float64(4.693471714512002), 0.0, 0.0)
Waveform Generated. SNR: 20.82155438145167
calculating Fisher matrix...
Finished derivatives
Calculated Fisher is *atleast* positive-definite.
Time taken to compute FM is 7.379276275634766 seconds
    CV from_0PA#1 it  19 lam=7.8e-09 ov=0.9679923 chi2=2.775e+01 rel=2.6e-03
Body is not plunging, Fisher should be stable.
waveform shape: (3, 6311629)
Computing SNR for parameters: (np.float64(997959.7620215815), np.float64(1001.9407521430911), np.float64(-0.4999143982022139), np.float64(24.9935027776463), np.float64(0.10022172740397522), 1.0, 33.992306, np.float64(1.0528294833029461), np.float64(0.7880660800765907), 0.628318531, 0.523598776, np.float64(6.183879015106689), 0.2, np.float64(0.48207457101541373), 0.95, False, False, False, True, np.float64(6.798892418654297), np.float64(5.265356464676707), 0.0, 0.0)
Waveform Generated. SNR: 20.831145349165777
calculating stable deltas...
plunging! t_interp:  31558144.999999996 t_traj:  31531093.325876515
plunging! t_interp:  31558144.999999996 t_traj:  31544960.64974571
Time taken to compute stable deltas is 68.89513921737671 seconds
calculating Fisher matrix...
Finished derivatives
Calculated Fisher is *atleast* positive-definite.
Time taken to compute FM is 6.412837982177734 seconds
    CV from_0PA#1 it  20 lam=2.1e-08 ov=0.9680887 chi2=2.768e+01 rel=1.5e-04
Body is not plunging, Fisher should be stable.
waveform shape: (3, 6311629)
Computing SNR for parameters: (np.float64(997933.7801843241), np.float64(1002.0419008959224), np.float64(-0.4999520383477675), np.float64(24.99371519397461), np.float64(0.10026470283446132), 1.0, 33.992306, np.float64(1.0529453516454448), np.float64(0.7879103620014347), 0.628318531, 0.523598776, np.float64(6.174165795873113), 0.2, np.float64(0.4824703682769111), 0.95, False, False, False, True, np.float64(7.798901510384294), np.float64(5.882650633406432), 0.0, 0.0)
Waveform Generated. SNR: 20.831999160956457
calculating Fisher matrix...
Finished derivatives
Calculated Fisher is *atleast* positive-definite.
Time taken to compute FM is 7.144621849060059 seconds
    CV from_0PA#1 it  21 lam=6.9e-09 ov=0.9680949 chi2=2.767e+01 rel=1.3e-03
Body is not plunging, Fisher should be stable.
waveform shape: (3, 6311629)
Computing SNR for parameters: (np.float64(997917.7105484073), np.float64(1002.1049807513222), np.float64(-0.4999749353361605), np.float64(24.99383506241525), np.float64(0.10029333311580108), 1.0, 33.992306, np.float64(1.0529702163238832), np.float64(0.7878721988557914), 0.628318531, 0.523598776, np.float64(6.16752531887571), 0.2, np.float64(0.48512067425577815), 0.95, False, False, False, True, np.float64(8.435723535641865), np.float64(6.296472647395023), 0.0, 0.0)
Waveform Generated. SNR: 20.836934663145904
calculating Fisher matrix...
Finished derivatives
Calculated Fisher is *atleast* positive-definite.
Time taken to compute FM is 7.1667640209198 seconds
    CV from_0PA#1 it  22 lam=1.2e-08 ov=0.9681449 chi2=2.764e+01 rel=4.2e-04
Body is not plunging, Fisher should be stable.
waveform shape: (3, 6311629)
Computing SNR for parameters: (np.float64(997899.5152698373), np.float64(1002.1767210495755), np.float64(-0.500000990166216), np.float64(24.993977962914112), np.float64(0.10032446810943633), 1.0, 33.992306, np.float64(1.0530094950165054), np.float64(0.7877389494223251), 0.628318531, 0.523598776, np.float64(6.160434308447845), 0.2, np.float64(0.4868035683697295), 0.95, False, False, False, True, np.float64(9.150070501305487), np.float64(6.744476151740164), 0.0, 0.0)
Waveform Generated. SNR: 20.84034914672248
calculating Fisher matrix...
Finished derivatives
Calculated Fisher is *atleast* positive-definite.
Time taken to compute FM is 7.103598594665527 seconds
    CV from_0PA#1 it  23 lam=6.1e-09 ov=0.9681635 chi2=2.763e+01 rel=4.5e-04
Body is not plunging, Fisher should be stable.
waveform shape: (3, 6311629)
Computing SNR for parameters: (np.float64(997884.7375558827), np.float64(1002.2363247034486), np.float64(-0.5000218414863211), np.float64(24.99408918125838), np.float64(0.10035063844506192), 1.0, 33.992306, np.float64(1.0530232613526926), np.float64(0.7876539101099179), 0.628318531, 0.523598776, np.float64(6.154439219865713), 0.2, np.float64(0.48891209771587707), 0.95, False, False, False, True, np.float64(9.7469829431304), np.float64(7.1216451492744), 0.0, 0.0)
Waveform Generated. SNR: 20.843733286330455
calculating Fisher matrix...
Finished derivatives
Calculated Fisher is *atleast* positive-definite.
Time taken to compute FM is 7.108432769775391 seconds
    CV from_0PA#1 it  24 lam=6.0e-09 ov=0.9681831 chi2=2.761e+01 rel=2.1e-04
Body is not plunging, Fisher should be stable.
waveform shape: (3, 6311629)
Computing SNR for parameters: (np.float64(997868.0872930633), np.float64(1002.305204687266), np.float64(-0.5000450638280772), np.float64(24.994215585582523), np.float64(0.10037989527236921), 1.0, 33.992306, np.float64(1.0530665199430493), np.float64(0.7875470158280677), 0.628318531, 0.523598776, np.float64(6.147602932859394), 0.2, np.float64(0.4900091665821855), 0.95, False, False, False, True, np.float64(10.431724205282134), np.float64(7.544640430856684), 0.0, 0.0)
Waveform Generated. SNR: 20.846895746975836
calculating stable deltas...
plunging! t_interp:  31558144.999999993 t_traj:  31531067.107358962
plunging! t_interp:  31558144.999999993 t_traj:  31544934.36354444
Time taken to compute stable deltas is 67.83008909225464 seconds
calculating Fisher matrix...
Finished derivatives
Calculated Fisher is *atleast* positive-definite.
Time taken to compute FM is 5.904975891113281 seconds
    CV from_0PA#1 it  25 lam=2.0e-09 ov=0.9681946 chi2=2.761e+01 rel=3.3e-04
Body is not plunging, Fisher should be stable.
waveform shape: (3, 6311629)
Computing SNR for parameters: (np.float64(997859.0329909035), np.float64(1002.3481887976237), np.float64(-0.5000566619509331), np.float64(24.994271014917178), np.float64(0.1003982238810969), 1.0, 33.992306, np.float64(1.0530862437778628), np.float64(0.7874971329975183), 0.628318531, 0.523598776, np.float64(6.143280853443821), 0.2, np.float64(0.49281125669441167), 0.95, False, False, False, True, np.float64(10.865454900310272), np.float64(7.814739058646569), 0.0, 0.0)
Waveform Generated. SNR: 20.85011286816593
calculating Fisher matrix...
Finished derivatives
Calculated Fisher is *atleast* positive-definite.
Time taken to compute FM is 6.444590091705322 seconds
    CV from_0PA#1 it  26 lam=6.7e-10 ov=0.9682102 chi2=2.760e+01 rel=1.1e-04
Body is not plunging, Fisher should be stable.
waveform shape: (3, 6311629)
Computing SNR for parameters: (np.float64(997847.6923107136), np.float64(1002.3894778424606), np.float64(-0.5000734003117103), np.float64(24.99436217923127), np.float64(0.10041729166586469), 1.0, 33.992306, np.float64(1.0531104829590356), np.float64(0.7874206622465779), 0.628318531, 0.523598776, np.float64(6.139163204592509), 0.2, np.float64(0.49461951649528463), 0.95, False, False, False, True, np.float64(11.280017250878785), np.float64(8.08272841362436), 0.0, 0.0)
Waveform Generated. SNR: 20.852490668414898
calculating Fisher matrix...
Finished derivatives
Calculated Fisher is *atleast* positive-definite.
Time taken to compute FM is 6.9830162525177 seconds
    CV from_0PA#1 it  27 lam=2.2e-10 ov=0.9682173 chi2=2.760e+01 rel=2.9e-05
Body is not plunging, Fisher should be stable.
waveform shape: (3, 6311629)
Computing SNR for parameters: (np.float64(997857.0400478947), np.float64(1002.4228298441905), np.float64(-0.5000487601719833), np.float64(24.99418661459785), np.float64(0.1004196053240076), 1.0, 33.992306, np.float64(1.0531161577906134), np.float64(0.7874005712140614), 0.628318531, 0.523598776, np.float64(6.136748067701603), 0.2, np.float64(0.502240324049773), 0.95, False, False, False, True, np.float64(11.609536598126548), np.float64(8.18880363239204), 0.0, 0.0)
Waveform Generated. SNR: 20.85315586193392
calculating Fisher matrix...
Finished derivatives
Calculated Fisher is *atleast* positive-definite.
Time taken to compute FM is 6.972301721572876 seconds
    CV from_0PA#1 it  28 lam=6.7e-10 ov=0.9682193 chi2=2.759e+01 rel=6.0e-06
Body is not plunging, Fisher should be stable.
waveform shape: (3, 6311629)
Computing SNR for parameters: (np.float64(997880.0015482928), np.float64(1002.4531164863834), np.float64(-0.49999640474814666), np.float64(24.993830597036737), np.float64(0.10041176894227198), 1.0, 33.992306, np.float64(1.0531194365461012), np.float64(0.7874063857228703), 0.628318531, 0.523598776, np.float64(6.135333430238371), 0.2, np.float64(0.513898198000979), 0.95, False, False, False, True, np.float64(11.90634973624424), np.float64(8.205647601101735), 0.0, 0.0)
Waveform Generated. SNR: 20.8557217380419
calculating Fisher matrix...
Finished derivatives
Calculated Fisher is *atleast* positive-definite.
Time taken to compute FM is 6.926311731338501 seconds
    CV from_0PA#1 it  29 lam=1.3e-09 ov=0.9682235 chi2=2.759e+01 rel=4.8e-05
Body is not plunging, Fisher should be stable.
waveform shape: (3, 6311629)
Computing SNR for parameters: (np.float64(997891.3172470399), np.float64(1002.4707197415681), np.float64(-0.4999703930105565), np.float64(24.993649229551423), np.float64(0.10040908472169054), 1.0, 33.992306, np.float64(1.0531429650124478), np.float64(0.7873937108863546), 0.628318531, 0.523598776, np.float64(6.134799410106323), 0.2, np.float64(0.5215955954993577), 0.95, False, False, False, True, np.float64(12.082536487558933), np.float64(8.229513841566158), 0.0, 0.0)
Waveform Generated. SNR: 20.85409453462246
calculating stable deltas...
startup
======================================================================

[idx0] --- start = from_0PA (overlap 0.9934510) ---
Body is plunging! Expect instabilities.
Removed last 6 hours of inspiral. New evolution time: 0.2601109441701356 years
waveform shape: (3, 6311629)
Computing SNR for parameters: (np.float64(1001761.99), np.float64(4995.11288), np.float64(0.703962258), np.float64(24.9674581), np.float64(0.249798441), 1.0, 12.0, np.float64(0.7861379), np.float64(1.00491369), 1.0, 1.0471975511965976, np.float64(0.989953388), 0.5, np.float64(0.642950551), 0.95, False, False, False, True, np.float64(0.0), np.float64(0.0), 0.0, 0.0)
Waveform Generated. SNR: 342.79622163034253
calculating stable deltas...
plunging! t_interp:  8230220.131258385 t_traj:  8223686.254428203
plunging! t_interp:  8230220.131258385 t_traj:  8225319.480386056
plunging! t_interp:  8230220.131258385 t_traj:  8226952.868510371
plunging! t_interp:  8230220.131258385 t_traj:  8228586.4188011475
plunging! t_interp:  8230220.131258385 t_traj:  8227925.666249618
plunging! t_interp:  8230220.131258385 t_traj:  8228499.252512852
plunging! t_interp:  8230220.131258385 t_traj:  8229072.858768723
plunging! t_interp:  8230220.131258385 t_traj:  8229646.485017235
plunging! t_interp:  8230220.131258385 t_traj:  8229414.46416096
plunging! t_interp:  8230220.131258385 t_traj:  8229615.877238138
plunging! t_interp:  8230220.131258385 t_traj:  8229817.2927801
plunging! t_interp:  8230220.131258385 t_traj:  8230018.710786851
plunging! t_interp:  8230220.131258385 t_traj:  8229937.241600579
plunging! t_interp:  8230220.131258385 t_traj:  8230007.963559224
plunging! t_interp:  8230220.131258385 t_traj:  8230078.68582174
plunging! t_interp:  8230220.131258385 t_traj:  8230149.4083881285
plunging! t_interp:  8230220.131258385 t_traj:  8230120.80272171
plunging! t_interp:  8230220.131258385 t_traj:  8230145.634799686
plunging! t_interp:  8230220.131258385 t_traj:  8230170.466915124
plunging! t_interp:  8230220.131258385 t_traj:  8230195.299068024
plunging! t_interp:  8230220.131258385 t_traj:  8230185.25503641
plunging! t_interp:  8230220.131258385 t_traj:  8230193.974084978
plunging! t_interp:  8230220.131258385 t_traj:  8230202.693138159
plunging! t_interp:  8230220.131258385 t_traj:  8230211.412195964
plunging! t_interp:  8230220.131258385 t_traj:  8230207.885539735
plunging! t_interp:  8230220.131258385 t_traj:  8230210.946968542
plunging! t_interp:  8230220.131258385 t_traj:  8230214.008397924
plunging! t_interp:  8230220.131258385 t_traj:  8230217.069827869
plunging! t_interp:  8230220.131258385 t_traj:  8230215.83155074
plunging! t_interp:  8230220.131258385 t_traj:  8230216.906477546
plunging! t_interp:  8230220.131258385 t_traj:  8230217.981404424
plunging! t_interp:  8230220.131258385 t_traj:  8230219.05633137
plunging! t_interp:  8230220.131258385 t_traj:  8230218.6215484645
plunging! t_interp:  8230220.131258385 t_traj:  8230218.998975933
plunging! t_interp:  8230220.131258385 t_traj:  8230219.376403408
plunging! t_interp:  8230220.131258385 t_traj:  8230219.753830894
plunging! t_interp:  8230220.131258385 t_traj:  8230219.601170272
plunging! t_interp:  8230220.131258385 t_traj:  8230219.733692297
plunging! t_interp:  8230220.131258385 t_traj:  8230219.8662143275
plunging! t_interp:  8230220.131258385 t_traj:  8230219.9987363545
plunging! t_interp:  8230220.131258385 t_traj:  8230219.945134285
plunging! t_interp:  8230220.131258385 t_traj:  8230219.991665308
plunging! t_interp:  8230220.131258385 t_traj:  8230220.038196333
plunging! t_interp:  8230220.131258385 t_traj:  8230220.084727361
plunging! t_interp:  8230220.131258385 t_traj:  8230220.065906647
plunging! t_interp:  8230220.131258385 t_traj:  8230220.08224458
plunging! t_interp:  8230220.131258385 t_traj:  8230220.098582516
plunging! t_interp:  8230220.131258385 t_traj:  8230220.11492045
plunging! t_interp:  8230220.131258385 t_traj:  8229409.440806167
plunging! t_interp:  8230220.131258385 t_traj:  8228598.91247177
plunging! t_interp:  8230220.131258385 t_traj:  8227788.546206572
plunging! t_interp:  8230220.131258385 t_traj:  8226978.34196198
plunging! t_interp:  8230220.131258385 t_traj:  8229935.46382584
plunging! t_interp:  8230220.131258385 t_traj:  8229650.8163838275
plunging! t_interp:  8230220.131258385 t_traj:  8229366.188930242
plunging! t_interp:  8230220.131258385 t_traj:  8229081.581462979
plunging! t_interp:  8230220.131258385 t_traj:  8230120.176787372
plunging! t_interp:  8230220.131258385 t_traj:  8230020.224781053
plunging! t_interp:  8230220.131258385 t_traj:  8229920.275239337
plunging! t_interp:  8230220.131258385 t_traj:  8229820.328162133
plunging! t_interp:  8230220.131258385 t_traj:  8230185.035046367
plunging! t_interp:  8230220.131258385 t_traj:  8230149.939138212
plunging! t_interp:  8230220.131258385 t_traj:  8230114.843533922
plunging! t_interp:  8230220.131258385 t_traj:  8230079.7482334925
plunging! t_interp:  8230220.131258385 t_traj:  8230207.808270819
plunging! t_interp:  8230220.131258385 t_traj:  8230195.485320709
plunging! t_interp:  8230220.131258385 t_traj:  8230183.162408063
plunging! t_interp:  8230220.131258385 t_traj:  8230170.839532879
plunging! t_interp:  8230220.131258385 t_traj:  8230215.804416907
plunging! t_interp:  8230220.131258385 t_traj:  8230211.47758005
plunging! t_interp:  8230220.131258385 t_traj:  8230207.15074781
plunging! t_interp:  8230220.131258385 t_traj:  8230202.823920186
plunging! t_interp:  8230220.131258385 t_traj:  8230218.612020858
plunging! t_interp:  8230220.131258385 t_traj:  8230217.092783893
plunging! t_interp:  8230220.131258385 t_traj:  8230215.573547507
plunging! t_interp:  8230220.131258385 t_traj:  8230214.054311686
plunging! t_interp:  8230220.131258385 t_traj:  8230219.597824892
plunging! t_interp:  8230220.131258385 t_traj:  8230219.064391474
plunging! t_interp:  8230220.131258385 t_traj:  8230218.530958125
plunging! t_interp:  8230220.131258385 t_traj:  8230217.9975248445
plunging! t_interp:  8230220.131258385 t_traj:  8230219.943959651
plunging! t_interp:  8230220.131258385 t_traj:  8230219.756660925
plunging! t_interp:  8230220.131258385 t_traj:  8230219.569362211
plunging! t_interp:  8230220.131258385 t_traj:  8230219.382063499
plunging! t_interp:  8230220.131258385 t_traj:  8230220.065494209
plunging! t_interp:  8230220.131258385 t_traj:  8230219.999730031
plunging! t_interp:  8230220.131258385 t_traj:  8230219.933965856
plunging! t_interp:  8230220.131258385 t_traj:  8230219.868201681
plunging! t_interp:  8230220.131258385 t_traj:  8230220.1081673205
plunging! t_interp:  8230220.131258385 t_traj:  8230220.0850762585
plunging! t_interp:  8230220.131258385 t_traj:  8230220.061985194
plunging! t_interp:  8230220.131258385 t_traj:  8230220.03889413
plunging! t_interp:  8230220.131258385 t_traj:  8230220.123150667
plunging! t_interp:  8230220.131258385 t_traj:  8230220.115042956
plunging! t_interp:  8230220.131258385 t_traj:  8230220.106935239
plunging! t_interp:  8230220.131258385 t_traj:  8230220.098827525
plunging! t_interp:  8230220.131258385 t_traj:  8229839.70479397
plunging! t_interp:  8230220.131258385 t_traj:  8229934.812344098
plunging! t_interp:  8230220.131258385 t_traj:  8230029.919319721
plunging! t_interp:  8230220.131258385 t_traj:  8230125.025593404
plunging! t_interp:  8230220.131258385 t_traj:  8230086.557421005
plunging! t_interp:  8230220.131258385 t_traj:  8230119.951010694
plunging! t_interp:  8230220.131258385 t_traj:  8230153.344506601
plunging! t_interp:  8230220.131258385 t_traj:  8230186.737894007
plunging! t_interp:  8230220.131258385 t_traj:  8230173.231090538
plunging! t_interp:  8230220.131258385 t_traj:  8230184.9561436605
plunging! t_interp:  8230220.131258385 t_traj:  8230196.681197437
plunging! t_interp:  8230220.131258385 t_traj:  8230208.406240175
plunging! t_interp:  8230220.131258385 t_traj:  8230203.663694342
plunging! t_interp:  8230220.131258385 t_traj:  8230207.780613441
plunging! t_interp:  8230220.131258385 t_traj:  8230211.897535513
plunging! t_interp:  8230220.131258385 t_traj:  8230216.014389657
plunging! t_interp:  8230220.131258385 t_traj:  8230214.349156991
plunging! t_interp:  8230220.131258385 t_traj:  8230215.794706746
plunging! t_interp:  8230220.131258385 t_traj:  8230217.240238725
plunging! t_interp:  8230220.131258385 t_traj:  8230218.685730543
plunging! t_interp:  8230220.131258385 t_traj:  8230218.101095021
plunging! t_interp:  8230220.131258385 t_traj:  8230218.608609056
plunging! t_interp:  8230220.131258385 t_traj:  8230219.116163432
plunging! t_interp:  8230220.131258385 t_traj:  8230219.623749095
plunging! t_interp:  8230220.131258385 t_traj:  8230219.418422555
plunging! t_interp:  8230220.131258385 t_traj:  8230219.59665986
plunging! t_interp:  8230220.131258385 t_traj:  8230219.7748497
plunging! t_interp:  8230220.131258385 t_traj:  8230219.953060646
plunging! t_interp:  8230220.131258385 t_traj:  8230219.880937108
plunging! t_interp:  8230220.131258385 t_traj:  8230219.943503986
plunging! t_interp:  8230220.131258385 t_traj:  8230220.006108163
plunging! t_interp:  8230220.131258385 t_traj:  8230220.068637864
plunging! t_interp:  8230220.131258385 t_traj:  8230220.043380276
plunging! t_interp:  8230220.131258385 t_traj:  8230220.065045639
plunging! t_interp:  8230220.131258385 t_traj:  8230220.087326346
plunging! t_interp:  8230220.131258385 t_traj:  8230220.109326886
plunging! t_interp:  8230220.131258385 t_traj:  8230220.100392375
plunging! t_interp:  8230220.131258385 t_traj:  8230220.108125796
plunging! t_interp:  8230220.131258385 t_traj:  8230220.115807807
plunging! t_interp:  8230220.131258385 t_traj:  8230220.123552793
plunging! t_interp:  8230220.131258385 t_traj:  8230220.120420912
plunging! t_interp:  8230220.131258385 t_traj:  8230220.123157244
plunging! t_interp:  8230220.131258385 t_traj:  8230220.1258728895
plunging! t_interp:  8230220.131258385 t_traj:  8230220.1285438435
plunging! t_interp:  8230220.131258385 t_traj:  8230220.127486055
plunging! t_interp:  8230220.131258385 t_traj:  8230220.128394579
plunging! t_interp:  8230220.131258385 t_traj:  8230220.129329875
plunging! t_interp:  8230220.131258385 t_traj:  8230220.130351932
plunging! t_interp:  8230220.131258385 t_traj:  8217119.912091711
plunging! t_interp:  8230220.131258385 t_traj:  8220393.507074763
plunging! t_interp:  8230220.131258385 t_traj:  8223668.075181665
plunging! t_interp:  8230220.131258385 t_traj:  8226943.616461985
plunging! t_interp:  8230220.131258385 t_traj:  8225618.619154049
plunging! t_interp:  8230220.131258385 t_traj:  8226768.817126994
plunging! t_interp:  8230220.131258385 t_traj:  8227919.134910014
plunging! t_interp:  8230220.131258385 t_traj:  8229069.573173648
plunging! t_interp:  8230220.131258385 t_traj:  8228604.233373325
plunging! t_interp:  8230220.131258385 t_traj:  8229008.185606998
plunging! t_interp:  8230220.131258385 t_traj:  8229412.152752386
plunging! t_interp:  8230220.131258385 t_traj:  8229816.134601315
plunging! t_interp:  8230220.131258385 t_traj:  8229652.73243072
plunging! t_interp:  8230220.131258385 t_traj:  8229794.578733681
plunging! t_interp:  8230220.131258385 t_traj:  8229936.42776235
plunging! t_interp:  8230220.131258385 t_traj:  8230078.278607775
plunging! t_interp:  8230220.131258385 t_traj:  8230020.90303109
plunging! t_interp:  8230220.131258385 t_traj:  8230070.709779434
plunging! t_interp:  8230220.131258385 t_traj:  8230120.5166664515
plunging! t_interp:  8230220.131258385 t_traj:  8230170.323860486
plunging! t_interp:  8230220.131258385 t_traj:  8230150.177672654
plunging! t_interp:  8230220.131258385 t_traj:  8230167.666248358
plunging! t_interp:  8230220.131258385 t_traj:  8230185.154541181
plunging! t_interp:  8230220.131258385 t_traj:  8230202.642911998
plunging! t_interp:  8230220.131258385 t_traj:  8230195.569275473
plunging! t_interp:  8230220.131258385 t_traj:  8230201.709777852
plunging! t_interp:  8230220.131258385 t_traj:  8230207.850264383
plunging! t_interp:  8230220.131258385 t_traj:  8230213.990755653
plunging! t_interp:  8230220.131258385 t_traj:  8230211.5070531275
plunging! t_interp:  8230220.131258385 t_traj:  8230213.663116538
plunging! t_interp:  8230220.131258385 t_traj:  8230215.819175746
plunging! t_interp:  8230220.131258385 t_traj:  8230217.97519563
plunging! t_interp:  8230220.131258385 t_traj:  8230217.103174856
plunging! t_interp:  8230220.131258385 t_traj:  8230217.860183227
plunging! t_interp:  8230220.131258385 t_traj:  8230218.617202724
plunging! t_interp:  8230220.131258385 t_traj:  8230219.374208644
plunging! t_interp:  8230220.131258385 t_traj:  8230219.068032439
plunging! t_interp:  8230220.131258385 t_traj:  8230219.33382562
plunging! t_interp:  8230220.131258385 t_traj:  8230219.599644559
plunging! t_interp:  8230220.131258385 t_traj:  8230219.865245629
plunging! t_interp:  8230220.131258385 t_traj:  8230219.757880181
plunging! t_interp:  8230220.131258385 t_traj:  8230219.851253791
plunging! t_interp:  8230220.131258385 t_traj:  8230219.944598744
plunging! t_interp:  8230220.131258385 t_traj:  8230220.03791699
plunging! t_interp:  8230220.131258385 t_traj:  8230220.000180499
plunging! t_interp:  8230220.131258385 t_traj:  8230220.032922874
plunging! t_interp:  8230220.131258385 t_traj:  8230220.065758598
plunging! t_interp:  8230220.131258385 t_traj:  8230220.098483137
plunging! t_interp:  8230220.131258385 t_traj:  8230076.6989801135
plunging! t_interp:  8230220.131258385 t_traj:  8230112.549462167
plunging! t_interp:  8230220.131258385 t_traj:  8230148.405029741
plunging! t_interp:  8230220.131258385 t_traj:  8230184.265605557
plunging! t_interp:  8230220.131258385 t_traj:  8230169.7601992125
plunging! t_interp:  8230220.131258385 t_traj:  8230182.352013371
plunging! t_interp:  8230220.131258385 t_traj:  8230194.944500522
plunging! t_interp:  8230220.131258385 t_traj:  8230207.5375719415
plunging! t_interp:  8230220.131258385 t_traj:  8230202.44389741
plunging! t_interp:  8230220.131258385 t_traj:  8230206.8656034
plunging! t_interp:  8230220.131258385 t_traj:  8230211.287391041
plunging! t_interp:  8230220.131258385 t_traj:  8230215.70910615
plunging! t_interp:  8230220.131258385 t_traj:  8230213.9207184715
plunging! t_interp:  8230220.131258385 t_traj:  8230215.473342254
plunging! t_interp:  8230220.131258385 t_traj:  8230217.025994831
plunging! t_interp:  8230220.131258385 t_traj:  8230218.578582105
plunging! t_interp:  8230220.131258385 t_traj:  8230217.950598181
plunging! t_interp:  8230220.131258385 t_traj:  8230218.4957807185
plunging! t_interp:  8230220.131258385 t_traj:  8230219.040945679
plunging! t_interp:  8230220.131258385 t_traj:  8230219.586076041
plunging! t_interp:  8230220.131258385 t_traj:  8230219.365590856
plunging! t_interp:  8230220.131258385 t_traj:  8230219.557046186
plunging! t_interp:  8230220.131258385 t_traj:  8230219.748222803
plunging! t_interp:  8230220.131258385 t_traj:  8230219.939868417
plunging! t_interp:  8230220.131258385 t_traj:  8230219.862413284
plunging! t_interp:  8230220.131258385 t_traj:  8230219.929655359
plunging! t_interp:  8230220.131258385 t_traj:  8230219.9968223
plunging! t_interp:  8230220.131258385 t_traj:  8230220.064052017
plunging! t_interp:  8230220.131258385 t_traj:  8230220.03683186
plunging! t_interp:  8230220.131258385 t_traj:  8230220.060439525
plunging! t_interp:  8230220.131258385 t_traj:  8230220.084035283
plunging! t_interp:  8230220.131258385 t_traj:  8230220.107671887
plunging! t_interp:  8230220.131258385 t_traj:  8230220.0981170405
plunging! t_interp:  8230220.131258385 t_traj:  8230220.106414532
plunging! t_interp:  8230220.131258385 t_traj:  8230220.114685661
plunging! t_interp:  8230220.131258385 t_traj:  8230220.123012038
plunging! t_interp:  8230220.131258385 t_traj:  8230220.119626803
plunging! t_interp:  8230220.131258385 t_traj:  8230220.122517718
plunging! t_interp:  8230220.131258385 t_traj:  8230220.125461394
plunging! t_interp:  8230220.131258385 t_traj:  8230220.128356863
plunging! t_interp:  8230220.131258385 t_traj:  8230220.127214372
plunging! t_interp:  8230220.131258385 t_traj:  8230220.128196878
plunging! t_interp:  8230220.131258385 t_traj:  8230220.129192488
plunging! t_interp:  8230220.131258385 t_traj:  8230220.130217041
plunging! t_interp:  8230220.131258385 t_traj:  8230220.1298376685
plunging! t_interp:  8230220.131258385 t_traj:  8230220.129889065
plunging! t_interp:  8230220.131258385 t_traj:  8230220.130547085
plunging! t_interp:  8230220.131258385 t_traj:  8230220.130928166
plunging! t_interp:  8230220.131258385 t_traj:  8230217.704339747
plunging! t_interp:  8230220.131258385 t_traj:  8230218.311057896
plunging! t_interp:  8230220.131258385 t_traj:  8230218.91783567
plunging! t_interp:  8230220.131258385 t_traj:  8230219.524494665
plunging! t_interp:  8230220.131258385 t_traj:  8230219.279118909
plunging! t_interp:  8230220.131258385 t_traj:  8230219.492154905
plunging! t_interp:  8230220.131258385 t_traj:  8230219.705201783
plunging! t_interp:  8230220.131258385 t_traj:  8230219.918236595
plunging! t_interp:  8230220.131258385 t_traj:  8230219.832042275
plunging! t_interp:  8230220.131258385 t_traj:  8230219.906822368
plunging! t_interp:  8230220.131258385 t_traj:  8230219.981636054
plunging! t_interp:  8230220.131258385 t_traj:  8230220.056442363
plunging! t_interp:  8230220.131258385 t_traj:  8230220.026177397
plunging! t_interp:  8230220.131258385 t_traj:  8230220.052476835
plunging! t_interp:  8230220.131258385 t_traj:  8230220.0787023585
plunging! t_interp:  8230220.131258385 t_traj:  8230220.104988896
plunging! t_interp:  8230220.131258385 t_traj:  8230220.094362364
plunging! t_interp:  8230220.131258385 t_traj:  8230220.103613748
plunging! t_interp:  8230220.131258385 t_traj:  8230220.112845849
plunging! t_interp:  8230220.131258385 t_traj:  8230220.122009338
plunging! t_interp:  8230220.131258385 t_traj:  8230220.118294824
plunging! t_interp:  8230220.131258385 t_traj:  8230220.121557316
plunging! t_interp:  8230220.131258385 t_traj:  8230220.124749211
plunging! t_interp:  8230220.131258385 t_traj:  8230220.128011197
plunging! t_interp:  8230220.131258385 t_traj:  8230220.126726573
plunging! t_interp:  8230220.131258385 t_traj:  8230220.127878371
plunging! t_interp:  8230220.131258385 t_traj:  8230220.128998526
plunging! t_interp:  8230220.131258385 t_traj:  8230220.130132383
plunging! t_interp:  8230220.131258385 t_traj:  8230220.129667345
plunging! t_interp:  8230220.131258385 t_traj:  8230220.130051239
plunging! t_interp:  8230220.131258385 t_traj:  8230220.130461933
plunging! t_interp:  8230220.131258385 t_traj:  8230220.130852338
plunging! t_interp:  8230220.131258385 t_traj:  8230220.130706727
plunging! t_interp:  8230220.131258385 t_traj:  8230220.130822514
plunging! t_interp:  8230220.131258385 t_traj:  8230220.131009502
plunging! t_interp:  8230220.131258385 t_traj:  8230220.131085005
plunging! t_interp:  8230220.131258385 t_traj:  8230220.13114809
plunging! t_interp:  8230220.131258385 t_traj:  8230220.131063423
plunging! t_interp:  8230220.131258385 t_traj:  8230220.131119333
plunging! t_interp:  8230220.131258385 t_traj:  8230220.131162997
plunging! t_interp:  8230220.131258385 t_traj:  8230220.131181966
plunging! t_interp:  8230220.131258385 t_traj:  8230220.13105345
plunging! t_interp:  8230220.131258385 t_traj:  8230220.131194411
plunging! t_interp:  8230220.131258385 t_traj:  8230220.130943345
plunging! t_interp:  8230220.131258385 t_traj:  8230220.131235067
plunging! t_interp:  8230220.131258385 t_traj:  8230220.131245205
plunging! t_interp:  8230220.131258385 t_traj:  8230220.131252217
plunging! t_interp:  8230220.131258385 t_traj:  8230220.131248474
plunging! t_interp:  8230220.131258385 t_traj:  8230219.661142578
plunging! t_interp:  8230220.131258385 t_traj:  8230219.778640457
plunging! t_interp:  8230220.131258385 t_traj:  8230219.896189744
plunging! t_interp:  8230220.131258385 t_traj:  8230220.013735463
plunging! t_interp:  8230220.131258385 t_traj:  8230219.966188035
plunging! t_interp:  8230220.131258385 t_traj:  8230220.007465832
plunging! t_interp:  8230220.131258385 t_traj:  8230220.048732624
plunging! t_interp:  8230220.131258385 t_traj:  8230220.08997594
plunging! t_interp:  8230220.131258385 t_traj:  8230220.074130435
plunging! t_interp:  8230220.131258385 t_traj:  8230220.087814535
plunging! t_interp:  8230220.131258385 t_traj:  8230220.102312311
plunging! t_interp:  8230220.131258385 t_traj:  8230220.116787542
plunging! t_interp:  8230220.131258385 t_traj:  8230220.110931492
plunging! t_interp:  8230220.131258385 t_traj:  8230220.116006835
plunging! t_interp:  8230220.131258385 t_traj:  8230220.121070745
plunging! t_interp:  8230220.131258385 t_traj:  8230220.126176746
plunging! t_interp:  8230220.131258385 t_traj:  8230220.124079765
plunging! t_interp:  8230220.131258385 t_traj:  8230220.12589927
plunging! t_interp:  8230220.131258385 t_traj:  8230220.127661457
plunging! t_interp:  8230220.131258385 t_traj:  8230220.1294600535
plunging! t_interp:  8230220.131258385 t_traj:  8230220.128748035
plunging! t_interp:  8230220.131258385 t_traj:  8230220.129419955
plunging! t_interp:  8230220.131258385 t_traj:  8230220.130009182
plunging! t_interp:  8230220.131258385 t_traj:  8230220.130562635
plunging! t_interp:  8230220.131258385 t_traj:  8230220.130351616
plunging! t_interp:  8230220.131258385 t_traj:  8230220.130581125
plunging! t_interp:  8230220.131258385 t_traj:  8230220.130797254
plunging! t_interp:  8230220.131258385 t_traj:  8230220.1307425955
plunging! t_interp:  8230220.131258385 t_traj:  8230220.130948689
plunging! t_interp:  8230220.131258385 t_traj:  8230220.131030125
plunging! t_interp:  8230220.131258385 t_traj:  8230220.131106439
plunging! t_interp:  8230220.131258385 t_traj:  8230220.1311818035
plunging! t_interp:  8230220.131258385 t_traj:  8230220.131157226
plunging! t_interp:  8230220.131258385 t_traj:  8230220.131208088
plunging! t_interp:  8230220.131258385 t_traj:  8230220.1312343115
plunging! t_interp:  8230220.131258385 t_traj:  8230220.131239113
plunging! t_interp:  8230220.131258385 t_traj:  8230220.1310660485
plunging! t_interp:  8230220.131258385 t_traj:  8230220.130946011
plunging! t_interp:  8230220.131258385 t_traj:  8230220.131232644
plunging! t_interp:  8230220.131258385 t_traj:  8230220.131240827
plunging! t_interp:  8230220.131258385 t_traj:  8230220.131077892
plunging! t_interp:  8230220.131258385 t_traj:  8230220.13108401
plunging! t_interp:  8230220.131258385 t_traj:  8230220.1310434425
plunging! t_interp:  8230220.131258385 t_traj:  8230220.131251557
plunging! t_interp:  8230220.131258385 t_traj:  8230220.131231512
plunging! t_interp:  8230220.131258385 t_traj:  8230220.131231686
plunging! t_interp:  8230220.131258385 t_traj:  8230220.131243589
plunging! t_interp:  8230220.131258385 t_traj:  8230220.131238454
plunging! t_interp:  8230220.131258385 t_traj:  8230220.131238284
plunging! t_interp:  8230220.131258385 t_traj:  8230220.131233408
plunging! t_interp:  8230220.131258385 t_traj:  8230220.131237043
Time taken to compute stable deltas is 100.23884129524231 seconds
calculating Fisher matrix...
plunging! t_interp:  8230220.131258385 t_traj:  8230219.601170272
plunging! t_interp:  8230220.131258385 t_traj:  8230219.733692297
plunging! t_interp:  8230220.131258385 t_traj:  8230219.8662143275
plunging! t_interp:  8230220.131258385 t_traj:  8230219.9987363545
plunging! t_interp:  8230220.131258385 t_traj:  8230219.943959651
plunging! t_interp:  8230220.131258385 t_traj:  8230219.756660925
plunging! t_interp:  8230220.131258385 t_traj:  8230219.569362211
plunging! t_interp:  8230220.131258385 t_traj:  8230219.382063499
plunging! t_interp:  8230220.131258385 t_traj:  8230219.418422555
plunging! t_interp:  8230220.131258385 t_traj:  8230219.59665986
plunging! t_interp:  8230220.131258385 t_traj:  8230219.7748497
plunging! t_interp:  8230220.131258385 t_traj:  8230219.953060646
plunging! t_interp:  8230220.131258385 t_traj:  8230217.103174856
plunging! t_interp:  8230220.131258385 t_traj:  8230217.860183227
plunging! t_interp:  8230220.131258385 t_traj:  8230218.617202724
plunging! t_interp:  8230220.131258385 t_traj:  8230219.374208644
plunging! t_interp:  8230220.131258385 t_traj:  8230219.365590856
plunging! t_interp:  8230220.131258385 t_traj:  8230219.557046186
plunging! t_interp:  8230220.131258385 t_traj:  8230219.748222803
plunging! t_interp:  8230220.131258385 t_traj:  8230219.939868417
plunging! t_interp:  8230220.131258385 t_traj:  8230219.279118909
plunging! t_interp:  8230220.131258385 t_traj:  8230219.492154905
plunging! t_interp:  8230220.131258385 t_traj:  8230219.705201783
plunging! t_interp:  8230220.131258385 t_traj:  8230219.918236595
plunging! t_interp:  8230220.131258385 t_traj:  8230220.074130435
plunging! t_interp:  8230220.131258385 t_traj:  8230220.087814535
plunging! t_interp:  8230220.131258385 t_traj:  8230220.102312311
plunging! t_interp:  8230220.131258385 t_traj:  8230220.116787542
Finished derivatives
Calculated Fisher is *atleast* positive-definite.
Time taken to compute FM is 8.824796915054321 seconds
    CV from_0PA#1 it   0 lam=7.7e-01 ov=0.9934510 chi2=1.536e+03 rel=1.1e-03
Body is not plunging, Fisher should be stable.
waveform shape: (3, 6311629)
Computing SNR for parameters: (np.float64(1001761.9922692414), np.float64(4995.112851896148), np.float64(0.7039622914771865), np.float64(24.967458159359808), np.float64(0.2497984444155601), 1.0, 12.0, np.float64(0.7864651898841964), np.float64(1.0042765613553724), 1.0, 1.0471975511965976, np.float64(0.9915843020852303), 0.5, np.float64(0.6329977324815712), 0.95, False, False, False, True, np.float64(7.393662362805693e-06), np.float64(7.866196933666122e-06), 0.0, 0.0)
Waveform Generated. SNR: 342.81953699928863
calculating Fisher matrix...
plunging! t_interp:  8230220.39606497 t_traj:  8230219.865965838
plunging! t_interp:  8230220.39606497 t_traj:  8230219.998509197
plunging! t_interp:  8230220.39606497 t_traj:  8230220.130975721
plunging! t_interp:  8230220.39606497 t_traj:  8230220.263195372
plunging! t_interp:  8230220.39606497 t_traj:  8230220.2087444505
plunging! t_interp:  8230220.39606497 t_traj:  8230220.0214775
plunging! t_interp:  8230220.39606497 t_traj:  8230219.834149248
plunging! t_interp:  8230220.39606497 t_traj:  8230219.646857295
plunging! t_interp:  8230220.39606497 t_traj:  8230219.683194308
plunging! t_interp:  8230220.39606497 t_traj:  8230219.86138735
plunging! t_interp:  8230220.39606497 t_traj:  8230220.039279945
plunging! t_interp:  8230220.39606497 t_traj:  8230220.217805405
plunging! t_interp:  8230220.39606497 t_traj:  8230217.367885166
plunging! t_interp:  8230220.39606497 t_traj:  8230218.124955864
plunging! t_interp:  8230220.39606497 t_traj:  8230218.881984784
plunging! t_interp:  8230220.39606497 t_traj:  8230219.639010226
plunging! t_interp:  8230220.39606497 t_traj:  8230219.630373069
plunging! t_interp:  8230220.39606497 t_traj:  8230219.821788087
plunging! t_interp:  8230220.39606497 t_traj:  8230220.013934244
plunging! t_interp:  8230220.39606497 t_traj:  8230220.2046177825
plunging! t_interp:  8230220.39606497 t_traj:  8230219.543856858
plunging! t_interp:  8230220.39606497 t_traj:  8230219.757662345
plunging! t_interp:  8230220.39606497 t_traj:  8230219.969927507
plunging! t_interp:  8230220.39606497 t_traj:  8230220.183741177
plunging! t_interp:  8230220.39606497 t_traj:  8230220.338103571
plunging! t_interp:  8230220.39606497 t_traj:  8230220.352534654
plunging! t_interp:  8230220.39606497 t_traj:  8230220.367065695
plunging! t_interp:  8230220.39606497 t_traj:  8230220.381535378
Finished derivatives
Calculated Fisher is *atleast* positive-definite.
Time taken to compute FM is 9.25772762298584 seconds
    CV from_0PA#1 it   1 lam=8.9e+01 ov=0.9934586 chi2=1.534e+03 rel=1.9e-06
Body is not plunging, Fisher should be stable.
waveform shape: (3, 6311629)
Computing SNR for parameters: (np.float64(1001761.992300455), np.float64(4995.112851512004), np.float64(0.703962291936664), np.float64(24.967458159773468), np.float64(0.2497984444764643), 1.0, 12.0, np.float64(0.7864695300099276), np.float64(1.0042684976462561), 1.0, 1.0471975511965976, np.float64(0.9916057243210677), 0.5, np.float64(0.6328510560569932), 0.95, False, False, False, True, np.float64(7.49490638444974e-06), np.float64(7.987814538807588e-06), 0.0, 0.0)
Waveform Generated. SNR: 342.81989346161737
calculating Fisher matrix...
plunging! t_interp:  8230220.399168633 t_traj:  8230219.869077112
plunging! t_interp:  8230220.399168633 t_traj:  8230220.001607229
plunging! t_interp:  8230220.399168633 t_traj:  8230220.134142753
plunging! t_interp:  8230220.399168633 t_traj:  8230220.26665011
plunging! t_interp:  8230220.399168633 t_traj:  8230220.2118538115
plunging! t_interp:  8230220.399168633 t_traj:  8230220.024617429
plunging! t_interp:  8230220.399168633 t_traj:  8230219.837262125
plunging! t_interp:  8230220.399168633 t_traj:  8230219.6500077015
plunging! t_interp:  8230220.399168633 t_traj:  8230219.686346406
plunging! t_interp:  8230220.399168633 t_traj:  8230219.8645460475
plunging! t_interp:  8230220.399168633 t_traj:  8230220.042796437
plunging! t_interp:  8230220.399168633 t_traj:  8230220.2206776505
plunging! t_interp:  8230220.399168633 t_traj:  8230217.371914576
plunging! t_interp:  8230220.399168633 t_traj:  8230218.128086178
plunging! t_interp:  8230220.399168633 t_traj:  8230218.884821877
plunging! t_interp:  8230220.399168633 t_traj:  8230219.641831792
plunging! t_interp:  8230220.399168633 t_traj:  8230219.633176141
plunging! t_interp:  8230220.399168633 t_traj:  8230219.824898901
plunging! t_interp:  8230220.399168633 t_traj:  8230220.016349471
plunging! t_interp:  8230220.399168633 t_traj:  8230220.207797686
plunging! t_interp:  8230220.399168633 t_traj:  8230219.547064121
plunging! t_interp:  8230220.399168633 t_traj:  8230219.760069581
plunging! t_interp:  8230220.399168633 t_traj:  8230219.9730969155
plunging! t_interp:  8230220.399168633 t_traj:  8230220.186151365
plunging! t_interp:  8230220.399168633 t_traj:  8230220.341223251
plunging! t_interp:  8230220.399168633 t_traj:  8230220.355692255
plunging! t_interp:  8230220.399168633 t_traj:  8230220.370188254
plunging! t_interp:  8230220.399168633 t_traj:  8230220.384718467
Finished derivatives
Calculated Fisher is *atleast* positive-definite.
Time taken to compute FM is 9.279165506362915 seconds
    CV from_0PA#1 it   2 lam=7.1e+02 ov=0.9934586 chi2=1.534e+03 rel=1.9e-06
Body is not plunging, Fisher should be stable.
waveform shape: (3, 6311629)
Computing SNR for parameters: (np.float64(1001761.9923026379), np.float64(4995.112851485154), np.float64(0.7039622919687628), np.float64(24.967458159802383), np.float64(0.249798444480761), 1.0, 12.0, np.float64(0.7864698325020222), np.float64(1.0042679360993068), 1.0, 1.0471975511965976, np.float64(0.9916072167541005), 0.5, np.float64(0.632840820429609), 0.95, False, False, False, True, np.float64(7.5019870153353636e-06), np.float64(7.996333445534514e-06), 0.0, 0.0)
Waveform Generated. SNR: 342.8199148914667
calculating Fisher matrix...
plunging! t_interp:  8230220.399406154 t_traj:  8230219.869344836
plunging! t_interp:  8230220.399406154 t_traj:  8230220.001809822
plunging! t_interp:  8230220.399406154 t_traj:  8230220.134332115
plunging! t_interp:  8230220.399406154 t_traj:  8230220.266840186
plunging! t_interp:  8230220.399406154 t_traj:  8230220.2120940285
plunging! t_interp:  8230220.399406154 t_traj:  8230220.024828513
plunging! t_interp:  8230220.399406154 t_traj:  8230219.8375380775
plunging! t_interp:  8230220.399406154 t_traj:  8230219.650200439
plunging! t_interp:  8230220.399406154 t_traj:  8230219.686556449
plunging! t_interp:  8230220.399406154 t_traj:  8230219.864750466
plunging! t_interp:  8230220.399406154 t_traj:  8230220.043869364
plunging! t_interp:  8230220.399406154 t_traj:  8230220.2211500155
plunging! t_interp:  8230220.399406154 t_traj:  8230217.371314008
plunging! t_interp:  8230220.399406154 t_traj:  8230218.128273782
plunging! t_interp:  8230220.399406154 t_traj:  8230218.885318926
plunging! t_interp:  8230220.399406154 t_traj:  8230219.642089483
plunging! t_interp:  8230220.399406154 t_traj:  8230219.633677801
plunging! t_interp:  8230220.399406154 t_traj:  8230219.825141555
plunging! t_interp:  8230220.399406154 t_traj:  8230220.016570905
plunging! t_interp:  8230220.399406154 t_traj:  8230220.208008898
plunging! t_interp:  8230220.399406154 t_traj:  8230219.547229995
plunging! t_interp:  8230220.399406154 t_traj:  8230219.76027047
plunging! t_interp:  8230220.399406154 t_traj:  8230219.973300647
plunging! t_interp:  8230220.399406154 t_traj:  8230220.186390115
plunging! t_interp:  8230220.399406154 t_traj:  8230220.341436585
plunging! t_interp:  8230220.399406154 t_traj:  8230220.355926699
plunging! t_interp:  8230220.399406154 t_traj:  8230220.370417102
plunging! t_interp:  8230220.399406154 t_traj:  8230220.384905678
Finished derivatives
Calculated Fisher is *atleast* positive-definite.
Time taken to compute FM is 9.078773736953735 seconds
    CV from_0PA#1 it   3 lam=1.5e+04 ov=0.9934586 chi2=1.534e+03 rel=1.4e-06
Body is not plunging, Fisher should be stable.
waveform shape: (3, 6311629)
Computing SNR for parameters: (np.float64(1001761.992302672), np.float64(4995.112851484735), np.float64(0.7039622919692641), np.float64(24.967458159802835), np.float64(0.24979844448082794), 1.0, 12.0, np.float64(0.7864698372302243), np.float64(1.004267927323197), 1.0, 1.0471975511965976, np.float64(0.9916072400797012), 0.5, np.float64(0.6328406604675936), 0.95, False, False, False, True, np.float64(7.502097565092932e-06), np.float64(7.996466941062624e-06), 0.0, 0.0)
Waveform Generated. SNR: 342.8199129252092
calculating Fisher matrix...
plunging! t_interp:  8230220.399382659 t_traj:  8230219.869339362
plunging! t_interp:  8230220.399382659 t_traj:  8230220.001803464
plunging! t_interp:  8230220.399382659 t_traj:  8230220.134096356
plunging! t_interp:  8230220.399382659 t_traj:  8230220.266848223
plunging! t_interp:  8230220.399382659 t_traj:  8230220.212070684
plunging! t_interp:  8230220.399382659 t_traj:  8230220.024506957
plunging! t_interp:  8230220.399382659 t_traj:  8230219.837477709
plunging! t_interp:  8230220.399382659 t_traj:  8230219.650199477
plunging! t_interp:  8230220.399382659 t_traj:  8230219.6865523495
plunging! t_interp:  8230220.399382659 t_traj:  8230219.86479692
plunging! t_interp:  8230220.399382659 t_traj:  8230220.043705641
plunging! t_interp:  8230220.399382659 t_traj:  8230220.22116649
plunging! t_interp:  8230220.399382659 t_traj:  8230217.371270352
plunging! t_interp:  8230220.399382659 t_traj:  8230218.1283383295
plunging! t_interp:  8230220.399382659 t_traj:  8230218.885320127
plunging! t_interp:  8230220.399382659 t_traj:  8230219.642368179
plunging! t_interp:  8230220.399382659 t_traj:  8230219.633739382
plunging! t_interp:  8230220.399382659 t_traj:  8230219.82515833
plunging! t_interp:  8230220.399382659 t_traj:  8230220.016597303
plunging! t_interp:  8230220.399382659 t_traj:  8230220.207981496
plunging! t_interp:  8230220.399382659 t_traj:  8230219.547235829
plunging! t_interp:  8230220.399382659 t_traj:  8230219.760273991
plunging! t_interp:  8230220.399382659 t_traj:  8230219.973343549
plunging! t_interp:  8230220.399382659 t_traj:  8230220.186359342
plunging! t_interp:  8230220.399382659 t_traj:  8230220.341437174
plunging! t_interp:  8230220.399382659 t_traj:  8230220.355928992
plunging! t_interp:  8230220.399382659 t_traj:  8230220.370407768
plunging! t_interp:  8230220.399382659 t_traj:  8230220.384931734
Finished derivatives
Calculated Fisher is *atleast* positive-definite.
Time taken to compute FM is 9.760677099227905 seconds
    CV from_0PA#1 it   4 lam=1.4e+144 ov=0.9934586 chi2=1.534e+03 rel=0.0e+00
    NM  nfev=1216 ov 0.9934586 -> 0.9940817 (accepted=True)
Body is not plunging, Fisher should be stable.
waveform shape: (3, 6311629)
Computing SNR for parameters: (np.float64(1001774.6240962262), np.float64(4995.363462368647), np.float64(0.703959321050901), np.float64(24.96751238426562), np.float64(0.24975673073437596), 1.0, 12.0, np.float64(0.7878854673271818), np.float64(1.0017142516414845), 1.0, 1.0471975511965976, np.float64(0.9792002652965756), 0.5, np.float64(0.6007747614642719), 0.95, False, False, False, True, np.float64(0.03056998428616608), np.float64(0.005505554703695298), 0.0, 0.0)
Waveform Generated. SNR: 342.98985243429075
calculating stable deltas...
plunging! t_interp:  8230218.817590657 t_traj:  8223685.019634808
plunging! t_interp:  8230218.817590657 t_traj:  8225318.225869825
plunging! t_interp:  8230218.817590657 t_traj:  8226951.594292303
plunging! t_interp:  8230218.817590657 t_traj:  8228585.124862584
plunging! t_interp:  8230218.817590657 t_traj:  8227924.380253335
plunging! t_interp:  8230218.817590657 t_traj:  8228497.9596282095
plunging! t_interp:  8230218.817590657 t_traj:  8229071.558954101
plunging! t_interp:  8230218.817590657 t_traj:  8229645.178294409
plunging! t_interp:  8230218.817590657 t_traj:  8229413.160248268
plunging! t_interp:  8230218.817590657 t_traj:  8229614.57084396
plunging! t_interp:  8230218.817590657 t_traj:  8229815.983987514
plunging! t_interp:  8230218.817590657 t_traj:  8230017.399597343
plunging! t_interp:  8230218.817590657 t_traj:  8229935.93136861
plunging! t_interp:  8230218.817590657 t_traj:  8230006.652472018
plunging! t_interp:  8230218.817590657 t_traj:  8230077.373858665
plunging! t_interp:  8230218.817590657 t_traj:  8230148.095568601
plunging! t_interp:  8230218.817590657 t_traj:  8230119.490299256
plunging! t_interp:  8230218.817590657 t_traj:  8230144.322042814
plunging! t_interp:  8230218.817590657 t_traj:  8230169.153867504
plunging! t_interp:  8230218.817590657 t_traj:  8230193.98537839
plunging! t_interp:  8230218.817590657 t_traj:  8230183.941787499
plunging! t_interp:  8230218.817590657 t_traj:  8230192.660739809
plunging! t_interp:  8230218.817590657 t_traj:  8230201.379730097
plunging! t_interp:  8230218.817590657 t_traj:  8230210.098647393
plunging! t_interp:  8230218.817590657 t_traj:  8230206.57202083
plunging! t_interp:  8230218.817590657 t_traj:  8230209.63424422
plunging! t_interp:  8230218.817590657 t_traj:  8230212.694789076
plunging! t_interp:  8230218.817590657 t_traj:  8230215.756179217
plunging! t_interp:  8230218.817590657 t_traj:  8230214.517930568
plunging! t_interp:  8230218.817590657 t_traj:  8230215.592890975
plunging! t_interp:  8230218.817590657 t_traj:  8230216.667782678
plunging! t_interp:  8230218.817590657 t_traj:  8230217.742685785
plunging! t_interp:  8230218.817590657 t_traj:  8230217.307890039
plunging! t_interp:  8230218.817590657 t_traj:  8230217.685349335
plunging! t_interp:  8230218.817590657 t_traj:  8230218.063668479
plunging! t_interp:  8230218.817590657 t_traj:  8230218.440151441
plunging! t_interp:  8230218.817590657 t_traj:  8230218.287518694
plunging! t_interp:  8230218.817590657 t_traj:  8230218.420068652
plunging! t_interp:  8230218.817590657 t_traj:  8230218.552584471
plunging! t_interp:  8230218.817590657 t_traj:  8230218.685055542
plunging! t_interp:  8230218.817590657 t_traj:  8230218.631518696
plunging! t_interp:  8230218.817590657 t_traj:  8230218.678013287
plunging! t_interp:  8230218.817590657 t_traj:  8230218.724533451
plunging! t_interp:  8230218.817590657 t_traj:  8230218.771073762
plunging! t_interp:  8230218.817590657 t_traj:  8230218.752275598
plunging! t_interp:  8230218.817590657 t_traj:  8230218.768583562
plunging! t_interp:  8230218.817590657 t_traj:  8230218.784923634
plunging! t_interp:  8230218.817590657 t_traj:  8230218.80126243
plunging! t_interp:  8230218.817590657 t_traj:  8229408.146768932
plunging! t_interp:  8230218.817590657 t_traj:  8228597.637973813
plunging! t_interp:  8230218.817590657 t_traj:  8227787.291317195
plunging! t_interp:  8230218.817590657 t_traj:  8226977.106612264
plunging! t_interp:  8230218.817590657 t_traj:  8229934.157044776
plunging! t_interp:  8230218.817590657 t_traj:  8229649.516524368
plunging! t_interp:  8230218.817590657 t_traj:  8229364.895889376
plunging! t_interp:  8230218.817590657 t_traj:  8229080.295345061
plunging! t_interp:  8230218.817590657 t_traj:  8230118.865514618
plunging! t_interp:  8230218.817590657 t_traj:  8230018.915953287
plunging! t_interp:  8230218.817590657 t_traj:  8229918.96881229
plunging! t_interp:  8230218.817590657 t_traj:  8229819.024176394
plunging! t_interp:  8230218.817590657 t_traj:  8230183.722199044
plunging! t_interp:  8230218.817590657 t_traj:  8230148.627176613
plunging! t_interp:  8230218.817590657 t_traj:  8230113.532412352
plunging! t_interp:  8230218.817590657 t_traj:  8230078.437983257
plunging! t_interp:  8230218.817590657 t_traj:  8230206.494911122
plunging! t_interp:  8230218.817590657 t_traj:  8230194.172255279
plunging! t_interp:  8230218.817590657 t_traj:  8230181.849641707
plunging! t_interp:  8230218.817590657 t_traj:  8230169.527100493
plunging! t_interp:  8230218.817590657 t_traj:  8230214.490543782
plunging! t_interp:  8230218.817590657 t_traj:  8230210.164137404
plunging! t_interp:  8230218.817590657 t_traj:  8230205.837441183
plunging! t_interp:  8230218.817590657 t_traj:  8230201.510652612
plunging! t_interp:  8230218.817590657 t_traj:  8230217.298433273
plunging! t_interp:  8230218.817590657 t_traj:  8230215.779243158
plunging! t_interp:  8230218.817590657 t_traj:  8230214.259792949
plunging! t_interp:  8230218.817590657 t_traj:  8230212.740803193
plunging! t_interp:  8230218.817590657 t_traj:  8230218.284179226
plunging! t_interp:  8230218.817590657 t_traj:  8230217.750769635
plunging! t_interp:  8230218.817590657 t_traj:  8230217.217304582
plunging! t_interp:  8230218.817590657 t_traj:  8230216.683914846
plunging! t_interp:  8230218.817590657 t_traj:  8230218.630280194
plunging! t_interp:  8230218.817590657 t_traj:  8230218.443925933
plunging! t_interp:  8230218.817590657 t_traj:  8230218.255735522
plunging! t_interp:  8230218.817590657 t_traj:  8230218.068405207
plunging! t_interp:  8230218.817590657 t_traj:  8230218.751813385
plunging! t_interp:  8230218.817590657 t_traj:  8230218.686100159
plunging! t_interp:  8230218.817590657 t_traj:  8230218.620342146
plunging! t_interp:  8230218.817590657 t_traj:  8230218.554550064
plunging! t_interp:  8230218.817590657 t_traj:  8230218.79451372
plunging! t_interp:  8230218.817590657 t_traj:  8230218.771406009
plunging! t_interp:  8230218.817590657 t_traj:  8230218.748333164
plunging! t_interp:  8230218.817590657 t_traj:  8230218.725278529
plunging! t_interp:  8230218.817590657 t_traj:  8230218.809492648
plunging! t_interp:  8230218.817590657 t_traj:  8230218.801384075
plunging! t_interp:  8230218.817590657 t_traj:  8230218.793274217
plunging! t_interp:  8230218.817590657 t_traj:  8230218.785196477
plunging! t_interp:  8230218.817590657 t_traj:  8229838.384394542
plunging! t_interp:  8230218.817590657 t_traj:  8229933.493663431
plunging! t_interp:  8230218.817590657 t_traj:  8230028.602322973
plunging! t_interp:  8230218.817590657 t_traj:  8230123.710257864
plunging! t_interp:  8230218.817590657 t_traj:  8230085.241413863
plunging! t_interp:  8230218.817590657 t_traj:  8230118.635559764
plunging! t_interp:  8230218.817590657 t_traj:  8230152.030414576
plunging! t_interp:  8230218.817590657 t_traj:  8230185.423663198
plunging! t_interp:  8230218.817590657 t_traj:  8230171.916597433
plunging! t_interp:  8230218.817590657 t_traj:  8230183.641847081
plunging! t_interp:  8230218.817590657 t_traj:  8230195.367120788
plunging! t_interp:  8230218.817590657 t_traj:  8230207.0923721595
plunging! t_interp:  8230218.817590657 t_traj:  8230202.349742196
plunging! t_interp:  8230218.817590657 t_traj:  8230206.466743084
plunging! t_interp:  8230218.817590657 t_traj:  8230210.583699882
plunging! t_interp:  8230218.817590657 t_traj:  8230214.700623044
plunging! t_interp:  8230218.817590657 t_traj:  8230213.035465029
plunging! t_interp:  8230218.817590657 t_traj:  8230214.480984462
plunging! t_interp:  8230218.817590657 t_traj:  8230215.926524409
plunging! t_interp:  8230218.817590657 t_traj:  8230217.372059035
plunging! t_interp:  8230218.817590657 t_traj:  8230216.787343263
plunging! t_interp:  8230218.817590657 t_traj:  8230217.294941696
plunging! t_interp:  8230218.817590657 t_traj:  8230217.802455562
plunging! t_interp:  8230218.817590657 t_traj:  8230218.310032783
plunging! t_interp:  8230218.817590657 t_traj:  8230218.104777103
plunging! t_interp:  8230218.817590657 t_traj:  8230218.282967031
plunging! t_interp:  8230218.817590657 t_traj:  8230218.461121764
plunging! t_interp:  8230218.817590657 t_traj:  8230218.639372081
plunging! t_interp:  8230218.817590657 t_traj:  8230218.56728461
plunging! t_interp:  8230218.817590657 t_traj:  8230218.629892687
plunging! t_interp:  8230218.817590657 t_traj:  8230218.692485766
plunging! t_interp:  8230218.817590657 t_traj:  8230218.755024899
plunging! t_interp:  8230218.817590657 t_traj:  8230218.729694113
plunging! t_interp:  8230218.817590657 t_traj:  8230218.751728747
plunging! t_interp:  8230218.817590657 t_traj:  8230218.773657376
plunging! t_interp:  8230218.817590657 t_traj:  8230218.795605402
plunging! t_interp:  8230218.817590657 t_traj:  8230218.786711727
plunging! t_interp:  8230218.817590657 t_traj:  8230218.7944577765
plunging! t_interp:  8230218.817590657 t_traj:  8230218.802140481
plunging! t_interp:  8230218.817590657 t_traj:  8230218.809888809
plunging! t_interp:  8230218.817590657 t_traj:  8230218.806748153
plunging! t_interp:  8230218.817590657 t_traj:  8230218.8094436135
plunging! t_interp:  8230218.817590657 t_traj:  8230218.812189776
plunging! t_interp:  8230218.817590657 t_traj:  8230218.814903951
plunging! t_interp:  8230218.817590657 t_traj:  8230218.813785116
plunging! t_interp:  8230218.817590657 t_traj:  8230218.814717999
plunging! t_interp:  8230218.817590657 t_traj:  8230218.815702962
plunging! t_interp:  8230218.817590657 t_traj:  8230218.816659394
plunging! t_interp:  8230218.817590657 t_traj:  8217118.642397172
plunging! t_interp:  8230218.817590657 t_traj:  8220392.226435465
plunging! t_interp:  8230218.817590657 t_traj:  8223666.783493762
plunging! t_interp:  8230218.817590657 t_traj:  8226942.31385739
plunging! t_interp:  8230218.817590657 t_traj:  8225617.32092548
plunging! t_interp:  8230218.817590657 t_traj:  8226767.515057915
plunging! t_interp:  8230218.817590657 t_traj:  8227917.829191853
plunging! t_interp:  8230218.817590657 t_traj:  8229068.263404127
plunging! t_interp:  8230218.817590657 t_traj:  8228602.925119426
plunging! t_interp:  8230218.817590657 t_traj:  8229006.876081749
plunging! t_interp:  8230218.817590657 t_traj:  8229410.841763168
plunging! t_interp:  8230218.817590657 t_traj:  8229814.822254747
plunging! t_interp:  8230218.817590657 t_traj:  8229651.419842095
plunging! t_interp:  8230218.817590657 t_traj:  8229793.266548681
plunging! t_interp:  8230218.817590657 t_traj:  8229935.115017624
plunging! t_interp:  8230218.817590657 t_traj:  8230076.965417437
plunging! t_interp:  8230218.817590657 t_traj:  8230019.590002595
plunging! t_interp:  8230218.817590657 t_traj:  8230069.39656526
plunging! t_interp:  8230218.817590657 t_traj:  8230119.203375466
plunging! t_interp:  8230218.817590657 t_traj:  8230169.010317791
plunging! t_interp:  8230218.817590657 t_traj:  8230148.864598952
plunging! t_interp:  8230218.817590657 t_traj:  8230166.352779727
plunging! t_interp:  8230218.817590657 t_traj:  8230183.841040769
plunging! t_interp:  8230218.817590657 t_traj:  8230201.329293162
plunging! t_interp:  8230218.817590657 t_traj:  8230194.255728614
plunging! t_interp:  8230218.817590657 t_traj:  8230200.396181083
plunging! t_interp:  8230218.817590657 t_traj:  8230206.53661574
plunging! t_interp:  8230218.817590657 t_traj:  8230212.677095802
plunging! t_interp:  8230218.817590657 t_traj:  8230210.193431119
plunging! t_interp:  8230218.817590657 t_traj:  8230212.349470663
plunging! t_interp:  8230218.817590657 t_traj:  8230214.505546477
plunging! t_interp:  8230218.817590657 t_traj:  8230216.661554337
plunging! t_interp:  8230218.817590657 t_traj:  8230215.789486531
plunging! t_interp:  8230218.817590657 t_traj:  8230216.546491958
plunging! t_interp:  8230218.817590657 t_traj:  8230217.3035395825
plunging! t_interp:  8230218.817590657 t_traj:  8230218.060582917
plunging! t_interp:  8230218.817590657 t_traj:  8230217.754407529
plunging! t_interp:  8230218.817590657 t_traj:  8230218.020169955
plunging! t_interp:  8230218.817590657 t_traj:  8230218.285973753
plunging! t_interp:  8230218.817590657 t_traj:  8230218.55180463
plunging! t_interp:  8230218.817590657 t_traj:  8230218.444038467
plunging! t_interp:  8230218.817590657 t_traj:  8230218.537651664
plunging! t_interp:  8230218.817590657 t_traj:  8230218.63093776
plunging! t_interp:  8230218.817590657 t_traj:  8230218.7242455175
plunging! t_interp:  8230218.817590657 t_traj:  8230218.686515909
plunging! t_interp:  8230218.817590657 t_traj:  8230218.719301609
plunging! t_interp:  8230218.817590657 t_traj:  8230218.75206085
plunging! t_interp:  8230218.817590657 t_traj:  8230218.784813656
plunging! t_interp:  8230218.817590657 t_traj:  8230075.4383764835
plunging! t_interp:  8230218.817590657 t_traj:  8230111.276356546
plunging! t_interp:  8230218.817590657 t_traj:  8230147.117838847
plunging! t_interp:  8230218.817590657 t_traj:  8230182.965194722
plunging! t_interp:  8230218.817590657 t_traj:  8230168.465189419
plunging! t_interp:  8230218.817590657 t_traj:  8230181.052067556
plunging! t_interp:  8230218.817590657 t_traj:  8230193.64015442
plunging! t_interp:  8230218.817590657 t_traj:  8230206.228531288
plunging! t_interp:  8230218.817590657 t_traj:  8230201.136734328
plunging! t_interp:  8230218.817590657 t_traj:  8230205.556870152
plunging! t_interp:  8230218.817590657 t_traj:  8230209.977010197
plunging! t_interp:  8230218.817590657 t_traj:  8230214.3972797515
plunging! t_interp:  8230218.817590657 t_traj:  8230212.609074773
plunging! t_interp:  8230218.817590657 t_traj:  8230214.161388788
plunging! t_interp:  8230218.817590657 t_traj:  8230215.713508657
plunging! t_interp:  8230218.817590657 t_traj:  8230217.265521405
plunging! t_interp:  8230218.817590657 t_traj:  8230216.637749308
plunging! t_interp:  8230218.817590657 t_traj:  8230217.182723463
plunging! t_interp:  8230218.817590657 t_traj:  8230217.727651409
plunging! t_interp:  8230218.817590657 t_traj:  8230218.272626693
plunging! t_interp:  8230218.817590657 t_traj:  8230218.052213289
plunging! t_interp:  8230218.817590657 t_traj:  8230218.2435473325
plunging! t_interp:  8230218.817590657 t_traj:  8230218.434903475
plunging! t_interp:  8230218.817590657 t_traj:  8230218.62625731
plunging! t_interp:  8230218.817590657 t_traj:  8230218.5488586
plunging! t_interp:  8230218.817590657 t_traj:  8230218.616016967
plunging! t_interp:  8230218.817590657 t_traj:  8230218.683228575
plunging! t_interp:  8230218.817590657 t_traj:  8230218.750398282
plunging! t_interp:  8230218.817590657 t_traj:  8230218.723213565
plunging! t_interp:  8230218.817590657 t_traj:  8230218.746822112
plunging! t_interp:  8230218.817590657 t_traj:  8230218.770417795
plunging! t_interp:  8230218.817590657 t_traj:  8230218.793993185
plunging! t_interp:  8230218.817590657 t_traj:  8230218.784176886
plunging! t_interp:  8230218.817590657 t_traj:  8230218.792544103
plunging! t_interp:  8230218.817590657 t_traj:  8230218.801006698
plunging! t_interp:  8230218.817590657 t_traj:  8230218.809353953
plunging! t_interp:  8230218.817590657 t_traj:  8230218.805939281
plunging! t_interp:  8230218.817590657 t_traj:  8230218.808912474
plunging! t_interp:  8230218.817590657 t_traj:  8230218.811757742
plunging! t_interp:  8230218.817590657 t_traj:  8230218.814666954
plunging! t_interp:  8230218.817590657 t_traj:  8230218.813535604
plunging! t_interp:  8230218.817590657 t_traj:  8230218.81450103
plunging! t_interp:  8230218.817590657 t_traj:  8230218.815569227
plunging! t_interp:  8230218.817590657 t_traj:  8230218.816282075
plunging! t_interp:  8230218.817590657 t_traj:  8230218.816172302
plunging! t_interp:  8230218.817590657 t_traj:  8230218.816522484
plunging! t_interp:  8230218.817590657 t_traj:  8230218.816879253
plunging! t_interp:  8230218.817590657 t_traj:  8230218.817239971
plunging! t_interp:  8230218.817590657 t_traj:  8230144.622345083
plunging! t_interp:  8230218.817590657 t_traj:  8230163.17080456
plunging! t_interp:  8230218.817590657 t_traj:  8230181.719827708
plunging! t_interp:  8230218.817590657 t_traj:  8230200.268676264
plunging! t_interp:  8230218.817590657 t_traj:  8230192.766099308
plunging! t_interp:  8230218.817590657 t_traj:  8230199.278943802
plunging! t_interp:  8230218.817590657 t_traj:  8230205.791795615
plunging! t_interp:  8230218.817590657 t_traj:  8230212.304678591
plunging! t_interp:  8230218.817590657 t_traj:  8230209.670367759
plunging! t_interp:  8230218.817590657 t_traj:  8230211.957188476
plunging! t_interp:  8230218.817590657 t_traj:  8230214.243993306
plunging! t_interp:  8230218.817590657 t_traj:  8230216.530771266
plunging! t_interp:  8230218.817590657 t_traj:  8230215.60585538
plunging! t_interp:  8230218.817590657 t_traj:  8230216.408779212
plunging! t_interp:  8230218.817590657 t_traj:  8230217.211719316
plunging! t_interp:  8230218.817590657 t_traj:  8230218.015530414
plunging! t_interp:  8230218.817590657 t_traj:  8230217.689559069
plunging! t_interp:  8230218.817590657 t_traj:  8230217.971541456
plunging! t_interp:  8230218.817590657 t_traj:  8230218.25373312
plunging! t_interp:  8230218.817590657 t_traj:  8230218.535647613
plunging! t_interp:  8230218.817590657 t_traj:  8230218.421643627
plunging! t_interp:  8230218.817590657 t_traj:  8230218.520610663
plunging! t_interp:  8230218.817590657 t_traj:  8230218.619625647
plunging! t_interp:  8230218.817590657 t_traj:  8230218.7186447205
plunging! t_interp:  8230218.817590657 t_traj:  8230218.678604271
plunging! t_interp:  8230218.817590657 t_traj:  8230218.713317065
plunging! t_interp:  8230218.817590657 t_traj:  8230218.747803209
plunging! t_interp:  8230218.817590657 t_traj:  8230218.782826267
plunging! t_interp:  8230218.817590657 t_traj:  8230218.768773913
plunging! t_interp:  8230218.817590657 t_traj:  8230218.780686714
plunging! t_interp:  8230218.817590657 t_traj:  8230218.79316031
plunging! t_interp:  8230218.817590657 t_traj:  8230218.805372862
plunging! t_interp:  8230218.817590657 t_traj:  8230218.800450346
plunging! t_interp:  8230218.817590657 t_traj:  8230218.804750581
plunging! t_interp:  8230218.817590657 t_traj:  8230218.80888509
plunging! t_interp:  8230218.817590657 t_traj:  8230218.813307658
plunging! t_interp:  8230218.817590657 t_traj:  8230218.811587611
plunging! t_interp:  8230218.817590657 t_traj:  8230218.813089415
plunging! t_interp:  8230218.817590657 t_traj:  8230218.814555099
plunging! t_interp:  8230218.817590657 t_traj:  8230218.816125164
plunging! t_interp:  8230218.817590657 t_traj:  8230218.815456056
plunging! t_interp:  8230218.817590657 t_traj:  8230218.816026618
plunging! t_interp:  8230218.817590657 t_traj:  8230218.816551524
plunging! t_interp:  8230218.817590657 t_traj:  8230218.817072533
plunging! t_interp:  8230218.817590657 t_traj:  8230218.816833517
plunging! t_interp:  8230218.817590657 t_traj:  8230218.817051949
plunging! t_interp:  8230218.817590657 t_traj:  8230218.817209349
plunging! t_interp:  8230218.817590657 t_traj:  8230218.817390382
plunging! t_interp:  8230218.817590657 t_traj:  8230216.229920693
plunging! t_interp:  8230218.817590657 t_traj:  8230216.876855724
plunging! t_interp:  8230218.817590657 t_traj:  8230217.523459682
plunging! t_interp:  8230218.817590657 t_traj:  8230218.170677385
plunging! t_interp:  8230218.817590657 t_traj:  8230217.909014839
plunging! t_interp:  8230218.817590657 t_traj:  8230218.136159376
plunging! t_interp:  8230218.817590657 t_traj:  8230218.363304883
plunging! t_interp:  8230218.817590657 t_traj:  8230218.590416882
plunging! t_interp:  8230218.817590657 t_traj:  8230218.4985752115
plunging! t_interp:  8230218.817590657 t_traj:  8230218.578296039
plunging! t_interp:  8230218.817590657 t_traj:  8230218.658065447
plunging! t_interp:  8230218.817590657 t_traj:  8230218.737844509
plunging! t_interp:  8230218.817590657 t_traj:  8230218.7055717185
plunging! t_interp:  8230218.817590657 t_traj:  8230218.733615779
plunging! t_interp:  8230218.817590657 t_traj:  8230218.7615935085
plunging! t_interp:  8230218.817590657 t_traj:  8230218.789606375
plunging! t_interp:  8230218.817590657 t_traj:  8230218.77829953
plunging! t_interp:  8230218.817590657 t_traj:  8230218.7880834
plunging! t_interp:  8230218.817590657 t_traj:  8230218.797951873
plunging! t_interp:  8230218.817590657 t_traj:  8230218.807511279
plunging! t_interp:  8230218.817590657 t_traj:  8230218.804503847
plunging! t_interp:  8230218.817590657 t_traj:  8230218.807228235
plunging! t_interp:  8230218.817590657 t_traj:  8230218.810601338
plunging! t_interp:  8230218.817590657 t_traj:  8230218.814148772
plunging! t_interp:  8230218.817590657 t_traj:  8230218.812509627
plunging! t_interp:  8230218.817590657 t_traj:  8230218.813957165
plunging! t_interp:  8230218.817590657 t_traj:  8230218.815140556
plunging! t_interp:  8230218.817590657 t_traj:  8230218.816351699
plunging! t_interp:  8230218.817590657 t_traj:  8230218.815891231
plunging! t_interp:  8230218.817590657 t_traj:  8230218.816306491
plunging! t_interp:  8230218.817590657 t_traj:  8230218.816723249
plunging! t_interp:  8230218.817590657 t_traj:  8230218.817175754
plunging! t_interp:  8230218.817590657 t_traj:  8230218.817012509
plunging! t_interp:  8230218.817590657 t_traj:  8230218.817137007
plunging! t_interp:  8230218.817590657 t_traj:  8230218.81705515
plunging! t_interp:  8230218.817590657 t_traj:  8230218.817463732
plunging! t_interp:  8230218.817590657 t_traj:  8230218.817139411
plunging! t_interp:  8230218.817590657 t_traj:  8230218.817431022
plunging! t_interp:  8230218.817590657 t_traj:  8230218.817531599
plunging! t_interp:  8230218.817590657 t_traj:  8230218.817523523
plunging! t_interp:  8230218.817590657 t_traj:  8230218.817546471
plunging! t_interp:  8230218.817590657 t_traj:  8230218.817568058
plunging! t_interp:  8230218.817590657 t_traj:  8230218.817580341
plunging! t_interp:  8230218.817590657 t_traj:  8230218.817562915
Time taken to compute stable deltas is 95.5663537979126 seconds
calculating Fisher matrix...
plunging! t_interp:  8230218.817590657 t_traj:  8230218.752275598
plunging! t_interp:  8230218.817590657 t_traj:  8230218.768583562
plunging! t_interp:  8230218.817590657 t_traj:  8230218.784923634
plunging! t_interp:  8230218.817590657 t_traj:  8230218.80126243
plunging! t_interp:  8230218.817590657 t_traj:  8230218.630280194
plunging! t_interp:  8230218.817590657 t_traj:  8230218.443925933
plunging! t_interp:  8230218.817590657 t_traj:  8230218.255735522
plunging! t_interp:  8230218.817590657 t_traj:  8230218.068405207
plunging! t_interp:  8230218.817590657 t_traj:  8230218.786711727
plunging! t_interp:  8230218.817590657 t_traj:  8230218.7944577765
plunging! t_interp:  8230218.817590657 t_traj:  8230218.802140481
plunging! t_interp:  8230218.817590657 t_traj:  8230218.809888809
plunging! t_interp:  8230218.817590657 t_traj:  8230217.754407529
plunging! t_interp:  8230218.817590657 t_traj:  8230218.020169955
plunging! t_interp:  8230218.817590657 t_traj:  8230218.285973753
plunging! t_interp:  8230218.817590657 t_traj:  8230218.55180463
plunging! t_interp:  8230218.817590657 t_traj:  8230218.5488586
plunging! t_interp:  8230218.817590657 t_traj:  8230218.616016967
plunging! t_interp:  8230218.817590657 t_traj:  8230218.683228575
plunging! t_interp:  8230218.817590657 t_traj:  8230218.750398282
plunging! t_interp:  8230218.817590657 t_traj:  8230218.421643627
plunging! t_interp:  8230218.817590657 t_traj:  8230218.520610663
plunging! t_interp:  8230218.817590657 t_traj:  8230218.619625647
plunging! t_interp:  8230218.817590657 t_traj:  8230218.7186447205
plunging! t_interp:  8230218.817590657 t_traj:  8230218.4985752115
plunging! t_interp:  8230218.817590657 t_traj:  8230218.578296039
plunging! t_interp:  8230218.817590657 t_traj:  8230218.658065447
plunging! t_interp:  8230218.817590657 t_traj:  8230218.737844509
Finished derivatives
Calculated Fisher is *atleast* positive-definite.
Time taken to compute FM is 8.476161241531372 seconds
    CV from_0PA#2 it   0 lam=3.3e-03 ov=0.9940817 chi2=1.389e+03 rel=1.8e-02
Body is not plunging, Fisher should be stable.
waveform shape: (3, 6311629)
Computing SNR for parameters: (np.float64(1001774.6403597085), np.float64(4995.362972121667), np.float64(0.7039601941611981), np.float64(24.967512706580102), np.float64(0.24975602258256177), 1.0, 12.0, np.float64(0.788394221327126), np.float64(1.0061454770825973), 1.0, 1.0471975511965976, np.float64(0.9766541121767276), 0.5, np.float64(0.5840150656566485), 0.95, False, False, False, True, np.float64(0.030703492302525667), np.float64(0.004325829472813289), 0.0, 0.0)
Waveform Generated. SNR: 343.6507138970922
calculating Fisher matrix...
plunging! t_interp:  8230219.888443109 t_traj:  8230219.823093852
plunging! t_interp:  8230219.888443109 t_traj:  8230219.839134702
plunging! t_interp:  8230219.888443109 t_traj:  8230219.855723712
plunging! t_interp:  8230219.888443109 t_traj:  8230219.872104392
plunging! t_interp:  8230219.888443109 t_traj:  8230219.701143472
plunging! t_interp:  8230219.888443109 t_traj:  8230219.514660398
plunging! t_interp:  8230219.888443109 t_traj:  8230219.326524772
plunging! t_interp:  8230219.888443109 t_traj:  8230219.139268934
plunging! t_interp:  8230219.888443109 t_traj:  8230219.857561764
plunging! t_interp:  8230219.888443109 t_traj:  8230219.865279212
plunging! t_interp:  8230219.888443109 t_traj:  8230219.873016804
plunging! t_interp:  8230219.888443109 t_traj:  8230219.880735737
plunging! t_interp:  8230219.888443109 t_traj:  8230218.82519243
plunging! t_interp:  8230219.888443109 t_traj:  8230219.090982561
plunging! t_interp:  8230219.888443109 t_traj:  8230219.356795592
plunging! t_interp:  8230219.888443109 t_traj:  8230219.62261718
plunging! t_interp:  8230219.888443109 t_traj:  8230219.619710884
plunging! t_interp:  8230219.888443109 t_traj:  8230219.686853478
plunging! t_interp:  8230219.888443109 t_traj:  8230219.754079091
plunging! t_interp:  8230219.888443109 t_traj:  8230219.821246968
plunging! t_interp:  8230219.888443109 t_traj:  8230219.492472846
plunging! t_interp:  8230219.888443109 t_traj:  8230219.591427241
plunging! t_interp:  8230219.888443109 t_traj:  8230219.690461816
plunging! t_interp:  8230219.888443109 t_traj:  8230219.789466322
plunging! t_interp:  8230219.888443109 t_traj:  8230219.569363454
plunging! t_interp:  8230219.888443109 t_traj:  8230219.649134883
plunging! t_interp:  8230219.888443109 t_traj:  8230219.728884485
plunging! t_interp:  8230219.888443109 t_traj:  8230219.808692128
Finished derivatives
Calculated Fisher is *atleast* positive-definite.
Time taken to compute FM is 9.198000431060791 seconds
    CV from_0PA#2 it   1 lam=7.1e-02 ov=0.9942093 chi2=1.364e+03 rel=4.5e-04
Body is not plunging, Fisher should be stable.
waveform shape: (3, 6311629)
Computing SNR for parameters: (np.float64(1001774.6410956748), np.float64(4995.362948940158), np.float64(0.7039602374981915), np.float64(24.96751272159303), np.float64(0.2497559890215543), 1.0, 12.0, np.float64(0.7883876134179277), np.float64(1.0060981052937044), 1.0, 1.0471975511965976, np.float64(0.9764593890138795), 0.5, np.float64(0.5837635899759922), 0.95, False, False, False, True, np.float64(0.03070985161045667), np.float64(0.0042692548481902), 0.0, 0.0)
Waveform Generated. SNR: 343.6433343919189
calculating Fisher matrix...
plunging! t_interp:  8230219.940200919 t_traj:  8230219.8748857705
plunging! t_interp:  8230219.940200919 t_traj:  8230219.891180463
plunging! t_interp:  8230219.940200919 t_traj:  8230219.907539468
plunging! t_interp:  8230219.940200919 t_traj:  8230219.923917137
plunging! t_interp:  8230219.940200919 t_traj:  8230219.752923605
plunging! t_interp:  8230219.940200919 t_traj:  8230219.565611846
plunging! t_interp:  8230219.940200919 t_traj:  8230219.3783124015
plunging! t_interp:  8230219.940200919 t_traj:  8230219.191085691
plunging! t_interp:  8230219.940200919 t_traj:  8230219.909341836
plunging! t_interp:  8230219.940200919 t_traj:  8230219.917079836
plunging! t_interp:  8230219.940200919 t_traj:  8230219.924796774
plunging! t_interp:  8230219.940200919 t_traj:  8230219.932482041
plunging! t_interp:  8230219.940200919 t_traj:  8230218.876960272
plunging! t_interp:  8230219.940200919 t_traj:  8230219.142607669
plunging! t_interp:  8230219.940200919 t_traj:  8230219.408581556
plunging! t_interp:  8230219.940200919 t_traj:  8230219.674426449
plunging! t_interp:  8230219.940200919 t_traj:  8230219.671287339
plunging! t_interp:  8230219.940200919 t_traj:  8230219.7386751
plunging! t_interp:  8230219.940200919 t_traj:  8230219.805643502
plunging! t_interp:  8230219.940200919 t_traj:  8230219.873804309
plunging! t_interp:  8230219.940200919 t_traj:  8230219.544245923
plunging! t_interp:  8230219.940200919 t_traj:  8230219.643240046
plunging! t_interp:  8230219.940200919 t_traj:  8230219.742249076
plunging! t_interp:  8230219.940200919 t_traj:  8230219.841216629
plunging! t_interp:  8230219.940200919 t_traj:  8230219.621207337
plunging! t_interp:  8230219.940200919 t_traj:  8230219.700717231
plunging! t_interp:  8230219.940200919 t_traj:  8230219.780711023
plunging! t_interp:  8230219.940200919 t_traj:  8230219.8604725255
Finished derivatives
Calculated Fisher is *atleast* positive-definite.
Time taken to compute FM is 9.302976846694946 seconds
    CV from_0PA#2 it   2 lam=2.4e-02 ov=0.9942117 chi2=1.363e+03 rel=1.2e-03
Body is not plunging, Fisher should be stable.
waveform shape: (3, 6311629)
Computing SNR for parameters: (np.float64(1001774.6423561907), np.float64(4995.3628930128425), np.float64(0.7039603464452354), np.float64(24.967512755077806), np.float64(0.24975588730037096), 1.0, 12.0, np.float64(0.7883463555989815), np.float64(1.0062388244750484), 1.0, 1.0471975511965976, np.float64(0.9753776703283359), 0.5, np.float64(0.5827623677184655), 0.95, False, False, False, True, np.float64(0.03072505679238471), np.float64(0.0041036716048024995), 0.0, 0.0)
Waveform Generated. SNR: 343.6472726703883
calculating Fisher matrix...
plunging! t_interp:  8230219.994357817 t_traj:  8230219.929009656
plunging! t_interp:  8230219.994357817 t_traj:  8230219.9453577185
plunging! t_interp:  8230219.994357817 t_traj:  8230219.961669786
plunging! t_interp:  8230219.994357817 t_traj:  8230219.9780047005
plunging! t_interp:  8230219.994357817 t_traj:  8230219.807098695
plunging! t_interp:  8230219.994357817 t_traj:  8230219.619734501
plunging! t_interp:  8230219.994357817 t_traj:  8230219.432509908
plunging! t_interp:  8230219.994357817 t_traj:  8230219.245170989
plunging! t_interp:  8230219.994357817 t_traj:  8230219.963512414
plunging! t_interp:  8230219.994357817 t_traj:  8230219.971231506
plunging! t_interp:  8230219.994357817 t_traj:  8230219.978804601
plunging! t_interp:  8230219.994357817 t_traj:  8230219.986327394
plunging! t_interp:  8230219.994357817 t_traj:  8230218.931126547
plunging! t_interp:  8230219.994357817 t_traj:  8230219.196913696
plunging! t_interp:  8230219.994357817 t_traj:  8230219.4627461
plunging! t_interp:  8230219.994357817 t_traj:  8230219.728283457
plunging! t_interp:  8230219.994357817 t_traj:  8230219.725626472
plunging! t_interp:  8230219.994357817 t_traj:  8230219.792504731
plunging! t_interp:  8230219.994357817 t_traj:  8230219.860001661
plunging! t_interp:  8230219.994357817 t_traj:  8230219.927206797
plunging! t_interp:  8230219.994357817 t_traj:  8230219.598401788
plunging! t_interp:  8230219.994357817 t_traj:  8230219.697387865
plunging! t_interp:  8230219.994357817 t_traj:  8230219.796379478
plunging! t_interp:  8230219.994357817 t_traj:  8230219.895353272
plunging! t_interp:  8230219.994357817 t_traj:  8230219.675387654
plunging! t_interp:  8230219.994357817 t_traj:  8230219.75507173
plunging! t_interp:  8230219.994357817 t_traj:  8230219.834858725
plunging! t_interp:  8230219.994357817 t_traj:  8230219.914648358
Finished derivatives
Calculated Fisher is *atleast* positive-definite.
Time taken to compute FM is 9.394916772842407 seconds
    CV from_0PA#2 it   3 lam=1.4e+00 ov=0.9942188 chi2=1.362e+03 rel=4.0e-05
Body is not plunging, Fisher should be stable.
waveform shape: (3, 6311629)
Computing SNR for parameters: (np.float64(1001774.6424287896), np.float64(4995.362890340224), np.float64(0.703960351702023), np.float64(24.967512756707453), np.float64(0.24975588267857848), 1.0, 12.0, np.float64(0.788344246932017), np.float64(1.006244636417662), 1.0, 1.0471975511965976, np.float64(0.9753255859582959), 0.5, np.float64(0.5827003053182613), 0.95, False, False, False, True, np.float64(0.030725782437249466), np.float64(0.004095942510683803), 0.0, 0.0)
Waveform Generated. SNR: 343.6472347080788
calculating Fisher matrix...
plunging! t_interp:  8230219.99779549 t_traj:  8230219.93243452
plunging! t_interp:  8230219.99779549 t_traj:  8230219.948826564
plunging! t_interp:  8230219.99779549 t_traj:  8230219.964859602
plunging! t_interp:  8230219.99779549 t_traj:  8230219.981459907
plunging! t_interp:  8230219.99779549 t_traj:  8230219.810542988
plunging! t_interp:  8230219.99779549 t_traj:  8230219.62322143
plunging! t_interp:  8230219.99779549 t_traj:  8230219.435927042
plunging! t_interp:  8230219.99779549 t_traj:  8230219.248641978
plunging! t_interp:  8230219.99779549 t_traj:  8230219.966934878
plunging! t_interp:  8230219.99779549 t_traj:  8230219.974671798
plunging! t_interp:  8230219.99779549 t_traj:  8230219.982401274
plunging! t_interp:  8230219.99779549 t_traj:  8230219.990142412
plunging! t_interp:  8230219.99779549 t_traj:  8230218.934583795
plunging! t_interp:  8230219.99779549 t_traj:  8230219.200380622
plunging! t_interp:  8230219.99779549 t_traj:  8230219.466170716
plunging! t_interp:  8230219.99779549 t_traj:  8230219.732046226
plunging! t_interp:  8230219.99779549 t_traj:  8230219.729051084
plunging! t_interp:  8230219.99779549 t_traj:  8230219.796267543
plunging! t_interp:  8230219.99779549 t_traj:  8230219.8634370435
plunging! t_interp:  8230219.99779549 t_traj:  8230219.93063042
plunging! t_interp:  8230219.99779549 t_traj:  8230219.601851738
plunging! t_interp:  8230219.99779549 t_traj:  8230219.700646361
plunging! t_interp:  8230219.99779549 t_traj:  8230219.799831299
plunging! t_interp:  8230219.99779549 t_traj:  8230219.898800308
plunging! t_interp:  8230219.99779549 t_traj:  8230219.678792073
plunging! t_interp:  8230219.99779549 t_traj:  8230219.758539913
plunging! t_interp:  8230219.99779549 t_traj:  8230219.838302203
plunging! t_interp:  8230219.99779549 t_traj:  8230219.918064638
Finished derivatives
Calculated Fisher is *atleast* positive-definite.
Time taken to compute FM is 9.602895021438599 seconds
    CV from_0PA#2 it   4 lam=9.2e-01 ov=0.9942190 chi2=1.361e+03 rel=3.0e-05
Body is not plunging, Fisher should be stable.
waveform shape: (3, 6311629)
Computing SNR for parameters: (np.float64(1001774.6424646359), np.float64(4995.362888895605), np.float64(0.7039603545065255), np.float64(24.967512757573047), np.float64(0.24975588013238134), 1.0, 12.0, np.float64(0.7883430692637908), np.float64(1.0062477118891668), 1.0, 1.0471975511965976, np.float64(0.9752969662784996), 0.5, np.float64(0.582668943286914), 0.95, False, False, False, True, np.float64(0.030726175060913668), np.float64(0.0040916911590393994), 0.0, 0.0)
Waveform Generated. SNR: 343.64723616740696
calculating stable deltas...
plunging! t_interp:  8230219.999397331 t_traj:  8223686.200216707
plunging! t_interp:  8230219.999397331 t_traj:  8225319.406753433
plunging! t_interp:  8230219.999397331 t_traj:  8226952.775456963
plunging! t_interp:  8230219.999397331 t_traj:  8228586.306356865
plunging! t_interp:  8230219.999397331 t_traj:  8227925.561657964
plunging! t_interp:  8230219.999397331 t_traj:  8228499.141111655
plunging! t_interp:  8230219.999397331 t_traj:  8229072.740545925
plunging! t_interp:  8230219.999397331 t_traj:  8229646.359979298
plunging! t_interp:  8230219.999397331 t_traj:  8229414.341856926
plunging! t_interp:  8230219.999397331 t_traj:  8229615.75235863
plunging! t_interp:  8230219.999397331 t_traj:  8229817.165718486
plunging! t_interp:  8230219.999397331 t_traj:  8230018.582059582
plunging! t_interp:  8230219.999397331 t_traj:  8229937.113107176
plunging! t_interp:  8230219.999397331 t_traj:  8230007.834232015
plunging! t_interp:  8230219.999397331 t_traj:  8230078.555609699
plunging! t_interp:  8230219.999397331 t_traj:  8230149.277338152
plunging! t_interp:  8230219.999397331 t_traj:  8230120.672039536
plunging! t_interp:  8230219.999397331 t_traj:  8230145.503823012
plunging! t_interp:  8230219.999397331 t_traj:  8230170.335684592
plunging! t_interp:  8230219.999397331 t_traj:  8230195.167476372
plunging! t_interp:  8230219.999397331 t_traj:  8230185.123564007
plunging! t_interp:  8230219.999397331 t_traj:  8230193.842506797
plunging! t_interp:  8230219.999397331 t_traj:  8230202.561506871
plunging! t_interp:  8230219.999397331 t_traj:  8230211.28046959
plunging! t_interp:  8230219.999397331 t_traj:  8230207.753815216
plunging! t_interp:  8230219.999397331 t_traj:  8230210.815219242
plunging! t_interp:  8230219.999397331 t_traj:  8230213.876615811
plunging! t_interp:  8230219.999397331 t_traj:  8230216.9379941495
plunging! t_interp:  8230219.999397331 t_traj:  8230215.699752615
plunging! t_interp:  8230219.999397331 t_traj:  8230216.774618866
plunging! t_interp:  8230219.999397331 t_traj:  8230217.849559024
plunging! t_interp:  8230219.999397331 t_traj:  8230218.924511254
plunging! t_interp:  8230219.999397331 t_traj:  8230218.48971736
plunging! t_interp:  8230219.999397331 t_traj:  8230218.866983677
plunging! t_interp:  8230219.999397331 t_traj:  8230219.2445524195
plunging! t_interp:  8230219.999397331 t_traj:  8230219.621958263
plunging! t_interp:  8230219.999397331 t_traj:  8230219.469328055
plunging! t_interp:  8230219.999397331 t_traj:  8230219.601825169
plunging! t_interp:  8230219.999397331 t_traj:  8230219.73434216
plunging! t_interp:  8230219.999397331 t_traj:  8230219.866883457
plunging! t_interp:  8230219.999397331 t_traj:  8230219.813272054
plunging! t_interp:  8230219.999397331 t_traj:  8230219.859831313
plunging! t_interp:  8230219.999397331 t_traj:  8230219.9063308295
plunging! t_interp:  8230219.999397331 t_traj:  8230219.952866685
plunging! t_interp:  8230219.999397331 t_traj:  8230219.93408342
plunging! t_interp:  8230219.999397331 t_traj:  8230219.950380125
plunging! t_interp:  8230219.999397331 t_traj:  8230219.966731002
plunging! t_interp:  8230219.999397331 t_traj:  8230219.982790691
plunging! t_interp:  8230219.999397331 t_traj:  8229409.328348943
plunging! t_interp:  8230219.999397331 t_traj:  8228598.819417984
plunging! t_interp:  8230219.999397331 t_traj:  8227788.472540406
plunging! t_interp:  8230219.999397331 t_traj:  8226978.2876792895
plunging! t_interp:  8230219.999397331 t_traj:  8229935.338788421
plunging! t_interp:  8230219.999397331 t_traj:  8229650.698133353
plunging! t_interp:  8230219.999397331 t_traj:  8229366.0775039615
plunging! t_interp:  8230219.999397331 t_traj:  8229081.476830871
plunging! t_interp:  8230219.999397331 t_traj:  8230120.047331471
plunging! t_interp:  8230219.999397331 t_traj:  8230020.097702946
plunging! t_interp:  8230219.999397331 t_traj:  8229920.150540907
plunging! t_interp:  8230219.999397331 t_traj:  8229820.205664475
plunging! t_interp:  8230219.999397331 t_traj:  8230184.904053721
plunging! t_interp:  8230219.999397331 t_traj:  8230149.808935072
plunging! t_interp:  8230219.999397331 t_traj:  8230114.714184152
plunging! t_interp:  8230219.999397331 t_traj:  8230079.619742942
plunging! t_interp:  8230219.999397331 t_traj:  8230207.676699246
plunging! t_interp:  8230219.999397331 t_traj:  8230195.354027923
plunging! t_interp:  8230219.999397331 t_traj:  8230183.03142998
plunging! t_interp:  8230219.999397331 t_traj:  8230170.7088566385
plunging! t_interp:  8230219.999397331 t_traj:  8230215.672625433
plunging! t_interp:  8230219.999397331 t_traj:  8230211.345932897
plunging! t_interp:  8230219.999397331 t_traj:  8230207.019190115
plunging! t_interp:  8230219.999397331 t_traj:  8230202.692474794
plunging! t_interp:  8230219.999397331 t_traj:  8230218.480187103
plunging! t_interp:  8230219.999397331 t_traj:  8230216.960981021
plunging! t_interp:  8230219.999397331 t_traj:  8230215.441768516
plunging! t_interp:  8230219.999397331 t_traj:  8230213.922563153
plunging! t_interp:  8230219.999397331 t_traj:  8230219.46600408
plunging! t_interp:  8230219.999397331 t_traj:  8230218.932547879
plunging! t_interp:  8230219.999397331 t_traj:  8230218.399143943
plunging! t_interp:  8230219.999397331 t_traj:  8230217.865755636
plunging! t_interp:  8230219.999397331 t_traj:  8230219.812087024
plunging! t_interp:  8230219.999397331 t_traj:  8230219.624809936
plunging! t_interp:  8230219.999397331 t_traj:  8230219.437369945
plunging! t_interp:  8230219.999397331 t_traj:  8230219.2509537665
plunging! t_interp:  8230219.999397331 t_traj:  8230219.933641307
plunging! t_interp:  8230219.999397331 t_traj:  8230219.867857869
plunging! t_interp:  8230219.999397331 t_traj:  8230219.802098726
plunging! t_interp:  8230219.999397331 t_traj:  8230219.73635946
plunging! t_interp:  8230219.999397331 t_traj:  8230219.976306644
plunging! t_interp:  8230219.999397331 t_traj:  8230219.953210755
plunging! t_interp:  8230219.999397331 t_traj:  8230219.930151197
plunging! t_interp:  8230219.999397331 t_traj:  8230219.907031899
plunging! t_interp:  8230219.999397331 t_traj:  8230219.99102091
plunging! t_interp:  8230219.999397331 t_traj:  8230219.983191443
plunging! t_interp:  8230219.999397331 t_traj:  8230219.975070786
plunging! t_interp:  8230219.999397331 t_traj:  8230219.967004306
plunging! t_interp:  8230219.999397331 t_traj:  8229839.5658394955
plunging! t_interp:  8230219.999397331 t_traj:  8229934.675213541
plunging! t_interp:  8230219.999397331 t_traj:  8230029.78390641
plunging! t_interp:  8230219.999397331 t_traj:  8230124.8919615345
plunging! t_interp:  8230219.999397331 t_traj:  8230086.423079488
plunging! t_interp:  8230219.999397331 t_traj:  8230119.817283348
plunging! t_interp:  8230219.999397331 t_traj:  8230153.211428622
plunging! t_interp:  8230219.999397331 t_traj:  8230186.605435571
plunging! t_interp:  8230219.999397331 t_traj:  8230173.098341115
plunging! t_interp:  8230219.999397331 t_traj:  8230184.823606561
plunging! t_interp:  8230219.999397331 t_traj:  8230196.548930953
plunging! t_interp:  8230219.999397331 t_traj:  8230208.274181681
plunging! t_interp:  8230219.999397331 t_traj:  8230203.531557028
plunging! t_interp:  8230219.999397331 t_traj:  8230207.648242563
plunging! t_interp:  8230219.999397331 t_traj:  8230211.76527997
plunging! t_interp:  8230219.999397331 t_traj:  8230215.882439842
plunging! t_interp:  8230219.999397331 t_traj:  8230214.217218357
plunging! t_interp:  8230219.999397331 t_traj:  8230215.662802474
plunging! t_interp:  8230219.999397331 t_traj:  8230217.108115125
plunging! t_interp:  8230219.999397331 t_traj:  8230218.553855941
plunging! t_interp:  8230219.999397331 t_traj:  8230217.969172241
plunging! t_interp:  8230219.999397331 t_traj:  8230218.476752897
plunging! t_interp:  8230219.999397331 t_traj:  8230218.984243985
plunging! t_interp:  8230219.999397331 t_traj:  8230219.491806442
plunging! t_interp:  8230219.999397331 t_traj:  8230219.286545021
plunging! t_interp:  8230219.999397331 t_traj:  8230219.464780812
plunging! t_interp:  8230219.999397331 t_traj:  8230219.642968757
plunging! t_interp:  8230219.999397331 t_traj:  8230219.8211968625
plunging! t_interp:  8230219.999397331 t_traj:  8230219.749113441
plunging! t_interp:  8230219.999397331 t_traj:  8230219.811673844
plunging! t_interp:  8230219.999397331 t_traj:  8230219.874229775
plunging! t_interp:  8230219.999397331 t_traj:  8230219.936819402
plunging! t_interp:  8230219.999397331 t_traj:  8230219.911478915
plunging! t_interp:  8230219.999397331 t_traj:  8230219.933458693
plunging! t_interp:  8230219.999397331 t_traj:  8230219.955452617
plunging! t_interp:  8230219.999397331 t_traj:  8230219.977436235
plunging! t_interp:  8230219.999397331 t_traj:  8230219.968509879
plunging! t_interp:  8230219.999397331 t_traj:  8230219.97626629
plunging! t_interp:  8230219.999397331 t_traj:  8230219.983652657
plunging! t_interp:  8230219.999397331 t_traj:  8230219.991651893
plunging! t_interp:  8230219.999397331 t_traj:  8230219.988595488
plunging! t_interp:  8230219.999397331 t_traj:  8230219.991276099
plunging! t_interp:  8230219.999397331 t_traj:  8230219.993954691
plunging! t_interp:  8230219.999397331 t_traj:  8230219.99642826
plunging! t_interp:  8230219.999397331 t_traj:  8230219.995338171
plunging! t_interp:  8230219.999397331 t_traj:  8230219.997294679
plunging! t_interp:  8230219.999397331 t_traj:  8230219.997524026
plunging! t_interp:  8230219.999397331 t_traj:  8230219.998444399
plunging! t_interp:  8230219.999397331 t_traj:  8217119.823511478
plunging! t_interp:  8230219.999397331 t_traj:  8220393.407630131
plunging! t_interp:  8230219.999397331 t_traj:  8223667.964896628
plunging! t_interp:  8230219.999397331 t_traj:  8226943.495407242
plunging! t_interp:  8230219.999397331 t_traj:  8225618.5024621915
plunging! t_interp:  8230219.999397331 t_traj:  8226768.696601897
plunging! t_interp:  8230219.999397331 t_traj:  8227919.010860455
plunging! t_interp:  8230219.999397331 t_traj:  8229069.4451322425
plunging! t_interp:  8230219.999397331 t_traj:  8228604.106813905
plunging! t_interp:  8230219.999397331 t_traj:  8229008.05780419
plunging! t_interp:  8230219.999397331 t_traj:  8229412.0235267915
plunging! t_interp:  8230219.999397331 t_traj:  8229816.004028946
plunging! t_interp:  8230219.999397331 t_traj:  8229652.601608367
plunging! t_interp:  8230219.999397331 t_traj:  8229794.448308891
plunging! t_interp:  8230219.999397331 t_traj:  8229936.296796927
plunging! t_interp:  8230219.999397331 t_traj:  8230078.147175351
plunging! t_interp:  8230219.999397331 t_traj:  8230020.771809123
plunging! t_interp:  8230219.999397331 t_traj:  8230070.57837932
plunging! t_interp:  8230219.999397331 t_traj:  8230120.384914991
plunging! t_interp:  8230219.999397331 t_traj:  8230170.192172833
plunging! t_interp:  8230219.999397331 t_traj:  8230150.04636221
plunging! t_interp:  8230219.999397331 t_traj:  8230167.534572983
plunging! t_interp:  8230219.999397331 t_traj:  8230185.022796623
plunging! t_interp:  8230219.999397331 t_traj:  8230202.511100139
plunging! t_interp:  8230219.999397331 t_traj:  8230195.437490606
plunging! t_interp:  8230219.999397331 t_traj:  8230201.57795106
plunging! t_interp:  8230219.999397331 t_traj:  8230207.718445709
plunging! t_interp:  8230219.999397331 t_traj:  8230213.858948091
plunging! t_interp:  8230219.999397331 t_traj:  8230211.375213007
plunging! t_interp:  8230219.999397331 t_traj:  8230213.531288137
plunging! t_interp:  8230219.999397331 t_traj:  8230215.687121093
plunging! t_interp:  8230219.999397331 t_traj:  8230217.843359612
plunging! t_interp:  8230219.999397331 t_traj:  8230216.971267251
plunging! t_interp:  8230219.999397331 t_traj:  8230217.728320915
plunging! t_interp:  8230219.999397331 t_traj:  8230218.485314165
plunging! t_interp:  8230219.999397331 t_traj:  8230219.242408198
plunging! t_interp:  8230219.999397331 t_traj:  8230218.937034242
plunging! t_interp:  8230219.999397331 t_traj:  8230219.201963969
plunging! t_interp:  8230219.999397331 t_traj:  8230219.467781692
plunging! t_interp:  8230219.999397331 t_traj:  8230219.733594379
plunging! t_interp:  8230219.999397331 t_traj:  8230219.626088696
plunging! t_interp:  8230219.999397331 t_traj:  8230219.719388349
plunging! t_interp:  8230219.999397331 t_traj:  8230219.813466773
plunging! t_interp:  8230219.999397331 t_traj:  8230219.906067512
plunging! t_interp:  8230219.999397331 t_traj:  8230219.868355747
plunging! t_interp:  8230219.999397331 t_traj:  8230219.901126528
plunging! t_interp:  8230219.999397331 t_traj:  8230219.933887638
plunging! t_interp:  8230219.999397331 t_traj:  8230219.96661466
plunging! t_interp:  8230219.999397331 t_traj:  8230076.622793544
plunging! t_interp:  8230219.999397331 t_traj:  8230112.459345151
plunging! t_interp:  8230219.999397331 t_traj:  8230148.300989779
plunging! t_interp:  8230219.999397331 t_traj:  8230184.147668632
plunging! t_interp:  8230219.999397331 t_traj:  8230169.647891566
plunging! t_interp:  8230219.999397331 t_traj:  8230182.234873053
plunging! t_interp:  8230219.999397331 t_traj:  8230194.8221161505
plunging! t_interp:  8230219.999397331 t_traj:  8230207.410336214
plunging! t_interp:  8230219.999397331 t_traj:  8230202.318847797
plunging! t_interp:  8230219.999397331 t_traj:  8230206.738874181
plunging! t_interp:  8230219.999397331 t_traj:  8230211.158999931
plunging! t_interp:  8230219.999397331 t_traj:  8230215.579129947
plunging! t_interp:  8230219.999397331 t_traj:  8230213.791235538
plunging! t_interp:  8230219.999397331 t_traj:  8230215.343268999
plunging! t_interp:  8230219.999397331 t_traj:  8230216.895285573
plunging! t_interp:  8230219.999397331 t_traj:  8230218.447356684
plunging! t_interp:  8230219.999397331 t_traj:  8230217.819594584
plunging! t_interp:  8230219.999397331 t_traj:  8230218.364549522
plunging! t_interp:  8230219.999397331 t_traj:  8230218.909537021
plunging! t_interp:  8230219.999397331 t_traj:  8230219.454414891
plunging! t_interp:  8230219.999397331 t_traj:  8230219.234017531
plunging! t_interp:  8230219.999397331 t_traj:  8230219.425365512
plunging! t_interp:  8230219.999397331 t_traj:  8230219.616679433
plunging! t_interp:  8230219.999397331 t_traj:  8230219.808043633
plunging! t_interp:  8230219.999397331 t_traj:  8230219.731385759
plunging! t_interp:  8230219.999397331 t_traj:  8230219.797527366
plunging! t_interp:  8230219.999397331 t_traj:  8230219.865015159
plunging! t_interp:  8230219.999397331 t_traj:  8230219.932192455
plunging! t_interp:  8230219.999397331 t_traj:  8230219.905045806
plunging! t_interp:  8230219.999397331 t_traj:  8230219.928618967
plunging! t_interp:  8230219.999397331 t_traj:  8230219.952223864
plunging! t_interp:  8230219.999397331 t_traj:  8230219.975783571
plunging! t_interp:  8230219.999397331 t_traj:  8230219.966234076
plunging! t_interp:  8230219.999397331 t_traj:  8230219.974551812
plunging! t_interp:  8230219.999397331 t_traj:  8230219.982857643
plunging! t_interp:  8230219.999397331 t_traj:  8230219.990914621
plunging! t_interp:  8230219.999397331 t_traj:  8230219.987775923
plunging! t_interp:  8230219.999397331 t_traj:  8230219.990686445
plunging! t_interp:  8230219.999397331 t_traj:  8230219.993619665
plunging! t_interp:  8230219.999397331 t_traj:  8230219.996488529
plunging! t_interp:  8230219.999397331 t_traj:  8230219.995354979
plunging! t_interp:  8230219.999397331 t_traj:  8230219.996312162
plunging! t_interp:  8230219.999397331 t_traj:  8230219.9973576125
plunging! t_interp:  8230219.999397331 t_traj:  8230219.998364579
plunging! t_interp:  8230219.999397331 t_traj:  8230219.997957792
plunging! t_interp:  8230219.999397331 t_traj:  8230219.998333275
plunging! t_interp:  8230219.999397331 t_traj:  8230219.998713571
plunging! t_interp:  8230219.999397331 t_traj:  8230219.99903768
plunging! t_interp:  8230219.999397331 t_traj:  8230145.425016174
plunging! t_interp:  8230219.999397331 t_traj:  8230164.068477947
plunging! t_interp:  8230219.999397331 t_traj:  8230182.712051628
plunging! t_interp:  8230219.999397331 t_traj:  8230201.355694705
plunging! t_interp:  8230219.999397331 t_traj:  8230193.814786905
plunging! t_interp:  8230219.999397331 t_traj:  8230200.36090851
plunging! t_interp:  8230219.999397331 t_traj:  8230206.907088868
plunging! t_interp:  8230219.999397331 t_traj:  8230213.453258628
plunging! t_interp:  8230219.999397331 t_traj:  8230210.805444887
plunging! t_interp:  8230219.999397331 t_traj:  8230213.103946564
plunging! t_interp:  8230219.999397331 t_traj:  8230215.402443531
plunging! t_interp:  8230219.999397331 t_traj:  8230217.700924834
plunging! t_interp:  8230219.999397331 t_traj:  8230216.771193965
plunging! t_interp:  8230219.999397331 t_traj:  8230217.578256834
plunging! t_interp:  8230219.999397331 t_traj:  8230218.385290155
plunging! t_interp:  8230219.999397331 t_traj:  8230219.192362502
plunging! t_interp:  8230219.999397331 t_traj:  8230218.86592644
plunging! t_interp:  8230219.999397331 t_traj:  8230219.1492649345
plunging! t_interp:  8230219.999397331 t_traj:  8230219.432661397
plunging! t_interp:  8230219.999397331 t_traj:  8230219.716009138
plunging! t_interp:  8230219.999397331 t_traj:  8230219.601454792
plunging! t_interp:  8230219.999397331 t_traj:  8230219.700890531
plunging! t_interp:  8230219.999397331 t_traj:  8230219.800410357
plunging! t_interp:  8230219.999397331 t_traj:  8230219.899872542
plunging! t_interp:  8230219.999397331 t_traj:  8230219.860432716
plunging! t_interp:  8230219.999397331 t_traj:  8230219.894556178
plunging! t_interp:  8230219.999397331 t_traj:  8230219.929528664
plunging! t_interp:  8230219.999397331 t_traj:  8230219.96447017
plunging! t_interp:  8230219.999397331 t_traj:  8230219.950314838
plunging! t_interp:  8230219.999397331 t_traj:  8230219.962599118
plunging! t_interp:  8230219.999397331 t_traj:  8230219.974877098
plunging! t_interp:  8230219.999397331 t_traj:  8230219.98712445
plunging! t_interp:  8230219.999397331 t_traj:  8230219.982169636
plunging! t_interp:  8230219.999397331 t_traj:  8230219.986454995
plunging! t_interp:  8230219.999397331 t_traj:  8230219.990795799
plunging! t_interp:  8230219.999397331 t_traj:  8230219.995100416
plunging! t_interp:  8230219.999397331 t_traj:  8230219.993347903
plunging! t_interp:  8230219.999397331 t_traj:  8230219.994902163
plunging! t_interp:  8230219.999397331 t_traj:  8230219.99634957
plunging! t_interp:  8230219.999397331 t_traj:  8230219.997869534
plunging! t_interp:  8230219.999397331 t_traj:  8230219.997257526
plunging! t_interp:  8230219.999397331 t_traj:  8230219.997805741
plunging! t_interp:  8230219.999397331 t_traj:  8230219.998314501
plunging! t_interp:  8230219.999397331 t_traj:  8230219.99889013
plunging! t_interp:  8230219.999397331 t_traj:  8230219.998664152
plunging! t_interp:  8230219.999397331 t_traj:  8230219.998833202
plunging! t_interp:  8230219.999397331 t_traj:  8230219.998992644
plunging! t_interp:  8230219.999397331 t_traj:  8230219.999228392
plunging! t_interp:  8230219.999397331 t_traj:  8230218.076353691
plunging! t_interp:  8230219.999397331 t_traj:  8230218.5571210245
plunging! t_interp:  8230219.999397331 t_traj:  8230219.0378370965
plunging! t_interp:  8230219.999397331 t_traj:  8230219.518599314
plunging! t_interp:  8230219.999397331 t_traj:  8230219.324165318
plunging! t_interp:  8230219.999397331 t_traj:  8230219.492955529
plunging! t_interp:  8230219.999397331 t_traj:  8230219.661753899
plunging! t_interp:  8230219.999397331 t_traj:  8230219.830600101
plunging! t_interp:  8230219.999397331 t_traj:  8230219.762338503
plunging! t_interp:  8230219.999397331 t_traj:  8230219.821617067
plunging! t_interp:  8230219.999397331 t_traj:  8230219.880841412
plunging! t_interp:  8230219.999397331 t_traj:  8230219.940123005
plunging! t_interp:  8230219.999397331 t_traj:  8230219.9161359975
plunging! t_interp:  8230219.999397331 t_traj:  8230219.936961941
plunging! t_interp:  8230219.999397331 t_traj:  8230219.95776056
plunging! t_interp:  8230219.999397331 t_traj:  8230219.978621051
plunging! t_interp:  8230219.999397331 t_traj:  8230219.970199583
plunging! t_interp:  8230219.999397331 t_traj:  8230219.977467822
plunging! t_interp:  8230219.999397331 t_traj:  8230219.984794551
plunging! t_interp:  8230219.999397331 t_traj:  8230219.992098016
plunging! t_interp:  8230219.999397331 t_traj:  8230219.989124273
plunging! t_interp:  8230219.999397331 t_traj:  8230219.9916849565
plunging! t_interp:  8230219.999397331 t_traj:  8230219.994259004
plunging! t_interp:  8230219.999397331 t_traj:  8230219.996820149
plunging! t_interp:  8230219.999397331 t_traj:  8230219.995774441
plunging! t_interp:  8230219.999397331 t_traj:  8230219.996695084
plunging! t_interp:  8230219.999397331 t_traj:  8230219.997596121
plunging! t_interp:  8230219.999397331 t_traj:  8230219.998368427
plunging! t_interp:  8230219.999397331 t_traj:  8230219.998122008
plunging! t_interp:  8230219.999397331 t_traj:  8230219.998448165
plunging! t_interp:  8230219.999397331 t_traj:  8230219.998748868
plunging! t_interp:  8230219.999397331 t_traj:  8230219.999084538
plunging! t_interp:  8230219.999397331 t_traj:  8230219.998638606
plunging! t_interp:  8230219.999397331 t_traj:  8230219.999071774
plunging! t_interp:  8230219.999397331 t_traj:  8230219.999181159
plunging! t_interp:  8230219.999397331 t_traj:  8230219.999277904
plunging! t_interp:  8230219.999397331 t_traj:  8230219.999234799
plunging! t_interp:  8230219.999397331 t_traj:  8230219.9992872905
plunging! t_interp:  8230219.999397331 t_traj:  8230219.999320475
plunging! t_interp:  8230219.999397331 t_traj:  8230219.999389356
plunging! t_interp:  8230219.999397331 t_traj:  8230219.999362082
plunging! t_interp:  8230219.999397331 t_traj:  8230219.999359191
plunging! t_interp:  8230219.999397331 t_traj:  8230219.9993897565
plunging! t_interp:  8230219.999397331 t_traj:  8230219.999112878
plunging! t_interp:  8230219.999397331 t_traj:  8230219.999358773
plunging! t_interp:  8230219.999397331 t_traj:  8230219.999354319
plunging! t_interp:  8230219.999397331 t_traj:  8230219.999393177
Time taken to compute stable deltas is 93.60430455207825 seconds
calculating Fisher matrix...
plunging! t_interp:  8230219.999397331 t_traj:  8230218.48971736
plunging! t_interp:  8230219.999397331 t_traj:  8230218.866983677
plunging! t_interp:  8230219.999397331 t_traj:  8230219.2445524195
plunging! t_interp:  8230219.999397331 t_traj:  8230219.621958263
plunging! t_interp:  8230219.999397331 t_traj:  8230219.933641307
plunging! t_interp:  8230219.999397331 t_traj:  8230219.867857869
plunging! t_interp:  8230219.999397331 t_traj:  8230219.802098726
plunging! t_interp:  8230219.999397331 t_traj:  8230219.73635946
plunging! t_interp:  8230219.999397331 t_traj:  8230219.286545021
plunging! t_interp:  8230219.999397331 t_traj:  8230219.464780812
plunging! t_interp:  8230219.999397331 t_traj:  8230219.642968757
plunging! t_interp:  8230219.999397331 t_traj:  8230219.8211968625
plunging! t_interp:  8230219.999397331 t_traj:  8230219.868355747
plunging! t_interp:  8230219.999397331 t_traj:  8230219.901126528
plunging! t_interp:  8230219.999397331 t_traj:  8230219.933887638
plunging! t_interp:  8230219.999397331 t_traj:  8230219.96661466
plunging! t_interp:  8230219.999397331 t_traj:  8230219.731385759
plunging! t_interp:  8230219.999397331 t_traj:  8230219.797527366
plunging! t_interp:  8230219.999397331 t_traj:  8230219.865015159
plunging! t_interp:  8230219.999397331 t_traj:  8230219.932192455
plunging! t_interp:  8230219.999397331 t_traj:  8230218.86592644
plunging! t_interp:  8230219.999397331 t_traj:  8230219.1492649345
plunging! t_interp:  8230219.999397331 t_traj:  8230219.432661397
plunging! t_interp:  8230219.999397331 t_traj:  8230219.716009138
plunging! t_interp:  8230219.999397331 t_traj:  8230219.762338503
plunging! t_interp:  8230219.999397331 t_traj:  8230219.821617067
plunging! t_interp:  8230219.999397331 t_traj:  8230219.880841412
plunging! t_interp:  8230219.999397331 t_traj:  8230219.940123005
Finished derivatives
Calculated Fisher is *atleast* positive-definite.
Time taken to compute FM is 9.055108785629272 seconds
    CV from_0PA#2 it   5 lam=2.5e+00 ov=0.9942192 chi2=1.361e+03 rel=2.5e-05
Body is not plunging, Fisher should be stable.
waveform shape: (3, 6311629)
Computing SNR for parameters: (np.float64(1001774.6424781408), np.float64(4995.3628883576885), np.float64(0.7039603555474558), np.float64(24.967512757894973), np.float64(0.24975587917587186), 1.0, 12.0, np.float64(0.7883427525796108), np.float64(1.0062489384642057), 1.0, 1.0471975511965976, np.float64(0.9752862513969485), 0.5, np.float64(0.5826572363175109), 0.95, False, False, False, True, np.float64(0.030726320681382868), np.float64(0.004090095829758955), 0.0, 0.0)
Waveform Generated. SNR: 343.6473650350204
calculating Fisher matrix...
plunging! t_interp:  8230219.99997793 t_traj:  8230218.49027153
plunging! t_interp:  8230219.99997793 t_traj:  8230218.867685226
plunging! t_interp:  8230219.99997793 t_traj:  8230219.245115328
plunging! t_interp:  8230219.99997793 t_traj:  8230219.622504711
plunging! t_interp:  8230219.99997793 t_traj:  8230219.934232833
plunging! t_interp:  8230219.99997793 t_traj:  8230219.868470221
plunging! t_interp:  8230219.99997793 t_traj:  8230219.802626881
plunging! t_interp:  8230219.99997793 t_traj:  8230219.736909231
plunging! t_interp:  8230219.99997793 t_traj:  8230219.287104937
plunging! t_interp:  8230219.99997793 t_traj:  8230219.465002841
plunging! t_interp:  8230219.99997793 t_traj:  8230219.643537407
plunging! t_interp:  8230219.99997793 t_traj:  8230219.821713957
plunging! t_interp:  8230219.99997793 t_traj:  8230219.868888052
plunging! t_interp:  8230219.99997793 t_traj:  8230219.901685223
plunging! t_interp:  8230219.99997793 t_traj:  8230219.935285438
plunging! t_interp:  8230219.99997793 t_traj:  8230219.967215304
plunging! t_interp:  8230219.99997793 t_traj:  8230219.731230404
plunging! t_interp:  8230219.99997793 t_traj:  8230219.798116933
plunging! t_interp:  8230219.99997793 t_traj:  8230219.865585377
plunging! t_interp:  8230219.99997793 t_traj:  8230219.932772866
plunging! t_interp:  8230219.99997793 t_traj:  8230218.866462162
plunging! t_interp:  8230219.99997793 t_traj:  8230219.149821526
plunging! t_interp:  8230219.99997793 t_traj:  8230219.433191001
plunging! t_interp:  8230219.99997793 t_traj:  8230219.716576919
plunging! t_interp:  8230219.99997793 t_traj:  8230219.762869124
plunging! t_interp:  8230219.99997793 t_traj:  8230219.822178653
plunging! t_interp:  8230219.99997793 t_traj:  8230219.881432967
plunging! t_interp:  8230219.99997793 t_traj:  8230219.940678461
Finished derivatives
Calculated Fisher is *atleast* positive-definite.
Time taken to compute FM is 9.246966123580933 seconds
    CV from_0PA#2 it   6 lam=2.2e+08 ov=0.9942193 chi2=1.361e+03 rel=3.3e-07
Body is not plunging, Fisher should be stable.
waveform shape: (3, 6311629)
Computing SNR for parameters: (np.float64(1001774.6424781408), np.float64(4995.3628883576885), np.float64(0.7039603555474558), np.float64(24.967512757894973), np.float64(0.24975587917587186), 1.0, 12.0, np.float64(0.7883427525796066), np.float64(1.00624893846422), 1.0, 1.0471975511965976, np.float64(0.9752862513968291), 0.5, np.float64(0.5826572363173727), 0.95, False, False, False, True, np.float64(0.030726320681384485), np.float64(0.004090095829741119), 0.0, 0.0)
Waveform Generated. SNR: 343.6473637239352
calculating Fisher matrix...
plunging! t_interp:  8230219.999941374 t_traj:  8230218.490258124
plunging! t_interp:  8230219.999941374 t_traj:  8230218.867694329
plunging! t_interp:  8230219.999941374 t_traj:  8230219.24510769
plunging! t_interp:  8230219.999941374 t_traj:  8230219.622522317
plunging! t_interp:  8230219.999941374 t_traj:  8230219.934203568
plunging! t_interp:  8230219.999941374 t_traj:  8230219.869329486
plunging! t_interp:  8230219.999941374 t_traj:  8230219.802594024
plunging! t_interp:  8230219.999941374 t_traj:  8230219.736607952
plunging! t_interp:  8230219.999941374 t_traj:  8230219.287141707
plunging! t_interp:  8230219.999941374 t_traj:  8230219.4653526805
plunging! t_interp:  8230219.999941374 t_traj:  8230219.6435306715
plunging! t_interp:  8230219.999941374 t_traj:  8230219.821730042
plunging! t_interp:  8230219.999941374 t_traj:  8230219.868869171
plunging! t_interp:  8230219.999941374 t_traj:  8230219.901629262
plunging! t_interp:  8230219.999941374 t_traj:  8230219.934443909
plunging! t_interp:  8230219.999941374 t_traj:  8230219.967188677
plunging! t_interp:  8230219.999941374 t_traj:  8230219.731228315
plunging! t_interp:  8230219.999941374 t_traj:  8230219.79837283
plunging! t_interp:  8230219.999941374 t_traj:  8230219.865556043
plunging! t_interp:  8230219.999941374 t_traj:  8230219.93277066
plunging! t_interp:  8230219.999941374 t_traj:  8230218.866485281
plunging! t_interp:  8230219.999941374 t_traj:  8230219.149814071
plunging! t_interp:  8230219.999941374 t_traj:  8230219.433017938
plunging! t_interp:  8230219.999941374 t_traj:  8230219.71658183
plunging! t_interp:  8230219.999941374 t_traj:  8230219.762878251
plunging! t_interp:  8230219.999941374 t_traj:  8230219.822866235
plunging! t_interp:  8230219.999941374 t_traj:  8230219.881409699
plunging! t_interp:  8230219.999941374 t_traj:  8230219.9407092845
Finished derivatives
Calculated Fisher is *atleast* positive-definite.
Time taken to compute FM is 9.814186096191406 seconds
    CV from_0PA#2 it   7 lam=7.5e+10 ov=0.9942193 chi2=1.361e+03 rel=4.1e-09
Body is not plunging, Fisher should be stable.
waveform shape: (3, 6311629)
Computing SNR for parameters: (np.float64(1001774.6424781408), np.float64(4995.3628883576885), np.float64(0.7039603555474558), np.float64(24.967512757894973), np.float64(0.24975587917587186), 1.0, 12.0, np.float64(0.7883427525796066), np.float64(1.00624893846422), 1.0, 1.0471975511965976, np.float64(0.9752862513968288), 0.5, np.float64(0.5826572363173722), 0.95, False, False, False, True, np.float64(0.03072632068138449), np.float64(0.004090095829741067), 0.0, 0.0)
Waveform Generated. SNR: 343.64736372503705
calculating Fisher matrix...
plunging! t_interp:  8230219.999941325 t_traj:  8230218.490258128
plunging! t_interp:  8230219.999941325 t_traj:  8230218.86769461
plunging! t_interp:  8230219.999941325 t_traj:  8230219.24510769
plunging! t_interp:  8230219.999941325 t_traj:  8230219.622522347
plunging! t_interp:  8230219.999941325 t_traj:  8230219.934203421
plunging! t_interp:  8230219.999941325 t_traj:  8230219.8693299545
plunging! t_interp:  8230219.999941325 t_traj:  8230219.802462614
plunging! t_interp:  8230219.999941325 t_traj:  8230219.736605448
plunging! t_interp:  8230219.999941325 t_traj:  8230219.287141703
plunging! t_interp:  8230219.999941325 t_traj:  8230219.465352718
plunging! t_interp:  8230219.999941325 t_traj:  8230219.643530671
plunging! t_interp:  8230219.999941325 t_traj:  8230219.821754316
plunging! t_interp:  8230219.999941325 t_traj:  8230219.8688691715
plunging! t_interp:  8230219.999941325 t_traj:  8230219.901629028
plunging! t_interp:  8230219.999941325 t_traj:  8230219.934443906
plunging! t_interp:  8230219.999941325 t_traj:  8230219.967188567
plunging! t_interp:  8230219.999941325 t_traj:  8230219.731228317
plunging! t_interp:  8230219.999941325 t_traj:  8230219.798372917
plunging! t_interp:  8230219.999941325 t_traj:  8230219.865556001
plunging! t_interp:  8230219.999941325 t_traj:  8230219.932771433
plunging! t_interp:  8230219.999941325 t_traj:  8230218.866485284
plunging! t_interp:  8230219.999941325 t_traj:  8230219.149814067
plunging! t_interp:  8230219.999941325 t_traj:  8230219.433017846
plunging! t_interp:  8230219.999941325 t_traj:  8230219.716581803
plunging! t_interp:  8230219.999941325 t_traj:  8230219.762657701
plunging! t_interp:  8230219.999941325 t_traj:  8230219.822867759
plunging! t_interp:  8230219.999941325 t_traj:  8230219.8814548785
plunging! t_interp:  8230219.999941325 t_traj:  8230219.940709286
Finished derivatives
Calculated Fisher is *atleast* positive-definite.
Time taken to compute FM is 9.097926139831543 seconds
    CV from_0PA#2 it   8 lam=5.0e+10 ov=0.9942193 chi2=1.361e+03 rel=1.2e-08
Body is not plunging, Fisher should be stable.
waveform shape: (3, 6311629)
Computing SNR for parameters: (np.float64(1001774.6424781408), np.float64(4995.3628883576885), np.float64(0.7039603555474558), np.float64(24.967512757894973), np.float64(0.24975587917587186), 1.0, 12.0, np.float64(0.7883427525796066), np.float64(1.00624893846422), 1.0, 1.0471975511965976, np.float64(0.9752862513968282), 0.5, np.float64(0.5826572363173717), 0.95, False, False, False, True, np.float64(0.030726320681384495), np.float64(0.004090095829740989), 0.0, 0.0)
Waveform Generated. SNR: 343.64736372203
calculating Fisher matrix...
plunging! t_interp:  8230219.999941322 t_traj:  8230218.490258371
plunging! t_interp:  8230219.999941322 t_traj:  8230218.867694624
plunging! t_interp:  8230219.999941322 t_traj:  8230219.245107583
plunging! t_interp:  8230219.999941322 t_traj:  8230219.622532186
plunging! t_interp:  8230219.999941322 t_traj:  8230219.934203429
plunging! t_interp:  8230219.999941322 t_traj:  8230219.869331668
plunging! t_interp:  8230219.999941322 t_traj:  8230219.802462901
plunging! t_interp:  8230219.999941322 t_traj:  8230219.736610815
plunging! t_interp:  8230219.999941322 t_traj:  8230219.287141855
plunging! t_interp:  8230219.999941322 t_traj:  8230219.465352163
plunging! t_interp:  8230219.999941322 t_traj:  8230219.643569938
plunging! t_interp:  8230219.999941322 t_traj:  8230219.821754403
plunging! t_interp:  8230219.999941322 t_traj:  8230219.8688691305
plunging! t_interp:  8230219.999941322 t_traj:  8230219.901665177
plunging! t_interp:  8230219.999941322 t_traj:  8230219.934443905
plunging! t_interp:  8230219.999941322 t_traj:  8230219.967188658
plunging! t_interp:  8230219.999941322 t_traj:  8230219.731188122
plunging! t_interp:  8230219.999941322 t_traj:  8230219.798372677
plunging! t_interp:  8230219.999941322 t_traj:  8230219.8655559635
plunging! t_interp:  8230219.999941322 t_traj:  8230219.932771586
plunging! t_interp:  8230219.999941322 t_traj:  8230218.8664850695
plunging! t_interp:  8230219.999941322 t_traj:  8230219.14981324
plunging! t_interp:  8230219.999941322 t_traj:  8230219.433017933
plunging! t_interp:  8230219.999941322 t_traj:  8230219.716621235
plunging! t_interp:  8230219.999941322 t_traj:  8230219.762657281
plunging! t_interp:  8230219.999941322 t_traj:  8230219.822167156
plunging! t_interp:  8230219.999941322 t_traj:  8230219.881454729
plunging! t_interp:  8230219.999941322 t_traj:  8230219.940679887
Finished derivatives
Calculated Fisher is *atleast* positive-definite.
Time taken to compute FM is 9.1108238697052 seconds
    CV from_0PA#2 it   9 lam=1.7e+10 ov=0.9942193 chi2=1.361e+03 rel=2.8e-09
Body is not plunging, Fisher should be stable.
waveform shape: (3, 6311629)
Computing SNR for parameters: (np.float64(1001774.6424781408), np.float64(4995.3628883576885), np.float64(0.7039603555474558), np.float64(24.967512757894973), np.float64(0.24975587917587186), 1.0, 12.0, np.float64(0.7883427525796065), np.float64(1.0062489384642201), 1.0, 1.0471975511965976, np.float64(0.9752862513968267), 0.5, np.float64(0.5826572363173699), 0.95, False, False, False, True, np.float64(0.030726320681384516), np.float64(0.004090095829740754), 0.0, 0.0)
Waveform Generated. SNR: 343.64736373341265
calculating stable deltas...
plunging! t_interp:  8230219.999941502 t_traj:  8223686.200805378
plunging! t_interp:  8230219.999941502 t_traj:  8225319.407325257
plunging! t_interp:  8230219.999941502 t_traj:  8226952.775836569
plunging! t_interp:  8230219.999941502 t_traj:  8228586.3069170695
plunging! t_interp:  8230219.999941502 t_traj:  8227925.562225312
plunging! t_interp:  8230219.999941502 t_traj:  8228499.141636149
plunging! t_interp:  8230219.999941502 t_traj:  8229072.741101279
plunging! t_interp:  8230219.999941502 t_traj:  8229646.360532758
plunging! t_interp:  8230219.999941502 t_traj:  8229414.342435955
plunging! t_interp:  8230219.999941502 t_traj:  8229615.753109535
plunging! t_interp:  8230219.999941502 t_traj:  8229817.1662302455
plunging! t_interp:  8230219.999941502 t_traj:  8230018.581869877
plunging! t_interp:  8230219.999941502 t_traj:  8229937.113701688
plunging! t_interp:  8230219.999941502 t_traj:  8230007.834494346
plunging! t_interp:  8230219.999941502 t_traj:  8230078.557009533
plunging! t_interp:  8230219.999941502 t_traj:  8230149.277919618
plunging! t_interp:  8230219.999941502 t_traj:  8230120.672590136
plunging! t_interp:  8230219.999941502 t_traj:  8230145.504381757
plunging! t_interp:  8230219.999941502 t_traj:  8230170.336214782
plunging! t_interp:  8230219.999941502 t_traj:  8230195.168057854
plunging! t_interp:  8230219.999941502 t_traj:  8230185.12418679
plunging! t_interp:  8230219.999941502 t_traj:  8230193.8431357555
plunging! t_interp:  8230219.999941502 t_traj:  8230202.562800336
plunging! t_interp:  8230219.999941502 t_traj:  8230211.281000989
plunging! t_interp:  8230219.999941502 t_traj:  8230207.754363608
plunging! t_interp:  8230219.999941502 t_traj:  8230210.815726206
plunging! t_interp:  8230219.999941502 t_traj:  8230213.87719501
plunging! t_interp:  8230219.999941502 t_traj:  8230216.938573844
plunging! t_interp:  8230219.999941502 t_traj:  8230215.700227603
plunging! t_interp:  8230219.999941502 t_traj:  8230216.775198736
plunging! t_interp:  8230219.999941502 t_traj:  8230217.85015729
plunging! t_interp:  8230219.999941502 t_traj:  8230218.925024225
plunging! t_interp:  8230219.999941502 t_traj:  8230218.4902293375
plunging! t_interp:  8230219.999941502 t_traj:  8230218.867697671
plunging! t_interp:  8230219.999941502 t_traj:  8230219.24510762
plunging! t_interp:  8230219.999941502 t_traj:  8230219.622437583
plunging! t_interp:  8230219.999941502 t_traj:  8230219.4698775485
plunging! t_interp:  8230219.999941502 t_traj:  8230219.602188592
plunging! t_interp:  8230219.999941502 t_traj:  8230219.734914667
plunging! t_interp:  8230219.999941502 t_traj:  8230219.867447261
plunging! t_interp:  8230219.999941502 t_traj:  8230219.813870412
plunging! t_interp:  8230219.999941502 t_traj:  8230219.860345128
plunging! t_interp:  8230219.999941502 t_traj:  8230219.906929211
plunging! t_interp:  8230219.999941502 t_traj:  8230219.953407214
plunging! t_interp:  8230219.999941502 t_traj:  8230219.934361082
plunging! t_interp:  8230219.999941502 t_traj:  8230219.950911755
plunging! t_interp:  8230219.999941502 t_traj:  8230219.967272083
plunging! t_interp:  8230219.999941502 t_traj:  8230219.98361825
plunging! t_interp:  8230219.999941502 t_traj:  8229409.328893202
plunging! t_interp:  8230219.999941502 t_traj:  8228598.819966266
plunging! t_interp:  8230219.999941502 t_traj:  8227788.473068314
plunging! t_interp:  8230219.999941502 t_traj:  8226978.287975466
plunging! t_interp:  8230219.999941502 t_traj:  8229935.339335526
plunging! t_interp:  8230219.999941502 t_traj:  8229650.698711545
plunging! t_interp:  8230219.999941502 t_traj:  8229366.077859365
plunging! t_interp:  8230219.999941502 t_traj:  8229081.477410158
plunging! t_interp:  8230219.999941502 t_traj:  8230120.047889004
plunging! t_interp:  8230219.999941502 t_traj:  8230020.098263024
plunging! t_interp:  8230219.999941502 t_traj:  8229920.151125355
plunging! t_interp:  8230219.999941502 t_traj:  8229820.206399269
plunging! t_interp:  8230219.999941502 t_traj:  8230184.9046272235
plunging! t_interp:  8230219.999941502 t_traj:  8230149.809509797
plunging! t_interp:  8230219.999941502 t_traj:  8230114.714744774
plunging! t_interp:  8230219.999941502 t_traj:  8230079.620291199
plunging! t_interp:  8230219.999941502 t_traj:  8230207.677208784
plunging! t_interp:  8230219.999941502 t_traj:  8230195.354609241
plunging! t_interp:  8230219.999941502 t_traj:  8230183.031967429
plunging! t_interp:  8230219.999941502 t_traj:  8230170.7094432805
plunging! t_interp:  8230219.999941502 t_traj:  8230215.673253496
plunging! t_interp:  8230219.999941502 t_traj:  8230211.34645857
plunging! t_interp:  8230219.999941502 t_traj:  8230207.019787964
plunging! t_interp:  8230219.999941502 t_traj:  8230202.693040337
plunging! t_interp:  8230219.999941502 t_traj:  8230218.4804349905
plunging! t_interp:  8230219.999941502 t_traj:  8230216.961356368
plunging! t_interp:  8230219.999941502 t_traj:  8230215.44233927
plunging! t_interp:  8230219.999941502 t_traj:  8230213.9231660655
plunging! t_interp:  8230219.999941502 t_traj:  8230219.466517836
plunging! t_interp:  8230219.999941502 t_traj:  8230218.9331439035
plunging! t_interp:  8230219.999941502 t_traj:  8230218.399679048
plunging! t_interp:  8230219.999941502 t_traj:  8230217.866245548
plunging! t_interp:  8230219.999941502 t_traj:  8230219.812566342
plunging! t_interp:  8230219.999941502 t_traj:  8230219.625365134
plunging! t_interp:  8230219.999941502 t_traj:  8230219.4380839495
plunging! t_interp:  8230219.999941502 t_traj:  8230219.250744362
plunging! t_interp:  8230219.999941502 t_traj:  8230219.934205112
plunging! t_interp:  8230219.999941502 t_traj:  8230219.868430369
plunging! t_interp:  8230219.999941502 t_traj:  8230219.8024621485
plunging! t_interp:  8230219.999941502 t_traj:  8230219.736909433
plunging! t_interp:  8230219.999941502 t_traj:  8230219.976847174
plunging! t_interp:  8230219.999941502 t_traj:  8230219.953766892
plunging! t_interp:  8230219.999941502 t_traj:  8230219.9306650115
plunging! t_interp:  8230219.999941502 t_traj:  8230219.907630258
plunging! t_interp:  8230219.999941502 t_traj:  8230219.991848472
plunging! t_interp:  8230219.999941502 t_traj:  8230219.983732519
plunging! t_interp:  8230219.999941502 t_traj:  8230219.975602413
plunging! t_interp:  8230219.999941502 t_traj:  8230219.967281959
plunging! t_interp:  8230219.999941502 t_traj:  8229839.566356321
plunging! t_interp:  8230219.999941502 t_traj:  8229934.675717513
plunging! t_interp:  8230219.999941502 t_traj:  8230029.784473981
plunging! t_interp:  8230219.999941502 t_traj:  8230124.892344093
plunging! t_interp:  8230219.999941502 t_traj:  8230086.423619458
plunging! t_interp:  8230219.999941502 t_traj:  8230119.817827788
plunging! t_interp:  8230219.999941502 t_traj:  8230153.211922358
plunging! t_interp:  8230219.999941502 t_traj:  8230186.606025927
plunging! t_interp:  8230219.999941502 t_traj:  8230173.09893434
plunging! t_interp:  8230219.999941502 t_traj:  8230184.8242078945
plunging! t_interp:  8230219.999941502 t_traj:  8230196.549484358
plunging! t_interp:  8230219.999941502 t_traj:  8230208.27471705
plunging! t_interp:  8230219.999941502 t_traj:  8230203.531862464
plunging! t_interp:  8230219.999941502 t_traj:  8230207.649081114
plunging! t_interp:  8230219.999941502 t_traj:  8230211.766030774
plunging! t_interp:  8230219.999941502 t_traj:  8230215.882992061
plunging! t_interp:  8230219.999941502 t_traj:  8230214.217768979
plunging! t_interp:  8230219.999941502 t_traj:  8230215.66331609
plunging! t_interp:  8230219.999941502 t_traj:  8230217.108862945
plunging! t_interp:  8230219.999941502 t_traj:  8230218.554440661
plunging! t_interp:  8230219.999941502 t_traj:  8230217.969751666
plunging! t_interp:  8230219.999941502 t_traj:  8230218.477280663
plunging! t_interp:  8230219.999941502 t_traj:  8230218.984878024
plunging! t_interp:  8230219.999941502 t_traj:  8230219.492377267
plunging! t_interp:  8230219.999941502 t_traj:  8230219.287113177
plunging! t_interp:  8230219.999941502 t_traj:  8230219.465314984
plunging! t_interp:  8230219.999941502 t_traj:  8230219.6432770705
plunging! t_interp:  8230219.999941502 t_traj:  8230219.821760052
plunging! t_interp:  8230219.999941502 t_traj:  8230219.749655352
plunging! t_interp:  8230219.999941502 t_traj:  8230219.812233372
plunging! t_interp:  8230219.999941502 t_traj:  8230219.874815331
plunging! t_interp:  8230219.999941502 t_traj:  8230219.937424237
plunging! t_interp:  8230219.999941502 t_traj:  8230219.912073927
plunging! t_interp:  8230219.999941502 t_traj:  8230219.934053252
plunging! t_interp:  8230219.999941502 t_traj:  8230219.956051221
plunging! t_interp:  8230219.999941502 t_traj:  8230219.977996826
plunging! t_interp:  8230219.999941502 t_traj:  8230219.969109679
plunging! t_interp:  8230219.999941502 t_traj:  8230219.97684425
plunging! t_interp:  8230219.999941502 t_traj:  8230219.984507527
plunging! t_interp:  8230219.999941502 t_traj:  8230219.992225818
plunging! t_interp:  8230219.999941502 t_traj:  8230219.989154244
plunging! t_interp:  8230219.999941502 t_traj:  8230219.991825268
plunging! t_interp:  8230219.999941502 t_traj:  8230219.994549029
plunging! t_interp:  8230219.999941502 t_traj:  8230219.997259104
plunging! t_interp:  8230219.999941502 t_traj:  8230219.996196336
plunging! t_interp:  8230219.999941502 t_traj:  8230219.997089991
plunging! t_interp:  8230219.999941502 t_traj:  8230219.998060221
plunging! t_interp:  8230219.999941502 t_traj:  8230219.999000845
plunging! t_interp:  8230219.999941502 t_traj:  8217119.824007937
plunging! t_interp:  8230219.999941502 t_traj:  8220393.408258185
plunging! t_interp:  8230219.999941502 t_traj:  8223667.965163805
plunging! t_interp:  8230219.999941502 t_traj:  8226943.4959761165
plunging! t_interp:  8230219.999941502 t_traj:  8225618.502988802
plunging! t_interp:  8230219.999941502 t_traj:  8226768.6972201625
plunging! t_interp:  8230219.999941502 t_traj:  8227919.011137207
plunging! t_interp:  8230219.999941502 t_traj:  8229069.445685821
plunging! t_interp:  8230219.999941502 t_traj:  8228604.107410813
plunging! t_interp:  8230219.999941502 t_traj:  8229008.058068922
plunging! t_interp:  8230219.999941502 t_traj:  8229412.024064929
plunging! t_interp:  8230219.999941502 t_traj:  8229816.004620722
plunging! t_interp:  8230219.999941502 t_traj:  8229652.602121847
plunging! t_interp:  8230219.999941502 t_traj:  8229794.448843449
plunging! t_interp:  8230219.999941502 t_traj:  8229936.297415449
plunging! t_interp:  8230219.999941502 t_traj:  8230078.14779729
plunging! t_interp:  8230219.999941502 t_traj:  8230020.7723798845
plunging! t_interp:  8230219.999941502 t_traj:  8230070.578911437
plunging! t_interp:  8230219.999941502 t_traj:  8230120.385686199
plunging! t_interp:  8230219.999941502 t_traj:  8230170.192762986
plunging! t_interp:  8230219.999941502 t_traj:  8230150.046927282
plunging! t_interp:  8230219.999941502 t_traj:  8230167.535123249
plunging! t_interp:  8230219.999941502 t_traj:  8230185.023395478
plunging! t_interp:  8230219.999941502 t_traj:  8230202.511685893
plunging! t_interp:  8230219.999941502 t_traj:  8230195.438054957
plunging! t_interp:  8230219.999941502 t_traj:  8230201.578539794
plunging! t_interp:  8230219.999941502 t_traj:  8230207.71979769
plunging! t_interp:  8230219.999941502 t_traj:  8230213.8594738105
plunging! t_interp:  8230219.999941502 t_traj:  8230211.375832388
plunging! t_interp:  8230219.999941502 t_traj:  8230213.531537071
plunging! t_interp:  8230219.999941502 t_traj:  8230215.688688764
plunging! t_interp:  8230219.999941502 t_traj:  8230217.843915215
plunging! t_interp:  8230219.999941502 t_traj:  8230216.971840565
plunging! t_interp:  8230219.999941502 t_traj:  8230217.728871584
plunging! t_interp:  8230219.999941502 t_traj:  8230218.485899572
plunging! t_interp:  8230219.999941502 t_traj:  8230219.242605443
plunging! t_interp:  8230219.999941502 t_traj:  8230218.936767133
plunging! t_interp:  8230219.999941502 t_traj:  8230219.203307435
plunging! t_interp:  8230219.999941502 t_traj:  8230219.468343463
plunging! t_interp:  8230219.999941502 t_traj:  8230219.734140282
plunging! t_interp:  8230219.999941502 t_traj:  8230219.626673434
plunging! t_interp:  8230219.999941502 t_traj:  8230219.7199690975
plunging! t_interp:  8230219.999941502 t_traj:  8230219.813308492
plunging! t_interp:  8230219.999941502 t_traj:  8230219.906654386
plunging! t_interp:  8230219.999941502 t_traj:  8230219.86885667
plunging! t_interp:  8230219.999941502 t_traj:  8230219.90166102
plunging! t_interp:  8230219.999941502 t_traj:  8230219.93443717
plunging! t_interp:  8230219.999941502 t_traj:  8230219.968039269
plunging! t_interp:  8230219.999941502 t_traj:  8230076.623357646
plunging! t_interp:  8230219.999941502 t_traj:  8230112.459956254
plunging! t_interp:  8230219.999941502 t_traj:  8230148.301530931
plunging! t_interp:  8230219.999941502 t_traj:  8230184.1481953915
plunging! t_interp:  8230219.999941502 t_traj:  8230169.648397709
plunging! t_interp:  8230219.999941502 t_traj:  8230182.235373052
plunging! t_interp:  8230219.999941502 t_traj:  8230194.822959114
plunging! t_interp:  8230219.999941502 t_traj:  8230207.411150394
plunging! t_interp:  8230219.999941502 t_traj:  8230202.3194140205
plunging! t_interp:  8230219.999941502 t_traj:  8230206.739450274
plunging! t_interp:  8230219.999941502 t_traj:  8230211.1593514355
plunging! t_interp:  8230219.999941502 t_traj:  8230215.579707191
plunging! t_interp:  8230219.999941502 t_traj:  8230213.7918469235
plunging! t_interp:  8230219.999941502 t_traj:  8230215.343865609
plunging! t_interp:  8230219.999941502 t_traj:  8230216.895894385
plunging! t_interp:  8230219.999941502 t_traj:  8230218.447889721
plunging! t_interp:  8230219.999941502 t_traj:  8230217.819953864
plunging! t_interp:  8230219.999941502 t_traj:  8230218.36510097
plunging! t_interp:  8230219.999941502 t_traj:  8230218.910019128
plunging! t_interp:  8230219.999941502 t_traj:  8230219.455005504
plunging! t_interp:  8230219.999941502 t_traj:  8230219.234587529
plunging! t_interp:  8230219.999941502 t_traj:  8230219.425930651
plunging! t_interp:  8230219.999941502 t_traj:  8230219.617246896
plunging! t_interp:  8230219.999941502 t_traj:  8230219.808591116
plunging! t_interp:  8230219.999941502 t_traj:  8230219.73119767
plunging! t_interp:  8230219.999941502 t_traj:  8230219.799169945
plunging! t_interp:  8230219.999941502 t_traj:  8230219.865629332
plunging! t_interp:  8230219.999941502 t_traj:  8230219.932799934
plunging! t_interp:  8230219.999941502 t_traj:  8230219.9055826785
plunging! t_interp:  8230219.999941502 t_traj:  8230219.929156508
plunging! t_interp:  8230219.999941502 t_traj:  8230219.952745067
plunging! t_interp:  8230219.999941502 t_traj:  8230219.9763727775
plunging! t_interp:  8230219.999941502 t_traj:  8230219.966790475
plunging! t_interp:  8230219.999941502 t_traj:  8230219.975137693
plunging! t_interp:  8230219.999941502 t_traj:  8230219.9834272405
plunging! t_interp:  8230219.999941502 t_traj:  8230219.9916584715
plunging! t_interp:  8230219.999941502 t_traj:  8230219.988125334
plunging! t_interp:  8230219.999941502 t_traj:  8230219.991205341
plunging! t_interp:  8230219.999941502 t_traj:  8230219.99417843
plunging! t_interp:  8230219.999941502 t_traj:  8230219.997045859
plunging! t_interp:  8230219.999941502 t_traj:  8230219.995911277
plunging! t_interp:  8230219.999941502 t_traj:  8230219.996863141
plunging! t_interp:  8230219.999941502 t_traj:  8230219.997914828
plunging! t_interp:  8230219.999941502 t_traj:  8230219.998934994
plunging! t_interp:  8230219.999941502 t_traj:  8230219.998526636
plunging! t_interp:  8230219.999941502 t_traj:  8230219.998886803
plunging! t_interp:  8230219.999941502 t_traj:  8230219.999250356
plunging! t_interp:  8230219.999941502 t_traj:  8230219.999603343
plunging! t_interp:  8230219.999941502 t_traj:  8230145.425305368
plunging! t_interp:  8230219.999941502 t_traj:  8230164.068779381
plunging! t_interp:  8230219.999941502 t_traj:  8230182.712449062
plunging! t_interp:  8230219.999941502 t_traj:  8230201.3561853375
plunging! t_interp:  8230219.999941502 t_traj:  8230193.815223959
plunging! t_interp:  8230219.999941502 t_traj:  8230200.361087213
plunging! t_interp:  8230219.999941502 t_traj:  8230206.90758899
plunging! t_interp:  8230219.999941502 t_traj:  8230213.453722253
plunging! t_interp:  8230219.999941502 t_traj:  8230210.805949
plunging! t_interp:  8230219.999941502 t_traj:  8230213.10431556
plunging! t_interp:  8230219.999941502 t_traj:  8230215.402997804
plunging! t_interp:  8230219.999941502 t_traj:  8230217.701429322
plunging! t_interp:  8230219.999941502 t_traj:  8230216.771742796
plunging! t_interp:  8230219.999941502 t_traj:  8230217.578780079
plunging! t_interp:  8230219.999941502 t_traj:  8230218.385905952
plunging! t_interp:  8230219.999941502 t_traj:  8230219.192943574
plunging! t_interp:  8230219.999941502 t_traj:  8230218.866453114
plunging! t_interp:  8230219.999941502 t_traj:  8230219.149833361
plunging! t_interp:  8230219.999941502 t_traj:  8230219.433249113
plunging! t_interp:  8230219.999941502 t_traj:  8230219.71659332
plunging! t_interp:  8230219.999941502 t_traj:  8230219.601995525
plunging! t_interp:  8230219.999941502 t_traj:  8230219.701452247
plunging! t_interp:  8230219.999941502 t_traj:  8230219.800988801
plunging! t_interp:  8230219.999941502 t_traj:  8230219.900486292
plunging! t_interp:  8230219.999941502 t_traj:  8230219.8602092685
plunging! t_interp:  8230219.999941502 t_traj:  8230219.895169678
plunging! t_interp:  8230219.999941502 t_traj:  8230219.930086182
plunging! t_interp:  8230219.999941502 t_traj:  8230219.964981004
plunging! t_interp:  8230219.999941502 t_traj:  8230219.9509221185
plunging! t_interp:  8230219.999941502 t_traj:  8230219.963155066
plunging! t_interp:  8230219.999941502 t_traj:  8230219.975453564
plunging! t_interp:  8230219.999941502 t_traj:  8230219.987689242
plunging! t_interp:  8230219.999941502 t_traj:  8230219.982758077
plunging! t_interp:  8230219.999941502 t_traj:  8230219.987794005
plunging! t_interp:  8230219.999941502 t_traj:  8230219.992188422
plunging! t_interp:  8230219.999941502 t_traj:  8230219.995687191
plunging! t_interp:  8230219.999941502 t_traj:  8230219.993918327
plunging! t_interp:  8230219.999941502 t_traj:  8230219.995418172
plunging! t_interp:  8230219.999941502 t_traj:  8230219.9969081655
plunging! t_interp:  8230219.999941502 t_traj:  8230219.998236476
plunging! t_interp:  8230219.999941502 t_traj:  8230219.997808789
plunging! t_interp:  8230219.999941502 t_traj:  8230219.998307608
plunging! t_interp:  8230219.999941502 t_traj:  8230219.998859134
plunging! t_interp:  8230219.999941502 t_traj:  8230219.999420872
plunging! t_interp:  8230219.999941502 t_traj:  8230219.999164287
plunging! t_interp:  8230219.999941502 t_traj:  8230219.99939741
plunging! t_interp:  8230219.999941502 t_traj:  8230219.999524387
plunging! t_interp:  8230219.999941502 t_traj:  8230219.999777182
plunging! t_interp:  8230219.999941502 t_traj:  8230218.077632477
plunging! t_interp:  8230219.999941502 t_traj:  8230218.558174303
plunging! t_interp:  8230219.999941502 t_traj:  8230219.038783739
plunging! t_interp:  8230219.999941502 t_traj:  8230219.520268802
plunging! t_interp:  8230219.999941502 t_traj:  8230219.324983386
plunging! t_interp:  8230219.999941502 t_traj:  8230219.493753131
plunging! t_interp:  8230219.999941502 t_traj:  8230219.662463515
plunging! t_interp:  8230219.999941502 t_traj:  8230219.831180276
plunging! t_interp:  8230219.999941502 t_traj:  8230219.7629704075
plunging! t_interp:  8230219.999941502 t_traj:  8230219.822176312
plunging! t_interp:  8230219.999941502 t_traj:  8230219.8814227125
plunging! t_interp:  8230219.999941502 t_traj:  8230219.940719814
plunging! t_interp:  8230219.999941502 t_traj:  8230219.916679635
plunging! t_interp:  8230219.999941502 t_traj:  8230219.937546503
plunging! t_interp:  8230219.999941502 t_traj:  8230219.95832646
plunging! t_interp:  8230219.999941502 t_traj:  8230219.97916421
plunging! t_interp:  8230219.999941502 t_traj:  8230219.970749358
plunging! t_interp:  8230219.999941502 t_traj:  8230219.977835176
plunging! t_interp:  8230219.999941502 t_traj:  8230219.985320958
plunging! t_interp:  8230219.999941502 t_traj:  8230219.992651945
plunging! t_interp:  8230219.999941502 t_traj:  8230219.989728055
plunging! t_interp:  8230219.999941502 t_traj:  8230219.992234497
plunging! t_interp:  8230219.999941502 t_traj:  8230219.994814863
plunging! t_interp:  8230219.999941502 t_traj:  8230219.997364702
plunging! t_interp:  8230219.999941502 t_traj:  8230219.996352885
plunging! t_interp:  8230219.999941502 t_traj:  8230219.997282697
plunging! t_interp:  8230219.999941502 t_traj:  8230219.998195511
plunging! t_interp:  8230219.999941502 t_traj:  8230219.99906721
plunging! t_interp:  8230219.999941502 t_traj:  8230219.998663047
plunging! t_interp:  8230219.999941502 t_traj:  8230219.999016467
plunging! t_interp:  8230219.999941502 t_traj:  8230219.99943921
plunging! t_interp:  8230219.999941502 t_traj:  8230219.999514376
plunging! t_interp:  8230219.999941502 t_traj:  8230219.999634843
plunging! t_interp:  8230219.999941502 t_traj:  8230219.999705413
plunging! t_interp:  8230219.999941502 t_traj:  8230219.999880566
plunging! t_interp:  8230219.999941502 t_traj:  8230219.999811903
plunging! t_interp:  8230219.999941502 t_traj:  8230219.999824124
plunging! t_interp:  8230219.999941502 t_traj:  8230219.999875113
plunging! t_interp:  8230219.999941502 t_traj:  8230219.99990055
plunging! t_interp:  8230219.999941502 t_traj:  8230219.99988256
plunging! t_interp:  8230219.999941502 t_traj:  8230219.999916584
plunging! t_interp:  8230219.999941502 t_traj:  8230219.9999140045
Time taken to compute stable deltas is 97.74162459373474 seconds
calculating Fisher matrix...
plunging! t_interp:  8230219.999941502 t_traj:  8230219.4698775485
plunging! t_interp:  8230219.999941502 t_traj:  8230219.602188592
plunging! t_interp:  8230219.999941502 t_traj:  8230219.734914667
plunging! t_interp:  8230219.999941502 t_traj:  8230219.867447261
plunging! t_interp:  8230219.999941502 t_traj:  8230219.934205112
plunging! t_interp:  8230219.999941502 t_traj:  8230219.868430369
plunging! t_interp:  8230219.999941502 t_traj:  8230219.8024621485
plunging! t_interp:  8230219.999941502 t_traj:  8230219.736909433
plunging! t_interp:  8230219.999941502 t_traj:  8230219.749655352
plunging! t_interp:  8230219.999941502 t_traj:  8230219.812233372
plunging! t_interp:  8230219.999941502 t_traj:  8230219.874815331
plunging! t_interp:  8230219.999941502 t_traj:  8230219.937424237
plunging! t_interp:  8230219.999941502 t_traj:  8230219.626673434
plunging! t_interp:  8230219.999941502 t_traj:  8230219.7199690975
plunging! t_interp:  8230219.999941502 t_traj:  8230219.813308492
plunging! t_interp:  8230219.999941502 t_traj:  8230219.906654386
plunging! t_interp:  8230219.999941502 t_traj:  8230219.234587529
plunging! t_interp:  8230219.999941502 t_traj:  8230219.425930651
plunging! t_interp:  8230219.999941502 t_traj:  8230219.617246896
plunging! t_interp:  8230219.999941502 t_traj:  8230219.808591116
plunging! t_interp:  8230219.999941502 t_traj:  8230216.771742796
plunging! t_interp:  8230219.999941502 t_traj:  8230217.578780079
plunging! t_interp:  8230219.999941502 t_traj:  8230218.385905952
plunging! t_interp:  8230219.999941502 t_traj:  8230219.192943574
plunging! t_interp:  8230219.999941502 t_traj:  8230219.7629704075
plunging! t_interp:  8230219.999941502 t_traj:  8230219.822176312
plunging! t_interp:  8230219.999941502 t_traj:  8230219.8814227125
plunging! t_interp:  8230219.999941502 t_traj:  8230219.940719814
Finished derivatives
Calculated Fisher is *atleast* positive-definite.
Time taken to compute FM is 9.07681679725647 seconds
    CV from_0PA#2 it  10 lam=1.6e+150 ov=0.9942193 chi2=1.361e+03 rel=0.0e+00

[idx0] --- start = from_NMdev (overlap 0.9948673) ---
Body is not plunging, Fisher should be stable.
waveform shape: (3, 6311629)
Computing SNR for parameters: (np.float64(1001219.8218), np.float64(4979.1598), np.float64(0.703966), np.float64(24.96823), np.float64(0.250478), 1.0, 12.0, np.float64(0.785123), np.float64(1.005773), 1.0, 1.0471975511965976, np.float64(1.023603), 0.5, np.float64(0.321583), 0.95, False, False, False, True, np.float64(-3.178504), np.float64(0.105184), 0.0, 0.0)
Waveform Generated. SNR: 341.4716374547399
calculating stable deltas...
plunging! t_interp:  8230222.185579203 t_traj:  8223680.631823824
plunging! t_interp:  8230222.185579203 t_traj:  8225315.776446527
plunging! t_interp:  8230222.185579203 t_traj:  8226951.083612307
plunging! t_interp:  8230222.185579203 t_traj:  8228586.553305264
plunging! t_interp:  8230222.185579203 t_traj:  8227925.024363673
plunging! t_interp:  8230222.185579203 t_traj:  8228499.284648007
plunging! t_interp:  8230222.185579203 t_traj:  8229073.564902825
plunging! t_interp:  8230222.185579203 t_traj:  8229647.865240421
plunging! t_interp:  8230222.185579203 t_traj:  8229415.571700344
plunging! t_interp:  8230222.185579203 t_traj:  8229617.222357949
plunging! t_interp:  8230222.185579203 t_traj:  8229818.873706685
plunging! t_interp:  8230222.185579203 t_traj:  8230020.5284080375
plunging! t_interp:  8230222.185579203 t_traj:  8229938.96349806
plunging! t_interp:  8230222.185579203 t_traj:  8230009.768566452
plunging! t_interp:  8230222.185579203 t_traj:  8230080.573943543
plunging! t_interp:  8230222.185579203 t_traj:  8230151.379577563
plunging! t_interp:  8230222.185579203 t_traj:  8230122.740331589
plunging! t_interp:  8230222.185579203 t_traj:  8230147.601567771
plunging! t_interp:  8230222.185579203 t_traj:  8230172.462865568
plunging! t_interp:  8230222.185579203 t_traj:  8230197.324170603
plunging! t_interp:  8230222.185579203 t_traj:  8230187.268388894
plunging! t_interp:  8230222.185579203 t_traj:  8230195.997685421
plunging! t_interp:  8230222.185579203 t_traj:  8230204.726964804
plunging! t_interp:  8230222.185579203 t_traj:  8230213.456314021
plunging! t_interp:  8230222.185579203 t_traj:  8230209.925519341
plunging! t_interp:  8230222.185579203 t_traj:  8230212.99051206
plunging! t_interp:  8230222.185579203 t_traj:  8230216.055541823
plunging! t_interp:  8230222.185579203 t_traj:  8230219.120567654
plunging! t_interp:  8230222.185579203 t_traj:  8230217.880803575
plunging! t_interp:  8230222.185579203 t_traj:  8230218.957065251
plunging! t_interp:  8230222.185579203 t_traj:  8230220.033190117
plunging! t_interp:  8230222.185579203 t_traj:  8230221.109390753
plunging! t_interp:  8230222.185579203 t_traj:  8230220.674107443
plunging! t_interp:  8230222.185579203 t_traj:  8230221.0519444905
plunging! t_interp:  8230222.185579203 t_traj:  8230221.429882108
plunging! t_interp:  8230222.185579203 t_traj:  8230221.807769723
plunging! t_interp:  8230222.185579203 t_traj:  8230221.654882296
plunging! t_interp:  8230222.185579203 t_traj:  8230221.787557373
plunging! t_interp:  8230222.185579203 t_traj:  8230221.920240118
plunging! t_interp:  8230222.185579203 t_traj:  8230222.052929964
plunging! t_interp:  8230222.185579203 t_traj:  8230221.999257529
plunging! t_interp:  8230222.185579203 t_traj:  8230222.045798019
plunging! t_interp:  8230222.185579203 t_traj:  8230222.092426424
plunging! t_interp:  8230222.185579203 t_traj:  8230222.139018412
plunging! t_interp:  8230222.185579203 t_traj:  8230222.120144558
plunging! t_interp:  8230222.185579203 t_traj:  8230222.136492015
plunging! t_interp:  8230222.185579203 t_traj:  8230222.152873228
plunging! t_interp:  8230222.185579203 t_traj:  8230222.169237889
plunging! t_interp:  8230222.185579203 t_traj:  8229409.575529872
plunging! t_interp:  8230222.185579203 t_traj:  8228597.127962053
plunging! t_interp:  8230222.185579203 t_traj:  8227784.842865798
plunging! t_interp:  8230222.185579203 t_traj:  8226972.720137369
plunging! t_interp:  8230222.185579203 t_traj:  8229936.844138341
plunging! t_interp:  8230222.185579203 t_traj:  8229651.522672766
plunging! t_interp:  8230222.185579203 t_traj:  8229366.221224045
plunging! t_interp:  8230222.185579203 t_traj:  8229080.939863676
plunging! t_interp:  8230222.185579203 t_traj:  8230121.994455292
plunging! t_interp:  8230222.185579203 t_traj:  8230021.805757632
plunging! t_interp:  8230222.185579203 t_traj:  8229921.619544194
plunging! t_interp:  8230222.185579203 t_traj:  8229821.435612475
plunging! t_interp:  8230222.185579203 t_traj:  8230187.006266328
plunging! t_interp:  8230222.185579203 t_traj:  8230151.827311301
plunging! t_interp:  8230222.185579203 t_traj:  8230116.64859963
plunging! t_interp:  8230222.185579203 t_traj:  8230081.470134004
plunging! t_interp:  8230222.185579203 t_traj:  8230209.833427265
plunging! t_interp:  8230222.185579203 t_traj:  8230197.4812953565
plunging! t_interp:  8230222.185579203 t_traj:  8230185.129187034
plunging! t_interp:  8230222.185579203 t_traj:  8230172.778037588
plunging! t_interp:  8230222.185579203 t_traj:  8230217.848483671
plunging! t_interp:  8230222.185579203 t_traj:  8230213.51221677
plunging! t_interp:  8230222.185579203 t_traj:  8230209.174357783
plunging! t_interp:  8230222.185579203 t_traj:  8230204.837307635
plunging! t_interp:  8230222.185579203 t_traj:  8230220.662744775
plunging! t_interp:  8230222.185579203 t_traj:  8230219.13996633
plunging! t_interp:  8230222.185579203 t_traj:  8230217.616810978
plunging! t_interp:  8230222.185579203 t_traj:  8230216.0942529775
plunging! t_interp:  8230222.185579203 t_traj:  8230221.650878435
plunging! t_interp:  8230222.185579203 t_traj:  8230221.116192569
plunging! t_interp:  8230222.185579203 t_traj:  8230220.581548169
plunging! t_interp:  8230222.185579203 t_traj:  8230220.046820836
plunging! t_interp:  8230222.185579203 t_traj:  8230221.9978495985
plunging! t_interp:  8230222.185579203 t_traj:  8230221.810142198
plunging! t_interp:  8230222.185579203 t_traj:  8230221.622379945
plunging! t_interp:  8230222.185579203 t_traj:  8230221.434434337
plunging! t_interp:  8230222.185579203 t_traj:  8230222.119687832
plunging! t_interp:  8230222.185579203 t_traj:  8230222.053755847
plunging! t_interp:  8230222.185579203 t_traj:  8230221.987831163
plunging! t_interp:  8230222.185579203 t_traj:  8230221.921913738
plunging! t_interp:  8230222.185579203 t_traj:  8230222.162457942
plunging! t_interp:  8230222.185579203 t_traj:  8230222.139306361
plunging! t_interp:  8230222.185579203 t_traj:  8230222.116117923
plunging! t_interp:  8230222.185579203 t_traj:  8230222.0930174
plunging! t_interp:  8230222.185579203 t_traj:  8230222.1774682235
plunging! t_interp:  8230222.185579203 t_traj:  8230222.169333674
plunging! t_interp:  8230222.185579203 t_traj:  8230222.161182681
plunging! t_interp:  8230222.185579203 t_traj:  8230222.153065443
plunging! t_interp:  8230222.185579203 t_traj:  8229842.793852292
plunging! t_interp:  8230222.185579203 t_traj:  8229937.642801272
plunging! t_interp:  8230222.185579203 t_traj:  8230032.49110145
plunging! t_interp:  8230222.185579203 t_traj:  8230127.338672441
plunging! t_interp:  8230222.185579203 t_traj:  8230088.975105626
plunging! t_interp:  8230222.185579203 t_traj:  8230122.277876521
plunging! t_interp:  8230222.185579203 t_traj:  8230155.580509907
plunging! t_interp:  8230222.185579203 t_traj:  8230188.8831381835
plunging! t_interp:  8230222.185579203 t_traj:  8230175.412958885
plunging! t_interp:  8230222.185579203 t_traj:  8230187.106143938
plunging! t_interp:  8230222.185579203 t_traj:  8230198.79931057
plunging! t_interp:  8230222.185579203 t_traj:  8230210.492458405
plunging! t_interp:  8230222.185579203 t_traj:  8230205.762866241
plunging! t_interp:  8230222.185579203 t_traj:  8230209.868505633
plunging! t_interp:  8230222.185579203 t_traj:  8230213.974213273
plunging! t_interp:  8230222.185579203 t_traj:  8230218.079913568
plunging! t_interp:  8230222.185579203 t_traj:  8230216.419246261
plunging! t_interp:  8230222.185579203 t_traj:  8230217.860851295
plunging! t_interp:  8230222.185579203 t_traj:  8230219.302439407
plunging! t_interp:  8230222.185579203 t_traj:  8230220.743994795
plunging! t_interp:  8230222.185579203 t_traj:  8230220.16095717
plunging! t_interp:  8230222.185579203 t_traj:  8230220.667068544
plunging! t_interp:  8230222.185579203 t_traj:  8230221.173257298
plunging! t_interp:  8230222.185579203 t_traj:  8230221.679439788
plunging! t_interp:  8230222.185579203 t_traj:  8230221.474709056
plunging! t_interp:  8230222.185579203 t_traj:  8230221.6523988815
plunging! t_interp:  8230222.185579203 t_traj:  8230221.830136506
plunging! t_interp:  8230222.185579203 t_traj:  8230222.0078736795
plunging! t_interp:  8230222.185579203 t_traj:  8230221.935927631
plunging! t_interp:  8230222.185579203 t_traj:  8230221.998363792
plunging! t_interp:  8230222.185579203 t_traj:  8230222.060774753
plunging! t_interp:  8230222.185579203 t_traj:  8230222.123191661
plunging! t_interp:  8230222.185579203 t_traj:  8230222.097961234
plunging! t_interp:  8230222.185579203 t_traj:  8230222.119903293
plunging! t_interp:  8230222.185579203 t_traj:  8230222.141783261
plunging! t_interp:  8230222.185579203 t_traj:  8230222.163696812
plunging! t_interp:  8230222.185579203 t_traj:  8230222.154808049
plunging! t_interp:  8230222.185579203 t_traj:  8230222.162509332
plunging! t_interp:  8230222.185579203 t_traj:  8230222.170192538
plunging! t_interp:  8230222.185579203 t_traj:  8230222.177884715
plunging! t_interp:  8230222.185579203 t_traj:  8230222.174786287
plunging! t_interp:  8230222.185579203 t_traj:  8230222.17749261
plunging! t_interp:  8230222.185579203 t_traj:  8230222.180198626
plunging! t_interp:  8230222.185579203 t_traj:  8230222.182889616
plunging! t_interp:  8230222.185579203 t_traj:  8230222.181839166
plunging! t_interp:  8230222.185579203 t_traj:  8230222.182762162
plunging! t_interp:  8230222.185579203 t_traj:  8230222.183670017
plunging! t_interp:  8230222.185579203 t_traj:  8230222.184651083
plunging! t_interp:  8230222.185579203 t_traj:  8217117.9404889
plunging! t_interp:  8230222.185579203 t_traj:  8220392.540974718
plunging! t_interp:  8230222.185579203 t_traj:  8223668.1151972115
plunging! t_interp:  8230222.185579203 t_traj:  8226944.664209349
plunging! t_interp:  8230222.185579203 t_traj:  8225619.258644277
plunging! t_interp:  8230222.185579203 t_traj:  8226769.810228235
plunging! t_interp:  8230222.185579203 t_traj:  8227920.481934986
plunging! t_interp:  8230222.185579203 t_traj:  8229071.273749285
plunging! t_interp:  8230222.185579203 t_traj:  8228605.79083073
plunging! t_interp:  8230222.185579203 t_traj:  8229009.867301183
plunging! t_interp:  8230222.185579203 t_traj:  8229413.958590689
plunging! t_interp:  8230222.185579203 t_traj:  8229818.064668176
plunging! t_interp:  8230222.185579203 t_traj:  8229654.611395683
plunging! t_interp:  8230222.185579203 t_traj:  8229796.501951532
plunging! t_interp:  8230222.185579203 t_traj:  8229938.394881932
plunging! t_interp:  8230222.185579203 t_traj:  8230080.289056773
plunging! t_interp:  8230222.185579203 t_traj:  8230022.896095503
plunging! t_interp:  8230222.185579203 t_traj:  8230072.718127514
plunging! t_interp:  8230222.185579203 t_traj:  8230122.540357716
plunging! t_interp:  8230222.185579203 t_traj:  8230172.363731221
plunging! t_interp:  8230222.185579203 t_traj:  8230152.210494418
plunging! t_interp:  8230222.185579203 t_traj:  8230169.704497387
plunging! t_interp:  8230222.185579203 t_traj:  8230187.198150096
plunging! t_interp:  8230222.185579203 t_traj:  8230204.691614084
plunging! t_interp:  8230222.185579203 t_traj:  8230197.616052049
plunging! t_interp:  8230222.185579203 t_traj:  8230203.758439453
plunging! t_interp:  8230222.185579203 t_traj:  8230209.900622592
plunging! t_interp:  8230222.185579203 t_traj:  8230216.043179144
plunging! t_interp:  8230222.185579203 t_traj:  8230213.558787586
plunging! t_interp:  8230222.185579203 t_traj:  8230215.715463718
plunging! t_interp:  8230222.185579203 t_traj:  8230217.872176144
plunging! t_interp:  8230222.185579203 t_traj:  8230220.02889509
plunging! t_interp:  8230222.185579203 t_traj:  8230219.15654755
plunging! t_interp:  8230222.185579203 t_traj:  8230219.9138192255
plunging! t_interp:  8230222.185579203 t_traj:  8230220.6710802475
plunging! t_interp:  8230222.185579203 t_traj:  8230221.428368204
plunging! t_interp:  8230222.185579203 t_traj:  8230221.122035825
plunging! t_interp:  8230222.185579203 t_traj:  8230221.387850452
plunging! t_interp:  8230222.185579203 t_traj:  8230221.653803141
plunging! t_interp:  8230222.185579203 t_traj:  8230221.919710792
plunging! t_interp:  8230222.185579203 t_traj:  8230221.812167124
plunging! t_interp:  8230222.185579203 t_traj:  8230221.90552555
plunging! t_interp:  8230222.185579203 t_traj:  8230221.998858628
plunging! t_interp:  8230222.185579203 t_traj:  8230222.092235223
plunging! t_interp:  8230222.185579203 t_traj:  8230222.054479582
plunging! t_interp:  8230222.185579203 t_traj:  8230222.087243467
plunging! t_interp:  8230222.185579203 t_traj:  8230222.120013552
plunging! t_interp:  8230222.185579203 t_traj:  8230222.152790067
plunging! t_interp:  8230222.185579203 t_traj:  8230077.494624886
plunging! t_interp:  8230222.185579203 t_traj:  8230113.659911624
plunging! t_interp:  8230222.185579203 t_traj:  8230149.830053829
plunging! t_interp:  8230222.185579203 t_traj:  8230186.005259732
plunging! t_interp:  8230222.185579203 t_traj:  8230171.372602022
plunging! t_interp:  8230222.185579203 t_traj:  8230184.074696218
plunging! t_interp:  8230222.185579203 t_traj:  8230196.777839012
plunging! t_interp:  8230222.185579203 t_traj:  8230209.481378323
plunging! t_interp:  8230222.185579203 t_traj:  8230204.343062925
plunging! t_interp:  8230222.185579203 t_traj:  8230208.80444676
plunging! t_interp:  8230222.185579203 t_traj:  8230213.26412163
plunging! t_interp:  8230222.185579203 t_traj:  8230217.724823437
plunging! t_interp:  8230222.185579203 t_traj:  8230215.9206145555
plunging! t_interp:  8230222.185579203 t_traj:  8230217.486830576
plunging! t_interp:  8230222.185579203 t_traj:  8230219.053073966
plunging! t_interp:  8230222.185579203 t_traj:  8230220.619362705
plunging! t_interp:  8230222.185579203 t_traj:  8230219.985825504
plunging! t_interp:  8230222.185579203 t_traj:  8230220.535767729
plunging! t_interp:  8230222.185579203 t_traj:  8230221.085742187
plunging! t_interp:  8230222.185579203 t_traj:  8230221.635683397
plunging! t_interp:  8230222.185579203 t_traj:  8230221.413212839
plunging! t_interp:  8230222.185579203 t_traj:  8230221.606297844
plunging! t_interp:  8230222.185579203 t_traj:  8230221.799369995
plunging! t_interp:  8230222.185579203 t_traj:  8230221.992483914
plunging! t_interp:  8230222.185579203 t_traj:  8230221.914361074
plunging! t_interp:  8230222.185579203 t_traj:  8230221.982231934
plunging! t_interp:  8230222.185579203 t_traj:  8230222.049993578
plunging! t_interp:  8230222.185579203 t_traj:  8230222.11780002
plunging! t_interp:  8230222.185579203 t_traj:  8230222.0903769275
plunging! t_interp:  8230222.185579203 t_traj:  8230222.1141892895
plunging! t_interp:  8230222.185579203 t_traj:  8230222.138012746
plunging! t_interp:  8230222.185579203 t_traj:  8230222.161494868
plunging! t_interp:  8230222.185579203 t_traj:  8230222.152134233
plunging! t_interp:  8230222.185579203 t_traj:  8230222.160518901
plunging! t_interp:  8230222.185579203 t_traj:  8230222.168869936
plunging! t_interp:  8230222.185579203 t_traj:  8230222.177241899
plunging! t_interp:  8230222.185579203 t_traj:  8230222.174598163
plunging! t_interp:  8230222.185579203 t_traj:  8230222.176816937
plunging! t_interp:  8230222.185579203 t_traj:  8230222.179738207
plunging! t_interp:  8230222.185579203 t_traj:  8230222.182451649
plunging! t_interp:  8230222.185579203 t_traj:  8230222.181451574
plunging! t_interp:  8230222.185579203 t_traj:  8230222.18250316
plunging! t_interp:  8230222.185579203 t_traj:  8230222.183515893
plunging! t_interp:  8230222.185579203 t_traj:  8230222.184568411
plunging! t_interp:  8230222.185579203 t_traj:  8230222.184183177
plunging! t_interp:  8230222.185579203 t_traj:  8230222.18452193
plunging! t_interp:  8230222.185579203 t_traj:  8230222.184880713
plunging! t_interp:  8230222.185579203 t_traj:  8230222.185245976
plunging! t_interp:  8230222.185579203 t_traj:  8228304.10605908
plunging! t_interp:  8230222.185579203 t_traj:  8226386.9434453305
plunging! t_interp:  8230222.185579203 t_traj:  8224470.696514239
plunging! t_interp:  8230222.185579203 t_traj:  8222555.364664563
plunging! t_interp:  8230222.185579203 t_traj:  8229548.606750555
plunging! t_interp:  8230222.185579203 t_traj:  8228875.140855784
plunging! t_interp:  8230222.185579203 t_traj:  8228201.788004198
plunging! t_interp:  8230222.185579203 t_traj:  8227528.548240809
plunging! t_interp:  8230222.185579203 t_traj:  8229985.666253327
plunging! t_interp:  8230222.185579203 t_traj:  8229749.16086186
plunging! t_interp:  8230222.185579203 t_traj:  8229512.669385035
plunging! t_interp:  8230222.185579203 t_traj:  8229276.191836607
plunging! t_interp:  8230222.185579203 t_traj:  8230139.137331156
plunging! t_interp:  8230222.185579203 t_traj:  8230056.091199714
plunging! t_interp:  8230222.185579203 t_traj:  8229973.046559302
plunging! t_interp:  8230222.185579203 t_traj:  8229890.003620732
plunging! t_interp:  8230222.185579203 t_traj:  8230193.025584109
plunging! t_interp:  8230222.185579203 t_traj:  8230163.865913417
plunging! t_interp:  8230222.185579203 t_traj:  8230134.706337706
plunging! t_interp:  8230222.185579203 t_traj:  8230105.547004095
plunging! t_interp:  8230222.185579203 t_traj:  8230211.946949965
plunging! t_interp:  8230222.185579203 t_traj:  8230201.708311324
plunging! t_interp:  8230222.185579203 t_traj:  8230191.469755652
plunging! t_interp:  8230222.185579203 t_traj:  8230181.231148807
plunging! t_interp:  8230222.185579203 t_traj:  8230218.5906016985
plunging! t_interp:  8230222.185579203 t_traj:  8230214.995610625
plunging! t_interp:  8230222.185579203 t_traj:  8230211.400624307
plunging! t_interp:  8230222.185579203 t_traj:  8230207.8056505
plunging! t_interp:  8230222.185579203 t_traj:  8230220.923327502
plunging! t_interp:  8230222.185579203 t_traj:  8230219.660850212
plunging! t_interp:  8230222.185579203 t_traj:  8230218.398787364
plunging! t_interp:  8230222.185579203 t_traj:  8230217.136505757
plunging! t_interp:  8230222.185579203 t_traj:  8230221.742400224
plunging! t_interp:  8230222.185579203 t_traj:  8230221.299182721
plunging! t_interp:  8230222.185579203 t_traj:  8230220.855991578
plunging! t_interp:  8230222.185579203 t_traj:  8230220.412779585
plunging! t_interp:  8230222.185579203 t_traj:  8230222.029961685
plunging! t_interp:  8230222.185579203 t_traj:  8230221.8743519345
plunging! t_interp:  8230222.185579203 t_traj:  8230221.718735914
plunging! t_interp:  8230222.185579203 t_traj:  8230221.56290822
plunging! t_interp:  8230222.185579203 t_traj:  8230222.130952643
plunging! t_interp:  8230222.185579203 t_traj:  8230222.07631197
plunging! t_interp:  8230222.185579203 t_traj:  8230222.021647916
plunging! t_interp:  8230222.185579203 t_traj:  8230221.967045106
plunging! t_interp:  8230222.185579203 t_traj:  8230222.166408185
plunging! t_interp:  8230222.185579203 t_traj:  8230222.147236333
plunging! t_interp:  8230222.185579203 t_traj:  8230222.128077084
plunging! t_interp:  8230222.185579203 t_traj:  8230222.108856213
plunging! t_interp:  8230222.185579203 t_traj:  8230172.481200439
plunging! t_interp:  8230222.185579203 t_traj:  8230184.904251966
plunging! t_interp:  8230222.185579203 t_traj:  8230197.33021709
plunging! t_interp:  8230222.185579203 t_traj:  8230209.756473653
plunging! t_interp:  8230222.185579203 t_traj:  8230204.729749661
plunging! t_interp:  8230222.185579203 t_traj:  8230209.094123956
plunging! t_interp:  8230222.185579203 t_traj:  8230213.45718472
plunging! t_interp:  8230222.185579203 t_traj:  8230217.821273757
plunging! t_interp:  8230222.185579203 t_traj:  8230216.056028732
plunging! t_interp:  8230222.185579203 t_traj:  8230217.588397355
plunging! t_interp:  8230222.185579203 t_traj:  8230219.120518207
plunging! t_interp:  8230222.185579203 t_traj:  8230220.653204415
plunging! t_interp:  8230222.185579203 t_traj:  8230220.033347678
plunging! t_interp:  8230222.185579203 t_traj:  8230220.571435723
plunging! t_interp:  8230222.185579203 t_traj:  8230221.109448942
plunging! t_interp:  8230222.185579203 t_traj:  8230221.647536384
plunging! t_interp:  8230222.185579203 t_traj:  8230221.429916524
plunging! t_interp:  8230222.185579203 t_traj:  8230221.61885592
plunging! t_interp:  8230222.185579203 t_traj:  8230221.807771541
plunging! t_interp:  8230222.185579203 t_traj:  8230221.996633785
plunging! t_interp:  8230222.185579203 t_traj:  8230221.92024575
plunging! t_interp:  8230222.185579203 t_traj:  8230221.9865498375
plunging! t_interp:  8230222.185579203 t_traj:  8230222.052890637
plunging! t_interp:  8230222.185579203 t_traj:  8230222.118973576
plunging! t_interp:  8230222.185579203 t_traj:  8230222.092411546
plunging! t_interp:  8230222.185579203 t_traj:  8230222.1156678945
plunging! t_interp:  8230222.185579203 t_traj:  8230222.139041601
plunging! t_interp:  8230222.185579203 t_traj:  8230222.162303013
plunging! t_interp:  8230222.185579203 t_traj:  8230222.152847917
plunging! t_interp:  8230222.185579203 t_traj:  8230222.161071271
plunging! t_interp:  8230222.185579203 t_traj:  8230222.1692401385
plunging! t_interp:  8230222.185579203 t_traj:  8230222.177392187
plunging! t_interp:  8230222.185579203 t_traj:  8230222.174104511
plunging! t_interp:  8230222.185579203 t_traj:  8230222.1770216
plunging! t_interp:  8230222.185579203 t_traj:  8230222.179893616
plunging! t_interp:  8230222.185579203 t_traj:  8230222.182688277
plunging! t_interp:  8230222.185579203 t_traj:  8230222.181563385
plunging! t_interp:  8230222.185579203 t_traj:  8230222.182538992
plunging! t_interp:  8230222.185579203 t_traj:  8230222.183579122
plunging! t_interp:  8230222.185579203 t_traj:  8230222.184582596
plunging! t_interp:  8230222.185579203 t_traj:  8230222.184183444
plunging! t_interp:  8230222.185579203 t_traj:  8230222.184566252
plunging! t_interp:  8230222.185579203 t_traj:  8230222.184893331
plunging! t_interp:  8230222.185579203 t_traj:  8230222.185247205
plunging! t_interp:  8230222.185579203 t_traj:  8230222.185097222
plunging! t_interp:  8230222.185579203 t_traj:  8230222.185202429
plunging! t_interp:  8230222.185579203 t_traj:  8230222.185356831
plunging! t_interp:  8230222.185579203 t_traj:  8230222.185487336
Time taken to compute stable deltas is 94.78488636016846 seconds
calculating Fisher matrix...
plunging! t_interp:  8230222.185579203 t_traj:  8230221.999257529
plunging! t_interp:  8230222.185579203 t_traj:  8230222.045798019
plunging! t_interp:  8230222.185579203 t_traj:  8230222.092426424
plunging! t_interp:  8230222.185579203 t_traj:  8230222.139018412
plunging! t_interp:  8230222.185579203 t_traj:  8230222.119687832
plunging! t_interp:  8230222.185579203 t_traj:  8230222.053755847
plunging! t_interp:  8230222.185579203 t_traj:  8230221.987831163
plunging! t_interp:  8230222.185579203 t_traj:  8230221.921913738
plunging! t_interp:  8230222.185579203 t_traj:  8230221.474709056
plunging! t_interp:  8230222.185579203 t_traj:  8230221.6523988815
plunging! t_interp:  8230222.185579203 t_traj:  8230221.830136506
plunging! t_interp:  8230222.185579203 t_traj:  8230222.0078736795
plunging! t_interp:  8230222.185579203 t_traj:  8230221.812167124
plunging! t_interp:  8230222.185579203 t_traj:  8230221.90552555
plunging! t_interp:  8230222.185579203 t_traj:  8230221.998858628
plunging! t_interp:  8230222.185579203 t_traj:  8230222.092235223
plunging! t_interp:  8230222.185579203 t_traj:  8230221.914361074
plunging! t_interp:  8230222.185579203 t_traj:  8230221.982231934
plunging! t_interp:  8230222.185579203 t_traj:  8230222.049993578
plunging! t_interp:  8230222.185579203 t_traj:  8230222.11780002
plunging! t_interp:  8230222.185579203 t_traj:  8230222.130952643
plunging! t_interp:  8230222.185579203 t_traj:  8230222.07631197
plunging! t_interp:  8230222.185579203 t_traj:  8230222.021647916
plunging! t_interp:  8230222.185579203 t_traj:  8230221.967045106
plunging! t_interp:  8230222.185579203 t_traj:  8230222.152847917
plunging! t_interp:  8230222.185579203 t_traj:  8230222.161071271
plunging! t_interp:  8230222.185579203 t_traj:  8230222.1692401385
plunging! t_interp:  8230222.185579203 t_traj:  8230222.177392187
Finished derivatives
Calculated Fisher is *atleast* positive-definite.
Time taken to compute FM is 8.791146516799927 seconds
    CV from_NMdev#1 it   0 lam=3.3e-03 ov=0.9948673 chi2=1.198e+03 rel=2.8e-01
Body is not plunging, Fisher should be stable.
waveform shape: (3, 6311629)
Computing SNR for parameters: (np.float64(1001219.7963937176), np.float64(4979.16005116071), np.float64(0.7039661355527346), np.float64(24.96822969389412), np.float64(0.2504778228887653), 1.0, 12.0, np.float64(0.7854541762177071), np.float64(1.0028276801311895), 1.0, 1.0471975511965976, np.float64(1.0215032243537716), 0.5, np.float64(0.2872561051020967), 0.95, False, False, False, True, np.float64(-3.1785691224262305), np.float64(0.10497774125502408), 0.0, 0.0)
Waveform Generated. SNR: 341.2338284232421
calculating Fisher matrix...
plunging! t_interp:  8230220.249494531 t_traj:  8230220.063366772
plunging! t_interp:  8230220.249494531 t_traj:  8230220.108916325
plunging! t_interp:  8230220.249494531 t_traj:  8230220.155529115
plunging! t_interp:  8230220.249494531 t_traj:  8230220.202086558
plunging! t_interp:  8230220.249494531 t_traj:  8230220.182751923
plunging! t_interp:  8230220.249494531 t_traj:  8230220.116515173
plunging! t_interp:  8230220.249494531 t_traj:  8230220.050911595
plunging! t_interp:  8230220.249494531 t_traj:  8230219.985030167
plunging! t_interp:  8230220.249494531 t_traj:  8230219.537815814
plunging! t_interp:  8230220.249494531 t_traj:  8230219.715487464
plunging! t_interp:  8230220.249494531 t_traj:  8230219.893256841
plunging! t_interp:  8230220.249494531 t_traj:  8230220.070984253
plunging! t_interp:  8230220.249494531 t_traj:  8230219.87523755
plunging! t_interp:  8230220.249494531 t_traj:  8230219.968599565
plunging! t_interp:  8230220.249494531 t_traj:  8230220.061952366
plunging! t_interp:  8230220.249494531 t_traj:  8230220.155325277
plunging! t_interp:  8230220.249494531 t_traj:  8230219.977271969
plunging! t_interp:  8230220.249494531 t_traj:  8230220.045278726
plunging! t_interp:  8230220.249494531 t_traj:  8230220.113116818
plunging! t_interp:  8230220.249494531 t_traj:  8230220.18082288
plunging! t_interp:  8230220.249494531 t_traj:  8230220.194000253
plunging! t_interp:  8230220.249494531 t_traj:  8230220.139395399
plunging! t_interp:  8230220.249494531 t_traj:  8230220.084744799
plunging! t_interp:  8230220.249494531 t_traj:  8230220.030118747
plunging! t_interp:  8230220.249494531 t_traj:  8230220.216001392
plunging! t_interp:  8230220.249494531 t_traj:  8230220.224103714
plunging! t_interp:  8230220.249494531 t_traj:  8230220.232345539
plunging! t_interp:  8230220.249494531 t_traj:  8230220.240500216
Finished derivatives
Calculated Fisher is *atleast* positive-definite.
Time taken to compute FM is 9.395445823669434 seconds
    CV from_NMdev#1 it   1 lam=1.4e+02 ov=0.9962817 chi2=8.678e+02 rel=2.5e-05
Body is not plunging, Fisher should be stable.
waveform shape: (3, 6311629)
Computing SNR for parameters: (np.float64(1001219.7964545292), np.float64(4979.160050458981), np.float64(0.703966136549311), np.float64(24.968229694680375), np.float64(0.25047782336360086), 1.0, 12.0, np.float64(0.7854542363706866), np.float64(1.0028241340781228), 1.0, 1.0471975511965976, np.float64(1.0215046331394813), 0.5, np.float64(0.2872505163931679), 0.95, False, False, False, True, np.float64(-3.1785689276111935), np.float64(0.10497826738411012), 0.0, 0.0)
Waveform Generated. SNR: 341.23346645629067
calculating Fisher matrix...
plunging! t_interp:  8230220.255663612 t_traj:  8230220.069322558
plunging! t_interp:  8230220.255663612 t_traj:  8230220.115920719
plunging! t_interp:  8230220.255663612 t_traj:  8230220.162498783
plunging! t_interp:  8230220.255663612 t_traj:  8230220.209115335
plunging! t_interp:  8230220.255663612 t_traj:  8230220.189703364
plunging! t_interp:  8230220.255663612 t_traj:  8230220.123824446
plunging! t_interp:  8230220.255663612 t_traj:  8230220.057657148
plunging! t_interp:  8230220.255663612 t_traj:  8230219.99196266
plunging! t_interp:  8230220.255663612 t_traj:  8230219.5448083235
plunging! t_interp:  8230220.255663612 t_traj:  8230219.722488071
plunging! t_interp:  8230220.255663612 t_traj:  8230219.90019136
plunging! t_interp:  8230220.255663612 t_traj:  8230220.077950374
plunging! t_interp:  8230220.255663612 t_traj:  8230219.882243607
plunging! t_interp:  8230220.255663612 t_traj:  8230219.975598678
plunging! t_interp:  8230220.255663612 t_traj:  8230220.068960342
plunging! t_interp:  8230220.255663612 t_traj:  8230220.163041959
plunging! t_interp:  8230220.255663612 t_traj:  8230219.984471834
plunging! t_interp:  8230220.255663612 t_traj:  8230220.052266713
plunging! t_interp:  8230220.255663612 t_traj:  8230220.1200629715
plunging! t_interp:  8230220.255663612 t_traj:  8230220.187872587
plunging! t_interp:  8230220.255663612 t_traj:  8230220.200987493
plunging! t_interp:  8230220.255663612 t_traj:  8230220.146359204
plunging! t_interp:  8230220.255663612 t_traj:  8230220.092575677
plunging! t_interp:  8230220.255663612 t_traj:  8230220.037060444
plunging! t_interp:  8230220.255663612 t_traj:  8230220.222902997
plunging! t_interp:  8230220.255663612 t_traj:  8230220.231092793
plunging! t_interp:  8230220.255663612 t_traj:  8230220.239307094
plunging! t_interp:  8230220.255663612 t_traj:  8230220.247486858
Finished derivatives
Calculated Fisher is *atleast* positive-definite.
Time taken to compute FM is 9.72701358795166 seconds
    CV from_NMdev#1 it   2 lam=2.8e+02 ov=0.9962818 chi2=8.677e+02 rel=3.7e-08
Body is not plunging, Fisher should be stable.
waveform shape: (3, 6311629)
Computing SNR for parameters: (np.float64(1001219.7965001494), np.float64(4979.160049932275), np.float64(0.7039661373010284), np.float64(24.96822969527286), np.float64(0.2504778237180296), 1.0, 12.0, np.float64(0.785454355922935), np.float64(1.0028213491571283), 1.0, 1.0471975511965976, np.float64(1.0215060802300266), 0.5, np.float64(0.2872462317919813), 0.95, False, False, False, True, np.float64(-3.1785687810953243), np.float64(0.1049786594245112), 0.0, 0.0)
Waveform Generated. SNR: 341.23317831305627
calculating Fisher matrix...
plunging! t_interp:  8230220.260670603 t_traj:  8230220.074574265
plunging! t_interp:  8230220.260670603 t_traj:  8230220.121165606
plunging! t_interp:  8230220.260670603 t_traj:  8230220.167744759
plunging! t_interp:  8230220.260670603 t_traj:  8230220.214377828
plunging! t_interp:  8230220.260670603 t_traj:  8230220.195023676
plunging! t_interp:  8230220.260670603 t_traj:  8230220.128890543
plunging! t_interp:  8230220.260670603 t_traj:  8230220.0631105965
plunging! t_interp:  8230220.260670603 t_traj:  8230219.997246315
plunging! t_interp:  8230220.260670603 t_traj:  8230219.550036133
plunging! t_interp:  8230220.260670603 t_traj:  8230219.727751159
plunging! t_interp:  8230220.260670603 t_traj:  8230219.905436122
plunging! t_interp:  8230220.260670603 t_traj:  8230220.0829978995
plunging! t_interp:  8230220.260670603 t_traj:  8230219.887513707
plunging! t_interp:  8230220.260670603 t_traj:  8230219.98083706
plunging! t_interp:  8230220.260670603 t_traj:  8230220.074219007
plunging! t_interp:  8230220.260670603 t_traj:  8230220.16759831
plunging! t_interp:  8230220.260670603 t_traj:  8230219.989721203
plunging! t_interp:  8230220.260670603 t_traj:  8230220.057504332
plunging! t_interp:  8230220.260670603 t_traj:  8230220.125328359
plunging! t_interp:  8230220.260670603 t_traj:  8230220.193148627
plunging! t_interp:  8230220.260670603 t_traj:  8230220.206322944
plunging! t_interp:  8230220.260670603 t_traj:  8230220.151636737
plunging! t_interp:  8230220.260670603 t_traj:  8230220.096745926
plunging! t_interp:  8230220.260670603 t_traj:  8230220.042325666
plunging! t_interp:  8230220.260670603 t_traj:  8230220.228216083
plunging! t_interp:  8230220.260670603 t_traj:  8230220.236074489
plunging! t_interp:  8230220.260670603 t_traj:  8230220.244551717
plunging! t_interp:  8230220.260670603 t_traj:  8230220.25275399
Finished derivatives
Calculated Fisher is *atleast* positive-definite.
Time taken to compute FM is 9.44380497932434 seconds
    CV from_NMdev#1 it   3 lam=9.5e+04 ov=0.9962818 chi2=8.677e+02 rel=7.1e-07
Body is not plunging, Fisher should be stable.
waveform shape: (3, 6311629)
Computing SNR for parameters: (np.float64(1001219.7965001715), np.float64(4979.160049932016), np.float64(0.7039661373013966), np.float64(24.96822969527315), np.float64(0.25047782371820354), 1.0, 12.0, np.float64(0.785454355985737), np.float64(1.0028213478027246), 1.0, 1.0471975511965976, np.float64(1.021506080931256), 0.5, np.float64(0.28724622967885516), 0.95, False, False, False, True, np.float64(-3.1785687810235483), np.float64(0.10497865961658324), 0.0, 0.0)
Waveform Generated. SNR: 341.23317848341645
calculating Fisher matrix...
plunging! t_interp:  8230220.260722309 t_traj:  8230220.0745546
plunging! t_interp:  8230220.260722309 t_traj:  8230220.121207886
plunging! t_interp:  8230220.260722309 t_traj:  8230220.167754009
plunging! t_interp:  8230220.260722309 t_traj:  8230220.2143302495
plunging! t_interp:  8230220.260722309 t_traj:  8230220.1950118095
plunging! t_interp:  8230220.260722309 t_traj:  8230220.129055038
plunging! t_interp:  8230220.260722309 t_traj:  8230220.063173024
plunging! t_interp:  8230220.260722309 t_traj:  8230219.997249344
plunging! t_interp:  8230220.260722309 t_traj:  8230219.55003874
plunging! t_interp:  8230220.260722309 t_traj:  8230219.727789005
plunging! t_interp:  8230220.260722309 t_traj:  8230219.905474642
plunging! t_interp:  8230220.260722309 t_traj:  8230220.08320256
plunging! t_interp:  8230220.260722309 t_traj:  8230219.887501244
plunging! t_interp:  8230220.260722309 t_traj:  8230219.980830427
plunging! t_interp:  8230220.260722309 t_traj:  8230220.074199794
plunging! t_interp:  8230220.260722309 t_traj:  8230220.167572669
plunging! t_interp:  8230220.260722309 t_traj:  8230219.98945154
plunging! t_interp:  8230220.260722309 t_traj:  8230220.057516327
plunging! t_interp:  8230220.260722309 t_traj:  8230220.125288689
plunging! t_interp:  8230220.260722309 t_traj:  8230220.193156684
plunging! t_interp:  8230220.260722309 t_traj:  8230220.206298519
plunging! t_interp:  8230220.260722309 t_traj:  8230220.151350467
plunging! t_interp:  8230220.260722309 t_traj:  8230220.097009264
plunging! t_interp:  8230220.260722309 t_traj:  8230220.042395658
plunging! t_interp:  8230220.260722309 t_traj:  8230220.228216479
plunging! t_interp:  8230220.260722309 t_traj:  8230220.237252969
plunging! t_interp:  8230220.260722309 t_traj:  8230220.244568578
plunging! t_interp:  8230220.260722309 t_traj:  8230220.252740166
Finished derivatives
Calculated Fisher is *atleast* positive-definite.
Time taken to compute FM is 9.45470118522644 seconds
    CV from_NMdev#1 it   4 lam=6.7e+10 ov=0.9962818 chi2=8.677e+02 rel=1.5e-08
Body is not plunging, Fisher should be stable.
waveform shape: (3, 6311629)
Computing SNR for parameters: (np.float64(1001219.7965001715), np.float64(4979.160049932016), np.float64(0.7039661373013966), np.float64(24.96822969527315), np.float64(0.25047782371820354), 1.0, 12.0, np.float64(0.7854543559857372), np.float64(1.0028213478027226), 1.0, 1.0471975511965976, np.float64(1.021506080931257), 0.5, np.float64(0.28724622967885216), 0.95, False, False, False, True, np.float64(-3.1785687810235483), np.float64(0.10497865961658352), 0.0, 0.0)
Waveform Generated. SNR: 341.23317848006906
calculating stable deltas...
plunging! t_interp:  8230220.260721611 t_traj:  8223678.708166743
plunging! t_interp:  8230220.260721611 t_traj:  8225313.852706201
plunging! t_interp:  8230220.260721611 t_traj:  8226949.159589605
plunging! t_interp:  8230220.260721611 t_traj:  8228584.628950757
plunging! t_interp:  8230220.260721611 t_traj:  8227923.1001459705
plunging! t_interp:  8230220.260721611 t_traj:  8228497.360277269
plunging! t_interp:  8230220.260721611 t_traj:  8229071.640469187
plunging! t_interp:  8230220.260721611 t_traj:  8229645.9406749075
plunging! t_interp:  8230220.260721611 t_traj:  8229413.647203834
plunging! t_interp:  8230220.260721611 t_traj:  8229615.296943176
plunging! t_interp:  8230220.260721611 t_traj:  8229816.949123609
plunging! t_interp:  8230220.260721611 t_traj:  8230018.603830069
plunging! t_interp:  8230220.260721611 t_traj:  8229937.038627198
plunging! t_interp:  8230220.260721611 t_traj:  8230007.844832027
plunging! t_interp:  8230220.260721611 t_traj:  8230078.649091469
plunging! t_interp:  8230220.260721611 t_traj:  8230149.4549569525
plunging! t_interp:  8230220.260721611 t_traj:  8230120.8156708805
plunging! t_interp:  8230220.260721611 t_traj:  8230145.676919245
plunging! t_interp:  8230220.260721611 t_traj:  8230170.538191474
plunging! t_interp:  8230220.260721611 t_traj:  8230195.399602264
plunging! t_interp:  8230220.260721611 t_traj:  8230185.343525511
plunging! t_interp:  8230220.260721611 t_traj:  8230194.073006963
plunging! t_interp:  8230220.260721611 t_traj:  8230202.802309518
plunging! t_interp:  8230220.260721611 t_traj:  8230211.531630516
plunging! t_interp:  8230220.260721611 t_traj:  8230208.000612338
plunging! t_interp:  8230220.260721611 t_traj:  8230211.06587768
plunging! t_interp:  8230220.260721611 t_traj:  8230214.130851331
plunging! t_interp:  8230220.260721611 t_traj:  8230217.1959086945
plunging! t_interp:  8230220.260721611 t_traj:  8230215.956098156
plunging! t_interp:  8230220.260721611 t_traj:  8230217.032361119
plunging! t_interp:  8230220.260721611 t_traj:  8230218.108542434
plunging! t_interp:  8230220.260721611 t_traj:  8230219.184773259
plunging! t_interp:  8230220.260721611 t_traj:  8230218.74938957
plunging! t_interp:  8230220.260721611 t_traj:  8230219.1273158705
plunging! t_interp:  8230220.260721611 t_traj:  8230219.505197352
plunging! t_interp:  8230220.260721611 t_traj:  8230219.882805703
plunging! t_interp:  8230220.260721611 t_traj:  8230219.730214964
plunging! t_interp:  8230220.260721611 t_traj:  8230219.862876303
plunging! t_interp:  8230220.260721611 t_traj:  8230219.995533377
plunging! t_interp:  8230220.260721611 t_traj:  8230220.128222599
plunging! t_interp:  8230220.260721611 t_traj:  8230220.0745801935
plunging! t_interp:  8230220.260721611 t_traj:  8230220.121207918
plunging! t_interp:  8230220.260721611 t_traj:  8230220.167757037
plunging! t_interp:  8230220.260721611 t_traj:  8230220.214312328
plunging! t_interp:  8230220.260721611 t_traj:  8230220.19546768
plunging! t_interp:  8230220.260721611 t_traj:  8230220.211867441
plunging! t_interp:  8230220.260721611 t_traj:  8230220.228206807
plunging! t_interp:  8230220.260721611 t_traj:  8230220.244582199
plunging! t_interp:  8230220.260721611 t_traj:  8229407.650996058
plunging! t_interp:  8230220.260721611 t_traj:  8228595.203588461
plunging! t_interp:  8230220.260721611 t_traj:  8227782.918599119
plunging! t_interp:  8230220.260721611 t_traj:  8226970.796052844
plunging! t_interp:  8230220.260721611 t_traj:  8229934.919513718
plunging! t_interp:  8230220.260721611 t_traj:  8229649.598079757
plunging! t_interp:  8230220.260721611 t_traj:  8229364.29674747
plunging! t_interp:  8230220.260721611 t_traj:  8229079.015381429
plunging! t_interp:  8230220.260721611 t_traj:  8230120.069771885
plunging! t_interp:  8230220.260721611 t_traj:  8230019.881128301
plunging! t_interp:  8230220.260721611 t_traj:  8229919.694940178
plunging! t_interp:  8230220.260721611 t_traj:  8229819.511192754
plunging! t_interp:  8230220.260721611 t_traj:  8230185.081540097
plunging! t_interp:  8230220.260721611 t_traj:  8230149.902622689
plunging! t_interp:  8230220.260721611 t_traj:  8230114.723914596
plunging! t_interp:  8230220.260721611 t_traj:  8230079.545512824
plunging! t_interp:  8230220.260721611 t_traj:  8230207.908729999
plunging! t_interp:  8230220.260721611 t_traj:  8230195.556606585
plunging! t_interp:  8230220.260721611 t_traj:  8230183.204550321
plunging! t_interp:  8230220.260721611 t_traj:  8230170.852528602
plunging! t_interp:  8230220.260721611 t_traj:  8230215.92384969
plunging! t_interp:  8230220.260721611 t_traj:  8230211.586721806
plunging! t_interp:  8230220.260721611 t_traj:  8230207.2496877415
plunging! t_interp:  8230220.260721611 t_traj:  8230202.912606229
plunging! t_interp:  8230220.260721611 t_traj:  8230218.738123369
plunging! t_interp:  8230220.260721611 t_traj:  8230217.215227377
plunging! t_interp:  8230220.260721611 t_traj:  8230215.692426827
plunging! t_interp:  8230220.260721611 t_traj:  8230214.169561805
plunging! t_interp:  8230220.260721611 t_traj:  8230219.726226487
plunging! t_interp:  8230220.260721611 t_traj:  8230219.191521155
plunging! t_interp:  8230220.260721611 t_traj:  8230218.6568426965
plunging! t_interp:  8230220.260721611 t_traj:  8230218.121867037
plunging! t_interp:  8230220.260721611 t_traj:  8230220.073171291
plunging! t_interp:  8230220.260721611 t_traj:  8230219.885442396
plunging! t_interp:  8230220.260721611 t_traj:  8230219.698462817
plunging! t_interp:  8230220.260721611 t_traj:  8230219.50995915
plunging! t_interp:  8230220.260721611 t_traj:  8230220.1949804565
plunging! t_interp:  8230220.260721611 t_traj:  8230220.129049104
plunging! t_interp:  8230220.260721611 t_traj:  8230220.062857678
plunging! t_interp:  8230220.260721611 t_traj:  8230219.997232831
plunging! t_interp:  8230220.260721611 t_traj:  8230220.237752291
plunging! t_interp:  8230220.260721611 t_traj:  8230220.214636963
plunging! t_interp:  8230220.260721611 t_traj:  8230220.191527663
plunging! t_interp:  8230220.260721611 t_traj:  8230220.1683441615
plunging! t_interp:  8230220.260721611 t_traj:  8230220.252812421
plunging! t_interp:  8230220.260721611 t_traj:  8230220.244667251
plunging! t_interp:  8230220.260721611 t_traj:  8230220.23655809
plunging! t_interp:  8230220.260721611 t_traj:  8230220.228388574
plunging! t_interp:  8230220.260721611 t_traj:  8229840.869262984
plunging! t_interp:  8230220.260721611 t_traj:  8229935.718184805
plunging! t_interp:  8230220.260721611 t_traj:  8230030.566435108
plunging! t_interp:  8230220.260721611 t_traj:  8230125.41402652
plunging! t_interp:  8230220.260721611 t_traj:  8230087.050461228
plunging! t_interp:  8230220.260721611 t_traj:  8230120.353163793
plunging! t_interp:  8230220.260721611 t_traj:  8230153.655860569
plunging! t_interp:  8230220.260721611 t_traj:  8230186.958409593
plunging! t_interp:  8230220.260721611 t_traj:  8230173.488353842
plunging! t_interp:  8230220.260721611 t_traj:  8230185.1815351285
plunging! t_interp:  8230220.260721611 t_traj:  8230196.874650545
plunging! t_interp:  8230220.260721611 t_traj:  8230208.567789115
plunging! t_interp:  8230220.260721611 t_traj:  8230203.838188002
plunging! t_interp:  8230220.260721611 t_traj:  8230207.943880412
plunging! t_interp:  8230220.260721611 t_traj:  8230212.049558205
plunging! t_interp:  8230220.260721611 t_traj:  8230216.155238334
plunging! t_interp:  8230220.260721611 t_traj:  8230214.494565253
plunging! t_interp:  8230220.260721611 t_traj:  8230215.9361623125
plunging! t_interp:  8230220.260721611 t_traj:  8230217.37776031
plunging! t_interp:  8230220.260721611 t_traj:  8230218.819289746
plunging! t_interp:  8230220.260721611 t_traj:  8230218.236047495
plunging! t_interp:  8230220.260721611 t_traj:  8230218.742389724
plunging! t_interp:  8230220.260721611 t_traj:  8230219.248586091
plunging! t_interp:  8230220.260721611 t_traj:  8230219.754756312
plunging! t_interp:  8230220.260721611 t_traj:  8230219.54997635
plunging! t_interp:  8230220.260721611 t_traj:  8230219.728571194
plunging! t_interp:  8230220.260721611 t_traj:  8230219.905454259
plunging! t_interp:  8230220.260721611 t_traj:  8230220.083201025
plunging! t_interp:  8230220.260721611 t_traj:  8230220.011303942
plunging! t_interp:  8230220.260721611 t_traj:  8230220.073719732
plunging! t_interp:  8230220.260721611 t_traj:  8230220.136124447
plunging! t_interp:  8230220.260721611 t_traj:  8230220.198201905
plunging! t_interp:  8230220.260721611 t_traj:  8230220.173281702
plunging! t_interp:  8230220.260721611 t_traj:  8230220.195152439
plunging! t_interp:  8230220.260721611 t_traj:  8230220.217079779
plunging! t_interp:  8230220.260721611 t_traj:  8230220.239030325
plunging! t_interp:  8230220.260721611 t_traj:  8230220.230184301
plunging! t_interp:  8230220.260721611 t_traj:  8230220.237848213
plunging! t_interp:  8230220.260721611 t_traj:  8230220.245529554
plunging! t_interp:  8230220.260721611 t_traj:  8230220.253235821
plunging! t_interp:  8230220.260721611 t_traj:  8230220.250117672
plunging! t_interp:  8230220.260721611 t_traj:  8230220.252794207
plunging! t_interp:  8230220.260721611 t_traj:  8230220.255529408
plunging! t_interp:  8230220.260721611 t_traj:  8230220.258216223
plunging! t_interp:  8230220.260721611 t_traj:  8230220.256867654
plunging! t_interp:  8230220.260721611 t_traj:  8230220.258118552
plunging! t_interp:  8230220.260721611 t_traj:  8230220.259023841
plunging! t_interp:  8230220.260721611 t_traj:  8230220.2599528795
plunging! t_interp:  8230220.260721611 t_traj:  8217116.018901788
plunging! t_interp:  8230220.260721611 t_traj:  8220390.618643149
plunging! t_interp:  8230220.260721611 t_traj:  8223666.192097452
plunging! t_interp:  8230220.260721611 t_traj:  8226942.739458863
plunging! t_interp:  8230220.260721611 t_traj:  8225617.335095129
plunging! t_interp:  8230220.260721611 t_traj:  8226767.886373589
plunging! t_interp:  8230220.260721611 t_traj:  8227918.557820908
plunging! t_interp:  8230220.260721611 t_traj:  8229069.349301041
plunging! t_interp:  8230220.260721611 t_traj:  8228603.86727835
plunging! t_interp:  8230220.260721611 t_traj:  8229007.942864914
plunging! t_interp:  8230220.260721611 t_traj:  8229412.034135547
plunging! t_interp:  8230220.260721611 t_traj:  8229816.140090479
plunging! t_interp:  8230220.260721611 t_traj:  8229652.686863122
plunging! t_interp:  8230220.260721611 t_traj:  8229794.577653918
plunging! t_interp:  8230220.260721611 t_traj:  8229936.47022337
plunging! t_interp:  8230220.260721611 t_traj:  8230078.3646760415
plunging! t_interp:  8230220.260721611 t_traj:  8230020.9714642875
plunging! t_interp:  8230220.260721611 t_traj:  8230070.793510078
plunging! t_interp:  8230220.260721611 t_traj:  8230120.615729311
plunging! t_interp:  8230220.260721611 t_traj:  8230170.438223705
plunging! t_interp:  8230220.260721611 t_traj:  8230150.285957306
plunging! t_interp:  8230220.260721611 t_traj:  8230167.779792446
plunging! t_interp:  8230220.260721611 t_traj:  8230185.273499136
plunging! t_interp:  8230220.260721611 t_traj:  8230202.76687175
plunging! t_interp:  8230220.260721611 t_traj:  8230195.691386358
plunging! t_interp:  8230220.260721611 t_traj:  8230201.833751391
plunging! t_interp:  8230220.260721611 t_traj:  8230207.976174998
plunging! t_interp:  8230220.260721611 t_traj:  8230214.118526654
plunging! t_interp:  8230220.260721611 t_traj:  8230211.6340695815
plunging! t_interp:  8230220.260721611 t_traj:  8230213.790747713
plunging! t_interp:  8230220.260721611 t_traj:  8230215.947483296
plunging! t_interp:  8230220.260721611 t_traj:  8230218.104210836
plunging! t_interp:  8230220.260721611 t_traj:  8230217.23173152
plunging! t_interp:  8230220.260721611 t_traj:  8230217.9891498685
plunging! t_interp:  8230220.260721611 t_traj:  8230218.746384139
plunging! t_interp:  8230220.260721611 t_traj:  8230219.503653285
plunging! t_interp:  8230220.260721611 t_traj:  8230219.1973432945
plunging! t_interp:  8230220.260721611 t_traj:  8230219.463296574
plunging! t_interp:  8230220.260721611 t_traj:  8230219.729139971
plunging! t_interp:  8230220.260721611 t_traj:  8230219.99501434
plunging! t_interp:  8230220.260721611 t_traj:  8230219.887485161
plunging! t_interp:  8230220.260721611 t_traj:  8230219.980888206
plunging! t_interp:  8230220.260721611 t_traj:  8230220.073921992
plunging! t_interp:  8230220.260721611 t_traj:  8230220.1675690925
plunging! t_interp:  8230220.260721611 t_traj:  8230220.129597511
plunging! t_interp:  8230220.260721611 t_traj:  8230220.162614212
plunging! t_interp:  8230220.260721611 t_traj:  8230220.195361016
plunging! t_interp:  8230220.260721611 t_traj:  8230220.228134634
plunging! t_interp:  8230220.260721611 t_traj:  8230075.5707102325
plunging! t_interp:  8230220.260721611 t_traj:  8230111.735595306
plunging! t_interp:  8230220.260721611 t_traj:  8230147.905610369
plunging! t_interp:  8230220.260721611 t_traj:  8230184.080703084
plunging! t_interp:  8230220.260721611 t_traj:  8230169.448097304
plunging! t_interp:  8230220.260721611 t_traj:  8230182.150322378
plunging! t_interp:  8230220.260721611 t_traj:  8230194.853256878
plunging! t_interp:  8230220.260721611 t_traj:  8230207.556776777
plunging! t_interp:  8230220.260721611 t_traj:  8230202.41842376
plunging! t_interp:  8230220.260721611 t_traj:  8230206.878920967
plunging! t_interp:  8230220.260721611 t_traj:  8230211.339270933
plunging! t_interp:  8230220.260721611 t_traj:  8230215.800181957
plunging! t_interp:  8230220.260721611 t_traj:  8230213.995916331
plunging! t_interp:  8230220.260721611 t_traj:  8230215.562160263
plunging! t_interp:  8230220.260721611 t_traj:  8230217.128380582
plunging! t_interp:  8230220.260721611 t_traj:  8230218.694644035
plunging! t_interp:  8230220.260721611 t_traj:  8230218.061159286
plunging! t_interp:  8230220.260721611 t_traj:  8230218.611113212
plunging! t_interp:  8230220.260721611 t_traj:  8230219.160779862
plunging! t_interp:  8230220.260721611 t_traj:  8230219.711001978
plunging! t_interp:  8230220.260721611 t_traj:  8230219.488520097
plunging! t_interp:  8230220.260721611 t_traj:  8230219.681645043
plunging! t_interp:  8230220.260721611 t_traj:  8230219.874728752
plunging! t_interp:  8230220.260721611 t_traj:  8230220.067868965
plunging! t_interp:  8230220.260721611 t_traj:  8230219.989713001
plunging! t_interp:  8230220.260721611 t_traj:  8230220.057506494
plunging! t_interp:  8230220.260721611 t_traj:  8230220.125315332
plunging! t_interp:  8230220.260721611 t_traj:  8230220.193129563
plunging! t_interp:  8230220.260721611 t_traj:  8230220.165743003
plunging! t_interp:  8230220.260721611 t_traj:  8230220.189231969
plunging! t_interp:  8230220.260721611 t_traj:  8230220.213315528
plunging! t_interp:  8230220.260721611 t_traj:  8230220.237096615
plunging! t_interp:  8230220.260721611 t_traj:  8230220.227480628
plunging! t_interp:  8230220.260721611 t_traj:  8230220.235644989
plunging! t_interp:  8230220.260721611 t_traj:  8230220.244203644
plunging! t_interp:  8230220.260721611 t_traj:  8230220.252545806
plunging! t_interp:  8230220.260721611 t_traj:  8230220.249166154
plunging! t_interp:  8230220.260721611 t_traj:  8230220.252127933
plunging! t_interp:  8230220.260721611 t_traj:  8230220.255027395
plunging! t_interp:  8230220.260721611 t_traj:  8230220.258004236
plunging! t_interp:  8230220.260721611 t_traj:  8230220.256839576
plunging! t_interp:  8230220.260721611 t_traj:  8230220.257880222
plunging! t_interp:  8230220.260721611 t_traj:  8230220.258877291
plunging! t_interp:  8230220.260721611 t_traj:  8230220.2598708
plunging! t_interp:  8230220.260721611 t_traj:  8230220.259491103
plunging! t_interp:  8230220.260721611 t_traj:  8230220.259846835
plunging! t_interp:  8230220.260721611 t_traj:  8230220.260180353
plunging! t_interp:  8230220.260721611 t_traj:  8230220.260573569
plunging! t_interp:  8230220.260721611 t_traj:  8228302.142806183
plunging! t_interp:  8230220.260721611 t_traj:  8226384.941222248
plunging! t_interp:  8230220.260721611 t_traj:  8224468.655593789
plunging! t_interp:  8230220.260721611 t_traj:  8222553.285136351
plunging! t_interp:  8230220.260721611 t_traj:  8229546.668391587
plunging! t_interp:  8230220.260721611 t_traj:  8228873.18899643
plunging! t_interp:  8230220.260721611 t_traj:  8228199.822513995
plunging! t_interp:  8230220.260721611 t_traj:  8227526.569078719
plunging! t_interp:  8230220.260721611 t_traj:  8229983.736788716
plunging! t_interp:  8230220.260721611 t_traj:  8229747.226651752
plunging! t_interp:  8230220.260721611 t_traj:  8229510.7303757565
plunging! t_interp:  8230220.260721611 t_traj:  8229274.248050673
plunging! t_interp:  8230220.260721611 t_traj:  8230137.211195867
plunging! t_interp:  8230220.260721611 t_traj:  8230054.163169783
plunging! t_interp:  8230220.260721611 t_traj:  8229971.1168408245
plunging! t_interp:  8230220.260721611 t_traj:  8229888.07226499
plunging! t_interp:  8230220.260721611 t_traj:  8230191.100403283
plunging! t_interp:  8230220.260721611 t_traj:  8230161.940040793
plunging! t_interp:  8230220.260721611 t_traj:  8230132.779620131
plunging! t_interp:  8230220.260721611 t_traj:  8230103.619921514
plunging! t_interp:  8230220.260721611 t_traj:  8230210.022089268
plunging! t_interp:  8230220.260721611 t_traj:  8230199.783240276
plunging! t_interp:  8230220.260721611 t_traj:  8230189.544485438
plunging! t_interp:  8230220.260721611 t_traj:  8230179.30567873
plunging! t_interp:  8230220.260721611 t_traj:  8230216.665853247
plunging! t_interp:  8230220.260721611 t_traj:  8230213.070820566
plunging! t_interp:  8230220.260721611 t_traj:  8230209.4754431145
plunging! t_interp:  8230220.260721611 t_traj:  8230205.880691644
plunging! t_interp:  8230220.260721611 t_traj:  8230218.998634387
plunging! t_interp:  8230220.260721611 t_traj:  8230217.736193515
plunging! t_interp:  8230220.260721611 t_traj:  8230216.474040894
plunging! t_interp:  8230220.260721611 t_traj:  8230215.211718806
plunging! t_interp:  8230220.260721611 t_traj:  8230219.8176642265
plunging! t_interp:  8230220.260721611 t_traj:  8230219.374495681
plunging! t_interp:  8230220.260721611 t_traj:  8230218.931270319
plunging! t_interp:  8230220.260721611 t_traj:  8230218.488056029
plunging! t_interp:  8230220.260721611 t_traj:  8230220.105338406
plunging! t_interp:  8230220.260721611 t_traj:  8230219.949689462
plunging! t_interp:  8230220.260721611 t_traj:  8230219.794041558
plunging! t_interp:  8230220.260721611 t_traj:  8230219.63844209
plunging! t_interp:  8230220.260721611 t_traj:  8230220.206286716
plunging! t_interp:  8230220.260721611 t_traj:  8230220.151640899
plunging! t_interp:  8230220.260721611 t_traj:  8230220.096968107
plunging! t_interp:  8230220.260721611 t_traj:  8230220.042347921
plunging! t_interp:  8230220.260721611 t_traj:  8230220.241778238
plunging! t_interp:  8230220.260721611 t_traj:  8230220.22258585
plunging! t_interp:  8230220.260721611 t_traj:  8230220.20340613
plunging! t_interp:  8230220.260721611 t_traj:  8230220.184180332
plunging! t_interp:  8230220.260721611 t_traj:  8230170.653774858
plunging! t_interp:  8230220.260721611 t_traj:  8230183.052544527
plunging! t_interp:  8230220.260721611 t_traj:  8230195.453373359
plunging! t_interp:  8230220.260721611 t_traj:  8230207.856107538
plunging! t_interp:  8230220.260721611 t_traj:  8230202.839238039
plunging! t_interp:  8230220.260721611 t_traj:  8230207.194293153
plunging! t_interp:  8230220.260721611 t_traj:  8230211.549610092
plunging! t_interp:  8230220.260721611 t_traj:  8230215.905136237
plunging! t_interp:  8230220.260721611 t_traj:  8230214.143389558
plunging! t_interp:  8230220.260721611 t_traj:  8230215.672763535
plunging! t_interp:  8230220.260721611 t_traj:  8230217.202093108
plunging! t_interp:  8230220.260721611 t_traj:  8230218.73150841
plunging! t_interp:  8230220.260721611 t_traj:  8230218.112859391
plunging! t_interp:  8230220.260721611 t_traj:  8230218.649888752
plunging! t_interp:  8230220.260721611 t_traj:  8230219.186876548
plunging! t_interp:  8230220.260721611 t_traj:  8230219.723904506
plunging! t_interp:  8230220.260721611 t_traj:  8230219.506711267
plunging! t_interp:  8230220.260721611 t_traj:  8230219.695258915
plunging! t_interp:  8230220.260721611 t_traj:  8230219.883855937
plunging! t_interp:  8230220.260721611 t_traj:  8230220.072337072
plunging! t_interp:  8230220.260721611 t_traj:  8230219.9960696045
plunging! t_interp:  8230220.260721611 t_traj:  8230220.06227807
plunging! t_interp:  8230220.260721611 t_traj:  8230220.128496784
plunging! t_interp:  8230220.260721611 t_traj:  8230220.194762558
plunging! t_interp:  8230220.260721611 t_traj:  8230220.167920281
plunging! t_interp:  8230220.260721611 t_traj:  8230220.191197974
plunging! t_interp:  8230220.260721611 t_traj:  8230220.214453038
plunging! t_interp:  8230220.260721611 t_traj:  8230220.23766013
plunging! t_interp:  8230220.260721611 t_traj:  8230220.228277734
plunging! t_interp:  8230220.260721611 t_traj:  8230220.236441764
plunging! t_interp:  8230220.260721611 t_traj:  8230220.244608908
plunging! t_interp:  8230220.260721611 t_traj:  8230220.252619047
plunging! t_interp:  8230220.260721611 t_traj:  8230220.249488063
plunging! t_interp:  8230220.260721611 t_traj:  8230220.252126841
plunging! t_interp:  8230220.260721611 t_traj:  8230220.255190643
plunging! t_interp:  8230220.260721611 t_traj:  8230220.258096889
plunging! t_interp:  8230220.260721611 t_traj:  8230220.256621131
plunging! t_interp:  8230220.260721611 t_traj:  8230220.257950355
plunging! t_interp:  8230220.260721611 t_traj:  8230220.258891604
plunging! t_interp:  8230220.260721611 t_traj:  8230220.259912311
plunging! t_interp:  8230220.260721611 t_traj:  8230220.259513878
plunging! t_interp:  8230220.260721611 t_traj:  8230220.259850451
plunging! t_interp:  8230220.260721611 t_traj:  8230220.260185949
plunging! t_interp:  8230220.260721611 t_traj:  8230220.260534873
plunging! t_interp:  8230220.260721611 t_traj:  8230220.26043727
plunging! t_interp:  8230220.260721611 t_traj:  8230220.260547506
Time taken to compute stable deltas is 94.46581077575684 seconds
calculating Fisher matrix...
plunging! t_interp:  8230220.260721611 t_traj:  8230220.19546768
plunging! t_interp:  8230220.260721611 t_traj:  8230220.211867441
plunging! t_interp:  8230220.260721611 t_traj:  8230220.228206807
plunging! t_interp:  8230220.260721611 t_traj:  8230220.244582199
plunging! t_interp:  8230220.260721611 t_traj:  8230220.073171291
plunging! t_interp:  8230220.260721611 t_traj:  8230219.885442396
plunging! t_interp:  8230220.260721611 t_traj:  8230219.698462817
plunging! t_interp:  8230220.260721611 t_traj:  8230219.50995915
plunging! t_interp:  8230220.260721611 t_traj:  8230219.54997635
plunging! t_interp:  8230220.260721611 t_traj:  8230219.728571194
plunging! t_interp:  8230220.260721611 t_traj:  8230219.905454259
plunging! t_interp:  8230220.260721611 t_traj:  8230220.083201025
plunging! t_interp:  8230220.260721611 t_traj:  8230219.1973432945
plunging! t_interp:  8230220.260721611 t_traj:  8230219.463296574
plunging! t_interp:  8230220.260721611 t_traj:  8230219.729139971
plunging! t_interp:  8230220.260721611 t_traj:  8230219.99501434
plunging! t_interp:  8230220.260721611 t_traj:  8230220.227480628
plunging! t_interp:  8230220.260721611 t_traj:  8230220.235644989
plunging! t_interp:  8230220.260721611 t_traj:  8230220.244203644
plunging! t_interp:  8230220.260721611 t_traj:  8230220.252545806
plunging! t_interp:  8230220.260721611 t_traj:  8230220.105338406
plunging! t_interp:  8230220.260721611 t_traj:  8230219.949689462
plunging! t_interp:  8230220.260721611 t_traj:  8230219.794041558
plunging! t_interp:  8230220.260721611 t_traj:  8230219.63844209
plunging! t_interp:  8230220.260721611 t_traj:  8230220.167920281
plunging! t_interp:  8230220.260721611 t_traj:  8230220.191197974
plunging! t_interp:  8230220.260721611 t_traj:  8230220.214453038
plunging! t_interp:  8230220.260721611 t_traj:  8230220.23766013
Finished derivatives
Calculated Fisher is *atleast* positive-definite.
Time taken to compute FM is 8.946831464767456 seconds
    CV from_NMdev#1 it   5 lam=2.2e+10 ov=0.9962818 chi2=8.677e+02 rel=1.0e-06
Body is not plunging, Fisher should be stable.
waveform shape: (3, 6311629)
Computing SNR for parameters: (np.float64(1001219.7965001715), np.float64(4979.160049932016), np.float64(0.7039661373013966), np.float64(24.96822969527315), np.float64(0.25047782371820354), 1.0, 12.0, np.float64(0.7854543559857374), np.float64(1.0028213478027166), 1.0, 1.0471975511965976, np.float64(1.0215060809312602), 0.5, np.float64(0.2872462296788431), 0.95, False, False, False, True, np.float64(-3.178568781023548), np.float64(0.10497865961658434), 0.0, 0.0)
Waveform Generated. SNR: 341.2331766071287
calculating Fisher matrix...
plunging! t_interp:  8230220.260936797 t_traj:  8230220.195466819
plunging! t_interp:  8230220.260936797 t_traj:  8230220.211867985
plunging! t_interp:  8230220.260936797 t_traj:  8230220.228197748
plunging! t_interp:  8230220.260936797 t_traj:  8230220.244598762
plunging! t_interp:  8230220.260936797 t_traj:  8230220.07316311
plunging! t_interp:  8230220.260936797 t_traj:  8230219.885435464
plunging! t_interp:  8230220.260936797 t_traj:  8230219.697701724
plunging! t_interp:  8230220.260936797 t_traj:  8230219.509963586
plunging! t_interp:  8230220.260936797 t_traj:  8230219.550060371
plunging! t_interp:  8230220.260936797 t_traj:  8230219.727760503
plunging! t_interp:  8230220.260936797 t_traj:  8230219.905454575
plunging! t_interp:  8230220.260936797 t_traj:  8230220.083201255
plunging! t_interp:  8230220.260936797 t_traj:  8230219.197339319
plunging! t_interp:  8230220.260936797 t_traj:  8230219.463251938
plunging! t_interp:  8230220.260936797 t_traj:  8230219.729160225
plunging! t_interp:  8230220.260936797 t_traj:  8230219.995013253
plunging! t_interp:  8230220.260936797 t_traj:  8230220.227479271
plunging! t_interp:  8230220.260936797 t_traj:  8230220.235849072
plunging! t_interp:  8230220.260936797 t_traj:  8230220.244211246
plunging! t_interp:  8230220.260936797 t_traj:  8230220.252544929
plunging! t_interp:  8230220.260936797 t_traj:  8230220.105300936
plunging! t_interp:  8230220.260936797 t_traj:  8230219.9493953865
plunging! t_interp:  8230220.260936797 t_traj:  8230219.79406375
plunging! t_interp:  8230220.260936797 t_traj:  8230219.638485569
plunging! t_interp:  8230220.260936797 t_traj:  8230220.167936483
plunging! t_interp:  8230220.260936797 t_traj:  8230220.191209611
plunging! t_interp:  8230220.260936797 t_traj:  8230220.21446227
plunging! t_interp:  8230220.260936797 t_traj:  8230220.237712668
Finished derivatives
Calculated Fisher is *atleast* positive-definite.
Time taken to compute FM is 9.463106870651245 seconds
    CV from_NMdev#1 it   6 lam=7.4e+09 ov=0.9962818 chi2=8.677e+02 rel=4.9e-07
Body is not plunging, Fisher should be stable.
waveform shape: (3, 6311629)
Computing SNR for parameters: (np.float64(1001219.7965001715), np.float64(4979.160049932016), np.float64(0.7039661373013966), np.float64(24.96822969527315), np.float64(0.25047782371820354), 1.0, 12.0, np.float64(0.785454355985738), np.float64(1.0028213478026986), 1.0, 1.0471975511965976, np.float64(1.0215060809312693), 0.5, np.float64(0.28724622967881597), 0.95, False, False, False, True, np.float64(-3.178568781023547), np.float64(0.10497865961658681), 0.0, 0.0)
Waveform Generated. SNR: 341.23317671693314
calculating Fisher matrix...
plunging! t_interp:  8230220.260926994 t_traj:  8230220.195494873
plunging! t_interp:  8230220.260926994 t_traj:  8230220.211820423
plunging! t_interp:  8230220.260926994 t_traj:  8230220.228193857
plunging! t_interp:  8230220.260926994 t_traj:  8230220.24460547
plunging! t_interp:  8230220.260926994 t_traj:  8230220.07315687
plunging! t_interp:  8230220.260926994 t_traj:  8230219.885449089
plunging! t_interp:  8230220.260926994 t_traj:  8230219.697736481
plunging! t_interp:  8230220.260926994 t_traj:  8230219.509938373
plunging! t_interp:  8230220.260926994 t_traj:  8230219.550032165
plunging! t_interp:  8230220.260926994 t_traj:  8230219.727749474
plunging! t_interp:  8230220.260926994 t_traj:  8230219.905281302
plunging! t_interp:  8230220.260926994 t_traj:  8230220.083207638
plunging! t_interp:  8230220.260926994 t_traj:  8230219.197362227
plunging! t_interp:  8230220.260926994 t_traj:  8230219.463239627
plunging! t_interp:  8230220.260926994 t_traj:  8230219.729155223
plunging! t_interp:  8230220.260926994 t_traj:  8230219.995075098
plunging! t_interp:  8230220.260926994 t_traj:  8230220.227457044
plunging! t_interp:  8230220.260926994 t_traj:  8230220.2358240355
plunging! t_interp:  8230220.260926994 t_traj:  8230220.244215412
plunging! t_interp:  8230220.260926994 t_traj:  8230220.252545423
plunging! t_interp:  8230220.260926994 t_traj:  8230220.10531363
plunging! t_interp:  8230220.260926994 t_traj:  8230219.949695645
plunging! t_interp:  8230220.260926994 t_traj:  8230219.794081529
plunging! t_interp:  8230220.260926994 t_traj:  8230219.638481126
plunging! t_interp:  8230220.260926994 t_traj:  8230220.167911871
plunging! t_interp:  8230220.260926994 t_traj:  8230220.191185751
plunging! t_interp:  8230220.260926994 t_traj:  8230220.214424378
plunging! t_interp:  8230220.260926994 t_traj:  8230220.237686786
Finished derivatives
Calculated Fisher is *atleast* positive-definite.
Time taken to compute FM is 9.78541612625122 seconds
    CV from_NMdev#1 it   7 lam=2.5e+12 ov=0.9962818 chi2=8.677e+02 rel=7.5e-12
    NM  nfev=1420 ov 0.9962818 -> 0.9966212 (accepted=True)
Body is not plunging, Fisher should be stable.
waveform shape: (3, 6311629)
Computing SNR for parameters: (np.float64(1001219.4286039228), np.float64(4979.138440159259), np.float64(0.7039663663605313), np.float64(24.96822146270773), np.float64(0.2504803225005765), 1.0, 12.0, np.float64(0.7859946137900893), np.float64(1.0033529450048266), 1.0, 1.0471975511965976, np.float64(1.0214137185581627), 0.5, np.float64(0.2997425066023176), 0.95, False, False, False, True, np.float64(-3.182308505356453), np.float64(0.1049244826326924), 0.0, 0.0)
Waveform Generated. SNR: 341.470731687561
calculating stable deltas...
plunging! t_interp:  8230219.994918164 t_traj:  8223678.433573028
plunging! t_interp:  8230219.994918164 t_traj:  8225313.580046577
plunging! t_interp:  8230219.994918164 t_traj:  8226948.889086565
plunging! t_interp:  8230219.994918164 t_traj:  8228584.360733801
plunging! t_interp:  8230219.994918164 t_traj:  8227922.831049162
plunging! t_interp:  8230219.994918164 t_traj:  8228497.09194605
plunging! t_interp:  8230219.994918164 t_traj:  8229071.372881851
plunging! t_interp:  8230219.994918164 t_traj:  8229645.673853572
plunging! t_interp:  8230219.994918164 t_traj:  8229413.379802369
plunging! t_interp:  8230219.994918164 t_traj:  8229615.030087101
plunging! t_interp:  8230219.994918164 t_traj:  8229816.68254768
plunging! t_interp:  8230219.994918164 t_traj:  8230018.337517118
plunging! t_interp:  8230219.994918164 t_traj:  8229936.772492503
plunging! t_interp:  8230219.994918164 t_traj:  8230007.577615108
plunging! t_interp:  8230219.994918164 t_traj:  8230078.383127056
plunging! t_interp:  8230219.994918164 t_traj:  8230149.188859046
plunging! t_interp:  8230219.994918164 t_traj:  8230120.549507106
plunging! t_interp:  8230219.994918164 t_traj:  8230145.410560088
plunging! t_interp:  8230219.994918164 t_traj:  8230170.272130513
plunging! t_interp:  8230219.994918164 t_traj:  8230195.133526238
plunging! t_interp:  8230219.994918164 t_traj:  8230185.077685732
plunging! t_interp:  8230219.994918164 t_traj:  8230193.80696331
plunging! t_interp:  8230219.994918164 t_traj:  8230202.536283075
plunging! t_interp:  8230219.994918164 t_traj:  8230211.265604959
plunging! t_interp:  8230219.994918164 t_traj:  8230207.734780496
plunging! t_interp:  8230219.994918164 t_traj:  8230210.79986577
plunging! t_interp:  8230219.994918164 t_traj:  8230213.86488602
plunging! t_interp:  8230219.994918164 t_traj:  8230216.92986191
plunging! t_interp:  8230219.994918164 t_traj:  8230215.690131026
plunging! t_interp:  8230219.994918164 t_traj:  8230216.766350792
plunging! t_interp:  8230219.994918164 t_traj:  8230217.84253645
plunging! t_interp:  8230219.994918164 t_traj:  8230218.918738151
plunging! t_interp:  8230219.994918164 t_traj:  8230218.483425316
plunging! t_interp:  8230219.994918164 t_traj:  8230218.861326442
plunging! t_interp:  8230219.994918164 t_traj:  8230219.239169222
plunging! t_interp:  8230219.994918164 t_traj:  8230219.61703978
plunging! t_interp:  8230219.994918164 t_traj:  8230219.464199278
plunging! t_interp:  8230219.994918164 t_traj:  8230219.596897528
plunging! t_interp:  8230219.994918164 t_traj:  8230219.7295691
plunging! t_interp:  8230219.994918164 t_traj:  8230219.862282358
plunging! t_interp:  8230219.994918164 t_traj:  8230219.808577228
plunging! t_interp:  8230219.994918164 t_traj:  8230219.8551756395
plunging! t_interp:  8230219.994918164 t_traj:  8230219.90178188
plunging! t_interp:  8230219.994918164 t_traj:  8230219.948275799
plunging! t_interp:  8230219.994918164 t_traj:  8230219.929490676
plunging! t_interp:  8230219.994918164 t_traj:  8230219.945639504
plunging! t_interp:  8230219.994918164 t_traj:  8230219.961908797
plunging! t_interp:  8230219.994918164 t_traj:  8230219.978606568
plunging! t_interp:  8230219.994918164 t_traj:  8229407.3827324975
plunging! t_interp:  8230219.994918164 t_traj:  8228594.933069696
plunging! t_interp:  8230219.994918164 t_traj:  8227782.645527165
plunging! t_interp:  8230219.994918164 t_traj:  8226970.52182309
plunging! t_interp:  8230219.994918164 t_traj:  8229934.652691022
plunging! t_interp:  8230219.994918164 t_traj:  8229649.3305090545
plunging! t_interp:  8230219.994918164 t_traj:  8229364.028337702
plunging! t_interp:  8230219.994918164 t_traj:  8229078.746242647
plunging! t_interp:  8230219.994918164 t_traj:  8230119.803513569
plunging! t_interp:  8230219.994918164 t_traj:  8230019.61454882
plunging! t_interp:  8230219.994918164 t_traj:  8229919.427819608
plunging! t_interp:  8230219.994918164 t_traj:  8229819.243795957
plunging! t_interp:  8230219.994918164 t_traj:  8230184.8155017765
plunging! t_interp:  8230219.994918164 t_traj:  8230149.636383565
plunging! t_interp:  8230219.994918164 t_traj:  8230114.457594492
plunging! t_interp:  8230219.994918164 t_traj:  8230079.279134317
plunging! t_interp:  8230219.994918164 t_traj:  8230207.6427615965
plunging! t_interp:  8230219.994918164 t_traj:  8230195.290571644
plunging! t_interp:  8230219.994918164 t_traj:  8230182.938380028
plunging! t_interp:  8230219.994918164 t_traj:  8230170.586357975
plunging! t_interp:  8230219.994918164 t_traj:  8230215.657835438
plunging! t_interp:  8230219.994918164 t_traj:  8230211.320724557
plunging! t_interp:  8230219.994918164 t_traj:  8230206.983644293
plunging! t_interp:  8230219.994918164 t_traj:  8230202.646564421
plunging! t_interp:  8230219.994918164 t_traj:  8230218.472075173
plunging! t_interp:  8230219.994918164 t_traj:  8230216.949207941
plunging! t_interp:  8230219.994918164 t_traj:  8230215.426407735
plunging! t_interp:  8230219.994918164 t_traj:  8230213.903551294
plunging! t_interp:  8230219.994918164 t_traj:  8230219.460248512
plunging! t_interp:  8230219.994918164 t_traj:  8230218.925555222
plunging! t_interp:  8230219.994918164 t_traj:  8230218.390867327
plunging! t_interp:  8230219.994918164 t_traj:  8230217.855854505
plunging! t_interp:  8230219.994918164 t_traj:  8230219.8071794
plunging! t_interp:  8230219.994918164 t_traj:  8230219.619476441
plunging! t_interp:  8230219.994918164 t_traj:  8230219.431685924
plunging! t_interp:  8230219.994918164 t_traj:  8230219.243921959
plunging! t_interp:  8230219.994918164 t_traj:  8230219.929040208
plunging! t_interp:  8230219.994918164 t_traj:  8230219.863084802
plunging! t_interp:  8230219.994918164 t_traj:  8230219.797170883
plunging! t_interp:  8230219.994918164 t_traj:  8230219.731230004
plunging! t_interp:  8230219.994918164 t_traj:  8230219.971715761
plunging! t_interp:  8230219.994918164 t_traj:  8230219.948661805
plunging! t_interp:  8230219.994918164 t_traj:  8230219.925495519
plunging! t_interp:  8230219.994918164 t_traj:  8230219.90233422
plunging! t_interp:  8230219.994918164 t_traj:  8230219.986836787
plunging! t_interp:  8230219.994918164 t_traj:  8230219.978368783
plunging! t_interp:  8230219.994918164 t_traj:  8230219.970330162
plunging! t_interp:  8230219.994918164 t_traj:  8230219.9624116225
plunging! t_interp:  8230219.994918164 t_traj:  8229840.604098617
plunging! t_interp:  8230219.994918164 t_traj:  8229935.452795264
plunging! t_interp:  8230219.994918164 t_traj:  8230030.300847536
plunging! t_interp:  8230219.994918164 t_traj:  8230125.148986186
plunging! t_interp:  8230219.994918164 t_traj:  8230086.78474327
plunging! t_interp:  8230219.994918164 t_traj:  8230120.087428294
plunging! t_interp:  8230219.994918164 t_traj:  8230153.389798049
plunging! t_interp:  8230219.994918164 t_traj:  8230186.692509972
plunging! t_interp:  8230219.994918164 t_traj:  8230173.222429957
plunging! t_interp:  8230219.994918164 t_traj:  8230184.915567679
plunging! t_interp:  8230219.994918164 t_traj:  8230196.608738251
plunging! t_interp:  8230219.994918164 t_traj:  8230208.301787664
plunging! t_interp:  8230219.994918164 t_traj:  8230203.572219939
plunging! t_interp:  8230219.994918164 t_traj:  8230207.677897842
plunging! t_interp:  8230219.994918164 t_traj:  8230211.78360834
plunging! t_interp:  8230219.994918164 t_traj:  8230215.889221488
plunging! t_interp:  8230219.994918164 t_traj:  8230214.228324114
plunging! t_interp:  8230219.994918164 t_traj:  8230215.66989302
plunging! t_interp:  8230219.994918164 t_traj:  8230217.111560494
plunging! t_interp:  8230219.994918164 t_traj:  8230218.553009309
plunging! t_interp:  8230219.994918164 t_traj:  8230217.97022963
plunging! t_interp:  8230219.994918164 t_traj:  8230218.476386825
plunging! t_interp:  8230219.994918164 t_traj:  8230218.982583374
plunging! t_interp:  8230219.994918164 t_traj:  8230219.488785246
plunging! t_interp:  8230219.994918164 t_traj:  8230219.284019038
plunging! t_interp:  8230219.994918164 t_traj:  8230219.461728964
plunging! t_interp:  8230219.994918164 t_traj:  8230219.63947338
plunging! t_interp:  8230219.994918164 t_traj:  8230219.817176868
plunging! t_interp:  8230219.994918164 t_traj:  8230219.745113005
plunging! t_interp:  8230219.994918164 t_traj:  8230219.807714123
plunging! t_interp:  8230219.994918164 t_traj:  8230219.87015265
plunging! t_interp:  8230219.994918164 t_traj:  8230219.932533096
plunging! t_interp:  8230219.994918164 t_traj:  8230219.90728179
plunging! t_interp:  8230219.994918164 t_traj:  8230219.929187593
plunging! t_interp:  8230219.994918164 t_traj:  8230219.950965489
plunging! t_interp:  8230219.994918164 t_traj:  8230219.9730177345
plunging! t_interp:  8230219.994918164 t_traj:  8230219.964154535
plunging! t_interp:  8230219.994918164 t_traj:  8230219.97185323
plunging! t_interp:  8230219.994918164 t_traj:  8230219.979332589
plunging! t_interp:  8230219.994918164 t_traj:  8230219.987227565
plunging! t_interp:  8230219.994918164 t_traj:  8230219.983851466
plunging! t_interp:  8230219.994918164 t_traj:  8230219.986819405
plunging! t_interp:  8230219.994918164 t_traj:  8230219.989500182
plunging! t_interp:  8230219.994918164 t_traj:  8230219.9922019215
plunging! t_interp:  8230219.994918164 t_traj:  8230219.991137842
plunging! t_interp:  8230219.994918164 t_traj:  8230219.9920821795
plunging! t_interp:  8230219.994918164 t_traj:  8230219.992988045
plunging! t_interp:  8230219.994918164 t_traj:  8230219.993973978
plunging! t_interp:  8230219.994918164 t_traj:  8217115.748537039
plunging! t_interp:  8230219.994918164 t_traj:  8220390.349398995
plunging! t_interp:  8230219.994918164 t_traj:  8223665.923926127
plunging! t_interp:  8230219.994918164 t_traj:  8226942.472392104
plunging! t_interp:  8230219.994918164 t_traj:  8225617.067539582
plunging! t_interp:  8230219.994918164 t_traj:  8226767.619281115
plunging! t_interp:  8230219.994918164 t_traj:  8227918.2910362445
plunging! t_interp:  8230219.994918164 t_traj:  8229069.082922244
plunging! t_interp:  8230219.994918164 t_traj:  8228603.599956702
plunging! t_interp:  8230219.994918164 t_traj:  8229007.676489779
plunging! t_interp:  8230219.994918164 t_traj:  8229411.767827496
plunging! t_interp:  8230219.994918164 t_traj:  8229815.87382531
plunging! t_interp:  8230219.994918164 t_traj:  8229652.420679023
plunging! t_interp:  8230219.994918164 t_traj:  8229794.311467252
plunging! t_interp:  8230219.994918164 t_traj:  8229936.204123519
plunging! t_interp:  8230219.994918164 t_traj:  8230078.098650699
plunging! t_interp:  8230219.994918164 t_traj:  8230020.7053975975
plunging! t_interp:  8230219.994918164 t_traj:  8230070.527466984
plunging! t_interp:  8230219.994918164 t_traj:  8230120.349690851
plunging! t_interp:  8230219.994918164 t_traj:  8230170.172202192
plunging! t_interp:  8230219.994918164 t_traj:  8230150.0201107785
plunging! t_interp:  8230219.994918164 t_traj:  8230167.513768055
plunging! t_interp:  8230219.994918164 t_traj:  8230185.007516873
plunging! t_interp:  8230219.994918164 t_traj:  8230202.501156872
plunging! t_interp:  8230219.994918164 t_traj:  8230195.425349161
plunging! t_interp:  8230219.994918164 t_traj:  8230201.567724764
plunging! t_interp:  8230219.994918164 t_traj:  8230207.71015524
plunging! t_interp:  8230219.994918164 t_traj:  8230213.85254421
plunging! t_interp:  8230219.994918164 t_traj:  8230211.368077798
plunging! t_interp:  8230219.994918164 t_traj:  8230213.524763433
plunging! t_interp:  8230219.994918164 t_traj:  8230215.681252202
plunging! t_interp:  8230219.994918164 t_traj:  8230217.838233279
plunging! t_interp:  8230219.994918164 t_traj:  8230216.965878561
plunging! t_interp:  8230219.994918164 t_traj:  8230217.723164447
plunging! t_interp:  8230219.994918164 t_traj:  8230218.480433428
plunging! t_interp:  8230219.994918164 t_traj:  8230219.237629002
plunging! t_interp:  8230219.994918164 t_traj:  8230218.931375353
plunging! t_interp:  8230219.994918164 t_traj:  8230219.197270963
plunging! t_interp:  8230219.994918164 t_traj:  8230219.463144255
plunging! t_interp:  8230219.994918164 t_traj:  8230219.729029102
plunging! t_interp:  8230219.994918164 t_traj:  8230219.621464058
plunging! t_interp:  8230219.994918164 t_traj:  8230219.714878003
plunging! t_interp:  8230219.994918164 t_traj:  8230219.808203355
plunging! t_interp:  8230219.994918164 t_traj:  8230219.901263396
plunging! t_interp:  8230219.994918164 t_traj:  8230219.8638140345
plunging! t_interp:  8230219.994918164 t_traj:  8230219.896580622
plunging! t_interp:  8230219.994918164 t_traj:  8230219.929336106
plunging! t_interp:  8230219.994918164 t_traj:  8230219.962144187
plunging! t_interp:  8230219.994918164 t_traj:  8230075.301120321
plunging! t_interp:  8230219.994918164 t_traj:  8230111.466893558
plunging! t_interp:  8230219.994918164 t_traj:  8230147.637790304
plunging! t_interp:  8230219.994918164 t_traj:  8230183.813810724
plunging! t_interp:  8230219.994918164 t_traj:  8230169.180838915
plunging! t_interp:  8230219.994918164 t_traj:  8230181.883449672
plunging! t_interp:  8230219.994918164 t_traj:  8230194.586411916
plunging! t_interp:  8230219.994918164 t_traj:  8230207.2904552985
plunging! t_interp:  8230219.994918164 t_traj:  8230202.151950621
plunging! t_interp:  8230219.994918164 t_traj:  8230206.6125967605
plunging! t_interp:  8230219.994918164 t_traj:  8230211.073328701
plunging! t_interp:  8230219.994918164 t_traj:  8230215.534053558
plunging! t_interp:  8230219.994918164 t_traj:  8230213.729635104
plunging! t_interp:  8230219.994918164 t_traj:  8230215.296035091
plunging! t_interp:  8230219.994918164 t_traj:  8230216.862322322
plunging! t_interp:  8230219.994918164 t_traj:  8230218.428603633
plunging! t_interp:  8230219.994918164 t_traj:  8230217.794884445
plunging! t_interp:  8230219.994918164 t_traj:  8230218.345077308
plunging! t_interp:  8230219.994918164 t_traj:  8230218.894957789
plunging! t_interp:  8230219.994918164 t_traj:  8230219.444984492
plunging! t_interp:  8230219.994918164 t_traj:  8230219.222313269
plunging! t_interp:  8230219.994918164 t_traj:  8230219.415587617
plunging! t_interp:  8230219.994918164 t_traj:  8230219.608720976
plunging! t_interp:  8230219.994918164 t_traj:  8230219.8018267695
plunging! t_interp:  8230219.994918164 t_traj:  8230219.723734842
plunging! t_interp:  8230219.994918164 t_traj:  8230219.791248624
plunging! t_interp:  8230219.994918164 t_traj:  8230219.859342196
plunging! t_interp:  8230219.994918164 t_traj:  8230219.927137766
plunging! t_interp:  8230219.994918164 t_traj:  8230219.899701638
plunging! t_interp:  8230219.994918164 t_traj:  8230219.923475293
plunging! t_interp:  8230219.994918164 t_traj:  8230219.947311249
plunging! t_interp:  8230219.994918164 t_traj:  8230219.971150081
plunging! t_interp:  8230219.994918164 t_traj:  8230219.961460352
plunging! t_interp:  8230219.994918164 t_traj:  8230219.969856933
plunging! t_interp:  8230219.994918164 t_traj:  8230219.978203235
plunging! t_interp:  8230219.994918164 t_traj:  8230219.9863607
plunging! t_interp:  8230219.994918164 t_traj:  8230219.98287162
plunging! t_interp:  8230219.994918164 t_traj:  8230219.9861166
plunging! t_interp:  8230219.994918164 t_traj:  8230219.989082764
plunging! t_interp:  8230219.994918164 t_traj:  8230219.991981947
plunging! t_interp:  8230219.994918164 t_traj:  8230219.990802456
plunging! t_interp:  8230219.994918164 t_traj:  8230219.991617358
plunging! t_interp:  8230219.994918164 t_traj:  8230219.992861797
plunging! t_interp:  8230219.994918164 t_traj:  8230219.993903316
plunging! t_interp:  8230219.994918164 t_traj:  8230219.993464633
plunging! t_interp:  8230219.994918164 t_traj:  8230219.993818634
plunging! t_interp:  8230219.994918164 t_traj:  8230219.99420256
plunging! t_interp:  8230219.994918164 t_traj:  8230219.994550957
plunging! t_interp:  8230219.994918164 t_traj:  8228299.633882434
plunging! t_interp:  8230219.994918164 t_traj:  8226380.191504567
plunging! t_interp:  8230219.994918164 t_traj:  8224461.667200466
plunging! t_interp:  8230219.994918164 t_traj:  8222544.060219269
plunging! t_interp:  8230219.994918164 t_traj:  8229545.614616855
plunging! t_interp:  8230219.994918164 t_traj:  8228871.347644568
plunging! t_interp:  8230219.994918164 t_traj:  8228197.193976963
plunging! t_interp:  8230219.994918164 t_traj:  8227523.153548222
plunging! t_interp:  8230219.994918164 t_traj:  8229983.194157179
plunging! t_interp:  8230219.994918164 t_traj:  8229746.407370682
plunging! t_interp:  8230219.994918164 t_traj:  8229509.634542292
plunging! t_interp:  8230219.994918164 t_traj:  8229272.875685571
plunging! t_interp:  8230219.994918164 t_traj:  8230136.848076221
plunging! t_interp:  8230219.994918164 t_traj:  8230053.702877005
plunging! t_interp:  8230219.994918164 t_traj:  8229970.559487834
plunging! t_interp:  8230219.994918164 t_traj:  8229887.41752797
plunging! t_interp:  8230219.994918164 t_traj:  8230190.800253099
plunging! t_interp:  8230219.994918164 t_traj:  8230161.605826121
plunging! t_interp:  8230219.994918164 t_traj:  8230132.411576717
plunging! t_interp:  8230219.994918164 t_traj:  8230103.217526225
plunging! t_interp:  8230219.994918164 t_traj:  8230209.744088426
plunging! t_interp:  8230219.994918164 t_traj:  8230199.493302782
plunging! t_interp:  8230219.994918164 t_traj:  8230189.24247973
plunging! t_interp:  8230219.994918164 t_traj:  8230178.991805522
plunging! t_interp:  8230219.994918164 t_traj:  8230216.395657997
plunging! t_interp:  8230219.994918164 t_traj:  8230212.796427165
plunging! t_interp:  8230219.994918164 t_traj:  8230209.197100681
plunging! t_interp:  8230219.994918164 t_traj:  8230205.597886796
plunging! t_interp:  8230219.994918164 t_traj:  8230218.731173126
plunging! t_interp:  8230219.994918164 t_traj:  8230217.467418384
plunging! t_interp:  8230219.994918164 t_traj:  8230216.203610784
plunging! t_interp:  8230219.994918164 t_traj:  8230214.939827433
plunging! t_interp:  8230219.994918164 t_traj:  8230219.550914236
plunging! t_interp:  8230219.994918164 t_traj:  8230219.107454654
plunging! t_interp:  8230219.994918164 t_traj:  8230218.6637066435
plunging! t_interp:  8230219.994918164 t_traj:  8230218.21995423
plunging! t_interp:  8230219.994918164 t_traj:  8230219.83912343
plunging! t_interp:  8230219.994918164 t_traj:  8230219.684193313
plunging! t_interp:  8230219.994918164 t_traj:  8230219.527553476
plunging! t_interp:  8230219.994918164 t_traj:  8230219.371681938
plunging! t_interp:  8230219.994918164 t_traj:  8230219.940200365
plunging! t_interp:  8230219.994918164 t_traj:  8230219.88545665
plunging! t_interp:  8230219.994918164 t_traj:  8230219.830761493
plunging! t_interp:  8230219.994918164 t_traj:  8230219.775814131
plunging! t_interp:  8230219.994918164 t_traj:  8230219.975726399
plunging! t_interp:  8230219.994918164 t_traj:  8230219.956481576
plunging! t_interp:  8230219.994918164 t_traj:  8230219.9373019375
plunging! t_interp:  8230219.994918164 t_traj:  8230219.918108656
plunging! t_interp:  8230219.994918164 t_traj:  8230170.412463884
plunging! t_interp:  8230219.994918164 t_traj:  8230182.805068984
plunging! t_interp:  8230219.994918164 t_traj:  8230195.199683019
plunging! t_interp:  8230219.994918164 t_traj:  8230207.5963118775
plunging! t_interp:  8230219.994918164 t_traj:  8230202.581940989
plunging! t_interp:  8230219.994918164 t_traj:  8230206.934776084
plunging! t_interp:  8230219.994918164 t_traj:  8230211.287920076
plunging! t_interp:  8230219.994918164 t_traj:  8230215.641288092
plunging! t_interp:  8230219.994918164 t_traj:  8230213.88044168
plunging! t_interp:  8230219.994918164 t_traj:  8230215.408979756
plunging! t_interp:  8230219.994918164 t_traj:  8230216.937584139
plunging! t_interp:  8230219.994918164 t_traj:  8230218.4662583945
plunging! t_interp:  8230219.994918164 t_traj:  8230217.847985219
plunging! t_interp:  8230219.994918164 t_traj:  8230218.384697656
plunging! t_interp:  8230219.994918164 t_traj:  8230218.921431987
plunging! t_interp:  8230219.994918164 t_traj:  8230219.458186256
plunging! t_interp:  8230219.994918164 t_traj:  8230219.241035826
plunging! t_interp:  8230219.994918164 t_traj:  8230219.429546721
plunging! t_interp:  8230219.994918164 t_traj:  8230219.617974057
plunging! t_interp:  8230219.994918164 t_traj:  8230219.806482579
plunging! t_interp:  8230219.994918164 t_traj:  8230219.730102822
plunging! t_interp:  8230219.994918164 t_traj:  8230219.79644159
plunging! t_interp:  8230219.994918164 t_traj:  8230219.862575888
plunging! t_interp:  8230219.994918164 t_traj:  8230219.92874803
plunging! t_interp:  8230219.994918164 t_traj:  8230219.901974405
plunging! t_interp:  8230219.994918164 t_traj:  8230219.925219641
plunging! t_interp:  8230219.994918164 t_traj:  8230219.948450751
plunging! t_interp:  8230219.994918164 t_traj:  8230219.9716989705
plunging! t_interp:  8230219.994918164 t_traj:  8230219.962295901
plunging! t_interp:  8230219.994918164 t_traj:  8230219.97045421
plunging! t_interp:  8230219.994918164 t_traj:  8230219.978648273
plunging! t_interp:  8230219.994918164 t_traj:  8230219.986767066
plunging! t_interp:  8230219.994918164 t_traj:  8230219.983453359
plunging! t_interp:  8230219.994918164 t_traj:  8230219.986326112
plunging! t_interp:  8230219.994918164 t_traj:  8230219.989191871
plunging! t_interp:  8230219.994918164 t_traj:  8230219.9920611065
plunging! t_interp:  8230219.994918164 t_traj:  8230219.990579625
plunging! t_interp:  8230219.994918164 t_traj:  8230219.991853889
plunging! t_interp:  8230219.994918164 t_traj:  8230219.992952275
plunging! t_interp:  8230219.994918164 t_traj:  8230219.993953066
plunging! t_interp:  8230219.994918164 t_traj:  8230219.993492705
plunging! t_interp:  8230219.994918164 t_traj:  8230219.993900474
plunging! t_interp:  8230219.994918164 t_traj:  8230219.994188174
plunging! t_interp:  8230219.994918164 t_traj:  8230219.994261892
plunging! t_interp:  8230219.994918164 t_traj:  8230219.994418156
plunging! t_interp:  8230219.994918164 t_traj:  8230219.99454589
plunging! t_interp:  8230219.994918164 t_traj:  8230219.994665942
plunging! t_interp:  8230219.994918164 t_traj:  8230219.994798322
Time taken to compute stable deltas is 100.16795706748962 seconds
calculating Fisher matrix...
plunging! t_interp:  8230219.994918164 t_traj:  8230219.464199278
plunging! t_interp:  8230219.994918164 t_traj:  8230219.596897528
plunging! t_interp:  8230219.994918164 t_traj:  8230219.7295691
plunging! t_interp:  8230219.994918164 t_traj:  8230219.862282358
plunging! t_interp:  8230219.994918164 t_traj:  8230219.8071794
plunging! t_interp:  8230219.994918164 t_traj:  8230219.619476441
plunging! t_interp:  8230219.994918164 t_traj:  8230219.431685924
plunging! t_interp:  8230219.994918164 t_traj:  8230219.243921959
plunging! t_interp:  8230219.994918164 t_traj:  8230219.745113005
plunging! t_interp:  8230219.994918164 t_traj:  8230219.807714123
plunging! t_interp:  8230219.994918164 t_traj:  8230219.87015265
plunging! t_interp:  8230219.994918164 t_traj:  8230219.932533096
plunging! t_interp:  8230219.994918164 t_traj:  8230216.965878561
plunging! t_interp:  8230219.994918164 t_traj:  8230217.723164447
plunging! t_interp:  8230219.994918164 t_traj:  8230218.480433428
plunging! t_interp:  8230219.994918164 t_traj:  8230219.237629002
plunging! t_interp:  8230219.994918164 t_traj:  8230219.222313269
plunging! t_interp:  8230219.994918164 t_traj:  8230219.415587617
plunging! t_interp:  8230219.994918164 t_traj:  8230219.608720976
plunging! t_interp:  8230219.994918164 t_traj:  8230219.8018267695
plunging! t_interp:  8230219.994918164 t_traj:  8230219.83912343
plunging! t_interp:  8230219.994918164 t_traj:  8230219.684193313
plunging! t_interp:  8230219.994918164 t_traj:  8230219.527553476
plunging! t_interp:  8230219.994918164 t_traj:  8230219.371681938
plunging! t_interp:  8230219.994918164 t_traj:  8230219.241035826
plunging! t_interp:  8230219.994918164 t_traj:  8230219.429546721
plunging! t_interp:  8230219.994918164 t_traj:  8230219.617974057
plunging! t_interp:  8230219.994918164 t_traj:  8230219.806482579
Finished derivatives
Calculated Fisher is *atleast* positive-definite.
Time taken to compute FM is 8.990802526473999 seconds
    CV from_NMdev#2 it   0 lam=1.5e+02 ov=0.9966212 chi2=7.889e+02 rel=8.8e-05
Body is not plunging, Fisher should be stable.
waveform shape: (3, 6311629)
Computing SNR for parameters: (np.float64(1001219.4286305136), np.float64(4979.138439839598), np.float64(0.7039663668139897), np.float64(24.968221463158557), np.float64(0.2504803226795597), 1.0, 12.0, np.float64(0.7859946936685014), np.float64(1.0033522948014173), 1.0, 1.0471975511965976, np.float64(1.02141374413313), 0.5, np.float64(0.2997685403271803), 0.95, False, False, False, True, np.float64(-3.182308416043379), np.float64(0.10492467602132745), 0.0, 0.0)
Waveform Generated. SNR: 341.470722338622
calculating Fisher matrix...
plunging! t_interp:  8230219.998089412 t_traj:  8230219.467407899
plunging! t_interp:  8230219.998089412 t_traj:  8230219.60006931
plunging! t_interp:  8230219.998089412 t_traj:  8230219.73274043
plunging! t_interp:  8230219.998089412 t_traj:  8230219.86544538
plunging! t_interp:  8230219.998089412 t_traj:  8230219.810360743
plunging! t_interp:  8230219.998089412 t_traj:  8230219.622624743
plunging! t_interp:  8230219.998089412 t_traj:  8230219.434891537
plunging! t_interp:  8230219.998089412 t_traj:  8230219.24711818
plunging! t_interp:  8230219.998089412 t_traj:  8230219.748472308
plunging! t_interp:  8230219.998089412 t_traj:  8230219.810900987
plunging! t_interp:  8230219.998089412 t_traj:  8230219.873301045
plunging! t_interp:  8230219.998089412 t_traj:  8230219.935716602
plunging! t_interp:  8230219.998089412 t_traj:  8230216.969097266
plunging! t_interp:  8230219.998089412 t_traj:  8230217.726290556
plunging! t_interp:  8230219.998089412 t_traj:  8230218.483581316
plunging! t_interp:  8230219.998089412 t_traj:  8230219.240535572
plunging! t_interp:  8230219.998089412 t_traj:  8230219.225738264
plunging! t_interp:  8230219.998089412 t_traj:  8230219.418806295
plunging! t_interp:  8230219.998089412 t_traj:  8230219.611939121
plunging! t_interp:  8230219.998089412 t_traj:  8230219.805005525
plunging! t_interp:  8230219.998089412 t_traj:  8230219.842335631
plunging! t_interp:  8230219.998089412 t_traj:  8230219.686513343
plunging! t_interp:  8230219.998089412 t_traj:  8230219.530430026
plunging! t_interp:  8230219.998089412 t_traj:  8230219.374893063
plunging! t_interp:  8230219.998089412 t_traj:  8230219.244063416
plunging! t_interp:  8230219.998089412 t_traj:  8230219.432718194
plunging! t_interp:  8230219.998089412 t_traj:  8230219.621184497
plunging! t_interp:  8230219.998089412 t_traj:  8230219.809386234
Finished derivatives
Calculated Fisher is *atleast* positive-definite.
Time taken to compute FM is 9.701211929321289 seconds
    CV from_NMdev#2 it   1 lam=4.1e+02 ov=0.9966215 chi2=7.888e+02 rel=2.5e-05
Body is not plunging, Fisher should be stable.
waveform shape: (3, 6311629)
Computing SNR for parameters: (np.float64(1001219.4286375028), np.float64(4979.138439755535), np.float64(0.7039663669333137), np.float64(24.968221463249797), np.float64(0.2504803227265253), 1.0, 12.0, np.float64(0.7859947163469604), np.float64(1.0033521241458285), 1.0, 1.0471975511965976, np.float64(1.021413757646614), 0.5, np.float64(0.2997754167438015), 0.95, False, False, False, True, np.float64(-3.182308392534776), np.float64(0.1049247267465375), 0.0, 0.0)
Waveform Generated. SNR: 341.4707194446339
calculating Fisher matrix...
plunging! t_interp:  8230219.998911124 t_traj:  8230219.468198942
plunging! t_interp:  8230219.998911124 t_traj:  8230219.600871714
plunging! t_interp:  8230219.998911124 t_traj:  8230219.733565573
plunging! t_interp:  8230219.998911124 t_traj:  8230219.86625532
plunging! t_interp:  8230219.998911124 t_traj:  8230219.811173957
plunging! t_interp:  8230219.998911124 t_traj:  8230219.623428705
plunging! t_interp:  8230219.998911124 t_traj:  8230219.43569069
plunging! t_interp:  8230219.998911124 t_traj:  8230219.247942416
plunging! t_interp:  8230219.998911124 t_traj:  8230219.749303457
plunging! t_interp:  8230219.998911124 t_traj:  8230219.811663139
plunging! t_interp:  8230219.998911124 t_traj:  8230219.874104662
plunging! t_interp:  8230219.998911124 t_traj:  8230219.936501846
plunging! t_interp:  8230219.998911124 t_traj:  8230216.96984855
plunging! t_interp:  8230219.998911124 t_traj:  8230217.727109333
plunging! t_interp:  8230219.998911124 t_traj:  8230218.484394254
plunging! t_interp:  8230219.998911124 t_traj:  8230219.241646592
plunging! t_interp:  8230219.998911124 t_traj:  8230219.226510317
plunging! t_interp:  8230219.998911124 t_traj:  8230219.419590764
plunging! t_interp:  8230219.998911124 t_traj:  8230219.612680322
plunging! t_interp:  8230219.998911124 t_traj:  8230219.805784655
plunging! t_interp:  8230219.998911124 t_traj:  8230219.843144181
plunging! t_interp:  8230219.998911124 t_traj:  8230219.687295608
plunging! t_interp:  8230219.998911124 t_traj:  8230219.531493205
plunging! t_interp:  8230219.998911124 t_traj:  8230219.375693851
plunging! t_interp:  8230219.998911124 t_traj:  8230219.245074924
plunging! t_interp:  8230219.998911124 t_traj:  8230219.433204526
plunging! t_interp:  8230219.998911124 t_traj:  8230219.621992184
plunging! t_interp:  8230219.998911124 t_traj:  8230219.8104737485
Finished derivatives
Calculated Fisher is *atleast* positive-definite.
Time taken to compute FM is 9.722044706344604 seconds
    CV from_NMdev#2 it   2 lam=1.1e+03 ov=0.9966216 chi2=7.888e+02 rel=9.6e-06
Body is not plunging, Fisher should be stable.
waveform shape: (3, 6311629)
Computing SNR for parameters: (np.float64(1001219.4286401183), np.float64(4979.138439724071), np.float64(0.7039663669779836), np.float64(24.968221463283946), np.float64(0.2504803227440893), 1.0, 12.0, np.float64(0.7859947250590915), np.float64(1.003352060208234), 1.0, 1.0471975511965976, np.float64(1.021413763712848), 0.5, np.float64(0.2997779950858538), 0.95, False, False, False, True, np.float64(-3.182308383728863), np.float64(0.10492474571762461), 0.0, 0.0)
Waveform Generated. SNR: 341.4707183101879
calculating Fisher matrix...
plunging! t_interp:  8230219.999211509 t_traj:  8230219.4685009755
plunging! t_interp:  8230219.999211509 t_traj:  8230219.601198106
plunging! t_interp:  8230219.999211509 t_traj:  8230219.733843506
plunging! t_interp:  8230219.999211509 t_traj:  8230219.866538625
plunging! t_interp:  8230219.999211509 t_traj:  8230219.811453173
plunging! t_interp:  8230219.999211509 t_traj:  8230219.623720497
plunging! t_interp:  8230219.999211509 t_traj:  8230219.435957729
plunging! t_interp:  8230219.999211509 t_traj:  8230219.24791177
plunging! t_interp:  8230219.999211509 t_traj:  8230219.749598402
plunging! t_interp:  8230219.999211509 t_traj:  8230219.811997982
plunging! t_interp:  8230219.999211509 t_traj:  8230219.874398304
plunging! t_interp:  8230219.999211509 t_traj:  8230219.936845192
plunging! t_interp:  8230219.999211509 t_traj:  8230216.970146742
plunging! t_interp:  8230219.999211509 t_traj:  8230217.727432159
plunging! t_interp:  8230219.999211509 t_traj:  8230218.484679176
plunging! t_interp:  8230219.999211509 t_traj:  8230219.241948264
plunging! t_interp:  8230219.999211509 t_traj:  8230219.226806681
plunging! t_interp:  8230219.999211509 t_traj:  8230219.419907099
plunging! t_interp:  8230219.999211509 t_traj:  8230219.612998191
plunging! t_interp:  8230219.999211509 t_traj:  8230219.806105841
plunging! t_interp:  8230219.999211509 t_traj:  8230219.843417773
plunging! t_interp:  8230219.999211509 t_traj:  8230219.687579969
plunging! t_interp:  8230219.999211509 t_traj:  8230219.53159123
plunging! t_interp:  8230219.999211509 t_traj:  8230219.375980293
plunging! t_interp:  8230219.999211509 t_traj:  8230219.245346766
plunging! t_interp:  8230219.999211509 t_traj:  8230219.433861254
plunging! t_interp:  8230219.999211509 t_traj:  8230219.622285061
plunging! t_interp:  8230219.999211509 t_traj:  8230219.810744796
Finished derivatives
Calculated Fisher is *atleast* positive-definite.
Time taken to compute FM is 9.78670048713684 seconds
    CV from_NMdev#2 it   3 lam=7.3e+02 ov=0.9966216 chi2=7.888e+02 rel=1.5e-05
Body is not plunging, Fisher should be stable.
waveform shape: (3, 6311629)
Computing SNR for parameters: (np.float64(1001219.4286440294), np.float64(4979.138439677007), np.float64(0.7039663670448018), np.float64(24.96822146335046), np.float64(0.2504803227703265), 1.0, 12.0, np.float64(0.7859947386196425), np.float64(1.0033519642532895), 1.0, 1.0471975511965976, np.float64(1.021413775086527), 0.5, np.float64(0.299781862052587), 0.95, False, False, False, True, np.float64(-3.1823083705713002), np.float64(0.1049247740491168), 0.0, 0.0)
Waveform Generated. SNR: 341.470701424708
calculating Fisher matrix...
plunging! t_interp:  8230219.999675436 t_traj:  8230219.468975498
plunging! t_interp:  8230219.999675436 t_traj:  8230219.601644891
plunging! t_interp:  8230219.999675436 t_traj:  8230219.734289143
plunging! t_interp:  8230219.999675436 t_traj:  8230219.8669978
plunging! t_interp:  8230219.999675436 t_traj:  8230219.811943985
plunging! t_interp:  8230219.999675436 t_traj:  8230219.624230409
plunging! t_interp:  8230219.999675436 t_traj:  8230219.436448396
plunging! t_interp:  8230219.999675436 t_traj:  8230219.248749263
plunging! t_interp:  8230219.999675436 t_traj:  8230219.750079425
plunging! t_interp:  8230219.999675436 t_traj:  8230219.812485542
plunging! t_interp:  8230219.999675436 t_traj:  8230219.874867562
plunging! t_interp:  8230219.999675436 t_traj:  8230219.937273492
plunging! t_interp:  8230219.999675436 t_traj:  8230216.970600221
plunging! t_interp:  8230219.999675436 t_traj:  8230217.7279009335
plunging! t_interp:  8230219.999675436 t_traj:  8230218.485117743
plunging! t_interp:  8230219.999675436 t_traj:  8230219.242427554
plunging! t_interp:  8230219.999675436 t_traj:  8230219.227269695
plunging! t_interp:  8230219.999675436 t_traj:  8230219.420359679
plunging! t_interp:  8230219.999675436 t_traj:  8230219.613477595
plunging! t_interp:  8230219.999675436 t_traj:  8230219.806580423
plunging! t_interp:  8230219.999675436 t_traj:  8230219.843862541
plunging! t_interp:  8230219.999675436 t_traj:  8230219.68780328
plunging! t_interp:  8230219.999675436 t_traj:  8230219.532251101
plunging! t_interp:  8230219.999675436 t_traj:  8230219.376461057
plunging! t_interp:  8230219.999675436 t_traj:  8230219.245829017
plunging! t_interp:  8230219.999675436 t_traj:  8230219.434268987
plunging! t_interp:  8230219.999675436 t_traj:  8230219.62273806
plunging! t_interp:  8230219.999675436 t_traj:  8230219.811221806
Finished derivatives
Calculated Fisher is *atleast* positive-definite.
Time taken to compute FM is 9.827728271484375 seconds
    CV from_NMdev#2 it   4 lam=8.6e+03 ov=0.9966217 chi2=7.888e+02 rel=6.0e-07
Body is not plunging, Fisher should be stable.
waveform shape: (3, 6311629)
Computing SNR for parameters: (np.float64(1001219.4286454944), np.float64(4979.1384396594185), np.float64(0.7039663670698346), np.float64(24.96822146337538), np.float64(0.25048032278015153), 1.0, 12.0, np.float64(0.7859947437883429), np.float64(1.0033519282678496), 1.0, 1.0471975511965976, np.float64(1.0214137796587206), 0.5, np.float64(0.29978331199132924), 0.95, False, False, False, True, np.float64(-3.182308365638474), np.float64(0.1049247846570733), 0.0, 0.0)
Waveform Generated. SNR: 341.4707121535739
calculating stable deltas...
plunging! t_interp:  8230219.9998360975 t_traj:  8223678.438457753
plunging! t_interp:  8230219.9998360975 t_traj:  8225313.584989773
plunging! t_interp:  8230219.9998360975 t_traj:  8226948.894052291
plunging! t_interp:  8230219.9998360975 t_traj:  8228584.36568092
plunging! t_interp:  8230219.9998360975 t_traj:  8227922.835922513
plunging! t_interp:  8230219.9998360975 t_traj:  8228497.096539066
plunging! t_interp:  8230219.9998360975 t_traj:  8229071.377787726
plunging! t_interp:  8230219.9998360975 t_traj:  8229645.678849665
plunging! t_interp:  8230219.9998360975 t_traj:  8229413.385038263
plunging! t_interp:  8230219.9998360975 t_traj:  8229615.035043905
plunging! t_interp:  8230219.9998360975 t_traj:  8229816.687415637
plunging! t_interp:  8230219.9998360975 t_traj:  8230018.342413794
plunging! t_interp:  8230219.9998360975 t_traj:  8229936.777421478
plunging! t_interp:  8230219.9998360975 t_traj:  8230007.582582433
plunging! t_interp:  8230219.9998360975 t_traj:  8230078.388069851
plunging! t_interp:  8230219.9998360975 t_traj:  8230149.1938213045
plunging! t_interp:  8230219.9998360975 t_traj:  8230120.5544849485
plunging! t_interp:  8230219.9998360975 t_traj:  8230145.415795982
plunging! t_interp:  8230219.9998360975 t_traj:  8230170.277087557
plunging! t_interp:  8230219.9998360975 t_traj:  8230195.138472864
plunging! t_interp:  8230219.9998360975 t_traj:  8230185.082590366
plunging! t_interp:  8230219.9998360975 t_traj:  8230193.811898961
plunging! t_interp:  8230219.9998360975 t_traj:  8230202.541208823
plunging! t_interp:  8230219.9998360975 t_traj:  8230211.27051921
plunging! t_interp:  8230219.9998360975 t_traj:  8230207.739401667
plunging! t_interp:  8230219.9998360975 t_traj:  8230210.804734882
plunging! t_interp:  8230219.9998360975 t_traj:  8230213.869776076
plunging! t_interp:  8230219.9998360975 t_traj:  8230216.9348223
plunging! t_interp:  8230219.9998360975 t_traj:  8230215.694889469
plunging! t_interp:  8230219.9998360975 t_traj:  8230216.771277234
plunging! t_interp:  8230219.9998360975 t_traj:  8230217.847456043
plunging! t_interp:  8230219.9998360975 t_traj:  8230218.923629737
plunging! t_interp:  8230219.9998360975 t_traj:  8230218.488353453
plunging! t_interp:  8230219.9998360975 t_traj:  8230218.866205356
plunging! t_interp:  8230219.9998360975 t_traj:  8230219.244149039
plunging! t_interp:  8230219.9998360975 t_traj:  8230219.6220159745
plunging! t_interp:  8230219.9998360975 t_traj:  8230219.469116641
plunging! t_interp:  8230219.9998360975 t_traj:  8230219.601810775
plunging! t_interp:  8230219.9998360975 t_traj:  8230219.734360341
plunging! t_interp:  8230219.9998360975 t_traj:  8230219.867141112
plunging! t_interp:  8230219.9998360975 t_traj:  8230219.81426738
plunging! t_interp:  8230219.9998360975 t_traj:  8230219.860115384
plunging! t_interp:  8230219.9998360975 t_traj:  8230219.906677433
plunging! t_interp:  8230219.9998360975 t_traj:  8230219.95404897
plunging! t_interp:  8230219.9998360975 t_traj:  8230219.934429481
plunging! t_interp:  8230219.9998360975 t_traj:  8230219.950784324
plunging! t_interp:  8230219.9998360975 t_traj:  8230219.967140879
plunging! t_interp:  8230219.9998360975 t_traj:  8230219.983508812
plunging! t_interp:  8230219.9998360975 t_traj:  8229407.387714876
plunging! t_interp:  8230219.9998360975 t_traj:  8228594.937950338
plunging! t_interp:  8230219.9998360975 t_traj:  8227782.650757842
plunging! t_interp:  8230219.9998360975 t_traj:  8226970.5259392625
plunging! t_interp:  8230219.9998360975 t_traj:  8229934.65762466
plunging! t_interp:  8230219.9998360975 t_traj:  8229649.33541481
plunging! t_interp:  8230219.9998360975 t_traj:  8229364.033280954
plunging! t_interp:  8230219.9998360975 t_traj:  8229078.751145418
plunging! t_interp:  8230219.9998360975 t_traj:  8230119.8084507715
plunging! t_interp:  8230219.9998360975 t_traj:  8230019.619473768
plunging! t_interp:  8230219.9998360975 t_traj:  8229919.433010064
plunging! t_interp:  8230219.9998360975 t_traj:  8229819.249014866
plunging! t_interp:  8230219.9998360975 t_traj:  8230184.820431916
plunging! t_interp:  8230219.9998360975 t_traj:  8230149.641352223
plunging! t_interp:  8230219.9998360975 t_traj:  8230114.462275386
plunging! t_interp:  8230219.9998360975 t_traj:  8230079.28406562
plunging! t_interp:  8230219.9998360975 t_traj:  8230207.647628737
plunging! t_interp:  8230219.9998360975 t_traj:  8230195.295460916
plunging! t_interp:  8230219.9998360975 t_traj:  8230182.943359965
plunging! t_interp:  8230219.9998360975 t_traj:  8230170.591265569
plunging! t_interp:  8230219.9998360975 t_traj:  8230215.662757978
plunging! t_interp:  8230219.9998360975 t_traj:  8230211.325657329
plunging! t_interp:  8230219.9998360975 t_traj:  8230206.988556973
plunging! t_interp:  8230219.9998360975 t_traj:  8230202.651469294
plunging! t_interp:  8230219.9998360975 t_traj:  8230218.47700714
plunging! t_interp:  8230219.9998360975 t_traj:  8230216.954202867
plunging! t_interp:  8230219.9998360975 t_traj:  8230215.431339522
plunging! t_interp:  8230219.9998360975 t_traj:  8230213.908496788
plunging! t_interp:  8230219.9998360975 t_traj:  8230219.465161709
plunging! t_interp:  8230219.9998360975 t_traj:  8230218.930447546
plunging! t_interp:  8230219.9998360975 t_traj:  8230218.395753637
plunging! t_interp:  8230219.9998360975 t_traj:  8230217.861065484
plunging! t_interp:  8230219.9998360975 t_traj:  8230219.812109082
plunging! t_interp:  8230219.9998360975 t_traj:  8230219.624170576
plunging! t_interp:  8230219.9998360975 t_traj:  8230219.436484736
plunging! t_interp:  8230219.9998360975 t_traj:  8230219.24880951
plunging! t_interp:  8230219.9998360975 t_traj:  8230219.933924048
plunging! t_interp:  8230219.9998360975 t_traj:  8230219.867875949
plunging! t_interp:  8230219.9998360975 t_traj:  8230219.802101345
plunging! t_interp:  8230219.9998360975 t_traj:  8230219.736154874
plunging! t_interp:  8230219.9998360975 t_traj:  8230219.97748893
plunging! t_interp:  8230219.9998360975 t_traj:  8230219.953557356
plunging! t_interp:  8230219.9998360975 t_traj:  8230219.93043527
plunging! t_interp:  8230219.9998360975 t_traj:  8230219.907273708
plunging! t_interp:  8230219.9998360975 t_traj:  8230219.991739033
plunging! t_interp:  8230219.9998360975 t_traj:  8230219.98360132
plunging! t_interp:  8230219.9998360975 t_traj:  8230219.975474983
plunging! t_interp:  8230219.9998360975 t_traj:  8230219.967350186
plunging! t_interp:  8230219.9998360975 t_traj:  8229840.609036617
plunging! t_interp:  8230219.9998360975 t_traj:  8229935.457545253
plunging! t_interp:  8230219.9998360975 t_traj:  8230030.305775284
plunging! t_interp:  8230219.9998360975 t_traj:  8230125.153151533
plunging! t_interp:  8230219.9998360975 t_traj:  8230086.789675036
plunging! t_interp:  8230219.9998360975 t_traj:  8230120.092348545
plunging! t_interp:  8230219.9998360975 t_traj:  8230153.394909693
plunging! t_interp:  8230219.9998360975 t_traj:  8230186.69743998
plunging! t_interp:  8230219.9998360975 t_traj:  8230173.227350329
plunging! t_interp:  8230219.9998360975 t_traj:  8230184.920534072
plunging! t_interp:  8230219.9998360975 t_traj:  8230196.613617129
plunging! t_interp:  8230219.9998360975 t_traj:  8230208.306600466
plunging! t_interp:  8230219.9998360975 t_traj:  8230203.5771379
plunging! t_interp:  8230219.9998360975 t_traj:  8230207.682828147
plunging! t_interp:  8230219.9998360975 t_traj:  8230211.788500307
plunging! t_interp:  8230219.9998360975 t_traj:  8230215.8941588355
plunging! t_interp:  8230219.9998360975 t_traj:  8230214.233561105
plunging! t_interp:  8230219.9998360975 t_traj:  8230215.675071003
plunging! t_interp:  8230219.9998360975 t_traj:  8230217.1166377915
plunging! t_interp:  8230219.9998360975 t_traj:  8230218.5582470335
plunging! t_interp:  8230219.9998360975 t_traj:  8230217.975213034
plunging! t_interp:  8230219.9998360975 t_traj:  8230218.481327578
plunging! t_interp:  8230219.9998360975 t_traj:  8230218.987475163
plunging! t_interp:  8230219.9998360975 t_traj:  8230219.493726735
plunging! t_interp:  8230219.9998360975 t_traj:  8230219.2889668215
plunging! t_interp:  8230219.9998360975 t_traj:  8230219.466646803
plunging! t_interp:  8230219.9998360975 t_traj:  8230219.644445212
plunging! t_interp:  8230219.9998360975 t_traj:  8230219.821837705
plunging! t_interp:  8230219.9998360975 t_traj:  8230219.750099614
plunging! t_interp:  8230219.9998360975 t_traj:  8230219.812442291
plunging! t_interp:  8230219.9998360975 t_traj:  8230219.875049197
plunging! t_interp:  8230219.9998360975 t_traj:  8230219.937440903
plunging! t_interp:  8230219.9998360975 t_traj:  8230219.912209958
plunging! t_interp:  8230219.9998360975 t_traj:  8230219.934084228
plunging! t_interp:  8230219.9998360975 t_traj:  8230219.956000203
plunging! t_interp:  8230219.9998360975 t_traj:  8230219.977968656
plunging! t_interp:  8230219.9998360975 t_traj:  8230219.969082636
plunging! t_interp:  8230219.9998360975 t_traj:  8230219.9767773
plunging! t_interp:  8230219.9998360975 t_traj:  8230219.984454723
plunging! t_interp:  8230219.9998360975 t_traj:  8230219.992165713
plunging! t_interp:  8230219.9998360975 t_traj:  8230219.98875382
plunging! t_interp:  8230219.9998360975 t_traj:  8230219.991687109
plunging! t_interp:  8230219.9998360975 t_traj:  8230219.994446836
plunging! t_interp:  8230219.9998360975 t_traj:  8230219.997193064
plunging! t_interp:  8230219.9998360975 t_traj:  8230219.996033768
plunging! t_interp:  8230219.9998360975 t_traj:  8230219.996954545
plunging! t_interp:  8230219.9998360975 t_traj:  8230219.997958125
plunging! t_interp:  8230219.9998360975 t_traj:  8230219.998905446
plunging! t_interp:  8230219.9998360975 t_traj:  8217115.753488388
plunging! t_interp:  8230219.9998360975 t_traj:  8220390.354286495
plunging! t_interp:  8230219.9998360975 t_traj:  8223665.928841981
plunging! t_interp:  8230219.9998360975 t_traj:  8226942.477200312
plunging! t_interp:  8230219.9998360975 t_traj:  8225617.072493736
plunging! t_interp:  8230219.9998360975 t_traj:  8226767.624177644
plunging! t_interp:  8230219.9998360975 t_traj:  8227918.295966508
plunging! t_interp:  8230219.9998360975 t_traj:  8229069.087854849
plunging! t_interp:  8230219.9998360975 t_traj:  8228603.6045869505
plunging! t_interp:  8230219.9998360975 t_traj:  8229007.681409536
plunging! t_interp:  8230219.9998360975 t_traj:  8229411.772748071
plunging! t_interp:  8230219.9998360975 t_traj:  8229815.878898698
plunging! t_interp:  8230219.9998360975 t_traj:  8229652.425600884
plunging! t_interp:  8230219.9998360975 t_traj:  8229794.3163926
plunging! t_interp:  8230219.9998360975 t_traj:  8229936.209055874
plunging! t_interp:  8230219.9998360975 t_traj:  8230078.103542844
plunging! t_interp:  8230219.9998360975 t_traj:  8230020.71033601
plunging! t_interp:  8230219.9998360975 t_traj:  8230070.532379412
plunging! t_interp:  8230219.9998360975 t_traj:  8230120.354667787
plunging! t_interp:  8230219.9998360975 t_traj:  8230170.176925799
plunging! t_interp:  8230219.9998360975 t_traj:  8230150.025105102
plunging! t_interp:  8230219.9998360975 t_traj:  8230167.518726101
plunging! t_interp:  8230219.9998360975 t_traj:  8230185.012404083
plunging! t_interp:  8230219.9998360975 t_traj:  8230202.506088388
plunging! t_interp:  8230219.9998360975 t_traj:  8230195.430325666
plunging! t_interp:  8230219.9998360975 t_traj:  8230201.572671067
plunging! t_interp:  8230219.9998360975 t_traj:  8230207.7150406735
plunging! t_interp:  8230219.9998360975 t_traj:  8230213.857494292
plunging! t_interp:  8230219.9998360975 t_traj:  8230211.37286904
plunging! t_interp:  8230219.9998360975 t_traj:  8230213.529741915
plunging! t_interp:  8230219.9998360975 t_traj:  8230215.6861629365
plunging! t_interp:  8230219.9998360975 t_traj:  8230217.843117459
plunging! t_interp:  8230219.9998360975 t_traj:  8230216.970812245
plunging! t_interp:  8230219.9998360975 t_traj:  8230217.728104791
plunging! t_interp:  8230219.9998360975 t_traj:  8230218.485325915
plunging! t_interp:  8230219.9998360975 t_traj:  8230219.242575109
plunging! t_interp:  8230219.9998360975 t_traj:  8230218.936330181
plunging! t_interp:  8230219.9998360975 t_traj:  8230219.202176417
plunging! t_interp:  8230219.9998360975 t_traj:  8230219.468028224
plunging! t_interp:  8230219.9998360975 t_traj:  8230219.733926048
plunging! t_interp:  8230219.9998360975 t_traj:  8230219.626404678
plunging! t_interp:  8230219.9998360975 t_traj:  8230219.71976669
plunging! t_interp:  8230219.9998360975 t_traj:  8230219.813138282
plunging! t_interp:  8230219.9998360975 t_traj:  8230219.906182124
plunging! t_interp:  8230219.9998360975 t_traj:  8230219.868707571
plunging! t_interp:  8230219.9998360975 t_traj:  8230219.901501821
plunging! t_interp:  8230219.9998360975 t_traj:  8230219.934295547
plunging! t_interp:  8230219.9998360975 t_traj:  8230219.967065964
plunging! t_interp:  8230219.9998360975 t_traj:  8230075.3060499355
plunging! t_interp:  8230219.9998360975 t_traj:  8230111.47182482
plunging! t_interp:  8230219.9998360975 t_traj:  8230147.64272057
plunging! t_interp:  8230219.9998360975 t_traj:  8230183.818684559
plunging! t_interp:  8230219.9998360975 t_traj:  8230169.186620066
plunging! t_interp:  8230219.9998360975 t_traj:  8230181.888341391
plunging! t_interp:  8230219.9998360975 t_traj:  8230194.591545634
plunging! t_interp:  8230219.9998360975 t_traj:  8230207.295387322
plunging! t_interp:  8230219.9998360975 t_traj:  8230202.156907358
plunging! t_interp:  8230219.9998360975 t_traj:  8230206.617320704
plunging! t_interp:  8230219.9998360975 t_traj:  8230211.078258383
plunging! t_interp:  8230219.9998360975 t_traj:  8230215.538996484
plunging! t_interp:  8230219.9998360975 t_traj:  8230213.734738959
plunging! t_interp:  8230219.9998360975 t_traj:  8230215.300950209
plunging! t_interp:  8230219.9998360975 t_traj:  8230216.867271645
plunging! t_interp:  8230219.9998360975 t_traj:  8230218.433528361
plunging! t_interp:  8230219.9998360975 t_traj:  8230217.800012547
plunging! t_interp:  8230219.9998360975 t_traj:  8230218.349978926
plunging! t_interp:  8230219.9998360975 t_traj:  8230218.899918467
plunging! t_interp:  8230219.9998360975 t_traj:  8230219.449893374
plunging! t_interp:  8230219.9998360975 t_traj:  8230219.227457389
plunging! t_interp:  8230219.9998360975 t_traj:  8230219.42055046
plunging! t_interp:  8230219.9998360975 t_traj:  8230219.613648808
plunging! t_interp:  8230219.9998360975 t_traj:  8230219.806782784
plunging! t_interp:  8230219.9998360975 t_traj:  8230219.728635555
plunging! t_interp:  8230219.9998360975 t_traj:  8230219.796460942
plunging! t_interp:  8230219.9998360975 t_traj:  8230219.864253612
plunging! t_interp:  8230219.9998360975 t_traj:  8230219.932035539
plunging! t_interp:  8230219.9998360975 t_traj:  8230219.904608589
plunging! t_interp:  8230219.9998360975 t_traj:  8230219.928446661
plunging! t_interp:  8230219.9998360975 t_traj:  8230219.952208014
plunging! t_interp:  8230219.9998360975 t_traj:  8230219.976081082
plunging! t_interp:  8230219.9998360975 t_traj:  8230219.966420437
plunging! t_interp:  8230219.9998360975 t_traj:  8230219.974770094
plunging! t_interp:  8230219.9998360975 t_traj:  8230219.983142108
plunging! t_interp:  8230219.9998360975 t_traj:  8230219.9915036885
plunging! t_interp:  8230219.9998360975 t_traj:  8230219.988155761
plunging! t_interp:  8230219.9998360975 t_traj:  8230219.991042549
plunging! t_interp:  8230219.9998360975 t_traj:  8230219.993715886
plunging! t_interp:  8230219.9998360975 t_traj:  8230219.996920289
plunging! t_interp:  8230219.9998360975 t_traj:  8230219.995768249
plunging! t_interp:  8230219.9998360975 t_traj:  8230219.996746518
plunging! t_interp:  8230219.9998360975 t_traj:  8230219.997801254
plunging! t_interp:  8230219.9998360975 t_traj:  8230219.99883519
plunging! t_interp:  8230219.9998360975 t_traj:  8230219.998380635
plunging! t_interp:  8230219.9998360975 t_traj:  8230219.998762651
plunging! t_interp:  8230219.9998360975 t_traj:  8230219.999107454
plunging! t_interp:  8230219.9998360975 t_traj:  8230219.999495635
plunging! t_interp:  8230219.9998360975 t_traj:  8228299.638659547
plunging! t_interp:  8230219.9998360975 t_traj:  8226380.196618811
plunging! t_interp:  8230219.9998360975 t_traj:  8224461.672359973
plunging! t_interp:  8230219.9998360975 t_traj:  8222544.065281878
plunging! t_interp:  8230219.9998360975 t_traj:  8229545.619631638
plunging! t_interp:  8230219.9998360975 t_traj:  8228871.352649188
plunging! t_interp:  8230219.9998360975 t_traj:  8228197.199030781
plunging! t_interp:  8230219.9998360975 t_traj:  8227523.15859289
plunging! t_interp:  8230219.9998360975 t_traj:  8229983.199092545
plunging! t_interp:  8230219.9998360975 t_traj:  8229746.412340588
plunging! t_interp:  8230219.9998360975 t_traj:  8229509.639249776
plunging! t_interp:  8230219.9998360975 t_traj:  8229272.88054689
plunging! t_interp:  8230219.9998360975 t_traj:  8230136.852944805
plunging! t_interp:  8230219.9998360975 t_traj:  8230053.707845864
plunging! t_interp:  8230219.9998360975 t_traj:  8229970.564432479
plunging! t_interp:  8230219.9998360975 t_traj:  8229887.422657771
plunging! t_interp:  8230219.9998360975 t_traj:  8230190.80519408
plunging! t_interp:  8230219.9998360975 t_traj:  8230161.611488021
plunging! t_interp:  8230219.9998360975 t_traj:  8230132.416496689
plunging! t_interp:  8230219.9998360975 t_traj:  8230103.222513322
plunging! t_interp:  8230219.9998360975 t_traj:  8230209.749015066
plunging! t_interp:  8230219.9998360975 t_traj:  8230199.498203625
plunging! t_interp:  8230219.9998360975 t_traj:  8230189.247453237
plunging! t_interp:  8230219.9998360975 t_traj:  8230178.996679392
plunging! t_interp:  8230219.9998360975 t_traj:  8230216.400607662
plunging! t_interp:  8230219.9998360975 t_traj:  8230212.801358129
plunging! t_interp:  8230219.9998360975 t_traj:  8230209.202048102
plunging! t_interp:  8230219.9998360975 t_traj:  8230205.602800791
plunging! t_interp:  8230219.9998360975 t_traj:  8230218.736092248
plunging! t_interp:  8230219.9998360975 t_traj:  8230217.472340907
plunging! t_interp:  8230219.9998360975 t_traj:  8230216.208538424
plunging! t_interp:  8230219.9998360975 t_traj:  8230214.944754779
plunging! t_interp:  8230219.9998360975 t_traj:  8230219.556090368
plunging! t_interp:  8230219.9998360975 t_traj:  8230219.112383033
plunging! t_interp:  8230219.9998360975 t_traj:  8230218.668657227
plunging! t_interp:  8230219.9998360975 t_traj:  8230218.224909654
plunging! t_interp:  8230219.9998360975 t_traj:  8230219.844046791
plunging! t_interp:  8230219.9998360975 t_traj:  8230219.688228563
plunging! t_interp:  8230219.9998360975 t_traj:  8230219.532444283
plunging! t_interp:  8230219.9998360975 t_traj:  8230219.376649047
plunging! t_interp:  8230219.9998360975 t_traj:  8230219.945134963
plunging! t_interp:  8230219.9998360975 t_traj:  8230219.890454329
plunging! t_interp:  8230219.9998360975 t_traj:  8230219.835532968
plunging! t_interp:  8230219.9998360975 t_traj:  8230219.78100547
plunging! t_interp:  8230219.9998360975 t_traj:  8230219.980347852
plunging! t_interp:  8230219.9998360975 t_traj:  8230219.961132345
plunging! t_interp:  8230219.9998360975 t_traj:  8230219.942199714
plunging! t_interp:  8230219.9998360975 t_traj:  8230219.923029692
plunging! t_interp:  8230219.9998360975 t_traj:  8230170.417251237
plunging! t_interp:  8230219.9998360975 t_traj:  8230182.809905264
plunging! t_interp:  8230219.9998360975 t_traj:  8230195.204539916
plunging! t_interp:  8230219.9998360975 t_traj:  8230207.601227818
plunging! t_interp:  8230219.9998360975 t_traj:  8230202.586786624
plunging! t_interp:  8230219.9998360975 t_traj:  8230206.939691496
plunging! t_interp:  8230219.9998360975 t_traj:  8230211.292825443
plunging! t_interp:  8230219.9998360975 t_traj:  8230215.646247202
plunging! t_interp:  8230219.9998360975 t_traj:  8230213.885355799
plunging! t_interp:  8230219.9998360975 t_traj:  8230215.413909873
plunging! t_interp:  8230219.9998360975 t_traj:  8230216.942539361
plunging! t_interp:  8230219.9998360975 t_traj:  8230218.471222247
plunging! t_interp:  8230219.9998360975 t_traj:  8230217.852912876
plunging! t_interp:  8230219.9998360975 t_traj:  8230218.38963725
plunging! t_interp:  8230219.9998360975 t_traj:  8230218.926088461
plunging! t_interp:  8230219.9998360975 t_traj:  8230219.463108597
plunging! t_interp:  8230219.9998360975 t_traj:  8230219.24601152
plunging! t_interp:  8230219.9998360975 t_traj:  8230219.4344205065
plunging! t_interp:  8230219.9998360975 t_traj:  8230219.622930355
plunging! t_interp:  8230219.9998360975 t_traj:  8230219.811391778
plunging! t_interp:  8230219.9998360975 t_traj:  8230219.735199484
plunging! t_interp:  8230219.9998360975 t_traj:  8230219.8013061425
plunging! t_interp:  8230219.9998360975 t_traj:  8230219.86747788
plunging! t_interp:  8230219.9998360975 t_traj:  8230219.933671935
plunging! t_interp:  8230219.9998360975 t_traj:  8230219.906900467
plunging! t_interp:  8230219.9998360975 t_traj:  8230219.930162006
plunging! t_interp:  8230219.9998360975 t_traj:  8230219.953356985
plunging! t_interp:  8230219.9998360975 t_traj:  8230219.976549666
plunging! t_interp:  8230219.9998360975 t_traj:  8230219.967250311
plunging! t_interp:  8230219.9998360975 t_traj:  8230219.975379588
plunging! t_interp:  8230219.9998360975 t_traj:  8230219.983539634
plunging! t_interp:  8230219.9998360975 t_traj:  8230219.991666836
plunging! t_interp:  8230219.9998360975 t_traj:  8230219.98843391
plunging! t_interp:  8230219.9998360975 t_traj:  8230219.991227884
plunging! t_interp:  8230219.9998360975 t_traj:  8230219.994091395
plunging! t_interp:  8230219.9998360975 t_traj:  8230219.997018736
plunging! t_interp:  8230219.9998360975 t_traj:  8230219.995860465
plunging! t_interp:  8230219.9998360975 t_traj:  8230219.996824153
plunging! t_interp:  8230219.9998360975 t_traj:  8230219.997834836
plunging! t_interp:  8230219.9998360975 t_traj:  8230219.9985607155
plunging! t_interp:  8230219.9998360975 t_traj:  8230219.998451977
plunging! t_interp:  8230219.9998360975 t_traj:  8230219.998800118
plunging! t_interp:  8230219.9998360975 t_traj:  8230219.999148258
plunging! t_interp:  8230219.9998360975 t_traj:  8230219.999512674
plunging! t_interp:  8230219.9998360975 t_traj:  8230219.999360847
plunging! t_interp:  8230219.9998360975 t_traj:  8230219.999461429
plunging! t_interp:  8230219.9998360975 t_traj:  8230219.999578798
plunging! t_interp:  8230219.9998360975 t_traj:  8230219.999730316
Time taken to compute stable deltas is 93.85993361473083 seconds
calculating Fisher matrix...
plunging! t_interp:  8230219.9998360975 t_traj:  8230218.488353453
plunging! t_interp:  8230219.9998360975 t_traj:  8230218.866205356
plunging! t_interp:  8230219.9998360975 t_traj:  8230219.244149039
plunging! t_interp:  8230219.9998360975 t_traj:  8230219.6220159745
plunging! t_interp:  8230219.9998360975 t_traj:  8230219.933924048
plunging! t_interp:  8230219.9998360975 t_traj:  8230219.867875949
plunging! t_interp:  8230219.9998360975 t_traj:  8230219.802101345
plunging! t_interp:  8230219.9998360975 t_traj:  8230219.736154874
plunging! t_interp:  8230219.9998360975 t_traj:  8230219.750099614
plunging! t_interp:  8230219.9998360975 t_traj:  8230219.812442291
plunging! t_interp:  8230219.9998360975 t_traj:  8230219.875049197
plunging! t_interp:  8230219.9998360975 t_traj:  8230219.937440903
plunging! t_interp:  8230219.9998360975 t_traj:  8230218.936330181
plunging! t_interp:  8230219.9998360975 t_traj:  8230219.202176417
plunging! t_interp:  8230219.9998360975 t_traj:  8230219.468028224
plunging! t_interp:  8230219.9998360975 t_traj:  8230219.733926048
plunging! t_interp:  8230219.9998360975 t_traj:  8230219.728635555
plunging! t_interp:  8230219.9998360975 t_traj:  8230219.796460942
plunging! t_interp:  8230219.9998360975 t_traj:  8230219.864253612
plunging! t_interp:  8230219.9998360975 t_traj:  8230219.932035539
plunging! t_interp:  8230219.9998360975 t_traj:  8230219.556090368
plunging! t_interp:  8230219.9998360975 t_traj:  8230219.112383033
plunging! t_interp:  8230219.9998360975 t_traj:  8230218.668657227
plunging! t_interp:  8230219.9998360975 t_traj:  8230218.224909654
plunging! t_interp:  8230219.9998360975 t_traj:  8230219.967250311
plunging! t_interp:  8230219.9998360975 t_traj:  8230219.975379588
plunging! t_interp:  8230219.9998360975 t_traj:  8230219.983539634
plunging! t_interp:  8230219.9998360975 t_traj:  8230219.991666836
Finished derivatives
Calculated Fisher is *atleast* positive-definite.
Time taken to compute FM is 8.466449737548828 seconds
    CV from_NMdev#2 it   5 lam=2.9e+03 ov=0.9966217 chi2=7.888e+02 rel=8.2e-06
Body is not plunging, Fisher should be stable.
waveform shape: (3, 6311629)
Computing SNR for parameters: (np.float64(1001219.4286464943), np.float64(4979.1384396473795), np.float64(0.7039663670869168), np.float64(24.968221463388435), np.float64(0.2504803227868565), 1.0, 12.0, np.float64(0.7859947474305461), np.float64(1.003351903719604), 1.0, 1.0471975511965976, np.float64(1.0214137829084156), 0.5, np.float64(0.29978430243388254), 0.95, False, False, False, True, np.float64(-3.1823083622721438), np.float64(0.10492479189408), 0.0, 0.0)
Waveform Generated. SNR: 341.4707140400996
calculating Fisher matrix...
plunging! t_interp:  8230219.999962435 t_traj:  8230218.488475864
plunging! t_interp:  8230219.999962435 t_traj:  8230218.866356393
plunging! t_interp:  8230219.999962435 t_traj:  8230219.244203071
plunging! t_interp:  8230219.999962435 t_traj:  8230219.621825754
plunging! t_interp:  8230219.999962435 t_traj:  8230219.934049899
plunging! t_interp:  8230219.999962435 t_traj:  8230219.868135376
plunging! t_interp:  8230219.999962435 t_traj:  8230219.802181706
plunging! t_interp:  8230219.999962435 t_traj:  8230219.736300337
plunging! t_interp:  8230219.999962435 t_traj:  8230219.75033505
plunging! t_interp:  8230219.999962435 t_traj:  8230219.812739302
plunging! t_interp:  8230219.999962435 t_traj:  8230219.875140039
plunging! t_interp:  8230219.999962435 t_traj:  8230219.937565309
plunging! t_interp:  8230219.999962435 t_traj:  8230218.936395789
plunging! t_interp:  8230219.999962435 t_traj:  8230219.20228751
plunging! t_interp:  8230219.999962435 t_traj:  8230219.468189677
plunging! t_interp:  8230219.999962435 t_traj:  8230219.734117219
plunging! t_interp:  8230219.999962435 t_traj:  8230219.728747717
plunging! t_interp:  8230219.999962435 t_traj:  8230219.796602269
plunging! t_interp:  8230219.999962435 t_traj:  8230219.864055655
plunging! t_interp:  8230219.999962435 t_traj:  8230219.932203264
plunging! t_interp:  8230219.999962435 t_traj:  8230219.556196136
plunging! t_interp:  8230219.999962435 t_traj:  8230219.112533447
plunging! t_interp:  8230219.999962435 t_traj:  8230218.668767161
plunging! t_interp:  8230219.999962435 t_traj:  8230218.225036814
plunging! t_interp:  8230219.999962435 t_traj:  8230219.967322607
plunging! t_interp:  8230219.999962435 t_traj:  8230219.975522501
plunging! t_interp:  8230219.999962435 t_traj:  8230219.983651105
plunging! t_interp:  8230219.999962435 t_traj:  8230219.991833058
Finished derivatives
Calculated Fisher is *atleast* positive-definite.
Time taken to compute FM is 9.393348217010498 seconds
    CV from_NMdev#2 it   6 lam=2.6e+11 ov=0.9966217 chi2=7.888e+02 rel=1.5e-07
Body is not plunging, Fisher should be stable.
waveform shape: (3, 6311629)
Computing SNR for parameters: (np.float64(1001219.4286464943), np.float64(4979.1384396473795), np.float64(0.7039663670869168), np.float64(24.968221463388435), np.float64(0.2504803227868565), 1.0, 12.0, np.float64(0.7859947474305461), np.float64(1.0033519037196037), 1.0, 1.0471975511965976, np.float64(1.0214137829084156), 0.5, np.float64(0.2997843024338936), 0.95, False, False, False, True, np.float64(-3.1823083622721438), np.float64(0.10492479189408008), 0.0, 0.0)
Waveform Generated. SNR: 341.4707139093077
calculating Fisher matrix...
plunging! t_interp:  8230219.999964273 t_traj:  8230218.488475718
plunging! t_interp:  8230219.999964273 t_traj:  8230218.866356475
plunging! t_interp:  8230219.999964273 t_traj:  8230219.24417833
plunging! t_interp:  8230219.999964273 t_traj:  8230219.621825565
plunging! t_interp:  8230219.999964273 t_traj:  8230219.934049909
plunging! t_interp:  8230219.999964273 t_traj:  8230219.868135372
plunging! t_interp:  8230219.999964273 t_traj:  8230219.802181568
plunging! t_interp:  8230219.999964273 t_traj:  8230219.736300319
plunging! t_interp:  8230219.999964273 t_traj:  8230219.750335008
plunging! t_interp:  8230219.999964273 t_traj:  8230219.812739665
plunging! t_interp:  8230219.999964273 t_traj:  8230219.875131913
plunging! t_interp:  8230219.999964273 t_traj:  8230219.93756519
plunging! t_interp:  8230219.999964273 t_traj:  8230218.936395599
plunging! t_interp:  8230219.999964273 t_traj:  8230219.202287281
plunging! t_interp:  8230219.999964273 t_traj:  8230219.468217619
plunging! t_interp:  8230219.999964273 t_traj:  8230219.734118968
plunging! t_interp:  8230219.999964273 t_traj:  8230219.728747962
plunging! t_interp:  8230219.999964273 t_traj:  8230219.796602263
plunging! t_interp:  8230219.999964273 t_traj:  8230219.864057306
plunging! t_interp:  8230219.999964273 t_traj:  8230219.932203385
plunging! t_interp:  8230219.999964273 t_traj:  8230219.556196028
plunging! t_interp:  8230219.999964273 t_traj:  8230219.112528687
plunging! t_interp:  8230219.999964273 t_traj:  8230218.668767252
plunging! t_interp:  8230219.999964273 t_traj:  8230218.225036853
plunging! t_interp:  8230219.999964273 t_traj:  8230219.967322424
plunging! t_interp:  8230219.999964273 t_traj:  8230219.975492663
plunging! t_interp:  8230219.999964273 t_traj:  8230219.983651123
plunging! t_interp:  8230219.999964273 t_traj:  8230219.991833242
Finished derivatives
Calculated Fisher is *atleast* positive-definite.
Time taken to compute FM is 9.571154832839966 seconds
    CV from_NMdev#2 it   7 lam=2.4e+151 ov=0.9966217 chi2=7.888e+02 rel=0.0e+00
======================================================================

[idx1] --- start = from_0PA (overlap 0.9675449) ---
Body is not plunging, Fisher should be stable.
waveform shape: (3, 6311629)
Computing SNR for parameters: (np.float64(998144.092), np.float64(1001.29945), np.float64(-0.499651156), np.float64(24.9922458), np.float64(0.0998840371), 1.0, 33.992306, np.float64(1.05172816), np.float64(0.79027957), 0.628318531, 0.523598776, np.float64(6.30880364), 0.2, np.float64(0.449650077), 0.95, False, False, False, True, np.float64(0.0), np.float64(0.0), 0.0, 0.0)
Waveform Generated. SNR: 20.784008091415114
calculating stable deltas...
plunging! t_interp:  31558144.999999996 t_traj:  31531139.267603856
plunging! t_interp:  31558144.999999996 t_traj:  31545006.677180123
minimum relative error is greater than 1% for dev_2. Fisher may be unstable!
Time taken to compute stable deltas is 68.48901534080505 seconds
calculating Fisher matrix...
Finished derivatives
Calculated Fisher is *atleast* positive-definite.
Time taken to compute FM is 5.999494314193726 seconds
    CV from_0PA#1 it   0 lam=3.3e-03 ov=0.9675449 chi2=2.809e+01 rel=8.3e-06
Body is not plunging, Fisher should be stable.
waveform shape: (3, 6311629)
Computing SNR for parameters: (np.float64(998144.0903977462), np.float64(1001.2994504173075), np.float64(-0.49965114647538894), np.float64(24.99224578575013), np.float64(0.09988397412596552), 1.0, 33.992306, np.float64(1.0516907462343228), np.float64(0.7901978771264391), 0.628318531, 0.523598776, np.float64(6.309153104148636), 0.2, np.float64(0.4495470508853521), 0.95, False, False, False, True, np.float64(-2.337315779141735e-06), np.float64(0.00221894440645081), 0.0, 0.0)
Waveform Generated. SNR: 20.78457176743663
calculating Fisher matrix...
Finished derivatives
Calculated Fisher is *atleast* positive-definite.
Time taken to compute FM is 6.861276865005493 seconds
    CV from_0PA#1 it   1 lam=1.1e-03 ov=0.9675459 chi2=2.809e+01 rel=1.5e-05
Body is not plunging, Fisher should be stable.
waveform shape: (3, 6311629)
Computing SNR for parameters: (np.float64(998144.0851461149), np.float64(1001.2994489471577), np.float64(-0.4996510819888607), np.float64(24.992245744007484), np.float64(0.09988378616090432), 1.0, 33.992306, np.float64(1.05170480347225), np.float64(0.7901167427367699), 0.628318531, 0.523598776, np.float64(6.308817263263826), 0.2, np.float64(0.4489195910552578), 0.95, False, False, False, True, np.float64(3.7830483014130224e-07), np.float64(0.006073221510000745), 0.0, 0.0)
Waveform Generated. SNR: 20.785316960514322
calculating Fisher matrix...
Finished derivatives
Calculated Fisher is *atleast* positive-definite.
Time taken to compute FM is 6.8721230030059814 seconds
    CV from_0PA#1 it   2 lam=3.7e-04 ov=0.9675475 chi2=2.809e+01 rel=2.3e-05
Body is not plunging, Fisher should be stable.
waveform shape: (3, 6311629)
Computing SNR for parameters: (np.float64(998144.0710622319), np.float64(1001.2994437534692), np.float64(-0.49965087008006326), np.float64(24.992245635517257), np.float64(0.09988342152526208), 1.0, 33.992306, np.float64(1.0517301869426998), np.float64(0.7900817743687404), 0.628318531, 0.523598776, np.float64(6.307230624393154), 0.2, np.float64(0.44702862162704937), 0.95, False, False, False, True, np.float64(-1.6652348800767843e-05), np.float64(0.012314631338711284), 0.0, 0.0)
Waveform Generated. SNR: 20.78572935978698
calculating Fisher matrix...
Finished derivatives
Calculated Fisher is *atleast* positive-definite.
Time taken to compute FM is 6.671631574630737 seconds
    CV from_0PA#1 it   3 lam=3.0e-04 ov=0.9675489 chi2=2.809e+01 rel=3.8e-05
Body is not plunging, Fisher should be stable.
waveform shape: (3, 6311629)
Computing SNR for parameters: (np.float64(998144.0205014632), np.float64(1001.299436766766), np.float64(-0.49965015328692114), np.float64(24.992245229102288), np.float64(0.09988273158316785), 1.0, 33.992306, np.float64(1.0517813496653052), np.float64(0.7899827857482766), 0.628318531, 0.523598776, np.float64(6.304103483996496), 0.2, np.float64(0.44244965445963147), 0.95, False, False, False, True, np.float64(-2.384851168621852e-05), np.float64(0.028704816968910606), 0.0, 0.0)
Waveform Generated. SNR: 20.787125891593572
calculating Fisher matrix...
Finished derivatives
Calculated Fisher is *atleast* positive-definite.
Time taken to compute FM is 6.705532073974609 seconds
    CV from_0PA#1 it   4 lam=1.0e-04 ov=0.9675521 chi2=2.809e+01 rel=6.6e-05
Body is not plunging, Fisher should be stable.
waveform shape: (3, 6311629)
Computing SNR for parameters: (np.float64(998143.953581431), np.float64(1001.2994353182404), np.float64(-0.4996492977082612), np.float64(24.99224467262867), np.float64(0.09988221358940744), 1.0, 33.992306, np.float64(1.0518283248947264), np.float64(0.7899056965731668), 0.628318531, 0.523598776, np.float64(6.301410175815724), 0.2, np.float64(0.43749778191951094), 0.95, False, False, False, True, np.float64(0.00032253659255117285), np.float64(0.044784146641578856), 0.0, 0.0)
Waveform Generated. SNR: 20.78722762596789
calculating stable deltas...
plunging! t_interp:  31558144.99999999 t_traj:  31531139.616113823
plunging! t_interp:  31558144.99999999 t_traj:  31545007.02360482
Time taken to compute stable deltas is 65.91178369522095 seconds
calculating Fisher matrix...
Finished derivatives
Calculated Fisher is *atleast* positive-definite.
Time taken to compute FM is 5.976560354232788 seconds
    CV from_0PA#1 it   5 lam=3.4e-05 ov=0.9675545 chi2=2.808e+01 rel=9.2e-05
Body is not plunging, Fisher should be stable.
waveform shape: (3, 6311629)
Computing SNR for parameters: (np.float64(998143.7768983836), np.float64(1001.2993913160933), np.float64(-0.49964753482915214), np.float64(24.992243167856028), np.float64(0.0998819017573306), 1.0, 33.992306, np.float64(1.0518875487638597), np.float64(0.7898066497806189), 0.628318531, 0.523598776, np.float64(6.298226753916916), 0.2, np.float64(0.42972748433396557), 0.95, False, False, False, True, np.float64(0.0015348404735385833), np.float64(0.07563223103062822), 0.0, 0.0)
Waveform Generated. SNR: 20.787715527915477
calculating Fisher matrix...
Finished derivatives
Calculated Fisher is *atleast* positive-definite.
Time taken to compute FM is 7.387160062789917 seconds
    CV from_0PA#1 it   6 lam=1.6e-05 ov=0.9675582 chi2=2.808e+01 rel=1.3e-04
Body is not plunging, Fisher should be stable.
waveform shape: (3, 6311629)
Computing SNR for parameters: (np.float64(998143.3806980554), np.float64(1001.2990287210368), np.float64(-0.4996453281259947), np.float64(24.99223969625832), np.float64(0.0998824499985698), 1.0, 33.992306, np.float64(1.051977580044449), np.float64(0.7896967177163364), 0.628318531, 0.523598776, np.float64(6.294679492174469), 0.2, np.float64(0.42054280493204893), 0.95, False, False, False, True, np.float64(0.005087272590766816), np.float64(0.12644021836274127), 0.0, 0.0)
Waveform Generated. SNR: 20.78888176208267
calculating Fisher matrix...
Finished derivatives
Calculated Fisher is *atleast* positive-definite.
Time taken to compute FM is 7.716082334518433 seconds
    CV from_0PA#1 it   7 lam=3.2e-05 ov=0.9675640 chi2=2.808e+01 rel=7.8e-05
Body is not plunging, Fisher should be stable.
waveform shape: (3, 6311629)
Computing SNR for parameters: (np.float64(998142.9385693161), np.float64(1001.2988754628761), np.float64(-0.49964505292204003), np.float64(24.99223550441376), np.float64(0.09988382579989762), 1.0, 33.992306, np.float64(1.0520150064673361), np.float64(0.7896515963032049), 0.628318531, 0.523598776, np.float64(6.291617559535403), 0.2, np.float64(0.41728922269189994), 0.95, False, False, False, True, np.float64(0.015480620204293138), np.float64(0.16841347309775143), 0.0, 0.0)
Waveform Generated. SNR: 20.7896820959992
calculating Fisher matrix...
Finished derivatives
Calculated Fisher is *atleast* positive-definite.
Time taken to compute FM is 6.983257293701172 seconds
    CV from_0PA#1 it   8 lam=1.1e-05 ov=0.9675677 chi2=2.808e+01 rel=1.5e-04
Body is not plunging, Fisher should be stable.
waveform shape: (3, 6311629)
Computing SNR for parameters: (np.float64(998142.6367846585), np.float64(1001.2983163873647), np.float64(-0.49964450020295853), np.float64(24.992232935811163), np.float64(0.09988479256962099), 1.0, 33.992306, np.float64(1.05205780585076), np.float64(0.7896090945181047), 0.628318531, 0.523598776, np.float64(6.290134429583269), 0.2, np.float64(0.41466568351696903), 0.95, False, False, False, True, np.float64(0.017780435071299505), np.float64(0.19725103192620544), 0.0, 0.0)
Waveform Generated. SNR: 20.78905780231604
calculating Fisher matrix...
Finished derivatives
Calculated Fisher is *atleast* positive-definite.
Time taken to compute FM is 7.034330368041992 seconds
    CV from_0PA#1 it   9 lam=3.5e-06 ov=0.9675717 chi2=2.807e+01 rel=1.7e-04
Body is not plunging, Fisher should be stable.
waveform shape: (3, 6311629)
Computing SNR for parameters: (np.float64(998141.9410525352), np.float64(1001.2963684629847), np.float64(-0.4996449285449619), np.float64(24.99222743812889), np.float64(0.09988734182484811), 1.0, 33.992306, np.float64(1.0521093658540848), np.float64(0.7895604743206553), 0.628318531, 0.523598776, np.float64(6.287169942529558), 0.2, np.float64(0.4138192767072333), 0.95, False, False, False, True, np.float64(0.019935378875612104), np.float64(0.251784731184181), 0.0, 0.0)
Waveform Generated. SNR: 20.789539645489075
calculating stable deltas...
plunging! t_interp:  31558144.999999993 t_traj:  31531142.93021905
plunging! t_interp:  31558144.999999993 t_traj:  31545010.336719606
Time taken to compute stable deltas is 67.11108016967773 seconds
calculating Fisher matrix...
Finished derivatives
Calculated Fisher is *atleast* positive-definite.
Time taken to compute FM is 5.950336217880249 seconds
    CV from_0PA#1 it  10 lam=1.2e-06 ov=0.9675779 chi2=2.807e+01 rel=4.5e-04
Body is not plunging, Fisher should be stable.
waveform shape: (3, 6311629)
Computing SNR for parameters: (np.float64(998139.9040139596), np.float64(1001.2936280254467), np.float64(-0.4996483172040212), np.float64(24.99221105793108), np.float64(0.09989553532105136), 1.0, 33.992306, np.float64(1.0522213313676183), np.float64(0.7894322073948857), 0.628318531, 0.523598776, np.float64(6.279245685736459), 0.2, np.float64(0.4210856077195049), 0.95, False, False, False, True, np.float64(0.05506966233857695), np.float64(0.3981018948573934), 0.0, 0.0)
Waveform Generated. SNR: 20.79112959812778
calculating Fisher matrix...
Finished derivatives
Calculated Fisher is *atleast* positive-definite.
Time taken to compute FM is 6.96125602722168 seconds
    CV from_0PA#1 it  11 lam=3.9e-07 ov=0.9675948 chi2=2.805e+01 rel=6.2e-04
Body is not plunging, Fisher should be stable.
waveform shape: (3, 6311629)
Computing SNR for parameters: (np.float64(998136.1003874125), np.float64(1001.29109495814), np.float64(-0.4996549071647598), np.float64(24.992189072177947), np.float64(0.0999098657746659), 1.0, 33.992306, np.float64(1.052408800726204), np.float64(0.7892593542147975), 0.628318531, 0.523598776, np.float64(6.2675319582783935), 0.2, np.float64(0.43644145086101876), 0.95, False, False, False, True, np.float64(0.13101078754494616), np.float64(0.6425738752202742), 0.0, 0.0)
Waveform Generated. SNR: 20.793052817024893
calculating Fisher matrix...
Finished derivatives
Calculated Fisher is *atleast* positive-definite.
Time taken to compute FM is 7.132063388824463 seconds
    CV from_0PA#1 it  12 lam=1.3e-07 ov=0.9676178 chi2=2.804e+01 rel=6.8e-04
Body is not plunging, Fisher should be stable.
waveform shape: (3, 6311629)
Computing SNR for parameters: (np.float64(998130.08950774), np.float64(1001.2971406725959), np.float64(-0.49966523228305826), np.float64(24.992185990848988), np.float64(0.09992800669227604), 1.0, 33.992306, np.float64(1.0525705778704977), np.float64(0.7890996628777223), 0.628318531, 0.523598776, np.float64(6.256574516427934), 0.2, np.float64(0.4550674355136711), 0.95, False, False, False, True, np.float64(0.2916654996921485), np.float64(0.9350281924576194), 0.0, 0.0)
Waveform Generated. SNR: 20.795887591751672
calculating Fisher matrix...
Finished derivatives
Calculated Fisher is *atleast* positive-definite.
Time taken to compute FM is 7.148757457733154 seconds
    CV from_0PA#1 it  13 lam=4.4e-08 ov=0.9676442 chi2=2.802e+01 rel=9.7e-04
Body is not plunging, Fisher should be stable.
waveform shape: (3, 6311629)
Computing SNR for parameters: (np.float64(998118.8718517676), np.float64(1001.3293066691258), np.float64(-0.49968326029246707), np.float64(24.99224796279763), np.float64(0.09995148233496928), 1.0, 33.992306, np.float64(1.0526660596958555), np.float64(0.7890075506768603), 0.628318531, 0.523598776, np.float64(6.248558083655583), 0.2, np.float64(0.46979576765397735), 0.95, False, False, False, True, np.float64(0.6719949277329083), np.float64(1.286656715670146), 0.0, 0.0)
Waveform Generated. SNR: 20.79762158482837
calculating Fisher matrix...
Finished derivatives
Calculated Fisher is *atleast* positive-definite.
Time taken to compute FM is 6.65772008895874 seconds
    CV from_0PA#1 it  14 lam=4.3e-08 ov=0.9676781 chi2=2.799e+01 rel=1.4e-03
Body is not plunging, Fisher should be stable.
waveform shape: (3, 6311629)
Computing SNR for parameters: (np.float64(998092.2896692714), np.float64(1001.427338422933), np.float64(-0.4997231258327939), np.float64(24.992457301686354), np.float64(0.09999661228436782), 1.0, 33.992306, np.float64(1.0527124529762248), np.float64(0.7888598208944441), 0.628318531, 0.523598776, np.float64(6.237064453450291), 0.2, np.float64(0.4760077845463744), 0.95, False, False, False, True, np.float64(1.6653627938691709), np.float64(1.954866080627352), 0.0, 0.0)
Waveform Generated. SNR: 20.80020639141265
calculating stable deltas...
plunging! t_interp:  31558144.999999996 t_traj:  31531133.275977235
plunging! t_interp:  31558144.999999996 t_traj:  31545000.698163085
Time taken to compute stable deltas is 66.8945939540863 seconds
calculating Fisher matrix...
Finished derivatives
Calculated Fisher is *atleast* positive-definite.
Time taken to compute FM is 5.986187696456909 seconds
    CV from_0PA#1 it  15 lam=2.6e-08 ov=0.9677268 chi2=2.795e+01 rel=2.6e-03
Body is not plunging, Fisher should be stable.
waveform shape: (3, 6311629)
Computing SNR for parameters: (np.float64(998068.2315329834), np.float64(1001.5173095624748), np.float64(-0.49975862485965133), np.float64(24.992645414492465), np.float64(0.10003777760644987), 1.0, 33.992306, np.float64(1.0527307849388934), np.float64(0.7887271845773798), 0.628318531, 0.523598776, np.float64(6.227363508392857), 0.2, np.float64(0.4798974281222338), 0.95, False, False, False, True, np.float64(2.5749089630491016), np.float64(2.561826743647247), 0.0, 0.0)
Waveform Generated. SNR: 20.80610179133677
calculating Fisher matrix...
Finished derivatives
Calculated Fisher is *atleast* positive-definite.
Time taken to compute FM is 6.820973873138428 seconds
    CV from_0PA#1 it  16 lam=2.7e-08 ov=0.9678182 chi2=2.788e+01 rel=9.4e-04
Body is not plunging, Fisher should be stable.
waveform shape: (3, 6311629)
Computing SNR for parameters: (np.float64(998035.4084443183), np.float64(1001.6440997254987), np.float64(-0.49980635597777917), np.float64(24.992912417978555), np.float64(0.10009205370862512), 1.0, 33.992306, np.float64(1.052785121252229), np.float64(0.7885100883865875), 0.628318531, 0.523598776, np.float64(6.214403042353038), 0.2, np.float64(0.4799181147840916), 0.95, False, False, False, True, np.float64(3.8339890274244843), np.float64(3.3621300446240268), 0.0, 0.0)
Waveform Generated. SNR: 20.81028373631898
calculating Fisher matrix...
Finished derivatives
Calculated Fisher is *atleast* positive-definite.
Time taken to compute FM is 7.279239177703857 seconds
    CV from_0PA#1 it  17 lam=2.3e-08 ov=0.9678549 chi2=2.785e+01 rel=2.8e-03
Body is not plunging, Fisher should be stable.
waveform shape: (3, 6311629)
Computing SNR for parameters: (np.float64(998008.1927369743), np.float64(1001.7495146067998), np.float64(-0.49984555486734095), np.float64(24.99312668698784), np.float64(0.10013839781778378), 1.0, 33.992306, np.float64(1.0527897776541086), np.float64(0.7883936161747016), 0.628318531, 0.523598776, np.float64(6.203499449470714), 0.2, np.float64(0.4804078848264548), 0.95, False, False, False, True, np.float64(4.88840799019352), np.float64(4.041752907260403), 0.0, 0.0)
Waveform Generated. SNR: 20.81670565339322
calculating Fisher matrix...
Finished derivatives
Calculated Fisher is *atleast* positive-definite.
Time taken to compute FM is 7.282966136932373 seconds
    CV from_0PA#1 it  18 lam=2.3e-08 ov=0.9679534 chi2=2.778e+01 rel=9.8e-04
Body is not plunging, Fisher should be stable.
waveform shape: (3, 6311629)
Computing SNR for parameters: (np.float64(997983.0936895442), np.float64(1001.8539789713885), np.float64(-0.4998804340737377), np.float64(24.993317094702597), np.float64(0.10018239410150576), 1.0, 33.992306, np.float64(1.052847232896515), np.float64(0.7881867018415323), 0.628318531, 0.523598776, np.float64(6.193136850211145), 0.2, np.float64(0.48098671670332405), 0.95, False, False, False, True, np.float64(5.927919422818953), np.float64(4.693471714512002), 0.0, 0.0)
Waveform Generated. SNR: 20.82155438145167
calculating Fisher matrix...
Finished derivatives
Calculated Fisher is *atleast* positive-definite.
Time taken to compute FM is 7.284025430679321 seconds
    CV from_0PA#1 it  19 lam=7.8e-09 ov=0.9679923 chi2=2.775e+01 rel=2.6e-03
Body is not plunging, Fisher should be stable.
waveform shape: (3, 6311629)
Computing SNR for parameters: (np.float64(997959.7620215815), np.float64(1001.9407521430911), np.float64(-0.4999143982022139), np.float64(24.9935027776463), np.float64(0.10022172740397522), 1.0, 33.992306, np.float64(1.0528294833029461), np.float64(0.7880660800765907), 0.628318531, 0.523598776, np.float64(6.183879015106689), 0.2, np.float64(0.48207457101541373), 0.95, False, False, False, True, np.float64(6.798892418654297), np.float64(5.265356464676707), 0.0, 0.0)
Waveform Generated. SNR: 20.831145349165777
calculating stable deltas...
plunging! t_interp:  31558144.999999996 t_traj:  31531093.325876515
plunging! t_interp:  31558144.999999996 t_traj:  31544960.64974571
Time taken to compute stable deltas is 69.96143078804016 seconds
calculating Fisher matrix...
Finished derivatives
Calculated Fisher is *atleast* positive-definite.
Time taken to compute FM is 6.5434792041778564 seconds
    CV from_0PA#1 it  20 lam=2.1e-08 ov=0.9680887 chi2=2.768e+01 rel=1.5e-04
Body is not plunging, Fisher should be stable.
waveform shape: (3, 6311629)
Computing SNR for parameters: (np.float64(997933.7801843241), np.float64(1002.0419008959224), np.float64(-0.4999520383477675), np.float64(24.99371519397461), np.float64(0.10026470283446132), 1.0, 33.992306, np.float64(1.0529453516454448), np.float64(0.7879103620014347), 0.628318531, 0.523598776, np.float64(6.174165795873113), 0.2, np.float64(0.4824703682769111), 0.95, False, False, False, True, np.float64(7.798901510384294), np.float64(5.882650633406432), 0.0, 0.0)
Waveform Generated. SNR: 20.831999160956457
calculating Fisher matrix...
Finished derivatives
Calculated Fisher is *atleast* positive-definite.
Time taken to compute FM is 7.238507270812988 seconds
    CV from_0PA#1 it  21 lam=6.9e-09 ov=0.9680949 chi2=2.767e+01 rel=1.3e-03
Body is not plunging, Fisher should be stable.
waveform shape: (3, 6311629)
Computing SNR for parameters: (np.float64(997917.7105484073), np.float64(1002.1049807513222), np.float64(-0.4999749353361605), np.float64(24.99383506241525), np.float64(0.10029333311580108), 1.0, 33.992306, np.float64(1.0529702163238832), np.float64(0.7878721988557914), 0.628318531, 0.523598776, np.float64(6.16752531887571), 0.2, np.float64(0.48512067425577815), 0.95, False, False, False, True, np.float64(8.435723535641865), np.float64(6.296472647395023), 0.0, 0.0)
Waveform Generated. SNR: 20.836934663145904
calculating Fisher matrix...
Finished derivatives
Calculated Fisher is *atleast* positive-definite.
Time taken to compute FM is 7.223256587982178 seconds
    CV from_0PA#1 it  22 lam=1.2e-08 ov=0.9681449 chi2=2.764e+01 rel=4.2e-04
Body is not plunging, Fisher should be stable.
waveform shape: (3, 6311629)
Computing SNR for parameters: (np.float64(997899.5152698373), np.float64(1002.1767210495755), np.float64(-0.500000990166216), np.float64(24.993977962914112), np.float64(0.10032446810943633), 1.0, 33.992306, np.float64(1.0530094950165054), np.float64(0.7877389494223251), 0.628318531, 0.523598776, np.float64(6.160434308447845), 0.2, np.float64(0.4868035683697295), 0.95, False, False, False, True, np.float64(9.150070501305487), np.float64(6.744476151740164), 0.0, 0.0)
Waveform Generated. SNR: 20.84034914672248
calculating Fisher matrix...
Finished derivatives
Calculated Fisher is *atleast* positive-definite.
Time taken to compute FM is 7.2890403270721436 seconds
    CV from_0PA#1 it  23 lam=6.1e-09 ov=0.9681635 chi2=2.763e+01 rel=4.5e-04
Body is not plunging, Fisher should be stable.
waveform shape: (3, 6311629)
Computing SNR for parameters: (np.float64(997884.7375558827), np.float64(1002.2363247034486), np.float64(-0.5000218414863211), np.float64(24.99408918125838), np.float64(0.10035063844506192), 1.0, 33.992306, np.float64(1.0530232613526926), np.float64(0.7876539101099179), 0.628318531, 0.523598776, np.float64(6.154439219865713), 0.2, np.float64(0.48891209771587707), 0.95, False, False, False, True, np.float64(9.7469829431304), np.float64(7.1216451492744), 0.0, 0.0)
Waveform Generated. SNR: 20.843733286330455
calculating Fisher matrix...
Finished derivatives
Calculated Fisher is *atleast* positive-definite.
Time taken to compute FM is 7.286637544631958 seconds
    CV from_0PA#1 it  24 lam=6.0e-09 ov=0.9681831 chi2=2.761e+01 rel=2.1e-04
Body is not plunging, Fisher should be stable.
waveform shape: (3, 6311629)
Computing SNR for parameters: (np.float64(997868.0872930633), np.float64(1002.305204687266), np.float64(-0.5000450638280772), np.float64(24.994215585582523), np.float64(0.10037989527236921), 1.0, 33.992306, np.float64(1.0530665199430493), np.float64(0.7875470158280677), 0.628318531, 0.523598776, np.float64(6.147602932859394), 0.2, np.float64(0.4900091665821855), 0.95, False, False, False, True, np.float64(10.431724205282134), np.float64(7.544640430856684), 0.0, 0.0)
Waveform Generated. SNR: 20.846895746975836
calculating stable deltas...
plunging! t_interp:  31558144.999999993 t_traj:  31531067.107358962
plunging! t_interp:  31558144.999999993 t_traj:  31544934.36354444
Time taken to compute stable deltas is 68.40282845497131 seconds
calculating Fisher matrix...
Finished derivatives
Calculated Fisher is *atleast* positive-definite.
Time taken to compute FM is 5.939774751663208 seconds
    CV from_0PA#1 it  25 lam=2.0e-09 ov=0.9681946 chi2=2.761e+01 rel=3.3e-04
Body is not plunging, Fisher should be stable.
waveform shape: (3, 6311629)
Computing SNR for parameters: (np.float64(997859.0329909035), np.float64(1002.3481887976237), np.float64(-0.5000566619509331), np.float64(24.994271014917178), np.float64(0.1003982238810969), 1.0, 33.992306, np.float64(1.0530862437778628), np.float64(0.7874971329975183), 0.628318531, 0.523598776, np.float64(6.143280853443821), 0.2, np.float64(0.49281125669441167), 0.95, False, False, False, True, np.float64(10.865454900310272), np.float64(7.814739058646569), 0.0, 0.0)
Waveform Generated. SNR: 20.85011286816593
calculating Fisher matrix...
Finished derivatives
Calculated Fisher is *atleast* positive-definite.
Time taken to compute FM is 6.664838552474976 seconds
    CV from_0PA#1 it  26 lam=6.7e-10 ov=0.9682102 chi2=2.760e+01 rel=1.1e-04
Body is not plunging, Fisher should be stable.
waveform shape: (3, 6311629)
Computing SNR for parameters: (np.float64(997847.6923107136), np.float64(1002.3894778424606), np.float64(-0.5000734003117103), np.float64(24.99436217923127), np.float64(0.10041729166586469), 1.0, 33.992306, np.float64(1.0531104829590356), np.float64(0.7874206622465779), 0.628318531, 0.523598776, np.float64(6.139163204592509), 0.2, np.float64(0.49461951649528463), 0.95, False, False, False, True, np.float64(11.280017250878785), np.float64(8.08272841362436), 0.0, 0.0)
Waveform Generated. SNR: 20.852490668414898
calculating Fisher matrix...
Finished derivatives
Calculated Fisher is *atleast* positive-definite.
Time taken to compute FM is 7.133166790008545 seconds
    CV from_0PA#1 it  27 lam=2.2e-10 ov=0.9682173 chi2=2.760e+01 rel=2.9e-05
Body is not plunging, Fisher should be stable.
waveform shape: (3, 6311629)
Computing SNR for parameters: (np.float64(997857.0400478947), np.float64(1002.4228298441905), np.float64(-0.5000487601719833), np.float64(24.99418661459785), np.float64(0.1004196053240076), 1.0, 33.992306, np.float64(1.0531161577906134), np.float64(0.7874005712140614), 0.628318531, 0.523598776, np.float64(6.136748067701603), 0.2, np.float64(0.502240324049773), 0.95, False, False, False, True, np.float64(11.609536598126548), np.float64(8.18880363239204), 0.0, 0.0)
Waveform Generated. SNR: 20.85315586193392
calculating Fisher matrix...
Finished derivatives
Calculated Fisher is *atleast* positive-definite.
Time taken to compute FM is 7.204722166061401 seconds
    CV from_0PA#1 it  28 lam=6.7e-10 ov=0.9682193 chi2=2.759e+01 rel=6.0e-06
Body is not plunging, Fisher should be stable.
waveform shape: (3, 6311629)
Computing SNR for parameters: (np.float64(997880.0015482928), np.float64(1002.4531164863834), np.float64(-0.49999640474814666), np.float64(24.993830597036737), np.float64(0.10041176894227198), 1.0, 33.992306, np.float64(1.0531194365461012), np.float64(0.7874063857228703), 0.628318531, 0.523598776, np.float64(6.135333430238371), 0.2, np.float64(0.513898198000979), 0.95, False, False, False, True, np.float64(11.90634973624424), np.float64(8.205647601101735), 0.0, 0.0)
Waveform Generated. SNR: 20.8557217380419
calculating Fisher matrix...
Finished derivatives
Calculated Fisher is *atleast* positive-definite.
Time taken to compute FM is 6.970356225967407 seconds
    CV from_0PA#1 it  29 lam=1.3e-09 ov=0.9682235 chi2=2.759e+01 rel=4.8e-05
Body is not plunging, Fisher should be stable.
waveform shape: (3, 6311629)
Computing SNR for parameters: (np.float64(997891.3172470399), np.float64(1002.4707197415681), np.float64(-0.4999703930105565), np.float64(24.993649229551423), np.float64(0.10040908472169054), 1.0, 33.992306, np.float64(1.0531429650124478), np.float64(0.7873937108863546), 0.628318531, 0.523598776, np.float64(6.134799410106323), 0.2, np.float64(0.5215955954993577), 0.95, False, False, False, True, np.float64(12.082536487558933), np.float64(8.229513841566158), 0.0, 0.0)
Waveform Generated. SNR: 20.85409453462246
calculating stable deltas...
plunging! t_interp:  31558144.999999996 t_traj:  31531062.13553762
plunging! t_interp:  31558144.999999996 t_traj:  31544929.273843687
Time taken to compute stable deltas is 68.00425887107849 seconds
calculating Fisher matrix...
Finished derivatives
Calculated Fisher is *atleast* positive-definite.
Time taken to compute FM is 6.356842517852783 seconds
    CV from_0PA#1 it  30 lam=4.5e-10 ov=0.9682226 chi2=2.759e+01 rel=1.0e-04
Body is not plunging, Fisher should be stable.
waveform shape: (3, 6311629)
Computing SNR for parameters: (np.float64(997898.6096941588), np.float64(1002.4856982958593), np.float64(-0.4999529503705505), np.float64(24.99352327051758), np.float64(0.10040896937467934), 1.0, 33.992306, np.float64(1.0531312470980325), np.float64(0.7873922658650265), 0.628318531, 0.523598776, np.float64(6.133780283358634), 0.2, np.float64(0.5276277981736909), 0.95, False, False, False, True, np.float64(12.236716651372218), np.float64(8.27355518269499), 0.0, 0.0)
Waveform Generated. SNR: 20.855561694747447
calculating Fisher matrix...
Finished derivatives
Calculated Fisher is *atleast* positive-definite.
Time taken to compute FM is 6.612361431121826 seconds
    CV from_0PA#1 it  31 lam=1.5e-10 ov=0.9682281 chi2=2.759e+01 rel=4.2e-05
Body is not plunging, Fisher should be stable.
waveform shape: (3, 6311629)
Computing SNR for parameters: (np.float64(997917.3283734471), np.float64(1002.5094123574333), np.float64(-0.4999105056051776), np.float64(24.993236125991814), np.float64(0.10040202678715043), 1.0, 33.992306, np.float64(1.0531333709144297), np.float64(0.7873920432697223), 0.628318531, 0.523598776, np.float64(6.132796798482465), 0.2, np.float64(0.5363183133166405), 0.95, False, False, False, True, np.float64(12.46706752706141), np.float64(8.277427754331141), 0.0, 0.0)
Waveform Generated. SNR: 20.856016059736127
calculating Fisher matrix...
Finished derivatives
Calculated Fisher is *atleast* positive-definite.
Time taken to compute FM is 7.230579614639282 seconds
    CV from_0PA#1 it  32 lam=5.0e-11 ov=0.9682302 chi2=2.759e+01 rel=5.5e-05
Body is not plunging, Fisher should be stable.
waveform shape: (3, 6311629)
Computing SNR for parameters: (np.float64(997943.2993365274), np.float64(1002.5406410745481), np.float64(-0.49985188331848196), np.float64(24.992841348331048), np.float64(0.10039173793191158), 1.0, 33.992306, np.float64(1.053119138071083), np.float64(0.787393543877114), 0.628318531, 0.523598776, np.float64(6.131549241108356), 0.2, np.float64(0.5474266393271128), 0.95, False, False, False, True, np.float64(12.768490396065838), np.float64(8.271774362876492), 0.0, 0.0)
Waveform Generated. SNR: 20.856594225337332
calculating Fisher matrix...
Finished derivatives
Calculated Fisher is *atleast* positive-definite.
Time taken to compute FM is 7.026945114135742 seconds
    CV from_0PA#1 it  33 lam=1.7e-11 ov=0.9682329 chi2=2.759e+01 rel=5.7e-05
Body is not plunging, Fisher should be stable.
waveform shape: (3, 6311629)
Computing SNR for parameters: (np.float64(997974.1049304089), np.float64(1002.573218445152), np.float64(-0.4997830679195022), np.float64(24.99237928329508), np.float64(0.10037843733523777), 1.0, 33.992306, np.float64(1.0531058787376457), np.float64(0.7874118756858267), 0.628318531, 0.523598776, np.float64(6.130559745826932), 0.2, np.float64(0.5600642093317074), 0.95, False, False, False, True, np.float64(13.082183626481221), np.float64(8.244473255009538), 0.0, 0.0)
Waveform Generated. SNR: 20.85680888023527
calculating Fisher matrix...
Finished derivatives
Calculated Fisher is *atleast* positive-definite.
Time taken to compute FM is 7.195972681045532 seconds
    CV from_0PA#1 it  34 lam=5.5e-12 ov=0.9682351 chi2=2.759e+01 rel=5.6e-05
Body is not plunging, Fisher should be stable.
waveform shape: (3, 6311629)
Computing SNR for parameters: (np.float64(998000.8086855604), np.float64(1002.6071987039317), np.float64(-0.4997224235603831), np.float64(24.9919685574941), np.float64(0.1003687467720618), 1.0, 33.992306, np.float64(1.0531026566875974), np.float64(0.7874264883928356), 0.628318531, 0.523598776, np.float64(6.129181446843842), 0.2, np.float64(0.5718352496989999), 0.95, False, False, False, True, np.float64(13.413265153464307), np.float64(8.253484670883976), 0.0, 0.0)
Waveform Generated. SNR: 20.85728129357237
calculating stable deltas...
plunging! t_interp:  31558144.999999993 t_traj:  31531068.342052735
plunging! t_interp:  31558144.999999993 t_traj:  31544935.26037796
Time taken to compute stable deltas is 69.10072112083435 seconds
calculating Fisher matrix...
Finished derivatives
Calculated Fisher is *atleast* positive-definite.
Time taken to compute FM is 6.603638172149658 seconds
    CV from_0PA#1 it  35 lam=1.8e-12 ov=0.9682376 chi2=2.758e+01 rel=7.3e-05
Body is not plunging, Fisher should be stable.
waveform shape: (3, 6311629)
Computing SNR for parameters: (np.float64(998024.7770720666), np.float64(1002.6414333747897), np.float64(-0.49966730212840055), np.float64(24.991592893196824), np.float64(0.10036130010445087), 1.0, 33.992306, np.float64(1.0530890926548195), np.float64(0.7874271660933183), 0.628318531, 0.523598776, np.float64(6.127573192461065), 0.2, np.float64(0.5828942659105032), 0.95, False, False, False, True, np.float64(13.749304229090898), np.float64(8.284227646675955), 0.0, 0.0)
Waveform Generated. SNR: 20.85833945731611
calculating Fisher matrix...
Finished derivatives
Calculated Fisher is *atleast* positive-definite.
Time taken to compute FM is 6.594231128692627 seconds
    CV from_0PA#1 it  36 lam=6.1e-13 ov=0.9682416 chi2=2.758e+01 rel=1.5e-05
Body is not plunging, Fisher should be stable.
waveform shape: (3, 6311629)
Computing SNR for parameters: (np.float64(998046.3394026806), np.float64(1002.6717803392581), np.float64(-0.4996178462198815), np.float64(24.991255179951764), np.float64(0.1003545993124366), 1.0, 33.992306, np.float64(1.053087668055143), np.float64(0.7874332240179301), 0.628318531, 0.523598776, np.float64(6.126286732903412), 0.2, np.float64(0.5931541779713545), 0.95, False, False, False, True, np.float64(14.04787646246301), np.float64(8.310006632545727), 0.0, 0.0)
Waveform Generated. SNR: 20.858240547410375
calculating Fisher matrix...
Finished derivatives
Calculated Fisher is *atleast* positive-definite.
Time taken to compute FM is 6.924253463745117 seconds
    CV from_0PA#1 it  37 lam=2.0e-13 ov=0.9682420 chi2=2.758e+01 rel=1.1e-04
Body is not plunging, Fisher should be stable.
waveform shape: (3, 6311629)
Computing SNR for parameters: (np.float64(998074.4415029746), np.float64(1002.706903577356), np.float64(-0.4995540565304982), np.float64(24.99082329921089), np.float64(0.10034430772513174), 1.0, 33.992306, np.float64(1.0530798968270363), np.float64(0.7874510902478516), 0.628318531, 0.523598776, np.float64(6.124744792821227), 0.2, np.float64(0.6052673192609913), 0.95, False, False, False, True, np.float64(14.390472125074705), np.float64(8.319029864566224), 0.0, 0.0)
Waveform Generated. SNR: 20.85964571262521
calculating Fisher matrix...
Finished derivatives
Calculated Fisher is *atleast* positive-definite.
Time taken to compute FM is 7.211381673812866 seconds
    CV from_0PA#1 it  38 lam=6.8e-14 ov=0.9682477 chi2=2.758e+01 rel=6.8e-05
Body is not plunging, Fisher should be stable.
waveform shape: (3, 6311629)
Computing SNR for parameters: (np.float64(998102.052483828), np.float64(1002.7425579955537), np.float64(-0.49949122079429864), np.float64(24.990397670296847), np.float64(0.10033446176541215), 1.0, 33.992306, np.float64(1.0530745612262797), np.float64(0.7874563322715451), 0.628318531, 0.523598776, np.float64(6.1233215197172735), 0.2, np.float64(0.6173789305763208), 0.95, False, False, False, True, np.float64(14.738018654969936), np.float64(8.33184218144844), 0.0, 0.0)
Waveform Generated. SNR: 20.86028736960086
calculating Fisher matrix...
Finished derivatives
Calculated Fisher is *atleast* positive-definite.
Time taken to compute FM is 7.07767915725708 seconds
    CV from_0PA#1 it  39 lam=2.3e-14 ov=0.9682509 chi2=2.758e+01 rel=7.2e-05
Body is not plunging, Fisher should be stable.
waveform shape: (3, 6311629)
Computing SNR for parameters: (np.float64(998131.5265369301), np.float64(1002.7796822968152), np.float64(-0.49942431873028265), np.float64(24.989944679696436), np.float64(0.10032371239398069), 1.0, 33.992306, np.float64(1.0530671282318305), np.float64(0.7874674553292318), 0.628318531, 0.523598776, np.float64(6.1218369593755115), 0.2, np.float64(0.6302362628307863), 0.95, False, False, False, True, np.float64(15.099746393792072), np.float64(8.341120962932687), 0.0, 0.0)
Waveform Generated. SNR: 20.86118512643499
calculating stable deltas...
plunging! t_interp:  31558144.99999999 t_traj:  31531075.629768554
plunging! t_interp:  31558144.99999999 t_traj:  31544942.27997158
Time taken to compute stable deltas is 70.27969455718994 seconds
calculating Fisher matrix...
Finished derivatives
Calculated Fisher is *atleast* positive-definite.
Time taken to compute FM is 6.28894567489624 seconds
    CV from_0PA#1 it  40 lam=7.6e-15 ov=0.9682547 chi2=2.757e+01 rel=6.2e-05
Body is not plunging, Fisher should be stable.
waveform shape: (3, 6311629)
Computing SNR for parameters: (np.float64(998151.343908867), np.float64(1002.8094306462466), np.float64(-0.4993785258883289), np.float64(24.989630031121838), np.float64(0.10031833941801474), 1.0, 33.992306, np.float64(1.053071139076059), np.float64(0.7874694681897982), 0.628318531, 0.523598776, np.float64(6.120556286628952), 0.2, np.float64(0.640223697134153), 0.95, False, False, False, True, np.float64(15.394407666465394), np.float64(8.378456683418237), 0.0, 0.0)
Waveform Generated. SNR: 20.861745281368076
calculating Fisher matrix...
Finished derivatives
Calculated Fisher is *atleast* positive-definite.
Time taken to compute FM is 6.971220970153809 seconds
    CV from_0PA#1 it  41 lam=2.5e-15 ov=0.9682575 chi2=2.757e+01 rel=1.8e-05
Body is not plunging, Fisher should be stable.
waveform shape: (3, 6311629)
Computing SNR for parameters: (np.float64(998174.2548263243), np.float64(1002.8401517226946), np.float64(-0.49932628510794375), np.float64(24.989274017785615), np.float64(0.10031072886561464), 1.0, 33.992306, np.float64(1.0530682387258057), np.float64(0.7874809989583426), 0.628318531, 0.523598776, np.float64(6.119297785413849), 0.2, np.float64(0.6509290080375494), 0.95, False, False, False, True, np.float64(15.695765587310257), np.float64(8.396859398073694), 0.0, 0.0)
Waveform Generated. SNR: 20.86163121945598
calculating Fisher matrix...
Finished derivatives
Calculated Fisher is *atleast* positive-definite.
Time taken to compute FM is 7.179337024688721 seconds
    CV from_0PA#1 it  42 lam=8.4e-16 ov=0.9682580 chi2=2.757e+01 rel=1.0e-04
Body is not plunging, Fisher should be stable.
waveform shape: (3, 6311629)
Computing SNR for parameters: (np.float64(998205.6971428617), np.float64(1002.8777674941408), np.float64(-0.49925527765239824), np.float64(24.98879462146374), np.float64(0.10029854209451394), 1.0, 33.992306, np.float64(1.053069609738418), np.float64(0.7875049435078175), 0.628318531, 0.523598776, np.float64(6.117782173726109), 0.2, np.float64(0.6641456369663131), 0.95, False, False, False, True, np.float64(16.06071953158312), np.float64(8.39505579668231), 0.0, 0.0)
Waveform Generated. SNR: 20.862501835283968
calculating Fisher matrix...
Finished derivatives
Calculated Fisher is *atleast* positive-definite.
Time taken to compute FM is 7.5303380489349365 seconds
    CV from_0PA#1 it  43 lam=2.8e-16 ov=0.9682626 chi2=2.757e+01 rel=9.6e-05
Body is not plunging, Fisher should be stable.
waveform shape: (3, 6311629)
Computing SNR for parameters: (np.float64(998234.5695690789), np.float64(1002.9152765824416), np.float64(-0.4991895389855805), np.float64(24.988348676967078), np.float64(0.1002884278974607), 1.0, 33.992306, np.float64(1.053058961109918), np.float64(0.7875172468809611), 0.628318531, 0.523598776, np.float64(6.1162560200541565), 0.2, np.float64(0.6770223862594501), 0.95, False, False, False, True, np.float64(16.426926988305226), np.float64(8.411445833304851), 0.0, 0.0)
Waveform Generated. SNR: 20.863635324429723
calculating Fisher matrix...
Finished derivatives
Calculated Fisher is *atleast* positive-definite.
Time taken to compute FM is 7.274143218994141 seconds
    CV from_0PA#1 it  44 lam=9.4e-17 ov=0.9682675 chi2=2.757e+01 rel=9.1e-05
Body is not plunging, Fisher should be stable.
waveform shape: (3, 6311629)
Computing SNR for parameters: (np.float64(998271.695754001), np.float64(1002.9592435932326), np.float64(-0.49910572127071723), np.float64(24.98778379137), np.float64(0.10027384120988604), 1.0, 33.992306, np.float64(1.0530600879779037), np.float64(0.7875283403422708), 0.628318531, 0.523598776, np.float64(6.114608249940983), 0.2, np.float64(0.6924470544422371), 0.95, False, False, False, True, np.float64(16.852560043548273), np.float64(8.406344198525325), 0.0, 0.0)
Waveform Generated. SNR: 20.864815911381026
calculating stable deltas...
plunging! t_interp:  31558144.99999999 t_traj:  31531083.769398585
plunging! t_interp:  31558144.99999999 t_traj:  31544950.133863274
Time taken to compute stable deltas is 70.31409287452698 seconds
calculating Fisher matrix...
Finished derivatives
Calculated Fisher is *atleast* positive-definite.
Time taken to compute FM is 7.001019716262817 seconds
    CV from_0PA#1 it  45 lam=3.1e-17 ov=0.9682723 chi2=2.756e+01 rel=1.0e-04
Body is not plunging, Fisher should be stable.
waveform shape: (3, 6311629)
Computing SNR for parameters: (np.float64(998310.3616218778), np.float64(1003.00559868496), np.float64(-0.4990184560578853), np.float64(24.987194612474212), np.float64(0.10025886610659242), 1.0, 33.992306, np.float64(1.0530301021157864), np.float64(0.7875376653275468), 0.628318531, 0.523598776, np.float64(6.113007426739503), 0.2, np.float64(0.7088524343063732), 0.95, False, False, False, True, np.float64(17.30176628845333), np.float64(8.402458731253551), 0.0, 0.0)
Waveform Generated. SNR: 20.865164253834692
calculating Fisher matrix...
Finished derivatives
Calculated Fisher is *atleast* positive-definite.
Time taken to compute FM is 7.251405239105225 seconds
    CV from_0PA#1 it  46 lam=1.0e-17 ov=0.9682761 chi2=2.756e+01 rel=9.8e-05
Body is not plunging, Fisher should be stable.
waveform shape: (3, 6311629)
Computing SNR for parameters: (np.float64(998341.432436495), np.float64(1003.0496212133055), np.float64(-0.4989471936620931), np.float64(24.98670851351899), np.float64(0.10024914209400188), 1.0, 33.992306, np.float64(1.0530303135920052), np.float64(0.7875501041419765), 0.628318531, 0.523598776, np.float64(6.111186998572569), 0.2, np.float64(0.7234315183020364), 0.95, False, False, False, True, np.float64(17.733264641163476), np.float64(8.439555331299067), 0.0, 0.0)
Waveform Generated. SNR: 20.86616301938714
calculating Fisher matrix...
Finished derivatives
Calculated Fisher is *atleast* positive-definite.
Time taken to compute FM is 7.246758699417114 seconds
    CV from_0PA#1 it  47 lam=9.3e-10 ov=0.9682808 chi2=2.756e+01 rel=2.2e-05
Body is not plunging, Fisher should be stable.
waveform shape: (3, 6311629)
Computing SNR for parameters: (np.float64(998345.9391320173), np.float64(1003.0601763841727), np.float64(-0.4989361014471935), np.float64(24.98662070369269), np.float64(0.10025103581815478), 1.0, 33.992306, np.float64(1.0530442383586045), np.float64(0.7875544895314122), 0.628318531, 0.523598776, np.float64(6.110957096286108), 0.2, np.float64(0.7295927954661884), 0.95, False, False, False, True, np.float64(17.851845996877113), np.float64(8.4940827364655), 0.0, 0.0)
Waveform Generated. SNR: 20.866324555954716
calculating Fisher matrix...
Finished derivatives
Calculated Fisher is *atleast* positive-definite.
Time taken to compute FM is 7.207183599472046 seconds
    CV from_0PA#1 it  48 lam=3.1e-10 ov=0.9682818 chi2=2.756e+01 rel=7.4e-05
Body is not plunging, Fisher should be stable.
waveform shape: (3, 6311629)
Computing SNR for parameters: (np.float64(998361.8021138054), np.float64(1003.0855314446127), np.float64(-0.49889924438313366), np.float64(24.986366633699124), np.float64(0.10024713452956759), 1.0, 33.992306, np.float64(1.0530400058052103), np.float64(0.7875572934171794), 0.628318531, 0.523598776, np.float64(6.109704065195137), 0.2, np.float64(0.7379489376711553), 0.95, False, False, False, True, np.float64(18.102782644475088), np.float64(8.531682911659484), 0.0, 0.0)
Waveform Generated. SNR: 20.867574255853494
calculating Fisher matrix...
Finished derivatives
Calculated Fisher is *atleast* positive-definite.
Time taken to compute FM is 7.235813140869141 seconds
    CV from_0PA#1 it  49 lam=3.3e-09 ov=0.9682861 chi2=2.756e+01 rel=1.7e-06
Body is not plunging, Fisher should be stable.
waveform shape: (3, 6311629)
Computing SNR for parameters: (np.float64(998368.8733577417), np.float64(1003.0988487692923), np.float64(-0.49888251771903225), np.float64(24.98624699167909), np.float64(0.10024664368514423), 1.0, 33.992306, np.float64(1.0530544208131), np.float64(0.7875513547279176), 0.628318531, 0.523598776, np.float64(6.109244910878372), 0.2, np.float64(0.7433686786459068), 0.95, False, False, False, True, np.float64(18.23927270625708), np.float64(8.566241063638282), 0.0, 0.0)
Waveform Generated. SNR: 20.867357118381182
calculating stable deltas...
plunging! t_interp:  31558144.999999996 t_traj:  31531089.00284122
plunging! t_interp:  31558144.999999996 t_traj:  31544955.163112074
Time taken to compute stable deltas is 70.18372225761414 seconds
calculating Fisher matrix...
Finished derivatives
Calculated Fisher is *atleast* positive-definite.
Time taken to compute FM is 6.161728620529175 seconds
    CV from_0PA#1 it  50 lam=1.1e-09 ov=0.9682859 chi2=2.756e+01 rel=5.9e-05
Body is not plunging, Fisher should be stable.
waveform shape: (3, 6311629)
Computing SNR for parameters: (np.float64(998378.3860986318), np.float64(1003.11156152153), np.float64(-0.4988608077839934), np.float64(24.986096537885775), np.float64(0.10024398500743123), 1.0, 33.992306, np.float64(1.0530495807806104), np.float64(0.7875641056673376), 0.628318531, 0.523598776, np.float64(6.108732215097976), 0.2, np.float64(0.7487954307341468), 0.95, False, False, False, True, np.float64(18.367351090222584), np.float64(8.581477488362419), 0.0, 0.0)
Waveform Generated. SNR: 20.868064832767537
calculating Fisher matrix...
Finished derivatives
Calculated Fisher is *atleast* positive-definite.
Time taken to compute FM is 7.1513330936431885 seconds
    CV from_0PA#1 it  51 lam=3.7e-10 ov=0.9682889 chi2=2.755e+01 rel=6.4e-05
Body is not plunging, Fisher should be stable.
waveform shape: (3, 6311629)
Computing SNR for parameters: (np.float64(998400.5261120691), np.float64(1003.1387077638778), np.float64(-0.49881078942202733), np.float64(24.985760185059252), np.float64(0.10023520017248322), 1.0, 33.992306, np.float64(1.0530445881231942), np.float64(0.7875667968319339), 0.628318531, 0.523598776, np.float64(6.107652183477936), 0.2, np.float64(0.7579891030895586), 0.95, False, False, False, True, np.float64(18.628005081587357), np.float64(8.577505432377976), 0.0, 0.0)
Waveform Generated. SNR: 20.868608249419214
calculating Fisher matrix...
Finished derivatives
Calculated Fisher is *atleast* positive-definite.
Time taken to compute FM is 6.753434658050537 seconds
    CV from_0PA#1 it  52 lam=1.2e-10 ov=0.9682918 chi2=2.755e+01 rel=1.1e-04
Body is not plunging, Fisher should be stable.
waveform shape: (3, 6311629)
Computing SNR for parameters: (np.float64(998446.4088348198), np.float64(1003.1877481765345), np.float64(-0.4987083423206041), np.float64(24.98507691901506), np.float64(0.10021449926104632), 1.0, 33.992306, np.float64(1.0530180524869257), np.float64(0.7875845076370863), 0.628318531, 0.523598776, np.float64(6.106042718410864), 0.2, np.float64(0.7751266575664487), 0.95, False, False, False, True, np.float64(19.092578738406036), np.float64(8.525656352821876), 0.0, 0.0)
Waveform Generated. SNR: 20.86894211675999
calculating Fisher matrix...
Finished derivatives
Calculated Fisher is *atleast* positive-definite.
Time taken to compute FM is 6.651916265487671 seconds
    CV from_0PA#1 it  53 lam=4.1e-11 ov=0.9682958 chi2=2.755e+01 rel=1.3e-04
Body is not plunging, Fisher should be stable.
waveform shape: (3, 6311629)
Computing SNR for parameters: (np.float64(998493.0618281444), np.float64(1003.2417846899523), np.float64(-0.4986034402614887), np.float64(24.984371991979557), np.float64(0.10019534512463692), 1.0, 33.992306, np.float64(1.052995181487061), np.float64(0.7876047887756559), 0.628318531, 0.523598776, np.float64(6.104172555843961), 0.2, np.float64(0.7940442782178012), 0.95, False, False, False, True, np.float64(19.611427322928144), np.float64(8.50432934218109), 0.0, 0.0)
Waveform Generated. SNR: 20.8702550724648
calculating Fisher matrix...
Finished derivatives
Calculated Fisher is *atleast* positive-definite.
Time taken to compute FM is 6.9386982917785645 seconds
    CV from_0PA#1 it  54 lam=1.4e-11 ov=0.9683021 chi2=2.755e+01 rel=1.5e-04
Body is not plunging, Fisher should be stable.
waveform shape: (3, 6311629)
Computing SNR for parameters: (np.float64(998545.1752134698), np.float64(1003.3025297652862), np.float64(-0.49848621443361274), np.float64(24.983583075629703), np.float64(0.10017427004259309), 1.0, 33.992306, np.float64(1.0529719720409016), np.float64(0.7876221141323682), 0.628318531, 0.523598776, np.float64(6.102204532868888), 0.2, np.float64(0.8156703254294465), 0.95, False, False, False, True, np.float64(20.196055443702782), np.float64(8.48448352926394), 0.0, 0.0)
Waveform Generated. SNR: 20.871110142265444
calculating stable deltas...
plunging! t_interp:  31558144.999999993 t_traj:  31531100.01656415
plunging! t_interp:  31558144.999999993 t_traj:  31544965.828751072
plunging! t_interp:  31558144.999999993 t_traj:  31556053.87328474
Time taken to compute stable deltas is 66.87606120109558 seconds
calculating Fisher matrix...
Finished derivatives
Calculated Fisher is *atleast* positive-definite.
Time taken to compute FM is 5.602950572967529 seconds
    CV from_0PA#1 it  55 lam=4.5e-12 ov=0.9683083 chi2=2.754e+01 rel=1.6e-04
Body is not plunging, Fisher should be stable.
waveform shape: (3, 6311629)
Computing SNR for parameters: (np.float64(998611.1053960044), np.float64(1003.37318896435), np.float64(-0.4983388673386829), np.float64(24.98259433842659), np.float64(0.1001453239183911), 1.0, 33.992306, np.float64(1.0529432481190286), np.float64(0.7876419385807539), 0.628318531, 0.523598776, np.float64(6.0993756477231695), 0.2, np.float64(0.8413738069290163), 0.95, False, False, False, True, np.float64(20.873851411281453), np.float64(8.44008681613344), 0.0, 0.0)
Waveform Generated. SNR: 20.872082826470606
calculating Fisher matrix...
Finished derivatives
Calculated Fisher is *atleast* positive-definite.
Time taken to compute FM is 6.197901725769043 seconds
    CV from_0PA#1 it  56 lam=4.0e-04 ov=0.9683149 chi2=2.754e+01 rel=3.3e-05
Body is not plunging, Fisher should be stable.
waveform shape: (3, 6311629)
Computing SNR for parameters: (np.float64(998611.104019482), np.float64(1003.3731905861736), np.float64(-0.49833886859762955), np.float64(24.98259431984854), np.float64(0.10014568408163667), 1.0, 33.992306, np.float64(1.0529711213708681), np.float64(0.7876542430387072), 0.628318531, 0.523598776, np.float64(6.100810577864589), 0.2, np.float64(0.8404482293762862), 0.95, False, False, False, True, np.float64(20.873830079362445), np.float64(8.436370287713817), 0.0, 0.0)
Waveform Generated. SNR: 20.872670511340587
calculating Fisher matrix...
Finished derivatives
Calculated Fisher is *atleast* positive-definite.
Time taken to compute FM is 6.199930906295776 seconds
    CV from_0PA#1 it  57 lam=1.3e-04 ov=0.9683168 chi2=2.754e+01 rel=1.1e-05
Body is not plunging, Fisher should be stable.
waveform shape: (3, 6311629)
Computing SNR for parameters: (np.float64(998611.1022580866), np.float64(1003.373184275463), np.float64(-0.49833893159486614), np.float64(24.982594295754076), np.float64(0.1001462442056435), 1.0, 33.992306, np.float64(1.0529390952156013), np.float64(0.7877052237123441), 0.628318531, 0.523598776, np.float64(6.103082545654249), 0.2, np.float64(0.8414004332564595), 0.95, False, False, False, True, np.float64(20.87386430648262), np.float64(8.430678277406978), 0.0, 0.0)
Waveform Generated. SNR: 20.87214441165237
calculating Fisher matrix...
Finished derivatives
Calculated Fisher is *atleast* positive-definite.
Time taken to compute FM is 6.4149556159973145 seconds
    CV from_0PA#1 it  58 lam=4.5e-05 ov=0.9683164 chi2=2.754e+01 rel=6.0e-06
Body is not plunging, Fisher should be stable.
waveform shape: (3, 6311629)
Computing SNR for parameters: (np.float64(998611.0968989553), np.float64(1003.3731603798008), np.float64(-0.49833907167736957), np.float64(24.982594214218352), np.float64(0.10014677723124724), 1.0, 33.992306, np.float64(1.0529243756094002), np.float64(0.787743663671173), 0.628318531, 0.523598776, np.float64(6.105204684931833), 0.2, np.float64(0.842928216577491), 0.95, False, False, False, True, np.float64(20.87401927365314), np.float64(8.42580120015962), 0.0, 0.0)
Waveform Generated. SNR: 20.871807427449028
calculating Fisher matrix...
Finished derivatives
Calculated Fisher is *atleast* positive-definite.
Time taken to compute FM is 6.6840081214904785 seconds
    CV from_0PA#1 it  59 lam=1.5e-05 ov=0.9683160 chi2=2.754e+01 rel=2.2e-06
Body is not plunging, Fisher should be stable.
waveform shape: (3, 6311629)
Computing SNR for parameters: (np.float64(998611.0770176238), np.float64(1003.3730987902607), np.float64(-0.49833920968135165), np.float64(24.982593904607235), np.float64(0.10014715719858618), 1.0, 33.992306, np.float64(1.052912378128722), np.float64(0.7877593974309741), 0.628318531, 0.523598776, np.float64(6.106303132306686), 0.2, np.float64(0.8440299803657149), 0.95, False, False, False, True, np.float64(20.87441361542638), np.float64(8.424682970210778), 0.0, 0.0)
Waveform Generated. SNR: 20.87165844116339
calculating stable deltas...
plunging! t_interp:  31558144.99999999 t_traj:  31531104.226519324
plunging! t_interp:  31558144.99999999 t_traj:  31544969.91661101
plunging! t_interp:  31558144.99999999 t_traj:  31555029.045871362
Time taken to compute stable deltas is 66.92534923553467 seconds
calculating Fisher matrix...
Finished derivatives
Calculated Fisher is *atleast* positive-definite.
Time taken to compute FM is 6.669563055038452 seconds
    CV from_0PA#1 it  60 lam=5.0e-06 ov=0.9683158 chi2=2.754e+01 rel=3.4e-06
Body is not plunging, Fisher should be stable.
waveform shape: (3, 6311629)
Computing SNR for parameters: (np.float64(998611.0111848309), np.float64(1003.3729131006825), np.float64(-0.49833956641352045), np.float64(24.98259304713249), np.float64(0.10014763858370834), 1.0, 33.992306, np.float64(1.0529209109701025), np.float64(0.7877652690767174), 0.628318531, 0.523598776, np.float64(6.106539185086576), 0.2, np.float64(0.8454342154609255), 0.95, False, False, False, True, np.float64(20.875599470621975), np.float64(8.427785238392083), 0.0, 0.0)
Waveform Generated. SNR: 20.871725461101196
calculating Fisher matrix...
Finished derivatives
Calculated Fisher is *atleast* positive-definite.
Time taken to compute FM is 7.049248456954956 seconds
    CV from_0PA#1 it  61 lam=1.7e-06 ov=0.9683160 chi2=2.754e+01 rel=6.7e-06
Body is not plunging, Fisher should be stable.
waveform shape: (3, 6311629)
Computing SNR for parameters: (np.float64(998610.8327979124), np.float64(1003.3724808186788), np.float64(-0.4983399660430709), np.float64(24.98259076373998), np.float64(0.10014858287754565), 1.0, 33.992306, np.float64(1.0529219944651957), np.float64(0.7877503378881463), 0.628318531, 0.523598776, np.float64(6.106027251805693), 0.2, np.float64(0.8470017851498635), 0.95, False, False, False, True, np.float64(20.878386676842922), np.float64(8.441296019612597), 0.0, 0.0)
Waveform Generated. SNR: 20.871876745174706
calculating Fisher matrix...
Finished derivatives
Calculated Fisher is *atleast* positive-definite.
Time taken to compute FM is 6.679553031921387 seconds
    CV from_0PA#1 it  62 lam=5.5e-07 ov=0.9683165 chi2=2.754e+01 rel=1.1e-05
Body is not plunging, Fisher should be stable.
waveform shape: (3, 6311629)
Computing SNR for parameters: (np.float64(998610.4944828459), np.float64(1003.3717089897448), np.float64(-0.4983405580788847), np.float64(24.98258624309762), np.float64(0.10015030161219027), 1.0, 33.992306, np.float64(1.0529543300733077), np.float64(0.7877184821949409), 0.628318531, 0.523598776, np.float64(6.1047163985060156), 0.2, np.float64(0.8493146483582159), 0.95, False, False, False, True, np.float64(20.884038996304028), np.float64(8.469026002377351), 0.0, 0.0)
Waveform Generated. SNR: 20.872279296029063
calculating Fisher matrix...
Finished derivatives
Calculated Fisher is *atleast* positive-definite.
Time taken to compute FM is 6.800358057022095 seconds
    CV from_0PA#1 it  63 lam=1.8e-07 ov=0.9683175 chi2=2.754e+01 rel=8.4e-06
Body is not plunging, Fisher should be stable.
waveform shape: (3, 6311629)
Computing SNR for parameters: (np.float64(998610.1232603033), np.float64(1003.3710093882229), np.float64(-0.49834120071748916), np.float64(24.982580133388662), np.float64(0.1001524055659105), 1.0, 33.992306, np.float64(1.0529858573942807), np.float64(0.7877040946832139), 0.628318531, 0.523598776, np.float64(6.103207821583921), 0.2, np.float64(0.8523063634265), 0.95, False, False, False, True, np.float64(20.89296663568038), np.float64(8.50250435913514), 0.0, 0.0)
Waveform Generated. SNR: 20.872553063852354
calculating Fisher matrix...
Finished derivatives
Calculated Fisher is *atleast* positive-definite.
Time taken to compute FM is 6.999709129333496 seconds
    CV from_0PA#1 it  64 lam=6.1e-08 ov=0.9683182 chi2=2.754e+01 rel=6.4e-06
Body is not plunging, Fisher should be stable.
waveform shape: (3, 6311629)
Computing SNR for parameters: (np.float64(998609.904921068), np.float64(1003.371352481048), np.float64(-0.4983415384652603), np.float64(24.98257364244756), np.float64(0.10015420897767742), 1.0, 33.992306, np.float64(1.0530026373577321), np.float64(0.7876901815543784), 0.628318531, 0.523598776, np.float64(6.102316582572917), 0.2, np.float64(0.855257570148281), 0.95, False, False, False, True, np.float64(20.908196896155598), np.float64(8.530097599187673), 0.0, 0.0)
Waveform Generated. SNR: 20.872802460287343
calculating stable deltas...
plunging! t_interp:  31558144.999999996 t_traj:  31531104.232878063
plunging! t_interp:  31558144.999999996 t_traj:  31544969.92415026
plunging! t_interp:  31558144.999999996 t_traj:  31554977.953841932
Time taken to compute stable deltas is 70.36607551574707 seconds
calculating Fisher matrix...
Finished derivatives
Calculated Fisher is *atleast* positive-definite.
Time taken to compute FM is 6.726562023162842 seconds
    CV from_0PA#1 it  65 lam=2.0e-08 ov=0.9683188 chi2=2.754e+01 rel=9.0e-06
Body is not plunging, Fisher should be stable.
waveform shape: (3, 6311629)
Computing SNR for parameters: (np.float64(998610.1184471215), np.float64(1003.3743293568701), np.float64(-0.4983406635378624), np.float64(24.982561926209762), np.float64(0.10015567887030714), 1.0, 33.992306, np.float64(1.0529971264735996), np.float64(0.7876721399034563), 0.628318531, 0.523598776, np.float64(6.101890883615763), 0.2, np.float64(0.8576755902281172), 0.95, False, False, False, True, np.float64(20.94361136411324), np.float64(8.554922689440621), 0.0, 0.0)
Waveform Generated. SNR: 20.873080927744102
calculating Fisher matrix...
Finished derivatives
Calculated Fisher is *atleast* positive-definite.
Time taken to compute FM is 7.480528116226196 seconds
    CV from_0PA#1 it  66 lam=6.8e-09 ov=0.9683196 chi2=2.754e+01 rel=1.9e-05
Body is not plunging, Fisher should be stable.
waveform shape: (3, 6311629)
Computing SNR for parameters: (np.float64(998611.7923302378), np.float64(1003.3833005512781), np.float64(-0.49833582801009246), np.float64(24.982525172180218), np.float64(0.10015708162961778), 1.0, 33.992306, np.float64(1.0530239939684576), np.float64(0.7876696835060475), 0.628318531, 0.523598776, np.float64(6.101239703633205), 0.2, np.float64(0.8599999364905536), 0.95, False, False, False, True, np.float64(21.033435345894443), np.float64(8.590669663557144), 0.0, 0.0)
Waveform Generated. SNR: 20.87338893772977
calculating Fisher matrix...
Finished derivatives
Calculated Fisher is *atleast* positive-definite.
Time taken to compute FM is 7.510456800460815 seconds
    CV from_0PA#1 it  67 lam=2.3e-09 ov=0.9683207 chi2=2.753e+01 rel=4.2e-05
Body is not plunging, Fisher should be stable.
waveform shape: (3, 6311629)
Computing SNR for parameters: (np.float64(998617.2928055365), np.float64(1003.4023329899849), np.float64(-0.4983214872757837), np.float64(24.982424899360474), np.float64(0.10015792027917376), 1.0, 33.992306, np.float64(1.053015173234821), np.float64(0.7876560350171818), 0.628318531, 0.523598776, np.float64(6.099968541250585), 0.2, np.float64(0.8634432523295094), 0.95, False, False, False, True, np.float64(21.218090830926016), np.float64(8.645025067563855), 0.0, 0.0)
Waveform Generated. SNR: 20.87405241329337
calculating Fisher matrix...
Finished derivatives
Calculated Fisher is *atleast* positive-definite.
Time taken to compute FM is 7.448553562164307 seconds
    CV from_0PA#1 it  68 lam=7.6e-10 ov=0.9683231 chi2=2.753e+01 rel=6.9e-05
Body is not plunging, Fisher should be stable.
waveform shape: (3, 6311629)
Computing SNR for parameters: (np.float64(998635.0344846809), np.float64(1003.4344293083949), np.float64(-0.4982798028497195), np.float64(24.982143505760238), np.float64(0.10015301650524637), 1.0, 33.992306, np.float64(1.052990169707091), np.float64(0.7876454058127214), 0.628318531, 0.523598776, np.float64(6.09825393132093), 0.2, np.float64(0.870888595414984), 0.95, False, False, False, True, np.float64(21.524920718766584), np.float64(8.682578295035379), 0.0, 0.0)
Waveform Generated. SNR: 20.874472895680263
calculating Fisher matrix...
Finished derivatives
Calculated Fisher is *atleast* positive-definite.
Time taken to compute FM is 7.449355840682983 seconds
    CV from_0PA#1 it  69 lam=2.5e-10 ov=0.9683260 chi2=2.753e+01 rel=9.9e-05
Body is not plunging, Fisher should be stable.
waveform shape: (3, 6311629)
Computing SNR for parameters: (np.float64(998672.7109669133), np.float64(1003.4811865873494), np.float64(-0.498194671608073), np.float64(24.981573782604038), np.float64(0.10013758653346246), 1.0, 33.992306, np.float64(1.0529951048878432), np.float64(0.7876638922390268), 0.628318531, 0.523598776, np.float64(6.096318249434427), 0.2, np.float64(0.8853414326805858), 0.95, False, False, False, True, np.float64(21.969342275760496), np.float64(8.669600918993442), 0.0, 0.0)
Waveform Generated. SNR: 20.874832801819252
calculating stable deltas...
plunging! t_interp:  31558144.99999999 t_traj:  31531106.70783886
plunging! t_interp:  31558144.99999999 t_traj:  31544972.255183723
plunging! t_interp:  31558144.99999999 t_traj:  31553369.95561424
Time taken to compute stable deltas is 72.81485748291016 seconds
calculating Fisher matrix...
Finished derivatives
Calculated Fisher is *atleast* positive-definite.
Time taken to compute FM is 6.766578912734985 seconds
    CV from_0PA#1 it  70 lam=8.4e-11 ov=0.9683298 chi2=2.753e+01 rel=2.2e-04
Body is not plunging, Fisher should be stable.
waveform shape: (3, 6311629)
Computing SNR for parameters: (np.float64(998735.379575303), np.float64(1003.5494778930133), np.float64(-0.49805456340977405), np.float64(24.980637954248284), np.float64(0.1001098301185883), 1.0, 33.992306, np.float64(1.0529476185722928), np.float64(0.7876957855765999), 0.628318531, 0.523598776, np.float64(6.094012313808845), 0.2, np.float64(0.9089623288902385), 0.95, False, False, False, True, np.float64(22.61735034639126), np.float64(8.608624265357463), 0.0, 0.0)
Waveform Generated. SNR: 20.875945370240196
calculating Fisher matrix...
Finished derivatives
Calculated Fisher is *atleast* positive-definite.
Time taken to compute FM is 7.431168794631958 seconds
    CV from_0PA#1 it  71 lam=2.8e-11 ov=0.9683385 chi2=2.752e+01 rel=2.3e-04
Body is not plunging, Fisher should be stable.
waveform shape: (3, 6311629)
Computing SNR for parameters: (np.float64(998803.2092273062), np.float64(1003.6266046364246), np.float64(-0.4979023287989987), np.float64(24.979615552441018), np.float64(0.10008159722365814), 1.0, 33.992306, np.float64(1.0530029445330282), np.float64(0.7877277698398965), 0.628318531, 0.523598776, np.float64(6.091583857198029), 0.2, np.float64(0.9364098491949658), 0.95, False, False, False, True, np.float64(23.356593389401727), np.float64(8.571285286133717), 0.0, 0.0)
Waveform Generated. SNR: 20.87797055820591
calculating Fisher matrix...
Finished derivatives
Calculated Fisher is *atleast* positive-definite.
Time taken to compute FM is 7.443731307983398 seconds
    CV from_0PA#1 it  72 lam=9.4e-12 ov=0.9683491 chi2=2.752e+01 rel=2.5e-04
Body is not plunging, Fisher should be stable.
waveform shape: (3, 6311629)
Computing SNR for parameters: (np.float64(998868.7310915821), np.float64(1003.7054582227582), np.float64(-0.49775476824052817), np.float64(24.97861864056956), np.float64(0.10005620920539486), 1.0, 33.992306, np.float64(1.0529320918265592), np.float64(0.7877456186464818), 0.628318531, 0.523598776, np.float64(6.089355745868164), 0.2, np.float64(0.9651356530482189), 0.95, False, False, False, True, np.float64(24.117858269061255), np.float64(8.561730780222536), 0.0, 0.0)
Waveform Generated. SNR: 20.87901754046649
calculating Fisher matrix...
Finished derivatives
Calculated Fisher is *atleast* positive-definite.
Time taken to compute FM is 7.449738502502441 seconds
    CV from_0PA#1 it  73 lam=3.1e-12 ov=0.9683589 chi2=2.751e+01 rel=2.8e-04
Body is not plunging, Fisher should be stable.
waveform shape: (3, 6311629)
Computing SNR for parameters: (np.float64(998939.5382723344), np.float64(1003.7900569862196), np.float64(-0.4975954057911865), np.float64(24.97754078073931), np.float64(0.1000288780192263), 1.0, 33.992306, np.float64(1.0528735723106628), np.float64(0.7877721524742987), 0.628318531, 0.523598776, np.float64(6.086962902280316), 0.2, np.float64(0.9966236326426556), 0.95, False, False, False, True, np.float64(24.936244877532555), np.float64(8.55300952102938), 0.0, 0.0)
Waveform Generated. SNR: 20.88006429388546
calculating Fisher matrix...
Finished derivatives
Calculated Fisher is *atleast* positive-definite.
Time taken to compute FM is 7.485928773880005 seconds
    CV from_0PA#1 it  74 lam=1.0e-12 ov=0.9683694 chi2=2.750e+01 rel=3.0e-04
Body is not plunging, Fisher should be stable.
waveform shape: (3, 6311629)
Computing SNR for parameters: (np.float64(999010.2234696096), np.float64(1003.876976347034), np.float64(-0.4974359847262693), np.float64(24.97645881047531), np.float64(0.10000275151782201), 1.0, 33.992306, np.float64(1.0528455158775016), np.float64(0.7877992765672625), 0.628318531, 0.523598776, np.float64(6.084532319123199), 0.2, np.float64(1.0293385607660615), 0.95, False, False, False, True, np.float64(25.78066982109461), np.float64(8.562355625041075), 0.0, 0.0)
Waveform Generated. SNR: 20.881458956909473
calculating stable deltas...
plunging! t_interp:  31558144.999999996 t_traj:  31531127.743948054
plunging! t_interp:  31558144.999999996 t_traj:  31544992.62311249
plunging! t_interp:  31558144.999999996 t_traj:  31547603.73335947
plunging! t_interp:  31558144.999999996 t_traj:  31557347.198915422
Time taken to compute stable deltas is 69.92811298370361 seconds
calculating Fisher matrix...
Finished derivatives
Calculated Fisher is *atleast* positive-definite.
Time taken to compute FM is 6.024670362472534 seconds
    CV from_0PA#1 it  75 lam=3.5e-13 ov=0.9683812 chi2=2.749e+01 rel=3.9e-04
Body is not plunging, Fisher should be stable.
waveform shape: (3, 6311629)
Computing SNR for parameters: (np.float64(999090.9907208022), np.float64(1003.9738982949688), np.float64(-0.49725421578278933), np.float64(24.975227384554454), np.float64(0.09997198588791095), 1.0, 33.992306, np.float64(1.0528293454317514), np.float64(0.7878389939893016), 0.628318531, 0.523598776, np.float64(6.081823358253158), 0.2, np.float64(1.0660856139967656), 0.95, False, False, False, True, np.float64(26.719898976479982), np.float64(8.558889758257934), 0.0, 0.0)
Waveform Generated. SNR: 20.883550556759758
calculating Fisher matrix...
Finished derivatives
Calculated Fisher is *atleast* positive-definite.
Time taken to compute FM is 6.732146978378296 seconds
    CV from_0PA#1 it  76 lam=3.8e-09 ov=0.9683970 chi2=2.748e+01 rel=1.3e-04
Body is not plunging, Fisher should be stable.
waveform shape: (3, 6311629)
Computing SNR for parameters: (np.float64(999093.4906601382), np.float64(1003.9818288480967), np.float64(-0.4972479340222393), np.float64(24.97515312286247), np.float64(0.09997832653204199), 1.0, 33.992306, np.float64(1.0528526812233407), np.float64(0.7878457788721756), 0.628318531, 0.523598776, np.float64(6.08345056121751), 0.2, np.float64(1.0794000112960747), 0.95, False, False, False, True, np.float64(26.83604094283192), np.float64(8.655406095517485), 0.0, 0.0)
Waveform Generated. SNR: 20.884639623805988
calculating Fisher matrix...
Finished derivatives
Calculated Fisher is *atleast* positive-definite.
Time taken to compute FM is 6.953395843505859 seconds
    CV from_0PA#1 it  77 lam=1.3e-09 ov=0.9684030 chi2=2.748e+01 rel=1.3e-04
Body is not plunging, Fisher should be stable.
waveform shape: (3, 6311629)
Computing SNR for parameters: (np.float64(999108.9243077553), np.float64(1004.0118736689694), np.float64(-0.4972115356327209), np.float64(24.974889708435185), np.float64(0.09997785219876282), 1.0, 33.992306, np.float64(1.052872604047025), np.float64(0.7878358041213196), 0.628318531, 0.523598776, np.float64(6.082843939746569), 0.2, np.float64(1.092994927335313), 0.95, False, False, False, True, np.float64(27.14438586629155), np.float64(8.73774554012096), 0.0, 0.0)
Waveform Generated. SNR: 20.885843136023983
calculating Fisher matrix...
Finished derivatives
Calculated Fisher is *atleast* positive-definite.
Time taken to compute FM is 6.776483774185181 seconds
    CV from_0PA#1 it  78 lam=4.2e-10 ov=0.9684091 chi2=2.748e+01 rel=2.2e-04
Body is not plunging, Fisher should be stable.
waveform shape: (3, 6311629)
Computing SNR for parameters: (np.float64(999156.8142470806), np.float64(1004.0745065492592), np.float64(-0.49710315536745), np.float64(24.974155587287513), np.float64(0.09996035224585435), 1.0, 33.992306, np.float64(1.0528613001143603), np.float64(0.7878430509201991), 0.628318531, 0.523598776, np.float64(6.080851662445095), 0.2, np.float64(1.115452772854978), 0.95, False, False, False, True, np.float64(27.747822540864654), np.float64(8.74983260002194), 0.0, 0.0)
Waveform Generated. SNR: 20.88659849029125
calculating Fisher matrix...
Finished derivatives
Calculated Fisher is *atleast* positive-definite.
Time taken to compute FM is 7.020045757293701 seconds
    CV from_0PA#1 it  79 lam=1.4e-10 ov=0.9684175 chi2=2.747e+01 rel=4.2e-04
Body is not plunging, Fisher should be stable.
waveform shape: (3, 6311629)
Computing SNR for parameters: (np.float64(999245.9667918255), np.float64(1004.1749376543772), np.float64(-0.4969038315719569), np.float64(24.972818704639575), np.float64(0.09992221015390564), 1.0, 33.992306, np.float64(1.052815514899526), np.float64(0.7878791432298162), 0.628318531, 0.523598776, np.float64(6.077937038316414), 0.2, np.float64(1.1520631004815112), 0.95, False, False, False, True, np.float64(28.703139018177367), np.float64(8.680580226857183), 0.0, 0.0)
Waveform Generated. SNR: 20.88799213469901
calculating stable deltas...
plunging! t_interp:  31558144.99999999 t_traj:  31531140.992404897
plunging! t_interp:  31558144.99999999 t_traj:  31545005.39756701
plunging! t_interp:  31558144.99999999 t_traj:  31543175.238479137
plunging! t_interp:  31558144.99999999 t_traj:  31554026.488668337
Time taken to compute stable deltas is 66.45341897010803 seconds
calculating Fisher matrix...
Finished derivatives
Calculated Fisher is *atleast* positive-definite.
Time taken to compute FM is 6.2670440673828125 seconds
    CV from_0PA#1 it  80 lam=4.7e-11 ov=0.9684331 chi2=2.746e+01 rel=5.6e-04
Body is not plunging, Fisher should be stable.
waveform shape: (3, 6311629)
Computing SNR for parameters: (np.float64(999360.6662833825), np.float64(1004.3019589414057), np.float64(-0.4966477866393338), np.float64(24.971099322849074), np.float64(0.09987318445446355), 1.0, 33.992306, np.float64(1.0527660565266925), np.float64(0.7879272991179277), 0.628318531, 0.523598776, np.float64(6.074870040699062), 0.2, np.float64(1.1999919639937573), 0.95, False, False, False, True, np.float64(29.91394093254906), np.float64(8.588012856213975), 0.0, 0.0)
Waveform Generated. SNR: 20.889777116037024
calculating Fisher matrix...
Finished derivatives
Calculated Fisher is *atleast* positive-definite.
Time taken to compute FM is 6.897796154022217 seconds
    CV from_0PA#1 it  81 lam=1.6e-11 ov=0.9684537 chi2=2.744e+01 rel=6.6e-04
Body is not plunging, Fisher should be stable.
waveform shape: (3, 6311629)
Computing SNR for parameters: (np.float64(999481.9811158436), np.float64(1004.4405512468671), np.float64(-0.4963764112148318), np.float64(24.969268110095854), np.float64(0.0998238797227789), 1.0, 33.992306, np.float64(1.0527231223591877), np.float64(0.787977170236467), 0.628318531, 0.523598776, np.float64(6.072000792148142), 0.2, np.float64(1.2539457943184802), 0.95, False, False, False, True, np.float64(31.24489994775734), np.float64(8.527379473583458), 0.0, 0.0)
Waveform Generated. SNR: 20.891837628767256
calculating Fisher matrix...
Finished derivatives
Calculated Fisher is *atleast* positive-definite.
Time taken to compute FM is 6.88576865196228 seconds
    CV from_0PA#1 it  82 lam=5.2e-12 ov=0.9684779 chi2=2.743e+01 rel=7.3e-04
Body is not plunging, Fisher should be stable.
waveform shape: (3, 6311629)
Computing SNR for parameters: (np.float64(999612.3174033875), np.float64(1004.5920622628703), np.float64(-0.49608466605342383), np.float64(24.967293648657265), np.float64(0.09977243399895706), 1.0, 33.992306, np.float64(1.0526641670822583), np.float64(0.7880275127288874), 0.628318531, 0.523598776, np.float64(6.069260341124121), 0.2, np.float64(1.3142482419735462), 0.95, False, False, False, True, np.float64(32.704958951348765), np.float64(8.48256619303514), 0.0, 0.0)
Waveform Generated. SNR: 20.893869705150347
calculating Fisher matrix...
Finished derivatives
Calculated Fisher is *atleast* positive-definite.
Time taken to compute FM is 7.26029634475708 seconds
    CV from_0PA#1 it  83 lam=3.0e-10 ov=0.9685045 chi2=2.740e+01 rel=4.0e-04
Body is not plunging, Fisher should be stable.
waveform shape: (3, 6311629)
Computing SNR for parameters: (np.float64(999706.273591044), np.float64(1004.7082066561599), np.float64(-0.49587372637203014), np.float64(24.96584490601024), np.float64(0.09974060716139396), 1.0, 33.992306, np.float64(1.0526404506017357), np.float64(0.7880649336292729), 0.628318531, 0.523598776, np.float64(6.0686549509056515), 0.2, np.float64(1.366232725686376), 0.95, False, False, False, True, np.float64(33.84646288916771), np.float64(8.51978093893574), 0.0, 0.0)
Waveform Generated. SNR: 20.895175519767854
calculating Fisher matrix...
Finished derivatives
Calculated Fisher is *atleast* positive-definite.
Time taken to compute FM is 6.864997386932373 seconds
    CV from_0PA#1 it  84 lam=9.9e-11 ov=0.9685194 chi2=2.739e+01 rel=1.4e-03
Body is not plunging, Fisher should be stable.
waveform shape: (3, 6311629)
Computing SNR for parameters: (np.float64(999832.1686564122), np.float64(1004.8535278429285), np.float64(-0.49559220105956947), np.float64(24.96393134594373), np.float64(0.09969233869724486), 1.0, 33.992306, np.float64(1.0525844228534034), np.float64(0.7881134404563602), 0.628318531, 0.523598776, np.float64(6.066643485075134), 0.2, np.float64(1.428234695240243), 0.95, False, False, False, True, np.float64(35.25615760929539), np.float64(8.495336947850987), 0.0, 0.0)
Waveform Generated. SNR: 20.902510190012265
calculating stable deltas...
plunging! t_interp:  31558145.0 t_traj:  31531176.126118824
plunging! t_interp:  31558145.0 t_traj:  31545039.37914209
plunging! t_interp:  31558145.0 t_traj:  31533238.041272793
plunging! t_interp:  31558145.0 t_traj:  31546575.464548472
Time taken to compute stable deltas is 65.86050200462341 seconds
calculating Fisher matrix...
Finished derivatives
Calculated Fisher is *atleast* positive-definite.
Time taken to compute FM is 6.127270460128784 seconds
    CV from_0PA#1 it  85 lam=3.3e-11 ov=0.9685747 chi2=2.736e+01 rel=1.4e-03
Body is not plunging, Fisher should be stable.
waveform shape: (3, 6311629)
Computing SNR for parameters: (np.float64(1000017.1807906938), np.float64(1005.0603841361252), np.float64(-0.495180400378003), np.float64(24.961157112133233), np.float64(0.09961472517998836), 1.0, 33.992306, np.float64(1.052542441096727), np.float64(0.7881425261580388), 0.628318531, 0.523598776, np.float64(6.064859778847191), 0.2, np.float64(1.5125593560092063), 0.95, False, False, False, True, np.float64(37.22683606973174), np.float64(8.338855168289658), 0.0, 0.0)
Waveform Generated. SNR: 20.9040246416864
calculating Fisher matrix...
Finished derivatives
Calculated Fisher is *atleast* positive-definite.
Time taken to compute FM is 7.143561363220215 seconds
    CV from_0PA#1 it  86 lam=1.1e-11 ov=0.9686223 chi2=2.732e+01 rel=9.3e-04
Body is not plunging, Fisher should be stable.
waveform shape: (3, 6311629)
Computing SNR for parameters: (np.float64(1000181.3893077082), np.float64(1005.2516551050575), np.float64(-0.4948137392387568), np.float64(24.95866390555565), np.float64(0.09955193692035488), 1.0, 33.992306, np.float64(1.0524597996887453), np.float64(0.7881839928447394), 0.628318531, 0.523598776, np.float64(6.064286289485837), 0.2, np.float64(1.5972103441418912), 0.95, False, False, False, True, np.float64(39.075919208266384), np.float64(8.30099205412836), 0.0, 0.0)
Waveform Generated. SNR: 20.911642360079803
calculating Fisher matrix...
Finished derivatives
Calculated Fisher is *atleast* positive-definite.
Time taken to compute FM is 7.075902462005615 seconds
    CV from_0PA#1 it  87 lam=7.5e-10 ov=0.9686639 chi2=2.729e+01 rel=4.6e-04
Body is not plunging, Fisher should be stable.
waveform shape: (3, 6311629)
Computing SNR for parameters: (np.float64(1000268.140503162), np.float64(1005.3652609849656), np.float64(-0.49461891649073825), np.float64(24.957298891964726), np.float64(0.09952896377194799), 1.0, 33.992306, np.float64(1.052416874049737), np.float64(0.7881667738375459), 0.628318531, 0.523598776, np.float64(6.068085682805235), 0.2, np.float64(1.6600753677081008), 0.95, False, False, False, True, np.float64(40.21620421503716), np.float64(8.409710094685769), 0.0, 0.0)
Waveform Generated. SNR: 20.917003289707626
calculating Fisher matrix...
Finished derivatives
Calculated Fisher is *atleast* positive-definite.
Time taken to compute FM is 6.784080743789673 seconds
    CV from_0PA#1 it  88 lam=1.5e-09 ov=0.9686875 chi2=2.728e+01 rel=9.9e-04
Body is not plunging, Fisher should be stable.
waveform shape: (3, 6311629)
Computing SNR for parameters: (np.float64(1000362.3047070097), np.float64(1005.4697505942216), np.float64(-0.49441108216911567), np.float64(24.955859938322455), np.float64(0.09949576277778696), 1.0, 33.992306, np.float64(1.0524570408512413), np.float64(0.7881950158194807), 0.628318531, 0.523598776, np.float64(6.072339373836901), 0.2, np.float64(1.7211164338412468), 0.95, False, False, False, True, np.float64(41.25145307324523), np.float64(8.39150302240247), 0.0, 0.0)
Waveform Generated. SNR: 20.908909718488307
calculating Fisher matrix...
Finished derivatives
Calculated Fisher is *atleast* positive-definite.
Time taken to compute FM is 6.740806579589844 seconds
    CV from_0PA#1 it  89 lam=5.0e-10 ov=0.9687055 chi2=2.725e+01 rel=3.6e-03
Body is not plunging, Fisher should be stable.
waveform shape: (3, 6311629)
Computing SNR for parameters: (np.float64(1000471.6958066019), np.float64(1005.591504230638), np.float64(-0.49416948236158736), np.float64(24.954189196356463), np.float64(0.0994571512073875), 1.0, 33.992306, np.float64(1.0523836943843956), np.float64(0.7882774535397024), 0.628318531, 0.523598776, np.float64(6.075377997334231), 0.2, np.float64(1.7899682413505276), 0.95, False, False, False, True, np.float64(42.453787763081856), np.float64(8.37168305580654), 0.0, 0.0)
Waveform Generated. SNR: 20.915500066928104
calculating stable deltas...
plunging! t_interp:  31558144.999999993 t_traj:  31531214.20256489
plunging! t_interp:  31558144.999999993 t_traj:  31545076.21296674
plunging! t_interp:  31558144.999999993 t_traj:  31522302.745572302
plunging! t_interp:  31558144.999999993 t_traj:  31538374.569368742
plunging! t_interp:  31558144.999999993 t_traj:  31554462.838879332
Time taken to compute stable deltas is 65.2856879234314 seconds
calculating Fisher matrix...
Finished derivatives
Calculated Fisher is *atleast* positive-definite.
Time taken to compute FM is 6.244644641876221 seconds
    CV from_0PA#1 it  90 lam=1.7e-10 ov=0.9688281 chi2=2.716e+01 rel=2.8e-03
Body is not plunging, Fisher should be stable.
waveform shape: (3, 6311629)
Computing SNR for parameters: (np.float64(1000708.4483546879), np.float64(1005.8453819797882), np.float64(-0.49364490534363115), np.float64(24.95066090404782), np.float64(0.09935405500063542), 1.0, 33.992306, np.float64(1.0522901626504164), np.float64(0.7883154385077736), 0.628318531, 0.523598776, np.float64(6.0743987514798565), 0.2, np.float64(1.8966459801446507), 0.95, False, False, False, True, np.float64(44.85945305821762), np.float64(8.121330766955083), 0.0, 0.0)
Waveform Generated. SNR: 20.91941870309569
calculating Fisher matrix...
Finished derivatives
Calculated Fisher is *atleast* positive-definite.
Time taken to compute FM is 6.893114805221558 seconds
    CV from_0PA#1 it  91 lam=5.6e-11 ov=0.9689237 chi2=2.708e+01 rel=4.0e-03
Body is not plunging, Fisher should be stable.
waveform shape: (3, 6311629)
Computing SNR for parameters: (np.float64(1001050.3596496619), np.float64(1006.2035285122438), np.float64(-0.4928895690035542), np.float64(24.9455864319677), np.float64(0.09920184702311126), 1.0, 33.992306, np.float64(1.0521313182255798), np.float64(0.7884359347019881), 0.628318531, 0.523598776, np.float64(6.074071631178401), 0.2, np.float64(2.0493861399047297), 0.95, False, False, False, True, np.float64(48.239429809381186), np.float64(7.6954633443702996), 0.0, 0.0)
Waveform Generated. SNR: 20.923160570652588
calculating Fisher matrix...
Finished derivatives
Calculated Fisher is *atleast* positive-definite.
Time taken to compute FM is 6.995466232299805 seconds
    CV from_0PA#1 it  92 lam=1.9e-11 ov=0.9690548 chi2=2.697e+01 rel=6.1e-03
Body is not plunging, Fisher should be stable.
waveform shape: (3, 6311629)
Computing SNR for parameters: (np.float64(1001453.2544020918), np.float64(1006.6213947760835), np.float64(-0.4920017046746169), np.float64(24.939601290004816), np.float64(0.0990251500869045), 1.0, 33.992306, np.float64(1.0518935923728483), np.float64(0.7885852069216466), 0.628318531, 0.523598776, np.float64(6.078358878851237), 0.2, np.float64(2.239601829205991), 0.95, False, False, False, True, np.float64(52.197696063998), np.float64(7.199657000564086), 0.0, 0.0)
Waveform Generated. SNR: 20.92878235948296
calculating Fisher matrix...
Finished derivatives
Calculated Fisher is *atleast* positive-definite.
Time taken to compute FM is 6.840341806411743 seconds
    CV from_0PA#1 it  93 lam=6.2e-12 ov=0.9692534 chi2=2.680e+01 rel=6.3e-03
Body is not plunging, Fisher should be stable.
waveform shape: (3, 6311629)
Computing SNR for parameters: (np.float64(1001921.6484206334), np.float64(1007.1038079400519), np.float64(-0.4909719096780231), np.float64(24.932644127342858), np.float64(0.09882127767606826), 1.0, 33.992306, np.float64(1.0516489850388824), np.float64(0.7887432415169392), 0.628318531, 0.523598776, np.float64(6.088425398889772), 0.2, np.float64(2.4698854344801773), 0.95, False, False, False, True, np.float64(56.772923911852295), np.float64(6.612425395282075), 0.0, 0.0)
Waveform Generated. SNR: 20.9327696905663
calculating Fisher matrix...
Finished derivatives
Calculated Fisher is *atleast* positive-definite.
Time taken to compute FM is 6.9364728927612305 seconds
    CV from_0PA#1 it  94 lam=2.1e-12 ov=0.9694535 chi2=2.664e+01 rel=1.7e-02
Body is not plunging, Fisher should be stable.
waveform shape: (3, 6311629)
Computing SNR for parameters: (np.float64(1002474.01891665), np.float64(1007.6635613403664), np.float64(-0.48976103297442497), np.float64(24.924450852215944), np.float64(0.0985807782800008), 1.0, 33.992306, np.float64(1.0512681923181189), np.float64(0.7889552571596592), 0.628318531, 0.523598776, np.float64(6.10534955897223), 0.2, np.float64(2.7496990916628365), 0.95, False, False, False, True, np.float64(62.0817441377904), np.float64(5.882372233725715), 0.0, 0.0)
Waveform Generated. SNR: 20.94807118340154
calculating stable deltas...
plunging! t_interp:  31558144.999999996 t_traj:  31531345.742023222
plunging! t_interp:  31558144.999999996 t_traj:  31545203.94846742
plunging! t_interp:  31558144.999999996 t_traj:  31492404.24101295
plunging! t_interp:  31558144.999999996 t_traj:  31515951.366203032
plunging! t_interp:  31558144.999999996 t_traj:  31539533.83515714
plunging! t_interp:  31558144.999999996 t_traj:  31553594.569176458
Time taken to compute stable deltas is 65.78092813491821 seconds
calculating Fisher matrix...
Finished derivatives
Calculated Fisher is *atleast* positive-definite.
Time taken to compute FM is 6.351950645446777 seconds
    CV from_0PA#1 it  95 lam=6.9e-13 ov=0.9700006 chi2=2.618e+01 rel=1.8e-02
Body is not plunging, Fisher should be stable.
waveform shape: (3, 6311629)
Computing SNR for parameters: (np.float64(1003144.1500993557), np.float64(1008.3293177453038), np.float64(-0.4882968710575723), np.float64(24.914557306493656), np.float64(0.09828274968973703), 1.0, 33.992306, np.float64(1.0509478266733552), np.float64(0.7890789770826212), 0.628318531, 0.523598776, np.float64(6.133153178091319), 0.2, np.float64(3.091086242584229), 0.95, False, False, False, True, np.float64(68.35954578674762), np.float64(4.849161427805224), 0.0, 0.0)
Waveform Generated. SNR: 20.95551548045554
calculating Fisher matrix...
Finished derivatives
Calculated Fisher is *atleast* positive-definite.
Time taken to compute FM is 6.732717037200928 seconds
    CV from_0PA#1 it  96 lam=2.3e-13 ov=0.9705408 chi2=2.572e+01 rel=2.7e-02
Body is not plunging, Fisher should be stable.
waveform shape: (3, 6311629)
Computing SNR for parameters: (np.float64(1003942.3124803607), np.float64(1009.0975942297547), np.float64(-0.48656098345839227), np.float64(24.902817679189525), np.float64(0.09792277450139088), 1.0, 33.992306, np.float64(1.0504253754744999), np.float64(0.7893211534812944), 0.628318531, 0.523598776, np.float64(6.173756081771472), 0.2, np.float64(3.5064026059309743), 0.95, False, False, False, True, np.float64(75.58802995985621), np.float64(3.4768039127028), 0.0, 0.0)
Waveform Generated. SNR: 20.977600236664294
calculating Fisher matrix...
Finished derivatives
Calculated Fisher is *atleast* positive-definite.
Time taken to compute FM is 7.061474561691284 seconds
    CV from_0PA#1 it  97 lam=2.5e-09 ov=0.9713835 chi2=2.502e+01 rel=2.7e-02
Body is not plunging, Fisher should be stable.
waveform shape: (3, 6311629)
Computing SNR for parameters: (np.float64(1004009.5734263613), np.float64(1009.1269720426953), np.float64(-0.4864406652560186), np.float64(24.901699087759045), np.float64(0.09793881846833781), 1.0, 33.992306, np.float64(1.0503369909696634), np.float64(0.7890492244884669), 0.628318531, 0.523598776, np.float64(6.2603477013384525), 0.2, np.float64(3.72583584239345), 0.95, False, False, False, True, np.float64(76.12368644226494), np.float64(3.466982724750759), 0.0, 0.0)
Waveform Generated. SNR: 20.988496548157006
calculating Fisher matrix...
Finished derivatives
Calculated Fisher is *atleast* positive-definite.
Time taken to compute FM is 6.891330242156982 seconds
    CV from_0PA#1 it  98 lam=8.4e-10 ov=0.9721794 chi2=2.434e+01 rel=1.7e-02
Body is not plunging, Fisher should be stable.
waveform shape: (3, 6311629)
Computing SNR for parameters: (np.float64(1004314.1610065373), np.float64(1009.3335269531101), np.float64(-0.4858039875142742), np.float64(24.897239474025877), np.float64(0.09780998579963662), 1.0, 33.992306, np.float64(1.0501610600118276), np.float64(0.78898475601673), 0.628318531, 0.523598776, np.float64(6.323642390104046), 0.2, np.float64(3.9765159410465047), 0.95, False, False, False, True, np.float64(78.20187735521763), np.float64(2.670072289258943), 0.0, 0.0)
Waveform Generated. SNR: 21.00063151917874
calculating Fisher matrix...
Finished derivatives
Calculated Fisher is *atleast* positive-definite.
Time taken to compute FM is 6.887139797210693 seconds
    CV from_0PA#1 it  99 lam=8.4e-10 ov=0.9726751 chi2=2.392e+01 rel=1.9e-02
Body is not plunging, Fisher should be stable.
waveform shape: (3, 6311629)
Computing SNR for parameters: (np.float64(1005090.8261763229), np.float64(1009.99380547361), np.float64(-0.48413166539315694), np.float64(24.88599322890755), np.float64(0.09742897748024752), 1.0, 33.992306, np.float64(1.049604159824514), np.float64(0.78926533220653), 0.628318531, 0.523598776, np.float64(6.367020632224442), 0.2, np.float64(4.360481321009097), 0.95, False, False, False, True, np.float64(84.33058183535752), np.float64(0.7510244670875512), 0.0, 0.0)
Waveform Generated. SNR: 21.01630190662017
calculating stable deltas...
plunging! t_interp:  31558144.999999996 t_traj:  31531510.45778369
plunging! t_interp:  31558144.999999996 t_traj:  31545363.96110146
plunging! t_interp:  31558144.999999996 t_traj:  31458361.966008447
plunging! t_interp:  31558144.999999996 t_traj:  31490410.68317165
plunging! t_interp:  31558144.999999996 t_traj:  31522524.96057757
plunging! t_interp:  31558144.999999996 t_traj:  31554705.0001387
plunging! t_interp:  31558144.999999996 t_traj:  31541680.99060899
plunging! t_interp:  31558144.999999996 t_traj:  31552986.288631957
Time taken to compute stable deltas is 65.82877039909363 seconds
calculating Fisher matrix...
Finished derivatives
Calculated Fisher is *atleast* positive-definite.
Time taken to compute FM is 6.217767953872681 seconds
    CV from_0PA#1 it 100 lam=6.3e-10 ov=0.9732218 chi2=2.347e+01 rel=4.6e-02
Body is not plunging, Fisher should be stable.
waveform shape: (3, 6311629)
Computing SNR for parameters: (np.float64(1005870.1195772601), np.float64(1010.6679400463826), np.float64(-0.48245594449582274), np.float64(24.874691148213746), np.float64(0.09705373770318965), 1.0, 33.992306, np.float64(1.0489527994873773), np.float64(0.7896141907958147), 0.628318531, 0.523598776, np.float64(6.415073105618011), 0.2, np.float64(4.760532962567085), 0.95, False, False, False, True, np.float64(90.60068902791791), np.float64(-1.1241760193625967), 0.0, 0.0)
Waveform Generated. SNR: 21.026204368213623
calculating Fisher matrix...
Finished derivatives
Calculated Fisher is *atleast* positive-definite.
Time taken to compute FM is 6.75649881362915 seconds
    CV from_0PA#1 it 101 lam=3.3e-09 ov=0.9744627 chi2=2.240e+01 rel=3.5e-02
Body is not plunging, Fisher should be stable.
waveform shape: (3, 6311629)
Computing SNR for parameters: (np.float64(1006070.3465164406), np.float64(1010.7919213073501), np.float64(-0.48204709921301603), np.float64(24.871712961155588), np.float64(0.0969832109627596), 1.0, 33.992306, np.float64(1.0487278336706498), np.float64(0.7895433765082187), 0.628318531, 0.523598776, np.float64(6.465867823952798), 0.2, np.float64(4.964741295300831), 0.95, False, False, False, True, np.float64(91.95180074226548), np.float64(-1.5618161780451234), 0.0, 0.0)
Waveform Generated. SNR: 21.03330547817203
calculating Fisher matrix...
Finished derivatives
Calculated Fisher is *atleast* positive-definite.
Time taken to compute FM is 7.808241128921509 seconds
    CV from_0PA#1 it 102 lam=8.9e-09 ov=0.9753748 chi2=2.161e+01 rel=2.2e-02
Body is not plunging, Fisher should be stable.
waveform shape: (3, 6311629)
Computing SNR for parameters: (np.float64(1006116.7298516452), np.float64(1010.8027545540513), np.float64(-0.48196232506114145), np.float64(24.870945956030543), np.float64(0.09698478727893463), 1.0, 33.992306, np.float64(1.0486604705243314), np.float64(0.7894183946885993), 0.628318531, 0.523598776, np.float64(6.48566878025375), 0.2, np.float64(5.053389186800349), 0.95, False, False, False, True, np.float64(92.24132776493167), np.float64(-1.503375256295896), 0.0, 0.0)
Waveform Generated. SNR: 21.031382153458278
calculating Fisher matrix...
Finished derivatives
Calculated Fisher is *atleast* positive-definite.
Time taken to compute FM is 7.435315370559692 seconds
    CV from_0PA#1 it 103 lam=3.0e-09 ov=0.9759033 chi2=2.114e+01 rel=1.3e-02
Body is not plunging, Fisher should be stable.
waveform shape: (3, 6311629)
Computing SNR for parameters: (np.float64(1006276.0809631166), np.float64(1010.8860065487552), np.float64(-0.48163086163207947), np.float64(24.86863062129257), np.float64(0.09690808156849277), 1.0, 33.992306, np.float64(1.0485190910348248), np.float64(0.7894917088402481), 0.628318531, 0.523598776, np.float64(6.488250263680716), 0.2, np.float64(5.137371110456881), 0.95, False, False, False, True, np.float64(93.11342314031714), np.float64(-1.9200949350485401), 0.0, 0.0)
Waveform Generated. SNR: 21.032255191788852
calculating Fisher matrix...
Finished derivatives
Calculated Fisher is *atleast* positive-definite.
Time taken to compute FM is 7.520861864089966 seconds
    CV from_0PA#1 it 104 lam=5.9e-09 ov=0.9762091 chi2=2.088e+01 rel=8.3e-03
Body is not plunging, Fisher should be stable.
waveform shape: (3, 6311629)
Computing SNR for parameters: (np.float64(1006510.6535239518), np.float64(1011.0451164690066), np.float64(-0.48113181330952504), np.float64(24.865245081810432), np.float64(0.09678839043840737), 1.0, 33.992306, np.float64(1.0483139496103036), np.float64(0.7897182415511081), 0.628318531, 0.523598776, np.float64(6.484841747272157), 0.2, np.float64(5.231969169962478), 0.95, False, False, False, True, np.float64(94.63945460896326), np.float64(-2.520729911973029), 0.0, 0.0)
Waveform Generated. SNR: 21.04129320212518
calculating stable deltas...
plunging! t_interp:  31558144.999999993 t_traj:  31531604.395685952
plunging! t_interp:  31558144.999999993 t_traj:  31545455.48937584
plunging! t_interp:  31558144.999999993 t_traj:  31442559.49234774
plunging! t_interp:  31558144.999999993 t_traj:  31478554.033184256
plunging! t_interp:  31558144.999999993 t_traj:  31514631.322897322
plunging! t_interp:  31558144.999999993 t_traj:  31550791.648061294
plunging! t_interp:  31558144.999999993 t_traj:  31536155.62025912
plunging! t_interp:  31558144.999999993 t_traj:  31548860.120959092
Time taken to compute stable deltas is 72.53579044342041 seconds
calculating Fisher matrix...
Finished derivatives
Calculated Fisher is *atleast* positive-definite.
Time taken to compute FM is 6.809475660324097 seconds
    CV from_0PA#1 it 105 lam=2.0e-09 ov=0.9764201 chi2=2.071e+01 rel=2.1e-02
Body is not plunging, Fisher should be stable.
waveform shape: (3, 6311629)
Computing SNR for parameters: (np.float64(1006745.3881823829), np.float64(1011.225303588146), np.float64(-0.48062873414005364), np.float64(24.861850565315628), np.float64(0.09666982771111536), 1.0, 33.992306, np.float64(1.0481213552807376), np.float64(0.7899561149997052), 0.628318531, 0.523598776, np.float64(6.480730292660176), 0.2, np.float64(5.321700508524883), 0.95, False, False, False, True, np.float64(96.33799578782707), np.float64(-3.085364852697275), 0.0, 0.0)
Waveform Generated. SNR: 21.037154797540843
calculating Fisher matrix...
Finished derivatives
Calculated Fisher is *atleast* positive-definite.
Time taken to compute FM is 7.467297077178955 seconds
    CV from_0PA#1 it 106 lam=6.5e-10 ov=0.9769150 chi2=2.027e+01 rel=3.1e-02
Body is not plunging, Fisher should be stable.
waveform shape: (3, 6311629)
Computing SNR for parameters: (np.float64(1007327.9558963398), np.float64(1011.7566944536079), np.float64(-0.47936407264423525), np.float64(24.853419388268684), np.float64(0.09637486152542148), 1.0, 33.992306, np.float64(1.047757386111986), np.float64(0.7903199289164461), 0.628318531, 0.523598776, np.float64(6.463494126022273), 0.2, np.float64(5.521556284451729), 0.95, False, False, False, True, np.float64(101.2049144279305), np.float64(-4.349860027564342), 0.0, 0.0)
Waveform Generated. SNR: 21.044651028225964
calculating Fisher matrix...
Finished derivatives
Calculated Fisher is *atleast* positive-definite.
Time taken to compute FM is 7.462338447570801 seconds
    CV from_0PA#1 it 107 lam=5.4e-10 ov=0.9776389 chi2=1.964e+01 rel=4.0e-02
Body is not plunging, Fisher should be stable.
waveform shape: (3, 6311629)
Computing SNR for parameters: (np.float64(1008404.0011266837), np.float64(1012.820792714041), np.float64(-0.47701564313167416), np.float64(24.837805191879866), np.float64(0.09583876372663912), 1.0, 33.992306, np.float64(1.0471247825766408), np.float64(0.790941803291946), 0.628318531, 0.523598776, np.float64(6.428556102534998), 0.2, np.float64(5.882516922589263), 0.95, False, False, False, True, np.float64(110.8825388595617), np.float64(-6.453343271516333), 0.0, 0.0)
Waveform Generated. SNR: 21.035612456682212
calculating Fisher matrix...
Finished derivatives
Calculated Fisher is *atleast* positive-definite.
Time taken to compute FM is 7.449378252029419 seconds
    CV from_0PA#1 it 108 lam=1.1e-09 ov=0.9785126 chi2=1.887e+01 rel=3.4e-02
Body is not plunging, Fisher should be stable.
waveform shape: (3, 6311629)
Computing SNR for parameters: (np.float64(1009017.1951017897), np.float64(1013.3944101205904), np.float64(-0.47569448535714054), np.float64(24.828886733376592), np.float64(0.095540977480171), 1.0, 33.992306, np.float64(1.046466723687041), np.float64(0.7913945861301248), 0.628318531, 0.523598776, np.float64(6.405787955018849), 0.2, np.float64(6.10709943458361), 0.95, False, False, False, True, np.float64(116.18934494165524), np.float64(-7.639656355180393), 0.0, 0.0)
Waveform Generated. SNR: 21.043891030797788
calculating Fisher matrix...
Finished derivatives
Calculated Fisher is *atleast* positive-definite.
Time taken to compute FM is 8.047682523727417 seconds
    CV from_0PA#1 it 109 lam=3.5e-10 ov=0.9792488 chi2=1.823e+01 rel=5.7e-02
Body is not plunging, Fisher should be stable.
waveform shape: (3, 6311629)
Computing SNR for parameters: (np.float64(1009587.6236830213), np.float64(1013.8922183611908), np.float64(-0.47446869846757644), np.float64(24.82058565967304), np.float64(0.0952622743885141), 1.0, 33.992306, np.float64(1.0459707941696648), np.float64(0.7918317960790149), 0.628318531, 0.523598776, np.float64(6.374604520775422), 0.2, np.float64(6.308192920295403), 0.95, False, False, False, True, np.float64(120.85294217981173), np.float64(-8.709640206315363), 0.0, 0.0)
Waveform Generated. SNR: 21.06773238057213
calculating stable deltas...
plunging! t_interp:  31558144.99999999 t_traj:  31531826.230542548
plunging! t_interp:  31558144.99999999 t_traj:  31545671.597744882
plunging! t_interp:  31558144.99999999 t_traj:  31402110.58737379
plunging! t_interp:  31558144.99999999 t_traj:  31448187.165479887
plunging! t_interp:  31558144.99999999 t_traj:  31494399.557437863
plunging! t_interp:  31558144.99999999 t_traj:  31540748.365555584
plunging! t_interp:  31558144.99999999 t_traj:  31521984.884210937
plunging! t_interp:  31558144.99999999 t_traj:  31538271.852980196
plunging! t_interp:  31558144.99999999 t_traj:  31554575.710592505
Time taken to compute stable deltas is 72.67944121360779 seconds
calculating Fisher matrix...
Finished derivatives
Calculated Fisher is *atleast* positive-definite.
Time taken to compute FM is 6.1765851974487305 seconds
    CV from_0PA#1 it 110 lam=1.2e-10 ov=0.9804761 chi2=1.719e+01 rel=3.3e-02
Body is not plunging, Fisher should be stable.
waveform shape: (3, 6311629)
Computing SNR for parameters: (np.float64(1010450.8844379421), np.float64(1014.7177234792724), np.float64(-0.47259758053929), np.float64(24.80807033514661), np.float64(0.09483236850221065), 1.0, 33.992306, np.float64(1.045572296298868), np.float64(0.7922571920751885), 0.628318531, 0.523598776, np.float64(6.334448976392491), 0.2, np.float64(6.593050475430151), 0.95, False, False, False, True, np.float64(128.3915654323393), np.float64(-10.38383259752639), 0.0, 0.0)
Waveform Generated. SNR: 21.078460330534313
calculating Fisher matrix...
Finished derivatives
Calculated Fisher is *atleast* positive-definite.
Time taken to compute FM is 6.973631143569946 seconds
    CV from_0PA#1 it 111 lam=3.9e-11 ov=0.9811333 chi2=1.662e+01 rel=2.7e-02
Body is not plunging, Fisher should be stable.
waveform shape: (3, 6311629)
Computing SNR for parameters: (np.float64(1011203.9086960236), np.float64(1015.4404394106651), np.float64(-0.470971025056883), np.float64(24.797162221527763), np.float64(0.09445763669515725), 1.0, 33.992306, np.float64(1.0451363741100692), np.float64(0.7925698934604566), 0.628318531, 0.523598776, np.float64(6.297448145300659), 0.2, np.float64(6.842365597042583), 0.95, False, False, False, True, np.float64(134.9827278234126), np.float64(-11.86430233607093), 0.0, 0.0)
Waveform Generated. SNR: 21.09011663536321
calculating Fisher matrix...
Finished derivatives
Calculated Fisher is *atleast* positive-definite.
Time taken to compute FM is 6.644583463668823 seconds
    CV from_0PA#1 it 112 lam=3.5e-11 ov=0.9816608 chi2=1.618e+01 rel=1.0e-02
Body is not plunging, Fisher should be stable.
waveform shape: (3, 6311629)
Computing SNR for parameters: (np.float64(1011672.7742331175), np.float64(1015.8351345444191), np.float64(-0.469971785362455), np.float64(24.790382387038278), np.float64(0.09422294413847832), 1.0, 33.992306, np.float64(1.0448103905428505), np.float64(0.792720304273653), 0.628318531, 0.523598776, np.float64(6.270823330440333), 0.2, np.float64(7.0083460806913), 0.95, False, False, False, True, np.float64(138.65808285594315), np.float64(-12.879735825489139), 0.0, 0.0)
Waveform Generated. SNR: 21.111869440874695
calculating Fisher matrix...
Finished derivatives
Calculated Fisher is *atleast* positive-definite.
Time taken to compute FM is 6.990520715713501 seconds
    CV from_0PA#1 it 113 lam=1.2e-11 ov=0.9818766 chi2=1.602e+01 rel=1.6e-02
Body is not plunging, Fisher should be stable.
waveform shape: (3, 6311629)
Computing SNR for parameters: (np.float64(1011941.5367962411), np.float64(1016.0218280710465), np.float64(-0.46940719905172235), np.float64(24.786507637875953), np.float64(0.09408676818747852), 1.0, 33.992306, np.float64(1.0447346207327175), np.float64(0.7930341061729473), 0.628318531, 0.523598776, np.float64(6.254894941908436), 0.2, np.float64(7.112019784631605), 0.95, False, False, False, True, np.float64(140.45534880023956), np.float64(-13.554087317269852), 0.0, 0.0)
Waveform Generated. SNR: 21.1126511978355
calculating Fisher matrix...
Finished derivatives
Calculated Fisher is *atleast* positive-definite.
Time taken to compute FM is 7.2115161418914795 seconds
    CV from_0PA#1 it 114 lam=1.1e-11 ov=0.9821606 chi2=1.577e+01 rel=4.4e-03
Body is not plunging, Fisher should be stable.
waveform shape: (3, 6311629)
Computing SNR for parameters: (np.float64(1012100.5288064895), np.float64(1016.1081267429369), np.float64(-0.4690804697851045), np.float64(24.784211540875233), np.float64(0.09400748118463749), 1.0, 33.992306, np.float64(1.0444542206198102), np.float64(0.7930318983216847), 0.628318531, 0.523598776, np.float64(6.244179218951065), 0.2, np.float64(7.184556714352786), 0.95, False, False, False, True, np.float64(141.34747256089992), np.float64(-13.981011810259561), 0.0, 0.0)
Waveform Generated. SNR: 21.11733578524333
calculating stable deltas...
plunging! t_interp:  31558144.999999996 t_traj:  31531997.096162923
plunging! t_interp:  31558144.999999996 t_traj:  31545837.848179158
plunging! t_interp:  31558144.999999996 t_traj:  31370303.45052305
plunging! t_interp:  31558144.999999996 t_traj:  31424293.21241081
plunging! t_interp:  31558144.999999996 t_traj:  31478469.67729015
plunging! t_interp:  31558144.999999996 t_traj:  31532833.81760608
plunging! t_interp:  31558144.999999996 t_traj:  31510822.124292802
plunging! t_interp:  31558144.999999996 t_traj:  31529928.326423522
plunging! t_interp:  31558144.999999996 t_traj:  31549057.78037156
Time taken to compute stable deltas is 68.33183097839355 seconds
calculating Fisher matrix...
Finished derivatives
Calculated Fisher is *atleast* positive-definite.
Time taken to compute FM is 5.628575801849365 seconds
    CV from_0PA#1 it 115 lam=3.5e-12 ov=0.9822472 chi2=1.570e+01 rel=5.6e-03
Body is not plunging, Fisher should be stable.
waveform shape: (3, 6311629)
Computing SNR for parameters: (np.float64(1012234.2301329222), np.float64(1016.1811137941377), np.float64(-0.4688051863636011), np.float64(24.78229097758976), np.float64(0.09393920367198234), 1.0, 33.992306, np.float64(1.044022255326447), np.float64(0.7932214782842006), 0.628318531, 0.523598776, np.float64(6.23682391213192), 0.2, np.float64(7.244528316911622), 0.95, False, False, False, True, np.float64(142.08705890336032), np.float64(-14.379401807248126), 0.0, 0.0)
Waveform Generated. SNR: 21.115722038488933
calculating Fisher matrix...
Finished derivatives
Calculated Fisher is *atleast* positive-definite.
Time taken to compute FM is 6.2402870655059814 seconds
    CV from_0PA#1 it 116 lam=3.5e-12 ov=0.9823448 chi2=1.561e+01 rel=1.6e-03
Body is not plunging, Fisher should be stable.
waveform shape: (3, 6311629)
Computing SNR for parameters: (np.float64(1012310.4240511291), np.float64(1016.2109431182707), np.float64(-0.4686518144081596), np.float64(24.781192627467618), np.float64(0.09390132380707207), 1.0, 33.992306, np.float64(1.0439229660078195), np.float64(0.7932261067602099), 0.628318531, 0.523598776, np.float64(6.2318535174072744), 0.2, np.float64(7.284011528462287), 0.95, False, False, False, True, np.float64(142.4276634119494), np.float64(-14.614456270915491), 0.0, 0.0)
Waveform Generated. SNR: 21.118031007366675
calculating Fisher matrix...
Finished derivatives
Calculated Fisher is *atleast* positive-definite.
Time taken to compute FM is 6.214278697967529 seconds
    CV from_0PA#1 it 117 lam=3.4e-12 ov=0.9823762 chi2=1.558e+01 rel=1.5e-03
Body is not plunging, Fisher should be stable.
waveform shape: (3, 6311629)
Computing SNR for parameters: (np.float64(1012392.2623736331), np.float64(1016.2542571030963), np.float64(-0.46848350502133806), np.float64(24.78002059992723), np.float64(0.09385890257179484), 1.0, 33.992306, np.float64(1.0438639110129755), np.float64(0.7932878933828866), 0.628318531, 0.523598776, np.float64(6.227929956551993), 0.2, np.float64(7.320986414851518), 0.95, False, False, False, True, np.float64(142.86562954256706), np.float64(-14.873016899663309), 0.0, 0.0)
Waveform Generated. SNR: 21.118704339635304
calculating Fisher matrix...
Finished derivatives
Calculated Fisher is *atleast* positive-definite.
Time taken to compute FM is 6.213394641876221 seconds
    CV from_0PA#1 it 118 lam=3.2e-09 ov=0.9824035 chi2=1.556e+01 rel=1.2e-03
Body is not plunging, Fisher should be stable.
waveform shape: (3, 6311629)
Computing SNR for parameters: (np.float64(1012382.6208367319), np.float64(1016.2251100147439), np.float64(-0.46851086190098085), np.float64(24.780151825779015), np.float64(0.09386573015845796), 1.0, 33.992306, np.float64(1.0438052664544515), np.float64(0.7932673867722774), 0.628318531, 0.523598776, np.float64(6.226435517481562), 0.2, np.float64(7.32746117193459), 0.95, False, False, False, True, np.float64(142.64863061289472), np.float64(-14.866106369342338), 0.0, 0.0)
Waveform Generated. SNR: 21.11384619927576
calculating Fisher matrix...
Finished derivatives
Calculated Fisher is *atleast* positive-definite.
Time taken to compute FM is 6.2072365283966064 seconds
    CV from_0PA#1 it 119 lam=1.7e-07 ov=0.9824170 chi2=1.554e+01 rel=6.1e-04
Body is not plunging, Fisher should be stable.
waveform shape: (3, 6311629)
Computing SNR for parameters: (np.float64(1012381.1368079011), np.float64(1016.2218668391847), np.float64(-0.4685179005406844), np.float64(24.78015228719513), np.float64(0.0938707263909475), 1.0, 33.992306, np.float64(1.0436824849323822), np.float64(0.7932080342180596), 0.628318531, 0.523598776, np.float64(6.22385052730311), 0.2, np.float64(7.3355595128115025), 0.95, False, False, False, True, np.float64(142.65572254987921), np.float64(-14.807691273621641), 0.0, 0.0)
Waveform Generated. SNR: 21.116185279933877
calculating stable deltas...
plunging! t_interp:  31558144.999999993 t_traj:  31532016.092145022
plunging! t_interp:  31558144.999999993 t_traj:  31545856.448495284
plunging! t_interp:  31558144.999999993 t_traj:  31368294.28166072
plunging! t_interp:  31558144.999999993 t_traj:  31422785.404783975
plunging! t_interp:  31558144.999999993 t_traj:  31477466.730346177
plunging! t_interp:  31558144.999999993 t_traj:  31532339.256900385
plunging! t_interp:  31558144.999999993 t_traj:  31510121.506464444
plunging! t_interp:  31558144.999999993 t_traj:  31529406.550098095
plunging! t_interp:  31558144.999999993 t_traj:  31548715.282913353
Time taken to compute stable deltas is 61.90198540687561 seconds
calculating Fisher matrix...
Finished derivatives
Calculated Fisher is *atleast* positive-definite.
Time taken to compute FM is 5.615038871765137 seconds
    CV from_0PA#1 it 120 lam=5.7e-08 ov=0.9824313 chi2=1.553e+01 rel=3.0e-04
Body is not plunging, Fisher should be stable.
waveform shape: (3, 6311629)
Computing SNR for parameters: (np.float64(1012381.2568349198), np.float64(1016.2192846830038), np.float64(-0.4685191803107353), np.float64(24.78013890279813), np.float64(0.09387276438880836), 1.0, 33.992306, np.float64(1.043646078146446), np.float64(0.7931899630967044), 0.628318531, 0.523598776, np.float64(6.222020730686806), 0.2, np.float64(7.338164693608263), 0.95, False, False, False, True, np.float64(142.65354696096202), np.float64(-14.772525342175628), 0.0, 0.0)
Waveform Generated. SNR: 21.118207423795717
calculating Fisher matrix...
Finished derivatives
Calculated Fisher is *atleast* positive-definite.
Time taken to compute FM is 6.290091037750244 seconds
    CV from_0PA#1 it 121 lam=1.9e-08 ov=0.9824395 chi2=1.553e+01 rel=2.7e-05
Body is not plunging, Fisher should be stable.
waveform shape: (3, 6311629)
Computing SNR for parameters: (np.float64(1012382.9219006217), np.float64(1016.2148520086146), np.float64(-0.4685170958694701), np.float64(24.780112534215952), np.float64(0.09387238291525098), 1.0, 33.992306, np.float64(1.0436529110405153), np.float64(0.7931932879915782), 0.628318531, 0.523598776, np.float64(6.22121714986388), 0.2, np.float64(7.341031029156055), 0.95, False, False, False, True, np.float64(142.62654491169107), np.float64(-14.776794706664353), 0.0, 0.0)
Waveform Generated. SNR: 21.118387348796816
calculating Fisher matrix...
Finished derivatives
Calculated Fisher is *atleast* positive-definite.
Time taken to compute FM is 6.2526280879974365 seconds
    CV from_0PA#1 it 122 lam=1.6e-08 ov=0.9824402 chi2=1.553e+01 rel=3.0e-05
Body is not plunging, Fisher should be stable.
waveform shape: (3, 6311629)
Computing SNR for parameters: (np.float64(1012388.4433301212), np.float64(1016.2062476319279), np.float64(-0.46850756986762887), np.float64(24.78004272738349), np.float64(0.09386790055273579), 1.0, 33.992306, np.float64(1.0436505174587432), np.float64(0.7932120638755958), 0.628318531, 0.523598776, np.float64(6.221626392780152), 0.2, np.float64(7.344466965726843), 0.95, False, False, False, True, np.float64(142.55689072197166), np.float64(-14.839859910866348), 0.0, 0.0)
Waveform Generated. SNR: 21.11807043374839
calculating Fisher matrix...
Finished derivatives
Calculated Fisher is *atleast* positive-definite.
Time taken to compute FM is 6.242562294006348 seconds
    CV from_0PA#1 it 123 lam=1.5e-08 ov=0.9824403 chi2=1.553e+01 rel=2.5e-05
Body is not plunging, Fisher should be stable.
waveform shape: (3, 6311629)
Computing SNR for parameters: (np.float64(1012394.3910602875), np.float64(1016.1995391968874), np.float64(-0.4684968123692873), np.float64(24.77996641413058), np.float64(0.09386325957801799), 1.0, 33.992306, np.float64(1.04367299565202), np.float64(0.793236975535017), 0.628318531, 0.523598776, np.float64(6.222080547209895), 0.2, np.float64(7.347731726296482), 0.95, False, False, False, True, np.float64(142.50248890029994), np.float64(-14.900610706501993), 0.0, 0.0)
Waveform Generated. SNR: 21.117873065420607
calculating Fisher matrix...
Finished derivatives
Calculated Fisher is *atleast* positive-definite.
Time taken to compute FM is 6.236076593399048 seconds
    CV from_0PA#1 it 124 lam=1.0e-08 ov=0.9824404 chi2=1.553e+01 rel=2.2e-05
Body is not plunging, Fisher should be stable.
waveform shape: (3, 6311629)
Computing SNR for parameters: (np.float64(1012400.1839272944), np.float64(1016.1948785525318), np.float64(-0.46848602907319675), np.float64(24.77989095843375), np.float64(0.09385895432245055), 1.0, 33.992306, np.float64(1.0436396463268862), np.float64(0.7932456213142405), 0.628318531, 0.523598776, np.float64(6.222488942564955), 0.2, np.float64(7.350759566438975), 0.95, False, False, False, True, np.float64(142.4651096166173), np.float64(-14.953896446893536), 0.0, 0.0)
Waveform Generated. SNR: 21.117636805684125
calculating stable deltas...
plunging! t_interp:  31558144.999999993 t_traj:  31532017.576086
plunging! t_interp:  31558144.999999993 t_traj:  31545857.927318364
plunging! t_interp:  31558144.999999993 t_traj:  31368599.644870188
plunging! t_interp:  31558144.999999993 t_traj:  31423015.58784871
plunging! t_interp:  31558144.999999993 t_traj:  31477621.206095718
plunging! t_interp:  31558144.999999993 t_traj:  31532417.494742956
plunging! t_interp:  31558144.999999993 t_traj:  31510230.644283455
plunging! t_interp:  31558144.999999993 t_traj:  31529488.868939195
plunging! t_interp:  31558144.999999993 t_traj:  31548770.715217404
Time taken to compute stable deltas is 61.9386727809906 seconds
calculating Fisher matrix...
Finished derivatives
Calculated Fisher is *atleast* positive-definite.
Time taken to compute FM is 5.618082761764526 seconds
    CV from_0PA#1 it 125 lam=3.5e-09 ov=0.9824405 chi2=1.553e+01 rel=2.2e-05
Body is not plunging, Fisher should be stable.
waveform shape: (3, 6311629)
Computing SNR for parameters: (np.float64(1012406.8320441768), np.float64(1016.1919766745759), np.float64(-0.4684731864027515), np.float64(24.779802641794667), np.float64(0.0938542784128669), 1.0, 33.992306, np.float64(1.043645368719576), np.float64(0.793259345801921), 0.628318531, 0.523598776, np.float64(6.22281123177231), 0.2, np.float64(7.3538636117002865), 0.95, False, False, False, True, np.float64(142.44281476204716), np.float64(-15.00553290401026), 0.0, 0.0)
Waveform Generated. SNR: 21.117484841948798
calculating Fisher matrix...
Finished derivatives
Calculated Fisher is *atleast* positive-definite.
Time taken to compute FM is 6.240700006484985 seconds
    CV from_0PA#1 it 126 lam=1.2e-09 ov=0.9824406 chi2=1.553e+01 rel=2.0e-05
Body is not plunging, Fisher should be stable.
waveform shape: (3, 6311629)
Computing SNR for parameters: (np.float64(1012417.0110571359), np.float64(1016.1935824100361), np.float64(-0.46845250588817305), np.float64(24.77966237675135), np.float64(0.09384798886617399), 1.0, 33.992306, np.float64(1.0436234950515937), np.float64(0.7931851800544765), 0.628318531, 0.523598776, np.float64(6.223010780457631), 0.2, np.float64(7.35814176041865), 0.95, False, False, False, True, np.float64(142.4608458050773), np.float64(-15.059263197164702), 0.0, 0.0)
Waveform Generated. SNR: 21.118393776885313
calculating Fisher matrix...
Finished derivatives
Calculated Fisher is *atleast* positive-definite.
Time taken to compute FM is 6.230541229248047 seconds
    CV from_0PA#1 it 127 lam=2.3e-09 ov=0.9824423 chi2=1.553e+01 rel=4.0e-05
Body is not plunging, Fisher should be stable.
waveform shape: (3, 6311629)
Computing SNR for parameters: (np.float64(1012436.1881696292), np.float64(1016.2082096787173), np.float64(-0.4684116519528755), np.float64(24.77939082254418), np.float64(0.09383748944268767), 1.0, 33.992306, np.float64(1.0436367594931517), np.float64(0.7933082673309741), 0.628318531, 0.523598776, np.float64(6.222701305731), 0.2, np.float64(7.364635289886777), 0.95, False, False, False, True, np.float64(142.59196326455142), np.float64(-15.123722753721253), 0.0, 0.0)
Waveform Generated. SNR: 21.118038151116913
calculating Fisher matrix...
Finished derivatives
Calculated Fisher is *atleast* positive-definite.
Time taken to compute FM is 6.209154367446899 seconds
    CV from_0PA#1 it 128 lam=1.7e-09 ov=0.9824425 chi2=1.553e+01 rel=1.3e-04
Body is not plunging, Fisher should be stable.
waveform shape: (3, 6311629)
Computing SNR for parameters: (np.float64(1012462.0631020179), np.float64(1016.2303038209166), np.float64(-0.4683560848314007), np.float64(24.779022779486457), np.float64(0.09382353985745423), 1.0, 33.992306, np.float64(1.0436292471705066), np.float64(0.7933132101712402), 0.628318531, 0.523598776, np.float64(6.222312334602034), 0.2, np.float64(7.373021478341498), 0.95, False, False, False, True, np.float64(142.7888836101299), np.float64(-15.200936183625718), 0.0, 0.0)
Waveform Generated. SNR: 21.116936332821652
calculating Fisher matrix...
Finished derivatives
Calculated Fisher is *atleast* positive-definite.
Time taken to compute FM is 6.230533838272095 seconds
    CV from_0PA#1 it 129 lam=5.7e-10 ov=0.9824431 chi2=1.552e+01 rel=8.3e-05
Body is not plunging, Fisher should be stable.
waveform shape: (3, 6311629)
Computing SNR for parameters: (np.float64(1012474.3233417415), np.float64(1016.2426118431357), np.float64(-0.4683300395257834), np.float64(24.77884250705403), np.float64(0.09381803290044126), 1.0, 33.992306, np.float64(1.0436023866985615), np.float64(0.7933203536789525), 0.628318531, 0.523598776, np.float64(6.221384867597676), 0.2, np.float64(7.378550518564605), 0.95, False, False, False, True, np.float64(142.90466888746562), np.float64(-15.216678831069798), 0.0, 0.0)
Waveform Generated. SNR: 21.11832679323682
calculating stable deltas...
plunging! t_interp:  31558144.999999993 t_traj:  31532023.381964225
plunging! t_interp:  31558144.999999993 t_traj:  31545863.607091706
plunging! t_interp:  31558144.999999993 t_traj:  31367919.528838087
plunging! t_interp:  31558144.999999993 t_traj:  31422505.032890316
plunging! t_interp:  31558144.999999993 t_traj:  31477281.40184958
plunging! t_interp:  31558144.999999993 t_traj:  31532249.63885535
plunging! t_interp:  31558144.999999993 t_traj:  31509993.095004592
plunging! t_interp:  31558144.999999993 t_traj:  31529311.807164412
plunging! t_interp:  31558144.999999993 t_traj:  31548654.292959865
Time taken to compute stable deltas is 61.8005530834198 seconds
calculating Fisher matrix...
Finished derivatives
Calculated Fisher is *atleast* positive-definite.
Time taken to compute FM is 5.625503301620483 seconds
    CV from_0PA#1 it 130 lam=1.9e-10 ov=0.9824466 chi2=1.552e+01 rel=1.7e-04
Body is not plunging, Fisher should be stable.
waveform shape: (3, 6311629)
Computing SNR for parameters: (np.float64(1012514.4317965201), np.float64(1016.2825421373007), np.float64(-0.4682430689543921), np.float64(24.77826612291809), np.float64(0.09379743143172534), 1.0, 33.992306, np.float64(1.0435916388775746), np.float64(0.7933274687549678), 0.628318531, 0.523598776, np.float64(6.22018924104592), 0.2, np.float64(7.391410840779154), 0.95, False, False, False, True, np.float64(143.26052634758116), np.float64(-15.309020958160602), 0.0, 0.0)
Waveform Generated. SNR: 21.118381689548457
calculating Fisher matrix...
Finished derivatives
Calculated Fisher is *atleast* positive-definite.
Time taken to compute FM is 6.28954291343689 seconds
    CV from_0PA#1 it 131 lam=6.3e-11 ov=0.9824497 chi2=1.552e+01 rel=1.1e-04
Body is not plunging, Fisher should be stable.
waveform shape: (3, 6311629)
Computing SNR for parameters: (np.float64(1012552.4588390529), np.float64(1016.3222797816946), np.float64(-0.4681606660847561), np.float64(24.77771603632162), np.float64(0.09377860448591055), 1.0, 33.992306, np.float64(1.0435671324196614), np.float64(0.793332561205269), 0.628318531, 0.523598776, np.float64(6.218722276626239), 0.2, np.float64(7.404460271969196), 0.95, False, False, False, True, np.float64(143.61741051655147), np.float64(-15.383060010954287), 0.0, 0.0)
Waveform Generated. SNR: 21.11899918490918
calculating Fisher matrix...
Finished derivatives
Calculated Fisher is *atleast* positive-definite.
Time taken to compute FM is 6.293723821640015 seconds
    CV from_0PA#1 it 132 lam=2.1e-11 ov=0.9824526 chi2=1.552e+01 rel=4.7e-05
Body is not plunging, Fisher should be stable.
waveform shape: (3, 6311629)
Computing SNR for parameters: (np.float64(1012572.0488371552), np.float64(1016.3393579509543), np.float64(-0.4681189354077208), np.float64(24.777433647366998), np.float64(0.09376877141301775), 1.0, 33.992306, np.float64(1.043548193726), np.float64(0.7933337007398464), 0.628318531, 0.523598776, np.float64(6.21798609621713), 0.2, np.float64(7.412013784240618), 0.95, False, False, False, True, np.float64(143.77464045482859), np.float64(-15.429344859695352), 0.0, 0.0)
Waveform Generated. SNR: 21.119574350272142
calculating Fisher matrix...
Finished derivatives
Calculated Fisher is *atleast* positive-definite.
Time taken to compute FM is 6.487516641616821 seconds
    CV from_0PA#1 it 133 lam=2.1e-08 ov=0.9824543 chi2=1.552e+01 rel=2.2e-06
Body is not plunging, Fisher should be stable.
waveform shape: (3, 6311629)
Computing SNR for parameters: (np.float64(1012573.492378182), np.float64(1016.3389753236291), np.float64(-0.4681163665858506), np.float64(24.77741200896222), np.float64(0.09376822907394744), 1.0, 33.992306, np.float64(1.0435435704116753), np.float64(0.7933292340935469), 0.628318531, 0.523598776, np.float64(6.21779459666565), 0.2, np.float64(7.413239438213855), 0.95, False, False, False, True, np.float64(143.77537687218586), np.float64(-15.432749109635285), 0.0, 0.0)
Waveform Generated. SNR: 21.119589365954283
calculating Fisher matrix...
Finished derivatives
Calculated Fisher is *atleast* positive-definite.
Time taken to compute FM is 6.223889112472534 seconds
    CV from_0PA#1 it 134 lam=1.5e-08 ov=0.9824543 chi2=1.552e+01 rel=2.5e-06
Body is not plunging, Fisher should be stable.
waveform shape: (3, 6311629)
Computing SNR for parameters: (np.float64(1012573.391662047), np.float64(1016.3380549635868), np.float64(-0.46811700140413), np.float64(24.777411495050586), np.float64(0.09376865161984653), 1.0, 33.992306, np.float64(1.0435187860385746), np.float64(0.7932376912855581), 0.628318531, 0.523598776, np.float64(6.217600662132735), 0.2, np.float64(7.414212661941491), 0.95, False, False, False, True, np.float64(143.77137387669808), np.float64(-15.427361760867925), 0.0, 0.0)
Waveform Generated. SNR: 21.120427682929932
calculating stable deltas...
plunging! t_interp:  31558144.999999993 t_traj:  31532030.218860768
plunging! t_interp:  31558144.999999993 t_traj:  31545870.2569521
plunging! t_interp:  31558144.999999993 t_traj:  31366568.89401429
plunging! t_interp:  31558144.999999993 t_traj:  31421490.023460742
plunging! t_interp:  31558144.999999993 t_traj:  31476604.361895185
plunging! t_interp:  31558144.999999993 t_traj:  31531912.96211752
plunging! t_interp:  31558144.999999993 t_traj:  31509518.461585693
plunging! t_interp:  31558144.999999993 t_traj:  31528956.909681555
plunging! t_interp:  31558144.999999993 t_traj:  31548419.426397372
Time taken to compute stable deltas is 61.82474446296692 seconds
calculating Fisher matrix...
Finished derivatives
Calculated Fisher is *atleast* positive-definite.
Time taken to compute FM is 5.605606555938721 seconds
    CV from_0PA#1 it 135 lam=2.0e-07 ov=0.9824556 chi2=1.552e+01 rel=6.3e-08
Body is not plunging, Fisher should be stable.
waveform shape: (3, 6311629)
Computing SNR for parameters: (np.float64(1012573.450462612), np.float64(1016.337786006453), np.float64(-0.4681170840158627), np.float64(24.777410050691426), np.float64(0.09376877603675121), 1.0, 33.992306, np.float64(1.043532722864779), np.float64(0.7933243963258686), 0.628318531, 0.523598776, np.float64(6.21742163127722), 0.2, np.float64(7.414574295887012), 0.95, False, False, False, True, np.float64(143.77049261995765), np.float64(-15.427101411768145), 0.0, 0.0)
Waveform Generated. SNR: 21.11983273117498
calculating Fisher matrix...
Finished derivatives
Calculated Fisher is *atleast* positive-definite.
Time taken to compute FM is 6.230162858963013 seconds
    CV from_0PA#1 it 136 lam=6.6e-08 ov=0.9824547 chi2=1.552e+01 rel=5.1e-07
Body is not plunging, Fisher should be stable.
waveform shape: (3, 6311629)
Computing SNR for parameters: (np.float64(1012573.5312375299), np.float64(1016.3376116841177), np.float64(-0.46811701931588945), np.float64(24.77740848855336), np.float64(0.09376881152312927), 1.0, 33.992306, np.float64(1.0435352572761976), np.float64(0.7933269250318662), 0.628318531, 0.523598776, np.float64(6.2173468895922435), 0.2, np.float64(7.414747769683665), 0.95, False, False, False, True, np.float64(143.7699385174297), np.float64(-15.426420476051447), 0.0, 0.0)
Waveform Generated. SNR: 21.119851330675296
calculating Fisher matrix...
Finished derivatives
Calculated Fisher is *atleast* positive-definite.
Time taken to compute FM is 6.191863059997559 seconds
    CV from_0PA#1 it 137 lam=1.8e-07 ov=0.9824548 chi2=1.552e+01 rel=1.5e-07
Body is not plunging, Fisher should be stable.
waveform shape: (3, 6311629)
Computing SNR for parameters: (np.float64(1012573.514347972), np.float64(1016.3374986801673), np.float64(-0.4681171770903605), np.float64(24.777408288358846), np.float64(0.09376892561709159), 1.0, 33.992306, np.float64(1.0435367722726536), np.float64(0.7933467378183732), 0.628318531, 0.523598776, np.float64(6.217267348357806), 0.2, np.float64(7.415067539867162), 0.95, False, False, False, True, np.float64(143.76983261459858), np.float64(-15.425679702481371), 0.0, 0.0)
Waveform Generated. SNR: 21.119730751820168
calculating Fisher matrix...
Finished derivatives
Calculated Fisher is *atleast* positive-definite.
Time taken to compute FM is 6.205532550811768 seconds
    CV from_0PA#1 it 138 lam=6.1e-07 ov=0.9824546 chi2=1.552e+01 rel=3.8e-08
Body is not plunging, Fisher should be stable.
waveform shape: (3, 6311629)
Computing SNR for parameters: (np.float64(1012573.5399598259), np.float64(1016.337376199818), np.float64(-0.4681171257400169), np.float64(24.7774076607286), np.float64(0.09376891942973486), 1.0, 33.992306, np.float64(1.0435127291474575), np.float64(0.7932374664260858), 0.628318531, 0.523598776, np.float64(6.217329850606301), 0.2, np.float64(7.41500904654071), 0.95, False, False, False, True, np.float64(143.76925272773474), np.float64(-15.424070000572804), 0.0, 0.0)
Waveform Generated. SNR: 21.120498886806093
calculating Fisher matrix...
Finished derivatives
Calculated Fisher is *atleast* positive-definite.
Time taken to compute FM is 6.209546327590942 seconds
    CV from_0PA#1 it 139 lam=5.4e+01 ov=0.9824558 chi2=1.552e+01 rel=1.2e-07
Body is not plunging, Fisher should be stable.
waveform shape: (3, 6311629)
Computing SNR for parameters: (np.float64(1012573.539959862), np.float64(1016.3373761997337), np.float64(-0.4681171257396621), np.float64(24.777407660729015), np.float64(0.09376891943057417), 1.0, 33.992306, np.float64(1.043512766469776), np.float64(0.7932376300009053), 0.628318531, 0.523598776, np.float64(6.217329841405455), 0.2, np.float64(7.415008719236788), 0.95, False, False, False, True, np.float64(143.76925272839264), np.float64(-15.424069985436237), 0.0, 0.0)
Waveform Generated. SNR: 21.120495989581876
calculating stable deltas...
plunging! t_interp:  31558144.999999993 t_traj:  31532030.12441368
plunging! t_interp:  31558144.999999993 t_traj:  31545870.163322937
plunging! t_interp:  31558144.999999993 t_traj:  31366572.280996382
plunging! t_interp:  31558144.999999993 t_traj:  31421492.550440818
plunging! t_interp:  31558144.999999993 t_traj:  31476606.02161405
plunging! t_interp:  31558144.999999993 t_traj:  31531913.74906277
plunging! t_interp:  31558144.999999993 t_traj:  31509519.60108175
plunging! t_interp:  31558144.999999993 t_traj:  31528957.7435725
plunging! t_interp:  31558144.999999993 t_traj:  31548419.952279422
Time taken to compute stable deltas is 61.67352890968323 seconds
calculating Fisher matrix...
Finished derivatives
Calculated Fisher is *atleast* positive-definite.
Time taken to compute FM is 5.644247055053711 seconds
    CV from_0PA#1 it 140 lam=5.2e+141 ov=0.9824558 chi2=1.552e+01 rel=0.0e+00
    NM  nfev=1757 ov 0.9824558 -> 0.9824556 (accepted=False)
Body is not plunging, Fisher should be stable.
waveform shape: (3, 6311629)
Computing SNR for parameters: (np.float64(1012573.539959862), np.float64(1016.3373761997337), np.float64(-0.4681171257396621), np.float64(24.777407660729015), np.float64(0.09376891943057417), 1.0, 33.992306, np.float64(1.043512766469776), np.float64(0.7932376300009053), 0.628318531, 0.523598776, np.float64(6.217329841405455), 0.2, np.float64(7.415008719236788), 0.95, False, False, False, True, np.float64(143.76925272839264), np.float64(-15.424069985436237), 0.0, 0.0)
Waveform Generated. SNR: 21.120495989581876
calculating stable deltas...
plunging! t_interp:  31558144.999999993 t_traj:  31532030.12441368
plunging! t_interp:  31558144.999999993 t_traj:  31545870.163322937
plunging! t_interp:  31558144.999999993 t_traj:  31366572.280996382
plunging! t_interp:  31558144.999999993 t_traj:  31421492.550440818
plunging! t_interp:  31558144.999999993 t_traj:  31476606.02161405
plunging! t_interp:  31558144.999999993 t_traj:  31531913.74906277
plunging! t_interp:  31558144.999999993 t_traj:  31509519.60108175
plunging! t_interp:  31558144.999999993 t_traj:  31528957.7435725
plunging! t_interp:  31558144.999999993 t_traj:  31548419.952279422
Time taken to compute stable deltas is 60.93500304222107 seconds
calculating Fisher matrix...
Finished derivatives
Calculated Fisher is *atleast* positive-definite.
Time taken to compute FM is 5.5992419719696045 seconds
    CV from_0PA#2 it   0 lam=2.0e-02 ov=0.9824558 chi2=1.552e+01 rel=2.1e-07
Body is not plunging, Fisher should be stable.
waveform shape: (3, 6311629)
Computing SNR for parameters: (np.float64(1012573.5399015163), np.float64(1016.3373763221056), np.float64(-0.46811712605820854), np.float64(24.777407660064455), np.float64(0.0937689195648833), 1.0, 33.992306, np.float64(1.0435338403810075), np.float64(0.7933034622708902), 0.628318531, 0.523598776, np.float64(6.2172612530557645), 0.2, np.float64(7.414937798178511), 0.95, False, False, False, True, np.float64(143.76925174394884), np.float64(-15.42412406526819), 0.0, 0.0)
Waveform Generated. SNR: 21.120081655976307
calculating Fisher matrix...
Finished derivatives
Calculated Fisher is *atleast* positive-definite.
Time taken to compute FM is 6.228153228759766 seconds
    CV from_0PA#2 it   1 lam=4.6e+08 ov=0.9824551 chi2=1.552e+01 rel=7.9e-12

[idx1] --- start = from_NMdev (overlap 0.9389517) ---
Body is not plunging, Fisher should be stable.
waveform shape: (3, 6311629)
Computing SNR for parameters: (np.float64(997170.71), np.float64(1001.3713), np.float64(-0.501641), np.float64(25.00501), np.float64(0.100624), 1.0, 33.992306, np.float64(1.052885), np.float64(0.787741), 0.628318531, 0.523598776, np.float64(6.188492), 0.2, np.float64(0.213282), 0.95, False, False, False, True, np.float64(1.32358), np.float64(7.101988), 0.0, 0.0)
Waveform Generated. SNR: 20.724069422732533
calculating stable deltas...
plunging! t_interp:  31558144.999999993 t_traj:  31531056.02879621
plunging! t_interp:  31558144.999999993 t_traj:  31544924.74156868
Time taken to compute stable deltas is 61.620949268341064 seconds
calculating Fisher matrix...
Finished derivatives
Calculated Fisher is *atleast* positive-definite.
Time taken to compute FM is 5.589500188827515 seconds
    CV from_NMdev#1 it   0 lam=3.3e-03 ov=0.9389517 chi2=5.270e+01 rel=4.7e-01
Body is not plunging, Fisher should be stable.
waveform shape: (3, 6311629)
Computing SNR for parameters: (np.float64(997170.6387276093), np.float64(1001.3715081742467), np.float64(-0.5016418879760419), np.float64(25.005009097089893), np.float64(0.10062371113084848), 1.0, 33.992306, np.float64(1.045501437093464), np.float64(0.7926951460499602), 0.628318531, 0.523598776, np.float64(6.17460294592256), 0.2, np.float64(0.16406572765002012), 0.95, False, False, False, True, np.float64(1.3218345365966924), np.float64(7.080007351022419), 0.0, 0.0)
Waveform Generated. SNR: 20.7606838053264
calculating Fisher matrix...
Finished derivatives
Calculated Fisher is *atleast* positive-definite.
Time taken to compute FM is 6.191572189331055 seconds
    CV from_NMdev#1 it   1 lam=1.1e-03 ov=0.9678543 chi2=2.779e+01 rel=5.0e-03
Body is not plunging, Fisher should be stable.
waveform shape: (3, 6311629)
Computing SNR for parameters: (np.float64(997170.6427269306), np.float64(1001.3715068735505), np.float64(-0.5016418562176866), np.float64(25.0050091399586), np.float64(0.10062376953564858), 1.0, 33.992306, np.float64(1.05259807532715), np.float64(0.787830805832696), 0.628318531, 0.523598776, np.float64(6.187441797065579), 0.2, np.float64(0.1835218565370722), 0.95, False, False, False, True, np.float64(1.321843740107259), np.float64(7.087810872896222), 0.0, 0.0)
Waveform Generated. SNR: 20.825672735600406
calculating Fisher matrix...
Finished derivatives
Calculated Fisher is *atleast* positive-definite.
Time taken to compute FM is 6.208402156829834 seconds
    CV from_NMdev#1 it   2 lam=3.7e-04 ov=0.9681088 chi2=2.765e+01 rel=1.7e-04
Body is not plunging, Fisher should be stable.
waveform shape: (3, 6311629)
Computing SNR for parameters: (np.float64(997170.6410032259), np.float64(1001.371517954668), np.float64(-0.5016417569064405), np.float64(25.0050091313285), np.float64(0.1006238441043086), 1.0, 33.992306, np.float64(1.0531500061397063), np.float64(0.7873807177122276), 0.628318531, 0.523598776, np.float64(6.190031353984517), 0.2, np.float64(0.19403499703293997), 0.95, False, False, False, True, np.float64(1.3217574467773014), np.float64(7.090472643288348), 0.0, 0.0)
Waveform Generated. SNR: 20.830502666049533
calculating Fisher matrix...
Finished derivatives
Calculated Fisher is *atleast* positive-definite.
Time taken to compute FM is 6.2245032787323 seconds
    CV from_NMdev#1 it   3 lam=1.2e-04 ov=0.9681217 chi2=2.765e+01 rel=6.4e-05
Body is not plunging, Fisher should be stable.
waveform shape: (3, 6311629)
Computing SNR for parameters: (np.float64(997170.6383158239), np.float64(1001.3715316605527), np.float64(-0.5016416356537035), np.float64(25.005009118960213), np.float64(0.10062390763550742), 1.0, 33.992306, np.float64(1.0532051678056127), np.float64(0.7872847217178679), 0.628318531, 0.523598776, np.float64(6.191092182427922), 0.2, np.float64(0.20041071988744152), 0.95, False, False, False, True, np.float64(1.3216717521504577), np.float64(7.091677388462628), 0.0, 0.0)
Waveform Generated. SNR: 20.830982791751428
calculating Fisher matrix...
Finished derivatives
Calculated Fisher is *atleast* positive-definite.
Time taken to compute FM is 6.243701696395874 seconds
    CV from_NMdev#1 it   4 lam=4.1e-05 ov=0.9681246 chi2=2.765e+01 rel=2.4e-05
Body is not plunging, Fisher should be stable.
waveform shape: (3, 6311629)
Computing SNR for parameters: (np.float64(997170.6393701873), np.float64(1001.3715401712267), np.float64(-0.5016416488088807), np.float64(25.005009141860096), np.float64(0.10062394819914414), 1.0, 33.992306, np.float64(1.053222951654201), np.float64(0.787239571910496), 0.628318531, 0.523598776, np.float64(6.191635075199259), 0.2, np.float64(0.2046257128427549), 0.95, False, False, False, True, np.float64(1.3217009002215752), np.float64(7.091584964700418), 0.0, 0.0)
Waveform Generated. SNR: 20.831168147900396
calculating stable deltas...
plunging! t_interp:  31558144.99999999 t_traj:  31531026.702039395
plunging! t_interp:  31558144.99999999 t_traj:  31544895.402955018
Time taken to compute stable deltas is 61.380699157714844 seconds
calculating Fisher matrix...
Finished derivatives
Calculated Fisher is *atleast* positive-definite.
Time taken to compute FM is 5.607026815414429 seconds
    CV from_NMdev#1 it   5 lam=1.4e-05 ov=0.9681256 chi2=2.765e+01 rel=1.1e-05
Body is not plunging, Fisher should be stable.
waveform shape: (3, 6311629)
Computing SNR for parameters: (np.float64(997170.6485743527), np.float64(1001.3715390903618), np.float64(-0.5016419858345728), np.float64(25.00500924383758), np.float64(0.10062401854886782), 1.0, 33.992306, np.float64(1.053223752407107), np.float64(0.7872285417854668), 0.628318531, 0.523598776, np.float64(6.191985482177657), 0.2, np.float64(0.20826465232257413), 0.95, False, False, False, True, np.float64(1.3220100586939112), np.float64(7.088759197031385), 0.0, 0.0)
Waveform Generated. SNR: 20.831147710882487
calculating Fisher matrix...
Finished derivatives
Calculated Fisher is *atleast* positive-definite.
Time taken to compute FM is 6.238487958908081 seconds
    CV from_NMdev#1 it   6 lam=4.6e-06 ov=0.9681259 chi2=2.765e+01 rel=7.5e-06
Body is not plunging, Fisher should be stable.
waveform shape: (3, 6311629)
Computing SNR for parameters: (np.float64(997170.6565977683), np.float64(1001.3715522201859), np.float64(-0.501642510251353), np.float64(25.005009398774195), np.float64(0.1006241346731755), 1.0, 33.992306, np.float64(1.0532470467120116), np.float64(0.7872326787058433), 0.628318531, 0.523598776, np.float64(6.192348495090761), 0.2, np.float64(0.211668468996362), 0.95, False, False, False, True, np.float64(1.3227187766185668), np.float64(7.0845990720332175), 0.0, 0.0)
Waveform Generated. SNR: 20.83121513251297
calculating Fisher matrix...
Finished derivatives
Calculated Fisher is *atleast* positive-definite.
Time taken to compute FM is 6.227018594741821 seconds
    CV from_NMdev#1 it   7 lam=1.5e-06 ov=0.9681263 chi2=2.765e+01 rel=3.1e-06
Body is not plunging, Fisher should be stable.
waveform shape: (3, 6311629)
Computing SNR for parameters: (np.float64(997170.6389706949), np.float64(1001.371638147987), np.float64(-0.5016429777857853), np.float64(25.00500955097906), np.float64(0.10062430908696185), 1.0, 33.992306, np.float64(1.0532303996963788), np.float64(0.7872304275032924), 0.628318531, 0.523598776, np.float64(6.192632279648626), 0.2, np.float64(0.21441276832221182), 0.95, False, False, False, True, np.float64(1.324307074506419), np.float64(7.082117820330944), 0.0, 0.0)
Waveform Generated. SNR: 20.831211370523636
calculating Fisher matrix...
Finished derivatives
Calculated Fisher is *atleast* positive-definite.
Time taken to compute FM is 6.230131387710571 seconds
    CV from_NMdev#1 it   8 lam=5.1e-07 ov=0.9681264 chi2=2.765e+01 rel=4.1e-06
Body is not plunging, Fisher should be stable.
waveform shape: (3, 6311629)
Computing SNR for parameters: (np.float64(997170.5486408063), np.float64(1001.3719347347258), np.float64(-0.5016433743401382), np.float64(25.005009685234548), np.float64(0.10062464477592374), 1.0, 33.992306, np.float64(1.0532359388242796), np.float64(0.7872259217935496), 0.628318531, 0.523598776, np.float64(6.192709975261458), 0.2, np.float64(0.2164359380546023), 0.95, False, False, False, True, np.float64(1.3286088284990294), np.float64(7.0842164437632436), 0.0, 0.0)
Waveform Generated. SNR: 20.831267864495363
calculating Fisher matrix...
Finished derivatives
Calculated Fisher is *atleast* positive-definite.
Time taken to compute FM is 6.2360780239105225 seconds
    CV from_NMdev#1 it   9 lam=1.7e-07 ov=0.9681266 chi2=2.764e+01 rel=4.1e-06
Body is not plunging, Fisher should be stable.
waveform shape: (3, 6311629)
Computing SNR for parameters: (np.float64(997170.3040254891), np.float64(1001.3729135679384), np.float64(-0.5016438814896815), np.float64(25.005010428565985), np.float64(0.1006253123258338), 1.0, 33.992306, np.float64(1.0532338283657277), np.float64(0.787219470022364), 0.628318531, 0.523598776, np.float64(6.192562103439008), 0.2, np.float64(0.2180263893048144), 0.95, False, False, False, True, np.float64(1.3402113277046022), np.float64(7.092443495739561), 0.0, 0.0)
Waveform Generated. SNR: 20.831347375868624
calculating stable deltas...
plunging! t_interp:  31558144.999999993 t_traj:  31531025.914381802
plunging! t_interp:  31558144.999999993 t_traj:  31544894.614145286
Time taken to compute stable deltas is 61.411051511764526 seconds
calculating Fisher matrix...
Finished derivatives
Calculated Fisher is *atleast* positive-definite.
Time taken to compute FM is 5.603612422943115 seconds
    CV from_NMdev#1 it  10 lam=5.6e-08 ov=0.9681269 chi2=2.764e+01 rel=1.2e-05
Body is not plunging, Fisher should be stable.
waveform shape: (3, 6311629)
Computing SNR for parameters: (np.float64(997169.6511110086), np.float64(1001.376056789377), np.float64(-0.5016448221619851), np.float64(25.00501367025686), np.float64(0.10062678193005788), 1.0, 33.992306, np.float64(1.053246432749141), np.float64(0.7872112878769012), 0.628318531, 0.523598776, np.float64(6.192167709128218), 0.2, np.float64(0.2192460212818532), 0.95, False, False, False, True, np.float64(1.3731733635540697), np.float64(7.113440075635582), 0.0, 0.0)
Waveform Generated. SNR: 20.831563763824335
calculating Fisher matrix...
Finished derivatives
Calculated Fisher is *atleast* positive-definite.
Time taken to compute FM is 6.220854759216309 seconds
    CV from_NMdev#1 it  11 lam=1.9e-08 ov=0.9681276 chi2=2.764e+01 rel=3.0e-05
Body is not plunging, Fisher should be stable.
waveform shape: (3, 6311629)
Computing SNR for parameters: (np.float64(997167.9441501459), np.float64(1001.3849798602915), np.float64(-0.5016469841459956), np.float64(25.005024136414587), np.float64(0.100630231499256), 1.0, 33.992306, np.float64(1.0532490082285104), np.float64(0.7871955642027936), 0.628318531, 0.523598776, np.float64(6.191272075597934), 0.2, np.float64(0.21994118918630148), 0.95, False, False, False, True, np.float64(1.4620082810735542), np.float64(7.164601234866236), 0.0, 0.0)
Waveform Generated. SNR: 20.832027733718874
calculating Fisher matrix...
Finished derivatives
Calculated Fisher is *atleast* positive-definite.
Time taken to compute FM is 6.22608757019043 seconds
    CV from_NMdev#1 it  12 lam=6.3e-09 ov=0.9681292 chi2=2.764e+01 rel=6.3e-05
Body is not plunging, Fisher should be stable.
waveform shape: (3, 6311629)
Computing SNR for parameters: (np.float64(997164.1784464197), np.float64(1001.4064452533602), np.float64(-0.5016513227825836), np.float64(25.00504640021278), np.float64(0.10063795368147124), 1.0, 33.992306, np.float64(1.0532513127744756), np.float64(0.7871642811034891), 0.628318531, 0.523598776, np.float64(6.189207630738184), 0.2, np.float64(0.21997429701536883), 0.95, False, False, False, True, np.float64(1.6730916629811217), np.float64(7.281910535062213), 0.0, 0.0)
Waveform Generated. SNR: 20.83288871111023
calculating Fisher matrix...
Finished derivatives
Calculated Fisher is *atleast* positive-definite.
Time taken to compute FM is 6.203066349029541 seconds
    CV from_NMdev#1 it  13 lam=2.1e-09 ov=0.9681326 chi2=2.764e+01 rel=7.9e-05
Body is not plunging, Fisher should be stable.
waveform shape: (3, 6311629)
Computing SNR for parameters: (np.float64(997159.5305939255), np.float64(1001.4435479190201), np.float64(-0.5016548663542412), np.float64(25.005060023153877), np.float64(0.10064992205742608), 1.0, 33.992306, np.float64(1.0532532257202496), np.float64(0.7871168722326272), 0.628318531, 0.523598776, np.float64(6.185752528515219), 0.2, np.float64(0.21985877222783964), 0.95, False, False, False, True, np.float64(2.036845123954888), np.float64(7.473554231552268), 0.0, 0.0)
Waveform Generated. SNR: 20.834285015742083
calculating Fisher matrix...
Finished derivatives
Calculated Fisher is *atleast* positive-definite.
Time taken to compute FM is 6.214509725570679 seconds
    CV from_NMdev#1 it  14 lam=7.0e-10 ov=0.9681372 chi2=2.764e+01 rel=6.3e-05
Body is not plunging, Fisher should be stable.
waveform shape: (3, 6311629)
Computing SNR for parameters: (np.float64(997158.8137375613), np.float64(1001.4818315186297), np.float64(-0.5016500031894209), np.float64(25.00501700206441), np.float64(0.1006597687827227), 1.0, 33.992306, np.float64(1.0532571741274792), np.float64(0.7870829531595298), 0.628318531, 0.523598776, np.float64(6.182341933652231), 0.2, np.float64(0.22131673266095106), 0.95, False, False, False, True, np.float64(2.413531410553375), np.float64(7.652703478791476), 0.0, 0.0)
Waveform Generated. SNR: 20.835698986123518
calculating stable deltas...
plunging! t_interp:  31558144.999999993 t_traj:  31531019.789455757
plunging! t_interp:  31558144.999999993 t_traj:  31544888.448984656
Time taken to compute stable deltas is 61.624287605285645 seconds
calculating Fisher matrix...
Finished derivatives
Calculated Fisher is *atleast* positive-definite.
Time taken to compute FM is 5.587658643722534 seconds
    CV from_NMdev#1 it  15 lam=2.7e-09 ov=0.9681414 chi2=2.764e+01 rel=5.9e-07
Body is not plunging, Fisher should be stable.
waveform shape: (3, 6311629)
Computing SNR for parameters: (np.float64(997128.6498637943), np.float64(1001.4801512416673), np.float64(-0.5017125890773081), np.float64(25.005417855058234), np.float64(0.10068219210117554), 1.0, 33.992306, np.float64(1.0532858757132593), np.float64(0.7870587430298662), 0.628318531, 0.523598776, np.float64(6.180822497164734), 0.2, np.float64(0.2144062930070016), 0.95, False, False, False, True, np.float64(2.4166180262422774), np.float64(7.8443716704354545), 0.0, 0.0)
Waveform Generated. SNR: 20.83689791016258
calculating Fisher matrix...
Finished derivatives
Calculated Fisher is *atleast* positive-definite.
Time taken to compute FM is 6.2113800048828125 seconds
    CV from_NMdev#1 it  16 lam=4.1e-09 ov=0.9681433 chi2=2.764e+01 rel=7.1e-06
Body is not plunging, Fisher should be stable.
waveform shape: (3, 6311629)
Computing SNR for parameters: (np.float64(997134.2307398336), np.float64(1001.4852973855113), np.float64(-0.5017000245810016), np.float64(25.005334936870675), np.float64(0.10067955367675405), 1.0, 33.992306, np.float64(1.0532892572449477), np.float64(0.7870640481674249), 0.628318531, 0.523598776, np.float64(6.180495451349009), 0.2, np.float64(0.21660186778576473), 0.95, False, False, False, True, np.float64(2.4660054277197023), np.float64(7.837776326532851), 0.0, 0.0)
Waveform Generated. SNR: 20.837426504116106
calculating Fisher matrix...
Finished derivatives
Calculated Fisher is *atleast* positive-definite.
Time taken to compute FM is 6.246198415756226 seconds
    CV from_NMdev#1 it  17 lam=8.9e-09 ov=0.9681442 chi2=2.764e+01 rel=3.6e-06
Body is not plunging, Fisher should be stable.
waveform shape: (3, 6311629)
Computing SNR for parameters: (np.float64(997129.2857088328), np.float64(1001.4851360020589), np.float64(-0.5017104711851347), np.float64(25.00539991262797), np.float64(0.10068342866278582), 1.0, 33.992306, np.float64(1.053298870688658), np.float64(0.7870532941337145), 0.628318531, 0.523598776, np.float64(6.180245005225164), 0.2, np.float64(0.21664959833220285), 0.95, False, False, False, True, np.float64(2.468810872578257), np.float64(7.869777628381396), 0.0, 0.0)
Waveform Generated. SNR: 20.83730772268406
calculating Fisher matrix...
Finished derivatives
Calculated Fisher is *atleast* positive-definite.
Time taken to compute FM is 6.194799184799194 seconds
    CV from_NMdev#1 it  18 lam=9.7e-05 ov=0.9681442 chi2=2.764e+01 rel=1.1e-06
Body is not plunging, Fisher should be stable.
waveform shape: (3, 6311629)
Computing SNR for parameters: (np.float64(997129.2857229868), np.float64(1001.4851352328382), np.float64(-0.5017104841415778), np.float64(25.0053999138241), np.float64(0.10068344331776953), 1.0, 33.992306, np.float64(1.0532956233603399), np.float64(0.7870571665553296), 0.628318531, 0.523598776, np.float64(6.18034288113176), 0.2, np.float64(0.21698763152236558), 0.95, False, False, False, True, np.float64(2.46881685370871), np.float64(7.869661167207448), 0.0, 0.0)
Waveform Generated. SNR: 20.83728499096354
calculating Fisher matrix...
Finished derivatives
Calculated Fisher is *atleast* positive-definite.
Time taken to compute FM is 6.220288515090942 seconds
    CV from_NMdev#1 it  19 lam=1.1e+09 ov=0.9681442 chi2=2.764e+01 rel=5.9e-09
Body is not plunging, Fisher should be stable.
waveform shape: (3, 6311629)
Computing SNR for parameters: (np.float64(997129.2857229868), np.float64(1001.4851352328382), np.float64(-0.5017104841415778), np.float64(25.0053999138241), np.float64(0.10068344331776953), 1.0, 33.992306, np.float64(1.0532956233603374), np.float64(0.7870571665553302), 0.628318531, 0.523598776, np.float64(6.180342881131762), 0.2, np.float64(0.21698763152242023), 0.95, False, False, False, True, np.float64(2.46881685370871), np.float64(7.869661167207447), 0.0, 0.0)
Waveform Generated. SNR: 20.837285005764013
calculating stable deltas...
plunging! t_interp:  31558144.99999999 t_traj:  31531016.008867044
plunging! t_interp:  31558144.99999999 t_traj:  31544884.707503185
Time taken to compute stable deltas is 61.4768328666687 seconds
calculating Fisher matrix...
Finished derivatives
Calculated Fisher is *atleast* positive-definite.
Time taken to compute FM is 5.619100332260132 seconds
    CV from_NMdev#1 it  20 lam=1.1e+149 ov=0.9681442 chi2=2.764e+01 rel=0.0e+00
    NM  nfev=1661 ov 0.9681442 -> 0.9681440 (accepted=False)
Body is not plunging, Fisher should be stable.
waveform shape: (3, 6311629)
Computing SNR for parameters: (np.float64(997129.2857229868), np.float64(1001.4851352328382), np.float64(-0.5017104841415778), np.float64(25.0053999138241), np.float64(0.10068344331776953), 1.0, 33.992306, np.float64(1.0532956233603374), np.float64(0.7870571665553302), 0.628318531, 0.523598776, np.float64(6.180342881131762), 0.2, np.float64(0.21698763152242023), 0.95, False, False, False, True, np.float64(2.46881685370871), np.float64(7.869661167207447), 0.0, 0.0)
Waveform Generated. SNR: 20.837285005764013
calculating stable deltas...
plunging! t_interp:  31558144.99999999 t_traj:  31531016.008867044
plunging! t_interp:  31558144.99999999 t_traj:  31544884.707503185
Time taken to compute stable deltas is 61.031092405319214 seconds
calculating Fisher matrix...
Finished derivatives
Calculated Fisher is *atleast* positive-definite.
Time taken to compute FM is 5.603983163833618 seconds
    CV from_NMdev#2 it   0 lam=2.7e-02 ov=0.9681442 chi2=2.764e+01 rel=1.3e-07
Body is not plunging, Fisher should be stable.
waveform shape: (3, 6311629)
Computing SNR for parameters: (np.float64(997129.2857224095), np.float64(1001.4851352366065), np.float64(-0.5017104840930048), np.float64(25.005399913809462), np.float64(0.10068344337554762), 1.0, 33.992306, np.float64(1.0532918718287265), np.float64(0.7870561404482913), 0.628318531, 0.523598776, np.float64(6.1803449558012895), 0.2, np.float64(0.21715586292080702), 0.95, False, False, False, True, np.float64(2.4688168137682616), np.float64(7.869662320949456), 0.0, 0.0)
Waveform Generated. SNR: 20.83725839453635
calculating Fisher matrix...
Finished derivatives
Calculated Fisher is *atleast* positive-definite.
Time taken to compute FM is 6.2097673416137695 seconds
    CV from_NMdev#2 it   1 lam=2.5e+138 ov=0.9681442 chi2=2.764e+01 rel=0.0e+00
======================================================================

[idx16] --- start = from_0PA (overlap 0.9983376) ---
Body is not plunging, Fisher should be stable.
waveform shape: (3, 6311629)
Computing SNR for parameters: (np.float64(1001218.34), np.float64(999.71912), np.float64(-0.494575948), np.float64(24.6561703), np.float64(0.399915754), 1.0, 39.7010887, np.float64(1.05097533), np.float64(0.780191278), 0.628318531, 0.523598776, np.float64(0.21458067), 0.2, np.float64(-6.08369012), 0.95, False, False, False, True, np.float64(0.0), np.float64(0.0), 0.0, 0.0)
Waveform Generated. SNR: 20.73574147914669
calculating stable deltas...
plunging! t_interp:  31558144.99999999 t_traj:  31537433.26313243
plunging! t_interp:  31558144.99999999 t_traj:  31551411.282854054
Time taken to compute stable deltas is 61.5967276096344 seconds
calculating Fisher matrix...
Finished derivatives
Calculated Fisher is *atleast* positive-definite.
Time taken to compute FM is 5.6381635665893555 seconds
    CV from_0PA#1 it   0 lam=2.3e+08 ov=0.9983376 chi2=1.428e+00 rel=5.4e-06
Body is not plunging, Fisher should be stable.
waveform shape: (3, 6311629)
Computing SNR for parameters: (np.float64(1001218.34), np.float64(999.71912), np.float64(-0.49457594800000004), np.float64(24.6561703), np.float64(0.399915754), 1.0, 39.7010887, np.float64(1.0509753300000406), np.float64(0.7801912779996107), 0.628318531, 0.523598776, np.float64(0.214580670001046), 0.2, np.float64(-6.083690119999405), 0.95, False, False, False, True, np.float64(-1.0293068862152337e-13), np.float64(-7.966567673810335e-14), 0.0, 0.0)
Waveform Generated. SNR: 20.735739962379338
calculating Fisher matrix...
Finished derivatives
Calculated Fisher is *atleast* positive-definite.
Time taken to compute FM is 6.291945695877075 seconds
    CV from_0PA#1 it   1 lam=2.2e+148 ov=0.9983376 chi2=1.428e+00 rel=0.0e+00
    NM  nfev=1650 ov 0.9983376 -> 0.9983391 (accepted=True)
Body is not plunging, Fisher should be stable.
waveform shape: (3, 6311629)
Computing SNR for parameters: (np.float64(1001218.3321486234), np.float64(999.7191184691276), np.float64(-0.49457601700289533), np.float64(24.656170401564378), np.float64(0.3999157533624109), 1.0, 39.7010887, np.float64(1.0510007987079824), np.float64(0.7802862276926773), 0.628318531, 0.523598776, np.float64(0.2146863520851156), 0.2, np.float64(-6.0838153522824046), 0.95, False, False, False, True, np.float64(3.955265614987776e-05), np.float64(-8.86550882318473e-06), 0.0, 0.0)
Waveform Generated. SNR: 20.734434079156742
calculating stable deltas...
plunging! t_interp:  31558144.999999996 t_traj:  31537433.00370444
plunging! t_interp:  31558144.999999996 t_traj:  31551411.02025098
minimum relative error is greater than 1% for dev_1. Fisher may be unstable!
minimum relative error is greater than 1% for dev_2. Fisher may be unstable!
Time taken to compute stable deltas is 61.44797372817993 seconds
calculating Fisher matrix...
Finished derivatives
Calculated Fisher is *atleast* positive-definite.
Time taken to compute FM is 5.661396026611328 seconds
    CV from_0PA#2 it   0 lam=1.2e+11 ov=0.9983391 chi2=1.426e+00 rel=1.5e-11

[idx16] --- start = from_NMdev (overlap 0.9986813) ---
Body is not plunging, Fisher should be stable.
waveform shape: (3, 6311629)
Computing SNR for parameters: (np.float64(1002141.5021), np.float64(1000.127), np.float64(-0.492649), np.float64(24.64384), np.float64(0.39978), 1.0, 39.7010887, np.float64(1.049732), np.float64(0.786328), 0.628318531, 0.523598776, np.float64(0.109052), 0.2, np.float64(-5.96345), 0.95, False, False, False, True, np.float64(3.375175), np.float64(-0.094908), 0.0, 0.0)
Waveform Generated. SNR: 20.698522911510555
calculating stable deltas...
plunging! t_interp:  31558144.999999996 t_traj:  31537506.842945423
plunging! t_interp:  31558144.999999996 t_traj:  31551483.41330703
Time taken to compute stable deltas is 61.603129863739014 seconds
calculating Fisher matrix...
Finished derivatives
Calculated Fisher is *atleast* positive-definite.
Time taken to compute FM is 5.680209159851074 seconds
    CV from_NMdev#1 it   0 lam=3.3e-03 ov=0.9986813 chi2=1.128e+00 rel=6.9e-01
Body is not plunging, Fisher should be stable.
waveform shape: (3, 6311629)
Computing SNR for parameters: (np.float64(1002141.5085908473), np.float64(1000.127014992714), np.float64(-0.49264911350510165), np.float64(24.64384003561668), np.float64(0.3997801111092272), 1.0, 39.7010887, np.float64(1.050491783629154), np.float64(0.7867443846097852), 0.628318531, 0.523598776, np.float64(0.10254925049760397), 0.2, np.float64(-5.9665699635038925), 0.95, False, False, False, True, np.float64(3.375019355530751), np.float64(-0.09463589441001345), 0.0, 0.0)
Waveform Generated. SNR: 20.706414173601754
calculating Fisher matrix...
Finished derivatives
Calculated Fisher is *atleast* positive-definite.
Time taken to compute FM is 6.303959131240845 seconds
    CV from_NMdev#1 it   1 lam=3.4e-03 ov=0.9995891 chi2=3.524e-01 rel=3.7e-03
Body is not plunging, Fisher should be stable.
waveform shape: (3, 6311629)
Computing SNR for parameters: (np.float64(1002141.5093480329), np.float64(1000.1270307938094), np.float64(-0.49264911558594887), np.float64(24.643840029276408), np.float64(0.3997802204760252), 1.0, 39.7010887, np.float64(1.0492841286332697), np.float64(0.7865197039099138), 0.628318531, 0.523598776, np.float64(0.10378222863707634), 0.2, np.float64(-5.965064377365116), 0.95, False, False, False, True, np.float64(3.374936907425226), np.float64(-0.09491740001227848), 0.0, 0.0)
Waveform Generated. SNR: 20.70655009009019
calculating Fisher matrix...
Finished derivatives
Calculated Fisher is *atleast* positive-definite.
Time taken to compute FM is 6.298706531524658 seconds
    CV from_NMdev#1 it   2 lam=3.4e-03 ov=0.9995906 chi2=3.511e-01 rel=1.6e-03
Body is not plunging, Fisher should be stable.
waveform shape: (3, 6311629)
Computing SNR for parameters: (np.float64(1002141.5098663709), np.float64(1000.1270400773993), np.float64(-0.4926490974506193), np.float64(24.643840028657234), np.float64(0.3997802951162933), 1.0, 39.7010887, np.float64(1.0490300242534065), np.float64(0.786585061044664), 0.628318531, 0.523598776, np.float64(0.10462699634706676), 0.2, np.float64(-5.9642490077214925), 0.95, False, False, False, True, np.float64(3.3749175217453837), np.float64(-0.09519309476745509), 0.0, 0.0)
Waveform Generated. SNR: 20.7059349988581
calculating Fisher matrix...
Finished derivatives
Calculated Fisher is *atleast* positive-definite.
Time taken to compute FM is 6.511970043182373 seconds
    CV from_NMdev#1 it   3 lam=3.2e-03 ov=0.9995912 chi2=3.505e-01 rel=3.1e-03
Body is not plunging, Fisher should be stable.
waveform shape: (3, 6311629)
Computing SNR for parameters: (np.float64(1002141.5109378122), np.float64(1000.1270420877919), np.float64(-0.4926490926765611), np.float64(24.64384003820088), np.float64(0.3997803286857802), 1.0, 39.7010887, np.float64(1.0500592088780465), np.float64(0.7869599618578663), 0.628318531, 0.523598776, np.float64(0.1054524687304395), 0.2, np.float64(-5.963811366150191), 0.95, False, False, False, True, np.float64(3.374961064145186), np.float64(-0.09537743934481284), 0.0, 0.0)
Waveform Generated. SNR: 20.70495758584714
calculating Fisher matrix...
Finished derivatives
Calculated Fisher is *atleast* positive-definite.
Time taken to compute FM is 6.637712717056274 seconds
    CV from_NMdev#1 it   4 lam=5.3e+00 ov=0.9995924 chi2=3.494e-01 rel=5.7e-05
Body is not plunging, Fisher should be stable.
waveform shape: (3, 6311629)
Computing SNR for parameters: (np.float64(1002141.5109359784), np.float64(1000.127042120963), np.float64(-0.4926490928615723), np.float64(24.643840038141967), np.float64(0.39978032877450237), 1.0, 39.7010887, np.float64(1.049929881659244), np.float64(0.7869477589038462), 0.628318531, 0.523598776, np.float64(0.10544388220408582), 0.2, np.float64(-5.963828659223764), 0.95, False, False, False, True, np.float64(3.3749608004817206), np.float64(-0.09537751302743969), 0.0, 0.0)
Waveform Generated. SNR: 20.704848728819616
calculating stable deltas...
plunging! t_interp:  31558144.999999993 t_traj:  31537507.498385157
plunging! t_interp:  31558144.999999993 t_traj:  31551484.070463393
Time taken to compute stable deltas is 61.42298984527588 seconds
calculating Fisher matrix...
Finished derivatives
Calculated Fisher is *atleast* positive-definite.
Time taken to compute FM is 5.626673698425293 seconds
    CV from_NMdev#1 it   5 lam=7.9e+00 ov=0.9995925 chi2=3.494e-01 rel=5.7e-06
Body is not plunging, Fisher should be stable.
waveform shape: (3, 6311629)
Computing SNR for parameters: (np.float64(1002141.5109348632), np.float64(1000.1270421416762), np.float64(-0.49264909297655174), np.float64(24.643840038105512), np.float64(0.3997803288299443), 1.0, 39.7010887, np.float64(1.0499051069311327), np.float64(0.7869404123257168), 0.628318531, 0.523598776, np.float64(0.10543845240789827), 0.2, np.float64(-5.963838914735981), 0.95, False, False, False, True, np.float64(3.3749606348418326), np.float64(-0.09537755492561285), 0.0, 0.0)
Waveform Generated. SNR: 20.70488138559227
calculating Fisher matrix...
Finished derivatives
Calculated Fisher is *atleast* positive-definite.
Time taken to compute FM is 6.282941102981567 seconds
    CV from_NMdev#1 it   6 lam=5.3e+00 ov=0.9995925 chi2=3.494e-01 rel=6.8e-05
Body is not plunging, Fisher should be stable.
waveform shape: (3, 6311629)
Computing SNR for parameters: (np.float64(1002141.5109345473), np.float64(1000.1270421484681), np.float64(-0.4926490930142666), np.float64(24.643840038094016), np.float64(0.3997803288486865), 1.0, 39.7010887, np.float64(1.0498973535351745), np.float64(0.7869380790718341), 0.628318531, 0.523598776, np.float64(0.10543661641083148), 0.2, np.float64(-5.963842289584008), 0.95, False, False, False, True, np.float64(3.3749605806258924), np.float64(-0.09537756785652543), 0.0, 0.0)
Waveform Generated. SNR: 20.704878296024834
calculating Fisher matrix...
Finished derivatives
Calculated Fisher is *atleast* positive-definite.
Time taken to compute FM is 6.287765741348267 seconds
    CV from_NMdev#1 it   7 lam=1.8e+00 ov=0.9995925 chi2=3.494e-01 rel=2.2e-02
Body is not plunging, Fisher should be stable.
waveform shape: (3, 6311629)
Computing SNR for parameters: (np.float64(1002141.5109337702), np.float64(1000.1270421683528), np.float64(-0.49264909312379407), np.float64(24.643840038061818), np.float64(0.39978032890531967), 1.0, 39.7010887, np.float64(1.0498760211494866), np.float64(0.7869312783326362), 0.628318531, 0.523598776, np.float64(0.10543107712748502), 0.2, np.float64(-5.96385176475954), 0.95, False, False, False, True, np.float64(3.3749604223937903), np.float64(-0.09537760387893092), 0.0, 0.0)
Waveform Generated. SNR: 20.704665356115115
calculating Fisher matrix...
Finished derivatives
Calculated Fisher is *atleast* positive-definite.
Time taken to compute FM is 6.283751010894775 seconds
    CV from_NMdev#1 it   8 lam=1.6e+08 ov=0.9996016 chi2=3.415e-01 rel=4.8e-07
Body is not plunging, Fisher should be stable.
waveform shape: (3, 6311629)
Computing SNR for parameters: (np.float64(1002141.5109337702), np.float64(1000.1270421683528), np.float64(-0.49264909312379407), np.float64(24.643840038061818), np.float64(0.39978032890531967), 1.0, 39.7010887, np.float64(1.0498760211495466), np.float64(0.786931278332521), 0.628318531, 0.523598776, np.float64(0.10543107712740041), 0.2, np.float64(-5.963851764759653), 0.95, False, False, False, True, np.float64(3.374960422393792), np.float64(-0.09537760387892943), 0.0, 0.0)
Waveform Generated. SNR: 20.7046652934084
calculating Fisher matrix...
Finished derivatives
Calculated Fisher is *atleast* positive-definite.
Time taken to compute FM is 6.25985860824585 seconds
    CV from_NMdev#1 it   9 lam=4.2e+08 ov=0.9996016 chi2=3.415e-01 rel=1.2e-07
Body is not plunging, Fisher should be stable.
waveform shape: (3, 6311629)
Computing SNR for parameters: (np.float64(1002141.5109337702), np.float64(1000.1270421683528), np.float64(-0.49264909312379407), np.float64(24.643840038061818), np.float64(0.39978032890531967), 1.0, 39.7010887, np.float64(1.049876021149569), np.float64(0.7869312783324778), 0.628318531, 0.523598776, np.float64(0.10543107712736863), 0.2, np.float64(-5.963851764759696), 0.95, False, False, False, True, np.float64(3.374960422393793), np.float64(-0.09537760387892888), 0.0, 0.0)
Waveform Generated. SNR: 20.70466528326426
calculating stable deltas...
plunging! t_interp:  31558144.999999996 t_traj:  31537507.495542515
plunging! t_interp:  31558144.999999996 t_traj:  31551484.066322662
Time taken to compute stable deltas is 62.149993658065796 seconds
calculating Fisher matrix...
Finished derivatives
Calculated Fisher is *atleast* positive-definite.
Time taken to compute FM is 5.667922258377075 seconds
    CV from_NMdev#1 it  10 lam=2.8e+08 ov=0.9996016 chi2=3.415e-01 rel=6.8e-08
Body is not plunging, Fisher should be stable.
waveform shape: (3, 6311629)
Computing SNR for parameters: (np.float64(1002141.5109337702), np.float64(1000.1270421683528), np.float64(-0.49264909312379407), np.float64(24.643840038061818), np.float64(0.39978032890531967), 1.0, 39.7010887, np.float64(1.0498760211496028), np.float64(0.7869312783324437), 0.628318531, 0.523598776, np.float64(0.10543107712732094), 0.2, np.float64(-5.9638517647597595), 0.95, False, False, False, True, np.float64(3.374960422393794), np.float64(-0.09537760387892803), 0.0, 0.0)
Waveform Generated. SNR: 20.70466529173864
calculating Fisher matrix...
Finished derivatives
Calculated Fisher is *atleast* positive-definite.
Time taken to compute FM is 6.300917148590088 seconds
    CV from_NMdev#1 it  11 lam=7.5e+08 ov=0.9996016 chi2=3.415e-01 rel=9.1e-08
Body is not plunging, Fisher should be stable.
waveform shape: (3, 6311629)
Computing SNR for parameters: (np.float64(1002141.5109337702), np.float64(1000.1270421683528), np.float64(-0.49264909312379407), np.float64(24.643840038061818), np.float64(0.39978032890531967), 1.0, 39.7010887, np.float64(1.0498760211496154), np.float64(0.7869312783324309), 0.628318531, 0.523598776, np.float64(0.10543107712730307), 0.2, np.float64(-5.9638517647597835), 0.95, False, False, False, True, np.float64(3.3749604223937943), np.float64(-0.09537760387892771), 0.0, 0.0)
Waveform Generated. SNR: 20.704665312438966
calculating Fisher matrix...
Finished derivatives
Calculated Fisher is *atleast* positive-definite.
Time taken to compute FM is 6.27574896812439 seconds
    CV from_NMdev#1 it  12 lam=2.0e+09 ov=0.9996016 chi2=3.415e-01 rel=2.1e-10
    NM  nfev=1838 ov 0.9996016 -> 0.9996016 (accepted=False)
Body is not plunging, Fisher should be stable.
waveform shape: (3, 6311629)
Computing SNR for parameters: (np.float64(1002141.5109337702), np.float64(1000.1270421683528), np.float64(-0.49264909312379407), np.float64(24.643840038061818), np.float64(0.39978032890531967), 1.0, 39.7010887, np.float64(1.04987602114962), np.float64(0.7869312783324262), 0.628318531, 0.523598776, np.float64(0.10543107712729637), 0.2, np.float64(-5.963851764759792), 0.95, False, False, False, True, np.float64(3.3749604223937943), np.float64(-0.09537760387892759), 0.0, 0.0)
Waveform Generated. SNR: 20.704665312429714
calculating stable deltas...
plunging! t_interp:  31558144.999999996 t_traj:  31537507.495523803
plunging! t_interp:  31558144.999999996 t_traj:  31551484.066331524
Time taken to compute stable deltas is 61.51010489463806 seconds
calculating Fisher matrix...
Finished derivatives
Calculated Fisher is *atleast* positive-definite.
Time taken to compute FM is 5.6682939529418945 seconds
    CV from_NMdev#2 it   0 lam=6.7e-03 ov=0.9996016 chi2=3.415e-01 rel=1.6e-04
Body is not plunging, Fisher should be stable.
waveform shape: (3, 6311629)
Computing SNR for parameters: (np.float64(1002141.5110799869), np.float64(1000.1270430636293), np.float64(-0.4926490949601064), np.float64(24.64384003870327), np.float64(0.3997803358981311), 1.0, 39.7010887, np.float64(1.0498485527993604), np.float64(0.78691534640775), 0.628318531, 0.523598776, np.float64(0.10543204180235799), 0.2, np.float64(-5.9637697378649985), 0.95, False, False, False, True, np.float64(3.3749621611524554), np.float64(-0.09540607916277506), 0.0, 0.0)
Waveform Generated. SNR: 20.704743752327357
calculating Fisher matrix...
Finished derivatives
Calculated Fisher is *atleast* positive-definite.
Time taken to compute FM is 6.320179224014282 seconds
    CV from_NMdev#2 it   1 lam=4.4e-03 ov=0.9996017 chi2=3.415e-01 rel=1.9e-04
Body is not plunging, Fisher should be stable.
waveform shape: (3, 6311629)
Computing SNR for parameters: (np.float64(1002141.5113182793), np.float64(1000.127044171863), np.float64(-0.49264909738571583), np.float64(24.643840040044026), np.float64(0.39978034531266987), 1.0, 39.7010887, np.float64(1.04983026574377), np.float64(0.7869341375425083), 0.628318531, 0.523598776, np.float64(0.10550713024971674), 0.2, np.float64(-5.9636623613618065), 0.95, False, False, False, True, np.float64(3.3749669060507546), np.float64(-0.09544706728525712), 0.0, 0.0)
Waveform Generated. SNR: 20.704619319548623
calculating Fisher matrix...
Finished derivatives
Calculated Fisher is not positive semi-definite. Try lowering inspiral error tolerance or increasing the derivative order.
Time taken to compute FM is 6.283745288848877 seconds
    CV from_NMdev#2 it   2 lam=4.2e+137 ov=0.9996018 chi2=3.414e-01 rel=0.0e+00

======================================================================
model = 0PA + PN deviation  (IMRI, 11 params)
case        SNR      start    ov@start       ov@CV    ov@NMdev
idx0     341.83   from_0PA    0.993451    0.994219    0.996605
idx0     341.83 from_NMdev    0.994867    0.996622    0.996605
idx1      20.82   from_0PA    0.967545    0.982455    0.968125
idx1      20.82 from_NMdev    0.938952    0.968144    0.968125
idx16     20.67   from_0PA    0.998338    0.998339    0.999598
idx16     20.67 from_NMdev    0.998681    0.999602    0.999598

optimized 11-param points  [m1, m2, a, p0, e0, qS, phiS, Phi_phi0, Phi_r0, dev_1, dev_2]:
[idx0 from_0PA] ov=0.994219 = [1.00177464e+06, 4.99536289e+03, 7.03960356e-01, 2.49675128e+01, 2.49755879e-01, 7.88342753e-01, 1.00624894e+00, 9.75286251e-01, 5.82657236e-01, 3.07263207e-02, 4.09009583e-03]
[idx0 from_NMdev] ov=0.996622 = [1.00121943e+06, 4.97913844e+03, 7.03966367e-01, 2.49682215e+01, 2.50480323e-01, 7.85994747e-01, 1.00335190e+00, 1.02141378e+00, 2.99784302e-01, -3.18230836e+00, 1.04924792e-01]
[idx1 from_0PA] ov=0.982455 = [1.01257354e+06, 1.01633738e+03, -4.68117126e-01, 2.47774077e+01, 9.37689196e-02, 1.04353384e+00, 7.93303462e-01, 6.21726125e+00, 7.41493780e+00, 1.43769252e+02, -1.54241241e+01]
[idx1 from_NMdev] ov=0.968144 = [9.97129286e+05, 1.00148514e+03, -5.01710484e-01, 2.50053999e+01, 1.00683443e-01, 1.05329187e+00, 7.87056140e-01, 6.18034496e+00, 2.17155863e-01, 2.46881681e+00, 7.86966232e+00]
[idx16 from_0PA] ov=0.998339 = [1.00121833e+06, 9.99719118e+02, -4.94576017e-01, 2.46561704e+01, 3.99915753e-01, 1.05100080e+00, 7.80286228e-01, 2.14686352e-01, -6.08381535e+00, 3.95526561e-05, -8.86550882e-06]
[idx16 from_NMdev] ov=0.999602 = [1.00214151e+06, 1.00012704e+03, -4.92649097e-01, 2.46438400e+01, 3.99780345e-01, 1.04983027e+00, 7.86934138e-01, 1.05507130e-01, -5.96366236e+00, 3.37496691e+00, -9.54470673e-02]

[saved] all results -> /home/svu/e1583490/EMRI_CV_bias/src/results_imri_PN.json
